0.0,0.17095526139897996,0.0,0.03678531665273126,0.0,-0.39221024903354623
0.5235359695466449,-0.03687810884215834,0.0098851242344302,0.031119063590959787,-0.23582662606591223,-0.34601088746532005
0.4973580972248349,-0.03501508562483379,0.009419688470226329,0.02875670423440045,-0.22429304379678378,-0.32885049117264736
0.4724883076429904,-0.03324406242642352,0.008980894158688633,0.026828730152087532,-0.21330324049405935,-0.3125038349127758
0.44886139714776313,-0.03155765093542696,0.008566394882829032,0.025079548014773814,-0.20283320634167507,-0.2969440944450956
0.42641538639561116,-0.029949318925942874,0.008174193410895215,0.023438967558692868,-0.1928616169878839,-0.2821465983741973
0.4051208771672374,-0.02989011644256526,0.008106352174067763,0.021679326591760747,-0.18899452811957043,-0.26456989148884513
0.38487602845984553,-0.0283463419626071,0.007739784052325529,0.019951097452269907,-0.1800727587942555,-0.2516878965623209
0.3656397041497521,-0.02683127092255747,0.0073845235165156614,0.018047867410430605,-0.17272156174140096,-0.24012882990936615
0.3473564047323331,-0.02537883381489324,0.007047327144143037,0.016911553297945286,-0.16811377537861916,-0.23008202068621258
0.32998660752725245,-0.02398600495002938,0.006726892786450286,0.015850526079917805,-0.16352579622221958,-0.22039436298257148
0.3134849346408031,-0.022649813348975565,0.006422327806787008,0.01486272444342428,-0.1589426493294098,-0.2110473140764785
0.297808120688185,-0.021368425303767664,0.006132644670708516,0.013943990592431042,-0.15435204037474853,-0.20202468081070982
0.28291567524715644,-0.020298657796249425,0.00583190393037074,0.01307251520771404,-0.1497460371505995,-0.19331450766367703
0.2687675873041079,-0.019109856707859845,0.0055711495629338185,0.01227557545393224,-0.14510070645855633,-0.18489463282541652
0.2553270398648007,-0.017966509454657737,0.005323255176314066,0.011531887948273981,-0.1404169153483327,-0.17675764197649377
0.24255872640497073,-0.01686932800782419,0.005087168794805435,0.010837152949832632,-0.1356872778811419,-0.16889131377920497
0.23042968822984045,-0.01602475267842248,0.004835544052056834,0.01016584151654331,-0.13092183217559003,-0.16129350531061215
0.21890702489372174,-0.014998694077208056,0.0046231491823878765,0.009556055602618992,-0.12609926361668072,-0.15394197068500795
0.20796131489477698,-0.014247791920063249,0.004393641152447616,0.00896746808416747,-0.12124778381114465,-0.14684155319796818
0.1975627924060333,-0.013286600042243251,0.004202347646629657,0.008435048956606803,-0.11633018750222082,-0.13996636946504684
0.18768497957023936,-0.012621435796481803,0.00399301479510909,0.007918368023744814,-0.1113809281775761,-0.133323589658332
0.17830144354715047,-0.011989598951335922,0.003793814537869541,0.0074340150557187165,-0.10638024848818622,-0.12689592507255285
0.16938742837432008,-0.011389420493983275,0.0036042981724286995,0.006979836898629012,-0.10132830057216707,-0.12067519661559191
0.1609174963725916,-0.010522169354635251,0.0034504780588077264,0.006572898243171671,-0.09624755378413657,-0.11466026426207383
0.1528699977929397,-0.00970331283101255,0.0033047947287172482,0.0061941120985583315,-0.09142072065993868,-0.10894474109106232
0.14522499753137416,-0.008912159506569593,0.003165679648201966,0.005840441576193944,-0.08683647827938544,-0.10351328826600698
0.13796353236647424,-0.008479678190220778,0.0030074243031520745,0.005491683980580291,-0.08248202449366966,-0.09835287795605359
0.1310652175921994,-0.008067435149123616,0.002856832920319227,0.005164739985143368,-0.07834633722893665,-0.09344904834033421
0.12451077413296312,-0.007319163037605201,0.002738053096725315,0.0048760487246429195,-0.07441902865444974,-0.0887881944837895
0.11828525212902793,-0.006962823007439101,0.0026004900873163746,0.004588411182046406,-0.07068836719459079,-0.08436014733674248
0.11237103551257996,-0.0066232248212728315,0.0024696554690795836,0.0043184731835135175,-0.06714508056720293,-0.08015245065317514
0.10675153333351253,-0.005908136899398797,0.0023683573697986455,0.0040821714514531066,-0.06378031207701947,-0.07615335885436443
0.10141411042305881,-0.005619664051500917,0.0022488589664929463,0.003844160404880465,-0.06058388418509992,-0.07235419378713977
0.09634358694821682,-0.005344803852762234,0.0021352493232813384,0.0036205990070258373,-0.05754791860502494,-0.06874420712118441
0.09152564091170982,-0.004656346066125516,0.0020488482401047198,0.003426828692331501,-0.054664929138752705,-0.06531329531480899
0.08694959442078433,-0.0044284512655426425,0.0019450864871576267,0.0032293926002032913,-0.051926030253734365,-0.062054018546034234
0.08260146160853707,-0.0037626807509383484,0.0018669698020590997,0.003059404029425469,-0.04932513597077992,-0.05895646914251097
0.07847167337171301,-0.0035784814781714015,0.0017722017322941233,0.0028848529089237247,-0.04685416189261646,-0.05601394034078335
0.07454836411352679,-0.0034029899256140667,0.0016821561598302128,0.002720825612489286,-0.044507147656530216,-0.05321806637691368
0.07082121966217232,-0.0032358289240713516,0.0015966088534436762,0.0025667357644872345,-0.04227786762254729,-0.05056156264978029
0.06728042840721786,-0.0030766320651822556,0.0015153448680027867,0.0024220554955481995,-0.040160395447929716,-0.04803749805854606
0.06391592865451291,-0.0024202507921938514,0.0014559864302807082,0.0023003688090059084,-0.038149634454962895,-0.04563877875865903
0.06072040894170791,-0.002301278639912373,0.0013817356824704244,0.0021725666409714794,-0.036239167125575296,-0.04336019089857916
0.05768396592748559,-0.0016611306487738695,0.0013280174053220595,0.002066198425665702,-0.034424980667627766,-0.04119478497195841
0.0548000409562452,-0.0015796661290302589,0.0012601768808928142,0.0019533271409536562,-0.03270123060941955,-0.03913784635292966
0.052060298942124744,-0.0015020430188360274,0.0011957536748675374,0.0018475737648618613,-0.031063889418044718,-0.037183521778766396
0.049456929636536945,-0.0008692057473944179,0.0011498631883093478,0.0017631527700636915,-0.029509390509305834,-0.03532616811276596
0.046984331375561565,-0.0008267926493078009,0.0010909883654838296,0.0016699574594299506,-0.028032019732497422,-0.03356202180515915
0.04463533864980796,-0.0007863349228764782,0.001035092157660215,0.0015829026359796582,-0.026628681339938894,-0.03188590710835272
0.04240377891239735,-0.0007477567126888333,0.0009820285545911155,0.0015029193418582107,-0.025295804678949107,-0.030293290647443284
0.04028329763417282,-0.00010902391306988929,0.0009450566231599901,0.0014380346713256953,-0.024029888523833275,-0.02878027012365595
0.03826932397004754,-0.00010412730464690831,0.0008965407231892136,0.0013668014567219788,-0.02282704649087432,-0.027342837783619105
0.03635602562316502,-9.937501872705569e-05,0.000850488730263095,0.0012997238944394737,-0.021684392596352586,-0.025977361691328076
0.034538375583177065,-9.477387984919102e-05,0.0008067789982845519,0.0012364442734072753,-0.020598913682094662,-0.024680317359126926
0.03281158676963823,-9.032780182290078e-05,0.0007652918259732432,0.0011766157929961486,-0.019567742851647384,-0.023448338411453922
0.031170769812524847,0.0005669997883694251,0.0007371691010143724,0.0011271950065889164,-0.01858837824007044,-0.022279319137544055
0.029612344932982503,0.0005384438395209002,0.0006992146022692695,0.0010726780098955085,-0.017657777830220735,-0.02116792622173793
0.028131821349316504,0.0005113666062697764,0.0006631950507061805,0.0010207440593637566,-0.016773725538446853,-0.020112437908886626
0.026725018506641614,0.0011697755339710584,0.0006391196522729731,0.0009766118507760458,-0.015934071545306783,-0.019111742772383172
0.02538884494624973,0.0011111865776426613,0.0006061594450515151,0.0009285747154887903,-0.015136222151430085,-0.018159687667581328
0.024119461858248044,0.0010555609130269532,0.0005748834459670053,0.0008825154178072066,-0.014378275027620865,-0.01725558197674819
0.022913530749413793,0.0010027450020199354,0.0005452087071542184,0.0008382847664085136,-0.013658234277988911,-0.016397001051519172
0.021767884111555794,0.000952593839833652,0.0005170527773754755,0.000795761077006049,-0.012974203305008945,-0.015581630693577087
0.020679504926884532,0.0009049699249659454,0.0004903383880394913,0.0007548382909538706,-0.012324380616715454,-0.014807274694904164
0.019645359022098633,0.001603929448894525,0.00047307198644471496,0.0007181059836952529,-0.011707165579153644,-0.014074071677463421
0.01866309080548801,0.001523753135285216,0.00044860457113077713,0.0006798879370703514,-0.0111207057466491,-0.013375255283796097
0.017729774220344142,0.002211833603083697,0.0004328798073438774,0.0006451552849069488,-0.010563668829341536,-0.0127137030184836
0.01684327096863098,0.002101271450564215,0.00041046967581636116,0.0006096005254346528,-0.0100344034644952,-0.01208287765925268
0.01600108364690628,0.0019962474577404563,0.0003892103053523907,0.0005754429791248018,-0.009531614748217246,-0.011483618266747703
0.015200994488376343,0.0018964817695399242,0.0003690444537224075,0.0005426553708127837,-0.009053981386618282,-0.010914299980685703
0.014440899628746057,0.0018017098058113847,0.00034991614136597836,0.0005111967188852264,-0.00860024676985158,-0.010373391430668748
0.013718800319492408,0.001711680489373676,0.00033177152885746777,0.0004810029075797569,-0.008169216637028522,-0.009859457803400565
0.013032727566926307,0.0024465218116476763,0.00032046971211809505,0.0004527974566170783,-0.007759807214445753,-0.009373063154133957
0.012381027681066267,0.0023242492273010534,0.0003038374446046005,0.0004249689791209443,-0.007370837565688433,-0.0089087357171701
0.011761905213945541,0.002208092147925605,0.00028806203070722805,0.0003983290186995276,-0.007001337607268922,-0.008467479533709547
0.011173732107315119,0.0020977439311388882,0.00027310071126380916,0.0003728295383791313,-0.006650334543422051,-0.00804812783981404
0.010614961597558897,0.0019929135221777357,0.0002589105174411472,0.00034843220314134996,-0.006316904455501773,-0.007649572006242643
0.010084124236678295,0.0018933244470573163,0.0002454524392265621,0.00032509612112478265,-0.0060001685328605475,-0.007270756280247729
0.009579823984975902,0.001798714181012767,0.0002326888830625504,0.00030278083769967585,-0.005699292346142541,-0.00691068334525768
0.009100734553880626,0.0017088334099892321,0.00022058418303726236,0.00028145706777848984,-0.005413483498428299,-0.006568404451383319
0.00864559597511995,0.0016234453370065386,0.00020910495497706127,0.0002610687686136811,-0.005141988687684385,-0.0062430328363401975
0.008213218719299246,0.0024449973986522032,0.00020231539235596036,0.0002412544588668268,-0.00488411333977663,-0.005934994457583515
0.007802446657706049,0.0023228094359094877,0.00019571948182553773,0.00022660930349993236,-0.004659390084905049,-0.005631690759400197
0.007412214814900864,0.0022067277306013562,0.00018958012666076354,0.00021267913317893567,-0.004446442607286759,-0.005343371709442151
0.00704149653783881,0.002096446959110725,0.00018386655672957133,0.00019942611936928464,-0.004244617361527508,-0.00506930318455304
0.006689316513991908,0.001991677075571623,0.00017855493945449424,0.0001868083055004817,-0.004053331146556597,-0.004808772040732455
0.006354755804361463,0.0028380276665652244,0.00017693427893145165,0.00017418796414995192,-0.0038704700010401397,-0.004561989242513411
0.006036917498093361,0.002696169630274981,0.00017207726434982065,0.00016269199527837503,-0.0036987838471615156,-0.004326432336947996
0.005734974120353198,0.0025614021522374236,0.00016756199897190066,0.00015175460020029163,-0.0035359583741958246,-0.004102528571432389
0.005448130270535285,0.002433369714278193,0.0001633704178078317,0.00014135776494367835,-0.0033815514236692074,-0.0038896888853558434
0.005175631809673485,0.003291815354082411,0.00016227678598649297,0.00013054503984880303,-0.0032338306302509006,-0.003687941932293356
0.004916762335424129,0.0031272563065290727,0.00015841610610856365,0.00012105112121671207,-0.003095021974856289,-0.003495544543862405
0.004670839274511734,0.002970922289902346,0.00015482633391832474,0.00011201963300858907,-0.0029632701478539882,-0.003312676672297292
0.004437216327029465,0.0028224035051621836,0.0001514918648892299,0.00010342594770152127,-0.0028382151005188205,-0.0031388621818042774
0.00421527859021061,0.0026813092188865684,0.00014838405566266528,9.522966350393106e-05,-0.002719434763633008,-0.002973669802316402
0.004004441255565331,0.002547267082996656,0.0001454918803783101,8.741782386350325e-05,-0.002606627197942567,-0.002816663090904833
0.0038041501007229626,0.0024199257262331395,0.0001427883171247215,7.99689842136647e-05,-0.0024994146587424427,-0.0026674536770514468
0.0036138772429546756,0.002298949271957332,0.0001402607350319043,7.28482331530462e-05,-0.002397504392967121,-0.0025256523489096184
0.00343312245908001,0.0021840204643922946,0.0001378892803941653,6.604651356048956e-05,-0.00230058625980918,-0.00239090124190994
0.0032614092993539195,0.002074836228067138,0.00013565739063930155,5.9534075558862745e-05,-0.0022083708108332906,-0.0022628568357527692
0.0030982862777652323,0.001971110112644404,0.00013354939412872678,5.32968044335816e-05,-0.0021205875010847242,-0.0021411935871335844
0.002943323339203441,0.0018725687323228825,0.00013154961274800718,4.7309664717957175e-05,-0.002036977800926031,-0.0020256011118428927
0.00279611252578449,0.001778952935664956,0.0001296438746749794,4.155394458232873e-05,-0.0019572967632927878,-0.0019157858954651841
0.0026562666642328124,0.0016900171026130696,0.0001278149569711866,3.600985695343853e-05,-0.0018812968704832536,-0.001811471514157059
0.0025234170025956225,0.0016055268121640885,0.00012605216826836247,3.066467797854126e-05,-0.0018087716317155954,-0.0017123899678215847
0.0023972141007541155,0.0015252602185505853,0.00012433992557117307,2.5498631524047092e-05,-0.0017394981618659004,-0.0016182928551405921
0.002277325128047598,0.0014490058999988894,0.00012266777485995793,2.0499175699803568e-05,-0.001673289659470565,-0.0015289385101771703
0.002163434323413399,0.0013765633464374427,0.0001210190108376271,1.564404475979893e-05,-0.0016099323361632662,-0.0014441056795826464
0.0020552416967011575,0.001307742099856521,0.00011938635737323997,1.0932598778155254e-05,-0.0015492709266240116,-0.0013635753255514243
0.0019524625531991266,0.0012423612525651374,0.00011775640340540332,6.334476220078875e-06,-0.001491120503910301,-0.0012871426082412562
0.001854825460277628,0.001180248697029911,0.00011611773422493188,1.8483284647835619e-06,-0.001435319986802458,-0.0012146172046305346
0.0017620738129232251,0.0011212411957275056,0.00011445788315538569,-2.558612867950495e-06,-0.0013817023038376374,-0.0011458101479663015
0.0016739029069559237,0.0022150403244102826,0.00011383351221023522,-8.763103796561812e-06,-0.0013297967778316284,-0.0010793870946821738
0.001590203551664095,0.0021042916382158433,0.00011198373194009516,-1.3024105768229337e-05,-0.0012801699146471914,-0.0010175958298064833
0.0015106917763797396,0.001999080846570281,0.00011059399810441355,-1.721942778352254e-05,-0.0012323208020480476,-0.0009590246425147105
0.0014351596033492166,0.0018991288108325167,0.00010814030583858817,-2.1361465927074467e-05,-0.001186105727418955,-0.000903525187794407
0.0013634056272824326,0.0018041748569960553,0.00010614838819812134,-2.5462805852252554e-05,-0.0011414060180425245,-0.0008509644886141832
0.0012952415920480626,0.0017139681728518905,0.00010408743537343238,-2.9546817275170945e-05,-0.0010981063270810087,-0.000801194776933878
0.0012304878338001747,0.0016282715063713263,0.0001019477276435388,-3.361237628889806e-05,-0.001056099126863667,-0.0007540931383933669
0.001168973536592226,0.0015468593320789898,9.972030327526842e-05,-3.7671409415701576e-05,-0.001015281266633335,-0.0007095406359738052
0.0011105365663954773,0.0014695175283167192,9.739593026467696e-05,-4.172987457319518e-05,-0.0009755546627932678,-0.0006674270136435565
0.0010550225805280103,0.0013960424493874232,9.496598236657499e-05,-4.580222212395915e-05,-0.0009368249732533302,-0.000627640596971044
0.0010022855287665532,0.0013262410818608548,9.24209041110167e-05,-4.990473341985752e-05,-0.0008989977885083363,-0.0005900715877289451
0.0009521861346119254,0.0012599295977274289,8.975337317664199e-05,-5.404015261585402e-05,-0.0008619929638888947,-0.0005546306054245507
0.0009045922078349909,0.0011969335133028302,8.695521615998551e-05,-5.822462933338368e-05,-0.0008257282425152414,-0.0005212154560976771
0.0008593782096653385,0.0011370870669617744,8.401766875714358e-05,-6.245371273129421e-05,-0.0007901231924468077,-0.0004897512026889756
0.0008164248149471801,0.0010802327854313757,8.093326402078832e-05,-6.67429652458998e-05,-0.000755104390209976,-0.0004601439300324176
0.0007756185540908925,0.0010262212152218047,7.76945906108199e-05,-7.110509514343263e-05,-0.0007206015523699439,-0.0004323330694868398
0.0007368520108550735,0.0009749099576891443,7.42942754480422e-05,-7.553746842012294e-05,-0.0006865479497152453,-0.0004062217316659292
0.0007000226181028104,0.0009261643322016044,7.072526581181647e-05,-8.006627345261894e-05,-0.0006528799260124822,-0.00038173547945921074
0.0006650333040247574,0.000879855893255258,6.698038722010617e-05,-8.467908463592494e-05,-0.0006195357717321766,-0.0003588202927449097
0.0006317917125562171,0.000835862768342894,6.30528181205382e-05,-8.939385703470856e-05,-0.0005864571987615382,-0.00033741060211512947
0.0006002100956352716,0.0007940691762342144,5.893605816394117e-05,-9.42225087066574e-05,-0.0005535894635264264,-0.0003174359413117758
0.0005702046454769519,0.0007543657362378025,5.5534089795978e-05,-9.916406019789005e-05,-0.0005208797807316617,-0.0002988407177554112
0.000541698501437997,0.0007166468296309471,5.006226890061599e-05,-0.00010422668954298585,-0.0004882727789788218,-0.00028157126131959123
0.0005146128168560274,0.0006808140509562596,4.534118709983786e-05,-0.00010942794728166368,-0.0004557276918094048,-0.000265581016447064
0.000488877781878748,0.0006467727589852493,4.040539822986499e-05,-0.00011476718758604652,-0.0004231952910483422,-0.00025081456300401225
0.0,0.0,0.0,-0.00012030795324696753,-0.00039057318779631145,-0.00023729192438504132
0.0,0.0,0.0,-0.00012594101901547416,-0.0003580339542651745,-0.00022475714752698273
0.0004643884586370871,0.0006144320045201785,2.7591658952567368e-05,-0.0001316641749456864,-0.0003254392875179512,-0.00021328031345753292
0.00044114294713006285,0.000583710643819031,2.6180875828286746e-05,-0.00013762155341930546,-0.00029252896142416165,-0.00020298247004622226
0.0004190600825754764,0.000554525646944499,2.484209067446448e-05,-0.00014374123320391472,-0.0002594439180316449,-0.00019370236267316266
0.0,0.0,0.0,-0.00015008347591938254,-0.00022608994367967483,-0.0001854043033965025
0.0003980545037953358,0.0005267998208430575,2.357161520246957e-05,-0.00015648536501460124,-0.0001926625626997614,-0.00017795643232926465
0.0003781261453909202,0.0005004602156101648,2.236589403033607e-05,-0.00016313555837229072,-0.0001588083335620329,-0.00017149626913422553
0.0,0.0,0.0,-0.00017000211182954805,-0.00012459973756615006,-0.00016590191088966533
0.0,0.0,0.0,-0.00017700707354972867,-9.019859850376011e-05,-0.00016107242704721525
0.0003591398951325142,0.0004754377381656097,2.122171971142558e-05,-0.0001841791426010144,-5.5442091820027536e-05,-0.00015710115367854123
0.0,0.0,0.0,-0.00019164112918673704,-2.0115257164887712e-05,-0.00015392102027581012
0.00034112884413766667,0.00045166618689442353,2.0135786329664284e-05,-0.00019922651063872127,1.5456566609095637e-05,-0.0001514978607334361
0.00032404609238582624,0.00042908336035453367,1.9105228818703085e-05,-0.0002070786148956834,5.162748707762595e-05,-0.0001498476005357355
0.00030781810661570066,0.00040762930887925216,1.812731552568437e-05,-0.00021515134597335466,8.827560473563764e-05,-0.00014888139324787408
0.00029240209397298243,0.00038724822024798915,1.7199356993968433e-05,-0.00022344799660198327,0.00012542418900741276,-0.0001485990577862644
0.00027775751787526736,0.0003678858577520023,1.6318824513345117e-05,-0.00023197074416267743,0.00016306112359185766,-0.00014894071574865104
0.00026384574340263325,0.00034949186245290863,1.5483279943695264e-05,-0.00015505594053322595,0.0002012200075988531,-0.00015088725461445725
0.0,0.0,0.0,-8.090131592181082e-05,0.00023996093755862535,-0.00015330415207859271
0.0,0.0,0.0,-9.495629326838895e-06,0.0002791122006489122,-0.000156204977160318
0.0002505801792680791,0.000332017438720095,1.4690430719424033e-05,5.945220017776183e-05,0.0003188206400105901,-0.00015960920549655433
0.0,0.0,0.0,0.00012610067006790793,0.0003592822611299673,-0.00016347788897647098
0.00023800216723465146,0.0003154167870210323,1.3937998913572985e-05,0.00019046105862239403,0.0004001931940508512,-0.0001677581397978566
0.0002260783033212955,0.0002996465712916516,1.322398254301913e-05,0.00025277281038699634,0.0004418680990778513,-0.00017248918959986273
0.00021475131310286227,0.0002846643994901055,1.2546482138437987e-05,0.0003130562154089724,0.00048415476640135865,-0.00017761557736303938
0.0,0.0,0.0,0.00037140899971482844,0.0005271102372526038,-0.00018310110669930713
0.0002039676745282061,0.0002704312467467432,1.1903613488973353e-05,0.0004278909297518596,0.0005705402873761016,-0.00018889784427872835
0.00019374701530479354,0.00025690985600060177,1.1293599875311771e-05,0.00048270212004458896,0.0006147534717750845,-0.00019506884691803395
0.0,0.0,0.0,0.0005358795924529924,0.0006596687678369628,-0.00020154440979078259
0.000184015285964343,0.00024406435232273145,1.0714774979031255e-05,0.0005874127596978524,0.0007050525130525181,-0.00020825484875241685
0.00017479308332624067,0.0002318611891815817,1.0165539983473026e-05,0.0006375867748734323,0.000751276346011777,-0.0002152804620690896
0.0001660326204546648,0.00022026838197745794,9.644406783561662e-06,0.0006898932218492005,0.0007137463244502323,-0.00020671701864661318
0.0,0.0,0.0,0.0007406277335208489,0.0006781103728412674,-0.0001987006978634298
0.00015768966989097006,0.00020925532785272851,9.14994167996062e-06,0.0007898399624426956,0.0006441928681523343,-0.00019110875926235657
0.00014978524297456556,0.0001987926417621951,8.680755309331657e-06,0.0008376957945767653,0.0006120143035495292,-0.00018401680235843063
0.0,0.0,0.0,0.0008842054469104799,0.0005814595622041785,-0.0001773879543514878
0.00014225645794321135,0.00018885303943745645,8.23558374150435e-06,0.0009293841600143218,0.0005523770680945266,-0.00017105044950799106
0.0,0.0,0.0,0.0009733884998262554,0.0005248017576887642,-0.00016517489610326508
0.0,0.0,0.0,0.0010161871448742255,0.0004985681135796782,-0.00015955991961635885
0.00013508436972939992,0.0001794104690077393,7.813160113138717e-06,0.0010579118607691538,0.00047363175948968465,-0.00015416392430755912
0.0,0.0,0.0,0.0010986551923596322,0.000449991445630904,-0.00014917082222010158
0.00012829106127170052,0.00017044010262003283,7.41233364495421e-06,0.0011383635620129638,0.0004274849475149206,-0.00014425583711789226
0.00012185768191863763,0.0001619180752689888,7.03202482340116e-06,0.0011772225197941213,0.00040613727015361193,-0.0001396183442226985
0.00011574658163361272,0.00015382217745665779,6.671191513605729e-06,0.0012151551497610838,0.00038585580612742864,-0.00013514859578839288
0.0001099416474620145,0.00014613138577312522,6.32884923673265e-06,0.0012522774973897797,0.0003665872884553769,-0.0001308093615875768
0.0,0.0,0.0,0.0012885448152957224,0.00034829159582960845,-0.00012665435471703734
0.0,0.0,0.0,0.0013240066280785223,0.00033088293986105466,-0.000122496216990009
0.00010439187816880387,0.0001388248681357556,6.004031956371937e-06,0.0013586846473023345,0.00031433458147371894,-0.00011830787011052168
9.915530740986614e-05,0.00013188357846088294,5.695839420446694e-06,0.0013927512789608319,0.0002986402839991636,-0.0001142240459140231
9.418115114720152e-05,0.00012528961070123857,5.403445498452161e-06,0.001426104698629721,0.0002837297097251604,-0.00011012632585331819
0.0,0.0,0.0,0.0014588357915149563,0.0002695722007066692,-0.00010606212970037943
8.943984805977224e-05,0.00011902499174491971,5.126035119670101e-06,0.0014908524549775352,0.0002560908325565973,-0.00010177428870993357
8.495236231967774e-05,0.00011307358055179217,4.8628404597791845e-06,0.0015223177825945168,0.00024330598976622926,-9.746284613201205e-05
0.0,0.0,0.0,0.0015531823987958715,0.0002311668662718369,-9.308892276504999e-05
0.0,0.0,0.0,0.00158341324308936,0.00021961390063640618,-8.847620660340505e-05
0.0,0.0,0.0,0.00161306038329323,0.00020863869224119203,-8.36617625397662e-05
8.064258001077392e-05,0.00010742000358102588,4.613110231540356e-06,0.0016421546506104078,0.00019820539115588366,-7.852953623722617e-05
7.659537373594712e-05,0.00010204930466225907,4.376177354951781e-06,0.0016707981190839608,0.00018831345964743102,-7.319802093409516e-05
0.0,0.0,0.0,0.0016988469106871684,0.0001789212971039511,-6.762595670328775e-05
0.0,0.0,0.0,0.0017263223247739323,0.0001699805947285027,-6.161924105974048e-05
7.272082740379901e-05,9.694704760679321e-05,4.151386517396134e-06,0.001753224153295804,0.00016148140637620262,-5.512978614374332e-05
6.90704003387904e-05,9.20996203156343e-05,3.938121034747966e-06,0.001779635024224179,0.00015342430826611832,-4.8251447682596997e-05
0.0,0.0,0.0,0.0018054374390760741,0.0001457740348586034,-4.092983007963902e-05
0.0,0.0,0.0,0.001830619419126156,0.0001384906118623297,-3.2963395530272166e-05
6.557422118588785e-05,8.749460929725382e-05,3.735785691829998e-06,0.0018552186902717673,0.0001315672204372607,-2.427203498946747e-05
0.0,0.0,0.0,0.0018791812016205611,0.00012500839883528014,-1.499678024458051e-05
6.226767616759417e-05,8.311999547805584e-05,3.5438233748817208e-06,0.0019024522408854143,0.00011875984170557677,-4.766659899396146e-06
5.914094571779633e-05,7.896387810234348e-05,3.361714323815654e-06,0.001925081440223178,0.00011283704088350835,6.302950276125835e-06
5.6171056006243664e-05,7.501581927547365e-05,3.188953065390217e-06,0.001946924459974414,0.00010720972655358749,1.8416369043601e-05
5.33501417615722e-05,7.126520776070435e-05,3.0250576044936343e-06,0.001968018797060372,0.00010186317798687144,3.165393944070552e-05
0.0,0.0,0.0,0.0019881770820665,9.678505113286384e-05,4.6148624203823374e-05
5.06584885703498e-05,6.77015912519123e-05,2.869567855645061e-06,0.0020074995486207207,9.194955783471059e-05,6.21807772925063e-05
0.0,0.0,0.0,0.002025786691639775,8.736584153318239e-05,7.976287758426626e-05
0.0,0.0,0.0,0.0020431129489976163,8.300271525585323e-05,9.918693697746894e-05
0.0,0.0,0.0,0.002059515823787106,7.885795760909087e-05,0.00012061475899577401
0.0,0.0,0.0,0.002075014044951473,7.492068817471775e-05,0.00014421469170289303
4.806550194744793e-05,6.431643647010044e-05,2.722038058140097e-06,0.0020898161494813457,7.118180282539915e-05,0.00017017345605122998
4.565057444815095e-05,6.110106682454164e-05,2.5820948269813888e-06,0.002104442802495891,6.763568250461149e-05,0.00019831973394344787
4.3356855033425237e-05,5.8045640731487734e-05,2.4493389503229085e-06,0.002119629403431512,6.426636475334329e-05,0.0002284191099361336
0.0,0.0,0.0,0.0021367520688222452,6.106213091555679e-05,0.00025963888629421117
4.1167207815064284e-05,5.514331422759108e-05,2.3233945896053603e-06,0.0021580248049281056,5.8019019051990455e-05,0.00029067270923117543
3.9098404712743045e-05,5.238648242249342e-05,2.203924037296668e-06,0.0021864849721710735,5.5129507142488215e-05,0.0003190317129100838
0.0,0.0,0.0,0.002225369243179509,5.237982377565009e-05,0.00034188570533760787
3.7123153728763575e-05,4.976724302644595e-05,2.0905844385905476e-06,0.0022772298939064753,4.9772311092415273e-05,0.0003567235866109145
3.525726722683902e-05,4.727886125691579e-05,1.983071836822174e-06,0.002342304379768424,4.729372245122993e-05,0.00036240958368675795
0.0,0.0,0.0,0.0024179187360878762,4.49347144279022e-05,0.0003599870316112752
0.0,0.0,0.0,0.0025002435539205337,4.269539346762885e-05,0.0003518958347201173
0.0,0.0,0.0,0.0025855896193663352,4.0568222853309965e-05,0.0003404270091534878
0.0,0.0,0.0,0.0026715027096850807,3.854755454796299e-05,0.0003273339396830388
0.0,0.0,0.0,0.0027564962352878974,3.662805353049636e-05,0.0003136905484805719
3.343619614892899e-05,4.4914540325463385e-05,1.881054264221995e-06,0.0028397333646014125,3.480698563974671e-05,0.0003001542707284046
0.0,0.0,0.0,0.0029208268448477903,3.307394648438544e-05,0.00028684888232749506
0.0,0.0,0.0,0.0029996485633475567,3.1428060567550986e-05,0.00027410445755299273
3.173560298378114e-05,4.266909647938462e-05,1.7842921137398762e-06,0.0030761484661157535,2.9865980606963495e-05,0.0002619834750188502
0.0,0.0,0.0,0.00315053136198995,2.8380663166016618e-05,0.0002503101933862828
0.0,0.0,0.0,0.00322262669835377,2.6969342246829786e-05,0.00023927225923475737
3.0120714240286743e-05,4.053558109161056e-05,1.6925008475950418e-06,0.003292680256187423,2.562934484349579e-05,0.00022885631125586192
2.8605707659699924e-05,3.850866992320051e-05,1.6054393389252119e-06,0.003360817333591472,2.4356799068572885e-05,0.00021890725074659526
2.7166815213338106e-05,3.658316151361582e-05,1.5228510007522828e-06,0.003427006679137497,2.314753048749883e-05,0.0002094687247088547
2.580022481940045e-05,3.475450297638046e-05,1.4445087864933762e-06,0.003491396727450911,2.1998382136754025e-05,0.00020051524831891715
2.4502308715256053e-05,3.301656936213615e-05,1.3701938425808955e-06,0.003554101394848643,2.090636125115309e-05,0.00019202322151648548
0.0,0.0,0.0,0.003615108618540419,1.9868837772440973e-05,0.00018391651739524395
2.32618747349722e-05,3.136575708900993e-05,1.2996956171522947e-06,0.003674540342470403,1.8881560936952582e-05,0.00017633994433492205
2.209145987709034e-05,2.979742992397703e-05,1.2328255962733009e-06,0.0037325272984886078,1.7944833190270297e-05,0.00016910265651192528
0.0,0.0,0.0,0.0037891218645522695,1.7055157629231044e-05,0.00016218858642824685
0.0,0.0,0.0,0.0038442248674916413,1.6208476089463186e-05,0.00015568847493629967
2.0965491222643508e-05,2.830754313363425e-05,1.1693856711638805e-06,0.0038980547421386892,1.5403480799981312e-05,0.0001495803312226848
1.9910393899246575e-05,2.6892112384007312e-05,1.109217495072575e-06,0.003950734526763469,1.4640204407836783e-05,0.00014374295061219842
0.0,0.0,0.0,0.004002195999794955,1.3915605746039894e-05,0.00013815909401010407
0.0,0.0,0.0,0.004052495088058106,1.3225552687012865e-05,0.00013291760846839695
1.8894953641620386e-05,2.5547745648288568e-05,1.052135388318673e-06,0.00410168121935474,1.256911471274246e-05,0.0001280056529067219
1.7943854043823286e-05,2.427029830763708e-05,9.9799765219215e-07,0.004149905411232076,1.1947116692264966e-05,0.0001233041296316528
1.7040585155954236e-05,2.305656851740902e-05,9.466451312093807e-07,0.004197078513968441,1.1355952930304085e-05,0.00011885314723757698
1.6182737498121558e-05,2.1904111011813714e-05,8.979334018131139e-07,0.004243312534332124,1.0794089227348904e-05,0.00011463717753295205
1.536803026282402e-05,2.080855222899352e-05,8.517263440965737e-07,0.0042886947647963435,1.026007391094229e-05,0.00011064641587290818
0.0,0.0,0.0,0.004333184509186905,9.75349180265539e-06,0.00010682527916805462
1.4588869255067823e-05,1.9768010306540714e-05,8.078932550793075e-07,0.004376729071302544,9.26957044510647e-06,0.00010329473718183369
0.0,0.0,0.0,0.004419585018985983,8.81236094341098e-06,9.986984637061491e-05
1.3849056650846014e-05,1.8779828071610607e-05,7.663152914960096e-07,0.004461578595029711,8.375323065336756e-06,9.671319386466786e-05
1.3151657717072088e-05,1.7840969495736674e-05,7.268803384224853e-07,0.0045028828846356735,7.961646342240646e-06,9.368693717252694e-05
1.2489345597057367e-05,1.6948933025177126e-05,6.894743900404807e-07,0.00454342400327418,7.568439077863133e-06,9.082503068782141e-05
0.0,0.0,0.0,0.004583322870875484,7.1956655839366945e-06,8.808463724663262e-05
0.0,0.0,0.0,0.0046225661554407105,6.83999673023461e-06,8.552639016573549e-05
0.0,0.0,0.0,0.004661060927365734,6.502151236098541e-06,8.311194538795919e-05
0.0,0.0,0.0,0.0046989332159729225,6.181235781443917e-06,8.08308299787841e-05
0.0,0.0,0.0,0.004736273915881606,5.876401210302973e-06,7.867389881871523e-05
1.1837035492553223e-05,1.610169383302301e-05,6.539777552384401e-07,0.004772954756856104,5.585741630545726e-06,7.667920771401571e-05
0.0,0.0,0.0,0.004809212318875433,5.312172584148733e-06,7.472084921750222e-05
0.0,0.0,0.0,0.004844785674789243,5.05069128320379e-06,7.291186833652263e-05
0.0,0.0,0.0,0.004879826310169366,4.802316189156386e-06,7.120041288150025e-05
1.1227031672869916e-05,1.5296219376340723e-05,6.203180174718203e-07,0.0049143655697343365,4.565264715495005e-06,6.962810857882233e-05
0.0,0.0,0.0,0.004948472502502799,4.342641094612354e-06,6.80738721704488e-05
0.0,0.0,0.0,0.004981975308309627,4.1295633215199246e-06,6.664147199447745e-05
1.0652502968604297e-05,1.4531411612609648e-05,5.883967928645519e-07,0.005015032277702444,3.926046169206473e-06,6.533082791737055e-05
0.0,0.0,0.0,0.005047671000256104,3.7352407528112863e-06,6.402718144871145e-05
1.0111435568872598e-05,1.3804861040752096e-05,5.581226247556781e-07,0.005079800544969211,3.551328423457979e-06,6.287068962871244e-05
0.0,0.0,0.0,0.005111525194997246,3.379067951891912e-06,6.171228847984267e-05
9.597755218692558e-06,1.311456370763604e-05,5.294068169950127e-07,0.0051428023720032304,3.212856869113104e-06,6.069147287612215e-05
9.11400887677311e-06,1.2458786282019359e-05,5.021725339606194e-07,0.005173584629053521,3.0563081503495514e-06,5.9700864952342376e-05
8.654622402909141e-06,1.183580372268002e-05,4.763390450824186e-07,0.0052039408648661785,2.9074094145897615e-06,5.8770898578858574e-05
8.21837023688245e-06,1.1243982681475637e-05,4.518343109005168e-07,0.005233981099058195,2.7657850354535255e-06,5.789767476232002e-05
7.804090035572165e-06,1.0682100484002152e-05,4.2859036839954683e-07,0.005263507935519074,2.631077173056703e-06,5.707675972927953e-05
7.4106779675187554e-06,1.0147677876641567e-05,4.065425248209937e-07,0.005292674926928428,2.502950596175829e-06,5.6311319979004674e-05
7.037081931332626e-06,9.640346637254137e-06,3.8562903710962533e-07,0.005321419157278475,2.3810791870932142e-06,5.5592517735499315e-05
6.682303270866607e-06,9.158429929040886e-06,3.6579121817445995e-07,0.00534980674857699,2.26515699411248e-06,5.491784111035616e-05
0.0,0.0,0.0,0.005377774976799754,2.1556566803804245e-06,5.426805602881668e-05
6.342565028260725e-06,8.700895135129268e-06,3.469723571272999e-07,0.005405281208867028,2.049816322779051e-06,5.370207337856353e-05
0.0,0.0,0.0,0.005432532577580751,1.9509403988982044e-06,5.3131468228717615e-05
6.020047855735799e-06,8.265568170275047e-06,3.2912285100403896e-07,0.005459328449973941,1.8552667279241074e-06,5.2644241718030634e-05
0.0,0.0,0.0,0.0054857249233715155,1.7659800748415222e-06,5.2145158675798164e-05
5.7138842403334346e-06,7.852102986713736e-06,3.1219267750340255e-07,0.005511774627260421,1.679485358067558e-06,5.1724634109150315e-05
5.4257349441749895e-06,7.459588864602591e-06,2.961359161990798e-07,0.00553744411123406,1.5981744198186926e-06,5.131354745759956e-05
0.0,0.0,0.0,0.005562815028621104,1.521461018283432e-06,5.091223512254661e-05
5.149733239133103e-06,7.0865802290869354e-06,2.809037108574141e-07,0.005587722161145268,1.4470506834353049e-06,5.0576324672751003e-05
4.890005132835672e-06,6.732158758840466e-06,2.664576298714647e-07,0.005612335102502717,1.3771440577437823e-06,5.0250134418420874e-05
4.643366109473434e-06,6.395954678600413e-06,2.5275457705281464e-07,0.005636526948398879,1.3106230155246958e-06,4.994640040004975e-05
4.409158241470728e-06,6.076098916830789e-06,2.397564444305246e-07,0.005660384194740385,1.2473242492233131e-06,4.9667112578189905e-05
4.186756379319185e-06,5.772133642328005e-06,2.2742715485530332e-07,0.005683899019754937,1.1870899320832364e-06,4.940848375714796e-05
0.0,0.0,0.0,0.005706989612236868,1.1302904300292127e-06,4.915645433856142e-05
0.0,0.0,0.0,0.005729753087821976,1.075640574721426e-06,4.893852490162054e-05
3.971804051964136e-06,5.483466183889399e-06,2.1572968033753132e-07,0.005752109945356355,1.023211445333145e-06,4.8757325876354677e-05
3.7714351990312444e-06,5.209139097382024e-06,2.046378649637671e-07,0.00577421066320285,9.740164685929086e-07,4.857655267120478e-05
0.0,0.0,0.0,0.0057958270627650466,9.276685568604393e-07,4.839686809376964e-05
3.579451280330884e-06,4.948905181322341e-06,1.9411540972734708e-07,0.005817156697742208,8.825308806626103e-07,4.8261593450959534e-05
0.0,0.0,0.0,0.005838056099052802,8.406611048394907e-07,4.8112529430155426e-05
3.397217792445689e-06,4.701335734688422e-06,1.841350892281839e-07,0.005858694873981365,7.998271549849505e-07,4.8004569430869336e-05
0.0,0.0,0.0,0.005878891503796779,7.619999026209356e-07,4.788315246473385e-05
3.2242417211329728e-06,4.466270436898177e-06,1.746689069627433e-07,0.005898743421777723,7.250532242176403e-07,4.779723215459987e-05
0.0,0.0,0.0,0.005918199292541504,6.967414638570091e-07,4.769818192706943e-05
3.061543937326628e-06,4.243208182509263e-06,1.1622864151207355e-06,0.005937324631085291,6.585611322935253e-07,4.7635634934437614e-05
2.908551882432904e-06,4.030835751192376e-06,1.073496786619238e-07,0.0059560573091704695,6.225620909100283e-07,4.756864311082182e-05
2.7617007192758354e-06,3.829193282805142e-06,1.0579471914652452e-06,0.005974422271687751,5.958924037249333e-07,4.7509383250678265e-05
2.6236907290567983e-06,3.6381114887170423e-06,1.0095777613297435e-06,0.005992370972199268,5.660152652625571e-07,4.746099262478767e-05
0.0,0.0,0.0,0.00600995422018108,5.404702355660262e-07,4.740854543494599e-05
2.492574304151235e-06,3.4561107924602184e-06,9.67660883451874e-07,0.006027177228571088,5.106177713817628e-07,4.7380669138793627e-05
2.3680139879696846e-06,3.2832237337995074e-06,9.233506088603233e-07,0.006044046036172727,4.850073890132719e-07,4.73519950279265e-05
0.0,0.0,0.0,0.006060565817604835,4.632965090456409e-07,4.732060182277564e-05
2.249675178248203e-06,3.11891271822497e-06,8.848788063834937e-07,0.006076642058618509,4.3752185892776787e-07,4.730966954402403e-05
2.137253342843669e-06,2.963291991726499e-06,8.442934358250961e-07,0.00609235781289909,4.155695971759441e-07,4.729917309055539e-05
2.0304498636718058e-06,2.814776946551651e-06,8.05550014268229e-07,0.006107681985464675,3.9471730392543277e-07,4.728781412825977e-05
0.0,0.0,0.0,0.006122574620128829,3.7721725432149356e-07,4.727650691782603e-05
0.0,0.0,0.0,0.006137172189865925,3.5837832856877583e-07,4.7275879921260255e-05
0.0,0.0,0.0,0.00615124590373145,3.4048136055009337e-07,4.7277319231486814e-05
0.0,0.0,0.0,0.0061650558800711575,3.1729901295296514e-07,4.728037490520087e-05
0.0,0.0,0.0,0.0061783565421152375,3.02982742561575e-07,4.728529035447071e-05
0.0,0.0,0.0,0.006191303885135613,2.8938692164803825e-07,4.729573291106792e-05
0.0,0.0,0.0,0.006203867952581543,2.7647375577810607e-07,4.730464139435231e-05
0.0,0.0,0.0,0.0062159792908209055,2.6421005405730114e-07,4.73157282611103e-05
0.0,0.0,0.0,0.006227752928789798,2.5256332425449557e-07,4.7327788883388955e-05
1.920269552815866e-06,2.6741938859056247e-06,-2.2412866194768034e-07,0.006239067806615386,2.422464046139754e-07,4.7347483280851176e-05
1.8228631119782266e-06,2.5407638786449173e-06,7.568923965192446e-07,0.00624993807788347,2.3480853554467962e-07,4.736067010789984e-05
1.731771258409207e-06,2.4135529409722833e-06,7.219471216644995e-07,0.006260403673193843,2.2299134819370556e-07,4.737530527044343e-05
0.0,0.0,0.0,0.006270439372236647,2.1388772841746118e-07,4.738221609013049e-05
0.0,0.0,0.0,0.006280183349190893,2.0321204985407348e-07,4.7394702408110057e-05
0.0,0.0,0.0,0.006289391502806052,1.9307014420544277e-07,4.740590181417925e-05
0.0,0.0,0.0,0.006298132835985182,1.8343532037778942e-07,4.741630777371775e-05
1.645222709875899e-06,2.292639886373681e-06,6.994399078384881e-07,0.006306557884712469,1.7211569691351528e-07,4.743299013331029e-05
0.0,0.0,0.0,0.006314534388090209,1.6550370995904728e-07,4.743510546056928e-05
1.563005851693444e-06,2.178380309361804e-06,6.696018471508784e-07,0.006322006834865231,1.5516667164417726e-07,4.74503420076903e-05
1.4848998215577247e-06,2.0691271712607606e-06,6.385631634100619e-07,0.006329037234539549,1.4733514105796135e-07,4.745421530277547e-05
0.0,0.0,0.0,0.0063357110069510725,1.4179357110677415e-07,4.745261731142758e-05
1.4106948927812934e-06,1.9658651045146315e-06,6.112332103400599e-07,0.006341919627868486,1.3281506000259742e-07,4.745920374188034e-05
1.3402010016841936e-06,1.8674174905835915e-06,-4.186064670770819e-07,0.006347600365098459,1.2292745209369608e-07,4.7459622277716065e-05
0.0,0.0,0.0,0.006352935348081179,1.2315729369660744e-07,4.745120963134397e-05
1.271869386383248e-06,1.7744115773155556e-06,5.57238038913635e-07,0.00635776544050408,1.1527245207182636e-07,4.744806745820682e-05
0.0,0.0,0.0,0.006362141829660162,1.1110662001545535e-07,4.743411217478233e-05
0.0,0.0,0.0,0.0063661275462977285,1.0556476504053336e-07,4.7423054119755115e-05
1.2083089093497217e-06,1.6854858426607506e-06,5.351892123683447e-07,0.006369500122978015,9.862417162852626e-08,4.7415232863804756e-05
1.1479276234505057e-06,1.601114279844051e-06,5.102711676274956e-07,0.006372625311376113,9.363047830497407e-08,4.7395877777460956e-05
1.0905636214387798e-06,1.5211130969041755e-06,4.865001787176565e-07,0.006375118905960635,8.888906452376121e-08,4.737552460454921e-05
0.0,0.0,0.0,0.0063772475038798015,8.584158261992769e-08,4.7344826178519206e-05
1.036064960941837e-06,1.4450726293584547e-06,4.654573961281863e-07,0.006378902496960097,8.010085996182504e-08,4.731916964678169e-05
9.842909143762977e-07,1.3728199831261081e-06,4.437435937586169e-07,0.006379970534077784,7.604024647441576e-08,4.7287139089874184e-05
0.0,0.0,0.0,0.006380590704002653,7.351247433007302e-08,4.724758491847503e-05
9.351029556283303e-07,1.3041833457451988e-06,4.2449001993418e-07,0.006380887935204327,6.851481138145837e-08,4.7210836469012196e-05
8.883740731112441e-07,1.2390205741199352e-06,4.046577735430249e-07,0.006380538651725917,6.503761654313828e-08,4.717070395341197e-05
8.439803099276779e-07,1.1770534112478188e-06,3.8574314255304425e-07,0.006379728409413149,6.173643981650501e-08,4.7119777341384404e-05
8.01804972501194e-07,1.1181418300153385e-06,3.677041513189652e-07,0.006378541563319838,5.860240006613408e-08,4.7068953484970426e-05
7.617371991327649e-07,1.0621524504784157e-06,3.5050071810540825e-07,0.006376798559566017,5.5627086486692347e-08,4.701136553780327e-05
7.236716687924108e-07,1.0089582075060235e-06,3.3409457114184706e-07,0.006374567685988716,5.280247839404645e-08,4.695099126251393e-05
0.0,0.0,0.0,0.006371827627272508,5.1119398269960925e-08,4.6882388175850664e-05
0.0,0.0,0.0,0.006368595134790045,4.8570723887308986e-08,4.6810734722235736e-05
0.0,0.0,0.0,0.006364872171261027,4.614944593139825e-08,4.673770901453267e-05
0.0,0.0,0.0,0.006360681198307905,4.384920126998537e-08,4.665596504804803e-05
6.875052109268843e-07,9.588161130119903e-07,3.226024087311459e-07,0.0063559920859776265,4.0654713455325704e-08,4.6575897561670415e-05
6.531490204004119e-07,9.107179945640699e-07,3.074583226331993e-07,0.006350776807770909,3.858133798373838e-08,4.648525491127959e-05
0.0,0.0,0.0,0.006344976133397684,3.752865052053522e-08,4.639144994789124e-05
6.205089551870217e-07,8.652269978563367e-07,2.939382644204777e-07,0.006338756190938342,3.4741374118420943e-08,4.6291785581102056e-05
0.0,0.0,0.0,0.006332002560547445,3.384023961050531e-08,4.6187384933893405e-05
0.0,0.0,0.0,0.006324703668842413,3.215423272084905e-08,4.607574252424307e-05
5.894993892728423e-07,8.217626878801902e-07,2.818487378870605e-07,0.00631690372399336,2.967583824885265e-08,4.5963327872476355e-05
5.600405312566013e-07,7.807568305774198e-07,2.6858003285468917e-07,0.006308580006496671,2.815605539681481e-08,4.58458063385581e-05
5.320537845351206e-07,7.416651047885961e-07,2.5592978804777225e-07,0.006299745413842717,2.67138965806953e-08,4.5719478312705036e-05
0.0,0.0,0.0,0.006290438740919502,2.6100911210136246e-08,4.558596753223565e-05
0.0,0.0,0.0,0.006280606894442986,2.480086036538154e-08,4.544960424590627e-05
5.054645729205598e-07,7.045085100331579e-07,2.453167761587562e-07,0.006270104305871391,2.2808150993405537e-08,4.5311163232257606e-05
4.80204987602119e-07,6.692470313104649e-07,2.3374071026707725e-07,0.006259255542684446,2.1636202415380773e-08,4.516515785977804e-05
0.0,0.0,0.0,0.006247720111210553,2.1209768052976585e-08,4.501117198096871e-05
0.0,0.0,0.0,0.0062357449358123596,2.0153666513422763e-08,4.485178803492751e-05
4.562067711685591e-07,6.358393628327349e-07,2.2398479397868788e-07,0.006223224846961697,1.8463578664099113e-08,4.469107473200845e-05
0.0,0.0,0.0,0.006210142101690241,1.8164518778007732e-08,4.452026895984673e-05
0.0,0.0,0.0,0.006196428610249272,1.7260369800098374e-08,4.434527984964465e-05
0.0,0.0,0.0,0.006182319350806154,1.6401391911280427e-08,4.4165212470748116e-05
0.0,0.0,0.0,0.006167572729185444,1.5585335133572187e-08,4.3979136597704915e-05
0.0,0.0,0.0,0.006152341722848842,1.4810045856350484e-08,4.37853269943389e-05
0.0,0.0,0.0,0.00613648929696331,7.936216794846018e-09,4.3587688070667596e-05
0.0,0.0,0.0,0.006120178165766932,8.899216696889312e-09,4.3385395566697404e-05
4.312630610495396e-07,6.040963591241482e-07,-7.83769392214078e-07,0.0061032744203126455,1.2208701735089701e-08,4.317750956311659e-05
0.0,0.0,0.0,0.006085823637976051,1.6568165950303637e-08,4.296253299473918e-05
4.0864994161240577e-07,5.738497557880579e-07,2.0617880525895226e-07,0.006067772253039857,1.5126555311460216e-08,4.2741526756052225e-05
3.882278754909608e-07,5.452572624807246e-07,1.9638401097802374e-07,0.006049196777365298,1.4343914257363186e-08,4.2516509712019714e-05
0.0,0.0,0.0,0.006030047116980186,1.4157868544195651e-08,4.22837733327075e-05
3.688260699234407e-07,5.178933132211978e-07,1.8752730367808224e-07,0.006010280296856343,1.2897326561470118e-08,4.204611982987209e-05
3.5039403780195484e-07,4.921444560174106e-07,1.7860574161220547e-07,0.00599008065288885,1.2228676674037597e-08,4.180179721982482e-05
3.328831322716182e-07,4.6732653542554625e-07,1.70104788826934e-07,0.00596917424035173,1.1594661324904736e-08,4.155313296775441e-05
3.1624724388126144e-07,4.4431493898610655e-07,1.6200460324988644e-07,0.005947861016064483,1.0993467904887362e-08,4.129651356138335e-05
3.0035822240157544e-07,0.000996858264364851,1.540540689816087e-07,0.005921764268557504,1.042368581415206e-08,4.4810691951619896e-05
2.853476666390552e-07,0.0009470153558388784,1.4672022369066478e-07,0.005899098226646438,9.883171996992668e-09,4.446966491941289e-05
2.7108725886354213e-07,0.0008996645996590271,1.3973196689637935e-07,0.00587586038905432,9.370669775401542e-09,4.411902882013171e-05
2.5746863055126397e-07,0.0018256575753051725,1.328778242943516e-07,0.005848214132374917,8.884922657669793e-09,4.7379216251387906e-05
2.4460139689155706e-07,0.0017343745645727463,1.2654970734792035e-07,0.005823615393698266,8.424182195556996e-09,4.694191010534895e-05
2.3237717977543633e-07,0.0016476556820211655,1.2051934006948665e-07,0.005798657691536987,7.987318724997505e-09,4.649515194170699e-05
2.207044530197516e-07,0.0025107981178925294,1.1460941695254597e-07,0.005507414335351221,7.589595911037323e-09,5.0155105314232334e-05
2.0967442608719557e-07,0.0023852576224385248,1.0914807132547187e-07,0.005232035948438448,7.211489292096233e-09,4.982146377759834e-05
1.9919563659639723e-07,0.00226599487826346,1.039435492329111e-07,0.004970444169272754,6.8521113391511506e-09,4.945240890964345e-05
1.8924048862170978e-07,0.0021526947071338633,9.898386364310611e-08,0.004721947937028762,6.510546769165076e-09,4.9048227499020336e-05
1.797359058007081e-07,0.002956201974351918,9.412904503757082e-08,0.004484734861758961,6.186048001999831e-09,5.1633377592847646e-05
1.7075325872912933e-07,0.002808392331092464,8.963736134116016e-08,0.0042605696158772915,5.877493371052742e-09,5.099049779325977e-05
1.6221949063540715e-07,0.0026679722366665646,8.535701167463505e-08,0.004047622569935863,5.584261694227686e-09,5.033712419543765e-05
1.5411220833262924e-07,0.002534573864906603,8.127834802930853e-08,0.003845333315899459,5.305599739768603e-09,4.967158556244906e-05
1.4641006139355176e-07,0.0024078445759208996,7.7391944158803e-08,0.003653168086159235,5.0407910447831256e-09,4.8992813470519143e-05
1.3905792811618955e-07,0.003154397183528321,7.359348014434951e-08,0.003469587295925585,4.78932041667329e-09,5.064395702292893e-05
1.321081148717377e-07,0.002996676770847825,7.007387855546523e-08,0.003296237606105718,4.550168054261977e-09,4.981048757500401e-05
1.254747741140994e-07,0.0036941384854244385,6.663554634469381e-08,0.0031305794367565056,4.323091943054631e-09,5.107534418993013e-05
1.1920376575911202e-07,0.0035094301785436786,6.344766678138164e-08,0.0029742023814394204,4.107133248075881e-09,5.0121337186885635e-05
1.132188468749632e-07,0.004163842560513715,6.033517591017582e-08,0.0028247131128248115,3.902101638300243e-09,5.1067110968435095e-05
1.0756033544063152e-07,0.003955649695174695,5.7447472577830845e-08,0.0026836462042407207,3.70710580621354e-09,5.001973992814297e-05
1.0218461929101885e-07,0.003757867363600743,5.4695962934388444e-08,0.002549635248593267,3.5218343310123025e-09,4.898992893794179e-05
9.707755467175864e-08,0.003569973968733219,5.207424527764733e-08,0.0024223248092669313,3.3458047159626424e-09,4.798088928608696e-05
9.222571589205778e-08,0.0033914750544393503,4.9576330386426316e-08,0.002301381147792855,3.1785589620479997e-09,4.698652931341874e-05
8.761634823587488e-08,0.0032219008948463526,4.719649541191899e-08,0.002186485010261386,3.0196606213555304e-09,4.600987533718163e-05
8.32373426575405e-08,0.0030608059833255306,4.492937198785997e-08,0.0020773346466266378,2.868695077018592e-09,4.5046972995317206e-05
7.905937140958195e-08,0.0036706628728289076,4.272097807587723e-08,0.0019728614146384904,2.7254040670210077e-09,4.5434940689720034e-05
7.510801051705903e-08,0.003487129961831811,4.0667950023255165e-08,0.0018744003861010886,2.5891211346481637e-09,4.442057862472113e-05
7.135411261062335e-08,0.0033127724645123876,3.871207213073526e-08,0.0017808593342215785,2.459647060700823e-09,4.3428500856112984e-05
6.777306523595306e-08,0.003881455047166115,3.68087127670478e-08,0.0016912776524232308,2.336762428107509e-09,4.3599917986172883e-05
6.438574357482548e-08,0.0036873810776644205,3.503756923426068e-08,0.0016068979524097057,2.219890640856734e-09,4.257295016785852e-05
6.115473360850658e-08,0.004217221697278516,3.3314932900275495e-08,0.0015260584491931662,2.1089695028009054e-09,4.259892768845621e-05
5.8098171473166236e-08,0.0040063587736456,3.1710834989121485e-08,0.0014499398170192447,2.0034785678858296e-09,4.155186815808963e-05
5.519437724007382e-08,0.003806041336944644,3.0182859111125526e-08,0.0013776246943455397,1.903264000030341e-09,4.052692475493845e-05
5.243570229043127e-08,0.003615739027035509,2.8727434406268913e-08,0.0013089214475593832,1.8080614779173598e-09,3.9528699905424096e-05
4.9804841291590596e-08,0.004109420126350013,2.7313787373414588e-08,0.0012430531812228467,1.7177105078621667e-09,3.9391655575556375e-05
4.7315517629721145e-08,0.0039039480134540204,2.59957974611505e-08,0.00118107649429215,1.6317852552789128e-09,3.8384040041505556e-05
4.494178572445981e-08,0.0043631101711206,2.4716495053589462e-08,0.0011216361392632358,1.5502384294587233e-09,3.815464235250842e-05
4.2695507806832584e-08,0.004144953543345068,2.3522993720352827e-08,0.0010657277564689676,1.4726890242903945e-09,3.714370181970347e-05
4.0561496312344347e-08,0.003937705805030042,2.238624859631043e-08,0.0010126106068046384,1.3990218350779502e-09,3.6157400755740726e-05
3.8534136112430954e-08,0.0037408202915613555,2.1303573297820678e-08,0.0009621441392389522,1.3290424046679662e-09,3.5195106909045884e-05
3.660132794878841e-08,0.004166565428520363,2.0254136863615488e-08,0.0009137088276130405,1.262627855974738e-09,3.487376431432476e-05
3.477189094249879e-08,0.003958236547253832,1.9273869206448997e-08,0.0008681836542098736,1.1994730538832913e-09,3.3913871946025405e-05
3.3033884284417596e-08,0.0037603238785167124,1.8340304581780373e-08,0.0008249287777076659,1.1394802208690738e-09,3.298032465522646e-05
3.138274205625689e-08,0.0035723075907925493,1.7451304587685874e-08,0.00078383260255049,1.082491668250362e-09,3.20677184399134e-05
2.980895278452356e-08,0.00396403309768673,1.659076999796659e-08,0.0007443659685193945,1.0284047798157998e-09,3.167685954852414e-05
2.8318990549227062e-08,0.0037658315557265055,1.5785926851470585e-08,0.0007072914016499532,9.769754982462386e-10,3.0773107493045774e-05
2.6903493295392613e-08,0.00357753964219206,1.5019535008294804e-08,0.0006720656943050009,9.281218367796173e-10,2.9890729863290113e-05
2.5558742212787333e-08,0.0033986628495041946,1.4289826996078759e-08,0.0006385961335146498,8.817148062568591e-10,2.9030336745505658e-05
2.4277284449659538e-08,0.0037561429304552047,1.3584480288363564e-08,0.0006064382127566777,8.376685617434379e-10,2.859219302407107e-05
2.306378894406233e-08,0.003568334875139567,1.292392086784207e-08,0.0005762428565308177,7.957895387369207e-10,2.7743856064435497e-05
2.1910944404934164e-08,0.003389917717170953,1.2295033887261322e-08,0.0005475531175491721,7.560081474057772e-10,2.691372093182125e-05
2.081256635773398e-08,0.0037138433192167165,1.1687766065033206e-08,0.0005199797189644325,7.182486188032998e-10,2.644401670116977e-05
1.976930895128264e-08,0.004011277411663972,1.1110598885199484e-08,0.0004937970329805564,6.823763038697903e-10,2.594865909286883e-05
1.878112508203926e-08,0.003810712785570305,1.0569352133054283e-08,0.00046921913092989886,6.482718717669655e-10,2.51318632466345e-05
1.784233144190322e-08,0.0036201767685569014,1.0054100009219648e-08,0.0004458652887886845,6.158756076805444e-10,2.4335575895876495e-05
1.6948113952459833e-08,0.003888303347358292,9.557247829139181e-09,0.0004234161733592823,5.851238027228935e-10,2.382577782065061e-05
1.6100935170167684e-08,0.003693886965566895,9.090855303202883e-09,0.0004023440669935138,5.558891828737358e-10,2.3048551894804847e-05
1.529408816545632e-08,0.003935504435049668,8.641459067908198e-09,0.00038208928556721176,5.281373989421126e-10,2.2524735016381462e-05
1.4529582130344715e-08,0.003738729221232987,8.219344517868444e-09,0.0003630754645531539,5.01755758893084e-10,2.176999396644491e-05
1.380156481549329e-08,0.003955280887499448,7.812886284776256e-09,0.0003448008230892747,4.76711297187824e-10,2.12377395585718e-05
1.3111656750096526e-08,0.003757515692771057,7.43083000787846e-09,0.00032764297885026246,4.529041688315603e-10,2.05065240212936e-05
1.2454764143136694e-08,0.003950304598003021,7.063224646219696e-09,0.0003111556468844308,4.303028415961686e-10,1.9968918364051217e-05
1.1832172640605406e-08,0.003752788107789514,6.717457362011055e-09,0.00029567213463011546,4.0881899407439235e-10,1.9262713616040235e-05
1.1240700087848746e-08,0.0035651484088662657,6.3883639171699386e-09,0.00028095823703336965,3.884105692258311e-10,1.8573665899565516e-05
1.0678790081847603e-08,0.003386890487315662,6.075143784108515e-09,0.0002669752508665276,3.6902419487804515e-10,1.7901615387681148e-05
1.0143913207225706e-08,0.003551200858243395,5.774230664535986e-09,0.00025354693398621823,3.506181198721274e-10,1.7379151610285796e-05
9.636824310192322e-09,0.0033736399687523417,5.490817587417853e-09,0.0002409270397373729,3.3312300165762637e-10,1.673307376382755e-05
9.154200501628872e-09,0.0035135569879823,5.218725000576557e-09,0.00022881348908991854,3.1651183114994495e-10,1.6213548802231265e-05
8.695773031101628e-09,0.0036361831514623555,4.960110705547016e-09,0.00021731149525304236,3.0073082885179197e-10,1.5694023074453493e-05
8.261068204492678e-09,0.003454373096816573,4.716268613855073e-09,0.00020649270043524427,2.8573188231560285e-10,1.5082884536192815e-05
7.848091809098937e-09,0.003281654259843583,4.484242004325417e-09,0.00019621099325611995,2.714832414621885e-10,1.4488170142170468e-05
7.455147649848472e-09,0.0033791613097116572,4.261826581895755e-09,0.00018635425649226594,2.5795359265717047e-10,1.398529483876665e-05
7.082455183162651e-09,0.0032102032393914667,4.051907225387791e-09,0.00017707280163437706,2.450945475194365e-10,1.3417859246289993e-05
6.7283909838854485e-09,0.003049692668584417,3.852175029409871e-09,0.00016825202040475723,2.3287877242959265e-10,1.286580395113036e-05
6.3920243226650885e-09,0.0028972072685981716,3.6621452790240703e-09,0.00015986890873920527,2.2127428860549065e-10,1.2329764666473404e-05
6.072067864794148e-09,0.002964198536403347,3.4802731122934464e-09,0.000151845610865622,2.1025370387044182e-10,1.185837127243344e-05
5.768508067508722e-09,0.0028159878781718432,3.3083840254572127e-09,0.00014427724634676626,1.9978002559247294e-10,1.1349607256098995e-05
5.479800306133358e-09,0.0028619854775975046,3.143995826935826e-09,0.00013704039794825153,1.8983327203559232e-10,1.0894955989756656e-05
5.20555974903831e-09,0.002894023567627744,2.9877533577817194e-09,0.00013016896991574682,1.8038307713671955e-10,1.044643935047583e-05
4.945313866270124e-09,0.0027493218189839613,2.8399233417777925e-09,0.0001236768172236815,1.7140253550436316e-10,9.978659959189975e-06
4.698076395251794e-09,0.0026118547743665833,2.699305170631164e-09,0.00011750692644415106,1.6287091719255173e-10,9.525934092554666e-06
4.463005669192933e-09,0.0026183204000571627,2.5650385201261865e-09,0.00011162000926465773,1.5476715456994825e-10,9.108269779729001e-06
4.2398779078000164e-09,0.002487403966124744,2.4378663755059306e-09,0.00010604900248981035,1.470667729927077e-10,8.683873659384517e-06
4.02776332324886e-09,0.0024736729145781785,2.3165334595068537e-09,0.00010073917681988068,1.3975185196978164e-10,8.288024377238722e-06
3.826274036982789e-09,0.0024481014936010032,2.2012133568944986e-09,9.569662155638489e-05,1.328022252998362e-10,7.903390688166013e-06
3.634975302919596e-09,0.0023256960261148767,2.091871530143654e-09,9.091690526073567e-05,1.2619854235208463e-10,7.5226192225478154e-06
3.453160399976166e-09,0.0022819713738502965,1.987673918535479e-09,8.636826466649929e-05,1.1992520042264448e-10,7.16243927826784e-06
3.280512960435406e-09,0.0021678721146735445,1.888803941957557e-09,8.205250377913702e-05,1.1396414247864241e-10,6.811211074220992e-06
3.1164509502452527e-09,0.002105619677791054,1.7946634188096302e-09,7.794890935923783e-05,1.0830093360650053e-10,6.477313540898984e-06
2.960604978518351e-09,0.0020334543481573585,1.7051896029596666e-09,7.405106200571756e-05,1.0292041880173764e-10,6.157114062687845e-06
2.812580314770562e-09,0.0019317814074070732,1.6201976183652169e-09,7.034891136905103e-05,9.78078941704708e-11,5.850681596902886e-06
2.671955296282945e-09,0.0018351917640536065,1.5393875298444528e-09,6.68314992703655e-05,9.295043102657909e-11,5.559262176960999e-06
2.538360942679758e-09,0.0017434321972424934,1.4625752369646393e-09,6.348984389003785e-05,8.833475593783544e-11,5.2824810733828336e-06
2.4114459725405252e-09,0.0016562606077022586,1.3895882585524528e-09,5.985911681710892e-05,8.390145838902513e-11,7.103388697807849e-06
2.290876407089518e-09,0.0015734475966231638,1.320236791355308e-09,5.372102942826953e-05,7.962801738665298e-11,2.1536111333870625e-05
2.1763350185183885e-09,0.001494775235132461,1.2543403446854878e-09,4.503404208623145e-05,7.553513485620498e-11,5.037795670640549e-05
2.067520552104959e-09,0.0014200364907994395,1.1917276141649012e-09,3.541540826353243e-05,7.162930057710746e-11,8.772565982502577e-05
1.9641465331144427e-09,0.001349034682811731,1.1322353017680232e-09,2.6862513622338845e-05,6.791521916505245e-11,0.0001238199652658844
1.8659411333547407e-09,0.0012815829643959607,1.0757084632791722e-09,2.0796606250686434e-05,6.439950290058152e-11,0.00014890165991632452
1.77264565720631e-09,0.00121750383111459,1.0219996276520954e-09,1.7579978060551073e-05,6.109385022709793e-11,0.0001572971416973242
1.6840147984156478e-09,0.001156628653750227,9.709688059590212e-10,1.6406693454991328e-05,5.801654539631865e-11,0.0001517158406443217
1.5998155764146974e-09,0.0010987972345448422,9.224828297054793e-10,1.558656505315265e-05,5.5135278021821623e-11,0.00014413049152191257
1.5198260390117372e-09,0.0010438573856252455,8.764150464552336e-10,1.480742297064198e-05,5.239747923782667e-11,0.0001369243666135905
1.4438358753260522e-09,0.0009916645285117246,8.326451706308233e-10,1.4067219850198579e-05,4.979559963470272e-11,0.00013007850893262396
1.3716449633069146e-09,0.0009420813136448413,7.910587199528459e-10,1.3364010510524515e-05,4.732298877076498e-11,0.00012357490892939485
1.3030636362896753e-09,0.0008949772589439569,7.515472018840539e-10,1.2695946858773216e-05,4.497300598896606e-11,0.00011739645715894555
1.2379113030086444e-09,0.000850228406428976,7.140072758898694e-10,1.2061273050478058e-05,4.273979656996193e-11,0.00011152689931183422
1.1760164108491437e-09,0.0008077169960178265,6.78340591719311e-10,1.1458320892600689e-05,4.061762476857823e-11,0.00010595079349145131
1.1172162434580517e-09,0.0007673311556319253,6.444539940024623e-10,1.0885505476562921e-05,3.860076202629774e-11,0.00010065346962225015
1.0613560871708042e-09,0.0007289646067944962,6.122588069574666e-10,1.034132102370229e-05,3.6684041363691194e-11,9.562099088485168e-05
1.0082888324665486e-09,0.0006925163849516008,5.816706916859957e-10,9.824336941551182e-06,3.486241266178965e-11,9.084011708027509e-05
9.578749517237328e-10,0.0006578905737762393,5.526095848724149e-10,9.333194074719362e-06,3.313127517586039e-11,8.629826981627316e-05
9.099815645086854e-10,0.0006249960527558647,5.249992266075728e-10,8.866601140336382e-06,3.148625495213933e-11,8.198349944067278e-05
8.644828605106664e-10,0.0005937462574032721,4.987674997148691e-10,8.423331344587924e-06,2.9922760305813476e-11,7.788445361902575e-05
8.212591791014782e-10,0.000564058951453892,4.738456578163294e-10,8.002219165159632e-06,2.8436980579465108e-11,7.399034748677888e-05
7.801965163770348e-10,0.0005358560104559781,4.5016820889492816e-10,7.602157293274372e-06,2.70251086038965e-11,7.029093528989365e-05
7.411869381663579e-10,0.0005090632161794106,4.2767318428863243e-10,7.222093730689567e-06,2.5683229359710752e-11,6.677648344087201e-05
7.041278267213725e-10,0.00048361006130407015,4.063016202315564e-10,6.861029027743251e-06,2.440798578644643e-11,6.343774492438992e-05
6.689216926128101e-10,0.0004594295638760732,3.8599743278646123e-10,6.518013662717333e-06,2.3195912373986256e-11,6.02659349771146e-05
6.354758225721101e-10,0.0004364580910375698,3.667074515740759e-10,6.192145548118097e-06,2.2044212064613812e-11,5.725270798584338e-05
6.037022712895388e-10,0.00041463519157318283,3.483809940900232e-10,5.882567664810753e-06,2.094953478943281e-11,5.4390135539580494e-05
5.735172644261415e-10,0.00039390343682753457,3.3096991779965516e-10,5.588465810323502e-06,1.9909531565263933e-11,5.167068557418318e-05
5.448415551309944e-10,0.00037420826957760433,3.1442867208081227e-10,5.309066462562148e-06,1.8920855924058862e-11,4.90872025647737e-05
5.175996788933646e-10,0.0003554978604605404,2.98713789234973e-10,5.043634748147598e-06,1.798149520123539e-11,4.663288870525133e-05
4.917198973759324e-10,0.0003377229715813541,2.837840189385826e-10,4.791472513218379e-06,1.7088549943094445e-11,4.4301286025136804e-05
4.671340168891431e-10,0.00032083682693907013,2.696001655999519e-10,4.5519164889737525e-06,1.6240121150985528e-11,4.2086259405872925e-05
4.4377745264858425e-10,0.0003047949893317733,2.561249727257819e-10,4.324336550118579e-06,1.543364482951211e-11,3.99819804421769e-05
4.21588672377606e-10,0.0002895552434179946,2.4332306241594303e-10,4.108134059381564e-06,1.466722413527067e-11,3.7982912109926463e-05
4.0050938069571475e-10,0.0002750774846223588,2.3116087372560559e-10,3.902740295961323e-06,1.3938963150511715e-11,3.608379420051836e-05
3.8048395901919796e-10,0.00026132361359748575,2.196063578534626e-10,3.707614959009923e-06,1.3247077808199967e-11,3.427962948530959e-05
3.614598094141509e-10,0.0002482574359636992,2.0862921326178225e-10,3.5222447508455505e-06,1.2589007640846383e-11,3.256567056787826e-05
3.433869491702403e-10,0.0002358445670593839,1.982006694173905e-10,3.3461420253096044e-06,1.1964080237619117e-11,3.093740739661101e-05
3.2621762634249863e-10,0.0002240523414553954,1.8829320338461427e-10,3.1788435091618093e-06,1.1369958461291085e-11,2.9390555398032874e-05
3.0990669468957476e-10,0.00021284972699407468,1.7888085082524242e-10,3.0199090814794273e-06,1.0805526975791917e-11,2.7921044207507344e-05
2.9441144094161983e-10,0.00020220724312539594,1.6993891457746649e-10,2.8689206199596884e-06,1.0268893789728045e-11,2.652500695995432e-05
2.7969098993569044e-10,0.00019209688332622025,1.6144389733166384e-10,2.7254809002187032e-06,9.758944513370189e-12,2.5198770115003972e-05
2.657063863939515e-10,0.00018249204139915583,1.533733921916079e-10,2.5892125509038084e-06,9.274565162025338e-12,2.3938843796007143e-05
2.524211463632916e-10,0.00017336744145619932,1.4570630320507823e-10,2.4597570639600178e-06,8.81397599001477e-12,2.2741912603563507e-05
2.398002448513046e-10,0.00016469907140416546,1.3842245584737452e-10,2.3367738499180716e-06,8.376174733856832e-12,2.1604826898870447e-05
2.2781022222368605e-10,0.00015646411975361697,1.315025622473911e-10,2.2199393446992106e-06,7.960381471601783e-12,2.052459451101124e-05
2.1641964964898568e-10,0.00014864091558965388,1.2492856985296142e-10,2.1089461561929642e-06,7.565261442998859e-12,1.9498372869375748e-05
2.0559870112544586e-10,0.00014120887154277762,1.186831764262734e-10,2.0035022589388766e-06,7.189591153399854e-12,1.8523461521110966e-05
1.9531880091582117e-10,0.00013414842961183613,1.1274994898646138e-10,1.9033302241239845e-06,6.8324803920258725e-12,1.7597295028804526e-05
1.8555288911009505e-10,0.00012744100969486354,1.0711329780924413e-10,1.8081664909639814e-06,6.493261191685091e-12,1.6717436219405015e-05
1.762752403604252e-10,0.00012106896069551413,1.0175840113640683e-10,1.7177606736375903e-06,6.170932696897804e-12,1.588156977048306e-05
1.6746152989155437e-10,0.00011501551407202008,9.667117286904619e-11,1.6318749027016842e-06,5.864494214412658e-12,1.5087496121271435e-05
1.5908835697140911e-10,0.00010926473970919725,9.18381508096984e-11,1.5502831996789112e-06,5.5732782612662925e-12,1.4333125682823466e-05
1.5113410628102182e-10,0.00010380150399726262,8.724689186467247e-11,1.4727708829402779e-06,5.296395445573815e-12,1.3616473339838038e-05
1.4357733963101215e-10,9.861143000718843e-05,8.288500192385007e-11,1.3991340021056642e-06,5.033400577126038e-12,1.2935653229928292e-05
1.3639854060213692e-10,9.368085965619592e-05,7.874124598542937e-11,1.3291788031709702e-06,4.7836265337726405e-12,1.2288873778674198e-05
1.2957861499961233e-10,8.899681776559484e-05,7.480458237119126e-11,1.2627212180112896e-06,4.546073219498899e-12,1.167443298678523e-05
1.2309956717514467e-10,8.45469779146858e-05,7.106466825080016e-11,1.1995863798952174e-06,4.320406760266274e-12,1.1090713952045105e-05
1.1694462396219086e-10,8.031963000463551e-05,6.751177961177665e-11,1.1396081643057796e-06,4.10584927320231e-12,1.053618061404031e-05
1.1109738857141785e-10,7.63036494406091e-05,6.413649581859289e-11,1.0826287523579243e-06,3.902067033076958e-12,1.000937371289443e-05
1.0554242887699542e-10,7.248846785790796e-05,6.09298963331158e-11,1.0284982136521827e-06,3.7082822904522215e-12,9.508906949123204e-06
1.0026534138162916e-10,6.886404530988963e-05,5.7883639999008823e-11,9.770741142800156e-07,3.5239393994663874e-12,9.03346333594502e-06
9.525207805494066e-11,6.542084384702266e-05,5.498972034373062e-11,9.282211407031784e-07,3.349037876202358e-12,8.58179173427136e-06
9.048943790564735e-11,6.214980241736066e-05,5.224036250248804e-11,8.818107444356274e-07,3.1829111508770405e-12,8.152703560269628e-06
8.596496125892898e-11,5.904231302086501e-05,4.962850406840459e-11,8.377208035704285e-07,3.0246706517815906e-12,7.745069657056337e-06
8.166665174482814e-11,5.6090198058059055e-05,4.714724786714899e-11,7.958353016311029e-07,2.87453806803187e-12,7.3578173246326166e-06
7.758331866218705e-11,5.328568880882703e-05,4.479001992088021e-11,7.560440223362423e-07,2.731846945759104e-12,6.989927496734351e-06
7.370419247594829e-11,5.0621404989484645e-05,4.255066247046858e-11,7.182422596400385e-07,2.5962639286497563e-12,6.640432058931611e-06
7.001899103211945e-11,4.809033533011238e-05,4.042323489330643e-11,6.823305424086541e-07,2.4674556884908986e-12,6.308411301313269e-06
6.651799198353879e-11,4.568581912405669e-05,3.8402192778551385e-11,6.482143723126366e-07,2.3447558557762957e-12,5.992991499647986e-06
6.319214618907448e-11,4.340152870052605e-05,3.648220494950616e-11,6.158039759559197e-07,2.228497285267111e-12,5.6933426132509366e-06
6.003253400387391e-11,4.1231452771358395e-05,3.46581317126583e-11,5.8501406826272e-07,2.1176805838567766e-12,5.408676103995048e-06
5.703087865865464e-11,3.9169880613302694e-05,3.292532466635292e-11,2.5713588489345505e-07,2.01404199867088e-12,7.458736339044746e-06
5.417937972873737e-11,3.721138703921468e-05,3.127918249903174e-11,-1.9242663083694835e-06,1.91845643447852e-12,2.3148690507744536e-05
5.147045567031765e-11,3.5350818120683936e-05,2.9715298010440746e-11,-6.5070134603044506e-06,1.8290184662624513e-12,5.376575462187369e-05
4.88969487419827e-11,3.358327762694761e-05,2.822958903657922e-11,-1.290003420065518e-05,1.7445991897756136e-12,9.224089863227748e-05
4.6452135450188935e-11,3.190411413698439e-05,2.68182031572945e-11,-1.9574412757171018e-05,1.6637993750646621e-12,0.0001281463275785693
4.412956000569224e-11,3.030890880210895e-05,2.5477322936283274e-11,-2.4587875300964454e-05,1.5854040708010131e-12,0.00015210326556754758
4.192304899450451e-11,2.8793463715207255e-05,2.4203458206473232e-11,-2.6522956543849192e-05,1.5094596038944242e-12,0.00015949007667331514
3.982690153763619e-11,2.7353790864839292e-05,2.299335381705668e-11,-2.5664983009511766e-05,1.4354313793119444e-12,0.00015364736691835475
3.7835492639217775e-11,2.598610164069367e-05,2.1843702963137618e-11,-2.4381731137344135e-05,1.3642720633756593e-12,0.0001459650110363252
9.76324413560357e-06,2.4686796861520356e-05,5.249904738126516e-06,-2.31626422104374e-05,7.390112853819493e-10,0.00013866677210951846
3.756469649108018e-05,2.3452457320943788e-05,2.171774937649298e-05,-2.2004474083954634e-05,2.866481821524442e-09,0.00013173338636560258
8.300247007548909e-05,2.227983462576973e-05,4.788288458288928e-05,-2.0904118078448717e-05,6.417638805479104e-09,0.00012514650353906336
0.00014526171936742765,2.1165844037116272e-05,8.398624441064136e-05,-1.9858623488612365e-05,1.1419680468724587e-08,0.00011888869509918354
0.00022293437820355416,2.010755245766054e-05,0.00012879225991837024,-1.8865191935154334e-05,1.7846611897257507e-08,0.00011294341240674172
0.00031524976561308663,1.910218266702942e-05,0.00018235601358325467,-1.7921172140457044e-05,2.571390760174284e-08,0.00010729494652365266
0.0004220427177745499,1.8147058686434748e-05,0.00024350483808943313,-1.7024050717301745e-05,3.5052719293045596e-08,0.00010192838285965714
0.0005420223637111021,1.723972105986484e-05,0.0003130708135997335,-1.617144388105081e-05,4.585679988764779e-08,9.68295597166746e-05
0.0006745293574620783,1.6377748047513763e-05,0.00038967328795030937,-1.5361094581152508e-05,5.812279953816607e-08,9.198503594666892e-05
0.0006408028607574588,1.5558792715816714e-05,0.00037002912964452945,-1.4575026110838565e-05,8.451338630050885e-08,8.735458887025264e-05
0.0008050574307791781,1.4780828794019544e-05,0.000464779952043347,-1.3844198851156395e-05,9.692113850350403e-08,8.298330459378006e-05
0.0007648045298502054,1.4041767250827628e-05,0.0004414755598402793,-1.3129454094434036e-05,1.22182861621403e-07,7.879509225495398e-05
0.0007265644008573148,1.3339762556852616e-05,0.0004196370282720054,-1.244798967662872e-05,1.4464409698632716e-07,7.481215567574102e-05
0.0009418112697331402,1.2922556821674592e-05,0.0005436619484132095,-1.1823267153472931e-05,1.5595675116104266e-07,7.106756161496142e-05
0.0011648220549889217,1.2276482447140139e-05,0.0006724736080156831,-1.1229162000789208e-05,1.6949706347960884e-07,6.750914643351249e-05
0.0011065808916038869,1.1662615221106775e-05,0.0006387106408748954,-1.0635655134520319e-05,1.8880262831625203e-07,6.407813847984247e-05
0.0013571076725973597,1.1329697478062002e-05,0.0007835159019577098,-1.0100492661911812e-05,2.0290276024352761e-07,6.0868428526995404e-05
0.0012892524529542287,1.0763200157634111e-05,0.0007443100540828634,-9.558276717291863e-06,2.1697985517258471e-07,5.776057765531326e-05
0.001224789856044407,1.022495828282046e-05,0.0007068669011745991,-9.040214121918834e-06,2.2564126718231716e-07,5.480292785534885e-05
0.0011635505826508394,9.713938234802384e-06,0.0006718767267072164,-8.544689893241283e-06,2.2906483357457386e-07,5.19876447885001e-05
0.0014831703244050256,9.04492440518134e-06,0.0008562891346198987,-8.113900739509372e-06,2.418619174599662e-07,4.9382187065075645e-05
0.001409011777189484,8.591978261487294e-06,0.0008125354986193733,-7.65936734014385e-06,2.3824225241534463e-07,4.682866428675378e-05
0.0013385613967154813,8.163465690103609e-06,0.0007727614470042734,-7.223704535703306e-06,2.2898174094722116e-07,4.439663313629507e-05
0.0012716335548807226,7.755352882992654e-06,0.0007342039416992991,-6.806587464291161e-06,2.1337830914066126e-07,4.2079849750217844e-05
0.0016568621743796815,7.684094218818751e-06,0.0009564973303025194,-6.462424650567817e-06,2.2786279827422177e-07,3.996927768668474e-05
0.001574019203138826,7.299910809151523e-06,0.0009086466603722674,-6.07793282602324e-06,2.039134132980523e-07,3.786451353578847e-05
0.0014953184008341903,6.934229455553489e-06,0.000862305017415731,-5.708559973913039e-06,1.7293564927444453e-07,3.585815948800455e-05
0.001420552605368137,6.588135979015852e-06,0.0008191898472201931,-5.352989663809644e-06,1.3556317782104123e-07,3.394451940324795e-05
0.001868417588883343,5.9585153909011515e-06,0.0010784507532843393,-5.081070845943616e-06,1.5507671992906708e-07,3.2240042940461425e-05
0.0017749967931450237,5.659801210917752e-06,0.0010235684101369826,-4.75214616254156e-06,1.0749505600649148e-07,3.04985362328437e-05
0.0016862471592497602,5.377617715043204e-06,0.0009723900033440587,-4.434497538913231e-06,5.3037638064084976e-08,2.8835858125076305e-05
0.001601934918787218,5.109408732022892e-06,0.0009237705036974238,-4.128287245715159e-06,-8.904050111693832e-09,2.7248559149357116e-05
0.002109890288280825,5.0527120410611624e-06,0.0012168490213980818,-3.917156479530336e-06,1.9179004881882414e-08,2.5878121685128342e-05
0.002004395641488662,4.801041085716287e-06,0.0011560063820464173,-3.6316823258462537e-06,-5.427285076061557e-08,2.4429800167906468e-05
0.0019041761995410862,4.5618069919611416e-06,0.001098206168529685,-3.355300515500729e-06,-1.3488020618209367e-07,2.3045322617239076e-05
0.001808967713076793,4.334585184282803e-06,0.0010432960466509847,-3.0877570563727017e-06,-2.2329641961215796e-07,2.1721142704207034e-05
0.0017185195999281533,4.119499627027435e-06,0.000992005256520476,-2.828278889243287e-06,-3.191119859838813e-07,2.045388378684033e-05
0.0016325939962717596,3.913637561354023e-06,0.0009424081663878296,-2.5769847404718234e-06,-4.2198960717654357e-07,1.924083722795374e-05
0.0015509643876623785,3.718134714750166e-06,0.0008953801961608646,-2.332767775435125e-06,-5.318502696627707e-07,1.8079194458087352e-05
0.0014734163863805905,3.531566167540627e-06,0.0008496419111983423,-2.0951313542693515e-06,-6.490765011316432e-07,1.6965802475298195e-05
0.0013997458075123712,3.3564324279524692e-06,0.0008080588381340852,-1.8634378455207952e-06,-7.732112738694576e-07,1.5898416058850413e-05
0.001329758757187579,3.188567568559674e-06,0.0007675317563073153,-1.6382031901705128e-06,-9.042329983723318e-07,1.4874718182736063e-05
0.0012632710985003685,3.0288463799675017e-06,0.0007283806794235206,-1.4181402840667664e-06,-1.042701655268822e-06,1.3891946236277939e-05
0.0019724989875207553,2.7331945761833413e-06,0.0011390237013188635,-1.343488343125397e-06,-9.699478591695147e-07,1.3190947671464386e-05
0.0018738740185958657,2.596159810557207e-06,0.0010818199130986858,-1.1353031338671449e-06,-1.1228321194602222e-06,1.2286893107695877e-05
0.0017801808860005543,2.466500554787078e-06,0.00102784482857386,-9.309195321531642e-07,-1.2830600050340756e-06,1.1416902151775878e-05
0.0016911721053397763,2.3428583070297305e-06,0.0009761553851640535,-7.302137771098319e-07,-1.4501262547593109e-06,1.0579200931412403e-05
0.0016066137420877105,2.225990546947678e-06,0.0009274366970466295,-5.336240890322031e-07,-1.6243010603863507e-06,9.772641541937084e-06
0.001526283558398564,2.1147715097425467e-06,0.0008810285641584974,-2.464338609918912e-05,-1.7886451170519888e-06,8.996183934885206e-06
0.0014499695995995668,2.0094977980898412e-06,0.0008373183116612457,-4.85397182367769e-05,-1.9604153592900857e-06,8.246962184980439e-06
0.0013774716823852064,1.908341353815035e-06,0.0007949036930789902,-7.197763204719267e-05,-2.1399917704835036e-06,7.523742534705319e-06
0.0013085982789688168,1.8133583237941025e-06,0.0007552619562854542,-9.50778942104208e-05,-2.3270478491649353e-06,6.825206278703142e-06
0.0012431688608363306,1.7233890242954174e-06,0.0007179746968360499,-0.00011768771709464953,-2.5217753776059048e-06,6.150609043821429e-06
0.001181010761560442,1.6366132298555716e-06,0.0006816823856222492,-0.00013997816089297981,-2.7239701696745573e-06,5.49743459156385e-06
0.0011219606238863258,1.5551932720447571e-06,0.0006478437775918609,-0.00016194923201908246,-2.933073569814505e-06,4.8652622533268116e-06
0.0010658628722169372,1.4770029600343183e-06,0.0006151061163007828,-0.00018350961692863082,-3.1495638597576174e-06,4.252673852366399e-06
0.0010125703969003648,1.4037060869558225e-06,0.0005846308737752893,-0.00020477244775850165,-3.372775446771386e-06,3.6590056843735715e-06
0.0009619420850313386,1.3334018648220404e-06,0.000555308740240201,-0.00022561585883246315,-3.6030844525864566e-06,3.0826723050752766e-06
0.0009138453418472261,1.2667162996653239e-06,0.000526880685461773,-0.00024615896082564405,-3.840256598093146e-06,2.5231445847514054e-06
0.0008681533509895394,1.2040355008271116e-06,0.0005009890771359324,-0.0002663083450821028,-4.0839662903126285e-06,1.9791110295943837e-06
0.0008247465104993828,1.144185061064335e-06,0.00047603152208603973,-0.0002861480712650483,-4.3343496163900076e-06,1.4501987150389919e-06
0.0007835093785339796,1.0874433321613547e-06,0.00045252213443707585,-0.000305654615677156,-4.591016000732486e-06,9.350653545043464e-07
0.000744334268642795,1.0325430926681033e-06,0.00042958227373275637,-0.00032481551510849254,-4.854145732980743e-06,4.331555771034523e-07
0.0007071179689744016,9.814715131072133e-07,0.0004084397475507769,-0.0003436603894546013,-5.124096790515646e-06,-5.621266604325771e-08
0.0006717628238994472,9.321982372256522e-07,0.000388026477956039,-0.0003620797653813275,-5.400035467065244e-06,-5.332235906322585e-07
0.0006381748165439775,8.852842216293415e-07,0.000368544758558689,-0.00038029108998536605,-5.681591091242975e-06,-1.0000251586607697e-06
0.0006062663273338972,8.407591035857871e-07,0.0003499888014224057,-0.0003982087113764782,-5.969482308580013e-06,-1.4562615609865478e-06
0.0005759537501215103,7.984468511830875e-07,0.00033221941942685455,-0.00041566252166066293,-6.263868512307971e-06,-1.9021019032465937e-06
0.0005471569051046835,1.2285948181482871e-06,0.0003157791043546544,-0.00043297960826340433,-6.563546404862265e-06,-2.3611260901153495e-06
0.0005197993237400038,6.979121360562655e-07,0.00030007168621704234,-0.000449862472669505,-6.8695178988026505e-06,-2.7661219162065972e-06
0.000493810170438351,6.630906840494368e-07,0.00028509498984773574,-0.00046649475089414403,-7.180635182923264e-06,-3.185848824434329e-06
0.00046912035415559353,6.301826901906272e-07,0.0002710337762282482,-0.00048279143636692897,-7.498326942703598e-06,-3.5979173263493997e-06
0.000445665069364361,5.98286300304462e-07,0.0002573622436342372,-0.0004989570647080276,-7.820376942385852e-06,-4.0034278971225855e-06
0.0004233821234820829,5.683469207361924e-07,0.0002445327989253151,-0.0005146002606081007,-8.1489023844884e-06,-4.400873968201889e-06
0.00040221320923167626,5.398373680995366e-07,0.00023232857247632772,-0.0005301113570455471,-8.482023026279088e-06,-4.792734784927555e-06
0.00038210351927564317,5.126285720497554e-07,0.00022065751184851073,-0.0005453212654543063,-8.821380786311592e-06,-5.178374861700327e-06
0.00036299864953774657,4.867312638314619e-07,0.00020947198963001983,-0.0005602537452466311,-9.165295608883774e-06,-5.558729557531794e-06
0.00034484908261611083,4.626610469290989e-07,0.0001990931437680557,-0.0005748621580218977,-9.514393364912494e-06,-5.93308720590376e-06
0.00032760714785201253,4.3986418435868474e-07,0.00018938559132947267,-0.0005891600377972154,-9.869662836195397e-06,-6.302490067164428e-06
0.0003112274039989722,4.171703477283096e-07,0.000179643470187718,-0.0006033446306958405,-1.0228513823926994e-05,-6.668050288063079e-06
0.0,0.0,0.0,-0.0006171093103383152,-1.0645302941814094e-05,-7.0302718401249464e-06
0.0002956669086941601,3.9658605245600924e-07,0.000170687319497867,-0.0006314910195401529,-1.0965978921084155e-05,-7.394915374207241e-06
0.00028088435611959943,3.764939125898557e-07,0.00016194741519233924,-0.0006445822596187065,-1.134007711005554e-05,-7.74623807389831e-06
0.00026684054325880514,3.583385827508261e-07,0.00015410046389332488,-0.0006575426096502191,-1.171933929154651e-05,-8.094824873739506e-06
0.0,0.0,0.0,-0.000670203404318559,-1.214992432285733e-05,-8.441088972799271e-06
0.0002534993266829504,3.3985467049409604e-07,0.00014609512049745357,-0.0006833347570270962,-1.2492766077651566e-05,-8.790900438526252e-06
0.00024082512118619342,3.2385855102795714e-07,0.00013921136956879558,-0.000695410486512216,-1.2885842652192158e-05,-9.129107381961201e-06
0.00022878402072838558,3.072816922686941e-07,0.00013216387379832417,-0.0007072405066665242,-1.328272117848863e-05,-9.465068281725324e-06
0.0002173459785366008,2.915333285648907e-07,0.00012537259181254597,-0.0007188312904378173,-1.368420955216017e-05,-9.798516738959968e-06
0.0,0.0,0.0,-0.0007301197691456096,-1.4132076998296661e-05,-1.0130736863400713e-05
0.0002064799408124178,2.773328211121375e-07,0.00011923911852567468,-0.0007417460307414651,-1.4502406199545157e-05,-1.0466364633319928e-05
0.00019615603559348257,2.637948641392993e-07,0.00011256004522423437,-0.0007525024252549368,-1.4916078141958494e-05,-1.0792796139808585e-05
0.00018634900378655585,2.5135155229245507e-07,0.00010766483016898968,-0.0007629936916979734,-1.533469244552315e-05,-1.1117657311645106e-05
0.00017703186712173896,2.3872466853678474e-07,0.00010232222822324208,-0.0007732416963986164,-1.5757987417590606e-05,-1.1441203264823033e-05
0.0,0.0,0.0,-0.0007832543483681231,-1.6221876359412413e-05,-1.1764591000607005e-05
0.0,0.0,0.0,-0.0007933524267231817,-1.665509218118366e-05,-1.2091217846066371e-05
0.00016818289083025864,2.262392051018372e-07,9.70788826046729e-05,-0.0008032383570566026,-1.7053942409029687e-05,-1.2415629493722906e-05
0.0001597738184100646,2.153219717620362e-07,9.245123238519964e-05,-0.0008123463749701872,-1.749290008350026e-05,-1.2732798723667598e-05
0.0,0.0,0.0,-0.0008212143435867292,-1.797045202445169e-05,-1.3050484562571185e-05
0.0001517865433888261,2.038264689680733e-07,8.775592911304292e-05,-0.0008302070918341154,-1.838300064882711e-05,-1.3370688312122018e-05
0.00014419775298923635,1.933519281452169e-07,8.332105774336561e-05,-0.0008384513340851035,-1.8833171293630885e-05,-1.3684505635376384e-05
0.00013698819914683978,1.8360164603326845e-07,7.917617496739961e-05,-0.0008465537081178133,-1.9286826374299967e-05,-1.3998733773481909e-05
0.0001301397434757864,1.7416742881679804e-07,7.515388432242549e-05,-0.0008542950628662943,-1.9744279930099465e-05,-1.4311761380607317e-05
0.00012363341499221298,1.6582586684701557e-07,7.163524267790105e-05,-0.0008618172062151712,-2.020468842458578e-05,-1.462437688270921e-05
0.00011745202457955817,1.5670343744057613e-07,6.782488346659824e-05,-0.0008690194725640132,-2.0669814741861032e-05,-1.4937101464638716e-05
0.0,0.0,0.0,-0.000875941605411712,-2.116472712887507e-05,-1.524946877873301e-05
0.0,0.0,0.0,-0.0008828593090810521,-2.163823832945777e-05,-1.556655395584805e-05
0.00011158176268905998,1.4844743311752896e-07,6.428319543761639e-05,-0.0008894128700376426,-2.208682136741878e-05,-1.5880890757232915e-05
0.00010600327625096685,1.414621111548602e-07,6.117813031036977e-05,-0.000895380540892558,-2.256442547621899e-05,-1.6190687146443887e-05
0.0,0.0,0.0,-0.000901118899425013,-2.3071675424146676e-05,-1.650230315120016e-05
0.00010070491724411285,1.3471621993378553e-07,5.8336853937619115e-05,-0.0009067129729983708,-2.353211486046436e-05,-1.681549285106192e-05
9.567024996791189e-05,1.274581152832856e-07,5.5327872580131333e-05,-0.0009117977081565847,-2.4019601258113747e-05,-1.7125306700248558e-05
0.0,0.0,0.0,-0.0009165911415482952,-2.4533301385298856e-05,-1.7436609132892578e-05
9.088817941763e-05,1.2112783561947832e-07,5.2541180659904046e-05,-0.0009211990888045626,-2.5005137684259903e-05,-1.774881852714452e-05
8.634404459832697e-05,1.1462133727991574e-07,4.973450045351194e-05,-0.0009262178926587977,-2.530675585721637e-05,7.161078442196049e-05
8.202837793754534e-05,1.0967849012390108e-07,4.7561825967739876e-05,-0.0009307448212251417,-2.5630531518153086e-05,0.000156086366345411
7.792670549401336e-05,1.032677721378879e-07,4.488834577833701e-05,-0.000934798637967245,-2.5973838024755072e-05,0.00023590869489927477
7.403130608948682e-05,9.865168676799746e-08,4.2835354612858906e-05,-0.0009384320191044722,-2.6337080364890153e-05,0.0003113641106143944
0.0,0.0,0.0,-0.000941629972334268,-2.675119176853702e-05,0.00038260655156208134
0.0,0.0,0.0,-0.0009445352028133458,-2.71541311690493e-05,0.00045005720214152944
7.033295967026039e-05,9.395001912924014e-08,4.054466304738888e-05,-0.0009469750115272715,-2.753412641912151e-05,0.0005135802489160998
6.681713874900865e-05,8.971907367131707e-08,3.870063377416965e-05,-0.0009488928607457143,-2.7963442122327166e-05,0.0005732349683941328
6.347715283821747e-05,8.449453944018828e-08,3.650665323088757e-05,-0.0009503813282519419,-2.840781472341673e-05,0.000629328140966193
6.0304567495485124e-05,8.06394753303217e-08,3.472741316142575e-05,-0.0009514105580215862,-2.88658189276148e-05,0.0006819507923757299
5.72898937546777e-05,7.696326256019736e-08,3.308307167685949e-05,-0.0009520365745343888,-2.933581783240825e-05,0.0007313329710508179
0.0,0.0,0.0,-0.0009522271644090141,-2.985255762455452e-05,0.0007775455915753904
5.4427426731661515e-05,7.316902606790997e-08,3.114909086965271e-05,-0.0009520862115741596,-3.030985336139296e-05,0.000820889904992601
5.170730879191893e-05,7.074526732405516e-08,2.993611183533379e-05,-0.0009514427651015068,-3.0813841447206696e-05,0.0008611852392665771
4.912209045719497e-05,6.645326283412499e-08,2.814291451596432e-05,-0.0009503363497058531,-3.132689556361833e-05,0.0008986065325151409
4.6666726782431265e-05,6.415787178563897e-08,2.7027314070008113e-05,-0.0009488353281376038,-3.1848423692333893e-05,0.0009333788690481986
4.433451724193855e-05,6.096402975106287e-08,2.5772090228357534e-05,-0.0009468658166093285,-3.237934241591705e-05,0.0009654710844979013
0.0,0.0,0.0,-0.0009444764632878799,-3.295069705611109e-05,0.000995059623788097
4.211934907761098e-05,5.7355036430499285e-08,2.4316675600142293e-05,-0.0009416876304969171,-3.346461835024324e-05,0.0010222705252338588
4.001471803010529e-05,5.410385243006151e-08,2.2911150040041797e-05,-0.0009383961452247007,-3.4017958115306714e-05,0.001047009226252678
3.801463703552687e-05,5.2470272000954335e-08,2.2091902724770663e-05,-0.0009346381910960377,-3.457872422596192e-05,0.0010694176087879537
3.6113923442646966e-05,4.879745905821518e-08,2.0625816872337466e-05,-0.0009304503407168346,-3.514492581230796e-05,0.0010896343089633754
3.4309677336388115e-05,4.7191247911265935e-08,1.9765253202467465e-05,-0.0009257732947481234,-3.571811459862422e-05,0.0011076321625436713
3.259486411897106e-05,4.4605366834317996e-08,1.862252523073951e-05,-0.0009206290449806441,-3.629518133632485e-05,0.0011235144303285774
3.096600791572628e-05,4.268903254221779e-08,1.7637453468548665e-05,-0.0009150248326127797,-3.687857549686979e-05,0.0011373607031663797
2.941880655352481e-05,4.1782057871155325e-08,1.709103546094479e-05,-0.0009089614885615407,-3.746794057365737e-05,0.0011492350969693416
2.7948847277965487e-05,3.879588327963342e-08,1.5921465854237414e-05,-0.0009023623448135384,-3.806096331711004e-05,0.001159060984862248
2.655235895830758e-05,3.745707505531884e-08,1.5185414763075782e-05,-0.0008952975771994838,-3.865875990206482e-05,0.0011670186172709246
2.5225399934431353e-05,3.6266876166748365e-08,1.4596526923626006e-05,-0.000887729028626479,-3.925985719139851e-05,0.0011730942715113858
2.3965146953952826e-05,3.4547454476420316e-08,1.394551186110272e-05,-0.0008796723896958961,-3.986616978472434e-05,0.0011773650604898153
2.2767299495509184e-05,3.2015721104208565e-08,1.2988092896143145e-05,-0.0008710941865643355,-4.04754212566533e-05,0.0011798198841704295
0.0,0.0,0.0,-0.0008619929149267236,-4.110609055096859e-05,0.001180504564963769
2.163062395901103e-05,3.114279761117135e-08,1.2439442700048526e-05,-0.0008523800498596051,-4.1704317639413e-05,0.0011794800336678041
2.054989001883292e-05,3.007081495479042e-08,1.1989977212658595e-05,-0.0008422066025445627,-4.232315389292825e-05,0.0011767032867260902
1.9523590229774007e-05,2.7781092570082064e-08,1.1163409667692137e-05,-0.0008315141845163997,-4.2945649465473456e-05,0.0011722855463900228
1.8548785557881842e-05,2.644395723056511e-08,1.0515926035384356e-05,-0.0008202419554706466,-4.3570554964513896e-05,0.0011661583825515814
1.7621846671255905e-05,2.5761693561757446e-08,1.0077841577837793e-05,-0.0008084530444450489,-4.4196774247123305e-05,0.001158466985066118
1.6741997449792325e-05,2.5235605145813703e-08,9.817643993260012e-06,-0.0007960846758882292,-4.482736072991837e-05,0.001149135522159633
0.0,0.0,0.0,-0.0007831417898137571,-4.547348511274585e-05,0.0011382036525449113
1.5906171945052675e-05,2.2905600008356266e-08,9.10150539710272e-06,-0.0007696385667505976,-4.6094940541909644e-05,0.001125726794891112
1.5112074364843732e-05,2.1958280513420194e-08,8.649481708243662e-06,-0.0007555150925194628,-4.6731569001444415e-05,0.0011116306460122575
1.4356847741172563e-05,2.092410217011e-08,8.166629714543964e-06,-0.0007408253945769282,-4.736920574820232e-05,0.0010960348438728746
1.3640340305227741e-05,2.0312950788230383e-08,7.822982069189268e-06,-0.0007255266197893061,-4.801095911655985e-05,0.0010788927860181298
0.0,0.0,0.0,-0.0007096089644287318,-4.866207493403607e-05,0.0010602103931319773
1.2960501975339657e-05,1.994643739699466e-08,7.627794355607502e-06,-0.0006930923795655388,-4.9297801674534895e-05,0.0010400468931879465
0.0,0.0,0.0,-0.0006759350795040309,-4.995157467924116e-05,0.0010183506453550484
1.2315001269474661e-05,1.8365348158691405e-08,7.1648846758954885e-06,-0.0006581508231151514,-5.059087795217832e-05,0.0009951680833732903
1.1699307446063919e-05,1.6810335851089617e-08,6.589178731393972e-06,-0.0006397135304796338,-5.12391294016294e-05,0.0009704721953609451
1.1115404614284071e-05,1.703134006274506e-08,6.543293377114417e-06,-0.0006206434348847274,-5.188854812054366e-05,0.000944319378718659
0.0,0.0,0.0,-0.0006009045265474855,-5.254676000010505e-05,0.000916663098282755
1.056183691949571e-05,1.5896136596376958e-08,5.989144537075401e-06,-0.0005804996725905979,-5.3192577515722e-05,0.0008875279149770573
0.0,0.0,0.0,-0.0005594222795073378,-5.385114873968089e-05,0.000856916648433903
1.0034632871630389e-05,1.6533533928894894e-08,5.897832352714681e-06,-0.00053766547531476,-5.450112122674552e-05,0.0008248345120662347
9.53478298322077e-06,1.531507472140821e-08,5.548774542497059e-06,-0.0005152146590339504,-5.51573094904717e-05,0.0007912703702174803
0.0,0.0,0.0,-0.0004920674416872828,-5.58194133486456e-05,0.0007562335493073169
9.059932062794822e-06,1.4152610975629622e-08,5.163870102961425e-06,-0.0004682135484877992,-5.64724444502039e-05,0.0007197200458323972
8.607377154551089e-06,1.3620217275547684e-08,4.909305043876305e-06,-0.0004436458253779435,-5.7131055263736234e-05,0.0006817292636925069
8.178632615978838e-06,1.316482273181002e-08,4.695537508104231e-06,-0.000418353718980152,-5.7790456091936205e-05,0.0006422573474746117
0.0,0.0,0.0,-0.0003923347070483585,-5.8453483585352295e-05,0.0006013077233898434
7.772559338465274e-06,1.1991473372661704e-08,4.1899419348082805e-06,-0.00036556937511395964,-5.911187312251059e-05,0.0005588610734155563
0.0,0.0,0.0,-0.00033806369562772165,-5.977685644564801e-05,0.000514936779908659
7.386070469825046e-06,1.2971181402644257e-08,4.403192146258248e-06,-0.00030980327230078504,-6.043687050954532e-05,0.000469519326515963
0.0,0.0,0.0,-0.0002807838008968,-6.110195531394691e-05,0.0004226092770943657
7.0182642867102715e-06,1.2837005812875567e-08,3.893690734898692e-06,-0.00025098161122191575,-6.176456813374135e-05,0.0003741809992166761
0.0,0.0,0.0,-0.00022041368078618007,-6.242966322078658e-05,0.0003242618737770986
6.6690609053858466e-06,1.3169135879853428e-08,3.6163945896183683e-06,-0.00018905303638153072,-6.309253923266108e-05,0.00027281946183967495
6.3369134120847586e-06,1.4001730656734777e-08,3.7897982945577916e-06,-0.0001569037265534749,-6.37588890584538e-05,0.0002198679033642283
6.0200948696802955e-06,9.351717658222818e-07,3.327079831397076e-06,-0.00012394305677455026,-6.442455953349573e-05,0.00016533666895354287
0.0,0.0,0.0,-9.018277571704036e-05,-6.509246337615959e-05,0.00010936487433155229
5.721919306954463e-06,-3.335483434724908e-08,3.3732919568517742e-06,-5.560267132238465e-05,-6.57586993148932e-05,5.181291686017118e-05
5.4359848585409475e-06,-3.1734390447252246e-08,3.259427330518447e-06,-2.019124615830558e-05,-6.642482059054557e-05,-7.297506467427459e-06
5.165457159265723e-06,-3.0641560765464915e-08,3.02905548248144e-06,1.604013537014162e-05,-6.709140200742645e-05,-6.793814147645257e-05
4.907976004198115e-06,8.514952570951852e-07,2.972678192522432e-06,5.311600561915207e-05,-6.776026617744382e-05,-0.00013018204064683074
4.66370959616973e-06,-7.236369307628496e-08,2.6593794962472405e-06,9.102875835125681e-05,-6.842778323642903e-05,-0.00019390649346045225
0.0,0.0,0.0,0.0001298219860537131,-6.909420134137978e-05,-0.00025928577272038567
0.0,0.0,0.0,0.00016946585293531324,-6.976242656586695e-05,-0.000326229998810712
0.0,0.0,0.0,0.00020996894871627703,-7.043150309749002e-05,-0.0003947842613296615
4.436374963027505e-06,-6.791638271908458e-08,2.5625978821927923e-06,0.0002513457367889184,-7.110073042780902e-05,-0.00046485850650119045
4.214955039469908e-06,-6.434769494595237e-08,2.5029037729561625e-06,0.00029359016251413766,-7.177007399969309e-05,-0.0005365522716606105
4.004961223039e-06,-6.141670791890219e-08,2.340987727799216e-06,0.00033678182758154434,-7.243714792138682e-05,-0.0006099612275502933
3.8063278463232264e-06,8.464065609353072e-07,2.313146201746652e-06,0.00038082539327562447,-7.310565666343207e-05,-0.0006849495168009911
3.617040960024246e-06,-1.0087712315012124e-07,2.1810585625640397e-06,0.0004258061553062115,-7.377466512733723e-05,-0.0007615561186774115
3.43714427028983e-06,-9.71322313748303e-08,1.6740977195354386e-06,0.0004716569010012149,-7.444386513045174e-05,-0.0008397716432097388
0.0,0.0,0.0,0.0005184041315646759,-7.511074562649434e-05,-0.0009195963047566869
3.2677241040772175e-06,7.230732977879554e-07,2.163887236741327e-06,0.0005661654910685154,-7.577952349859653e-05,-0.0010012683361432166
0.0,0.0,0.0,0.0006147840743910837,-7.644650474591952e-05,-0.0010844145146144957
0.0,0.0,0.0,0.0006643930388476882,-7.711363617446398e-05,-0.0011693603171861744
3.10699556374989e-06,8.037998019030521e-07,1.9189180472787944e-06,0.0007149110693910858,-7.778383102296229e-05,-0.0012559670165336234
2.95231376829634e-06,-1.6844577437585806e-07,1.7578645256462668e-06,0.0007663684007752747,-7.844981746973677e-05,-0.0013441724849583636
2.8054501739306657e-06,-1.596572414296452e-07,1.8638259355318922e-06,0.0008187974182279091,-7.911774723915805e-05,-0.0014341424497625022
2.6671484571424457e-06,8.378366926563594e-07,1.6920829713210562e-06,0.0008721853963878258,-7.978516677755396e-05,-0.00152585484968993
2.533712610306439e-06,-1.9492013740880504e-07,1.5977667586090454e-06,0.0009265358645682648,-8.04505020689775e-05,-0.0016191946507434416
2.408678994375568e-06,-1.8590140036913496e-07,1.3899518393774295e-06,0.0009818576304824339,-8.111620884805989e-05,-0.0017142946636351315
2.289084031676815e-06,7.573446274017702e-07,1.5321315677420032e-06,0.0010381741277117396,-8.178097346317309e-05,-0.0018111916355942898
2.1752146856486042e-06,-2.1467070970055912e-07,1.392221579130887e-06,0.0010954633142088084,-8.24458351312391e-05,-0.0019097304945817517
2.067336268196116e-06,-2.038464589049793e-07,4.7637399428436776e-07,0.0011537523618497967,-8.311136853617239e-05,-0.0020100731903375454
1.9639527908161186e-06,5.346756943557748e-07,1.0463562366432664e-06,0.001213037870572936,-8.377624883719585e-05,-0.002112198509479392
1.8678684093818679e-06,-2.1870313581322888e-07,1.1992850189466976e-06,0.001273325174405975,-8.443783478178885e-05,-0.0022160298815390475
1.7746988035921113e-06,7.431481669173249e-07,9.785418755210606e-07,0.0013345542121474424,-8.510069662402807e-05,-0.002321593469783927
0.0,0.0,0.0,0.0013968466230012133,-8.575902851715167e-05,-0.002428942807105372
0.0,0.0,0.0,0.0014602044926658175,-8.641981717938396e-05,-0.002538206008611432
0.0,0.0,0.0,0.001524549590025237,-8.708025398473929e-05,-0.0026492399832021007
1.6913841405037573e-06,-2.445922915754104e-07,1.0313212708300438e-06,0.0015899210857050876,-8.774206585221165e-05,-0.0027619961342419948
1.6073235317237464e-06,-2.3266089466833312e-07,9.295029806325307e-07,0.0016537735583624414,-8.758322683861926e-05,-0.002626638068733841
0.0,0.0,0.0,0.0017186731311406023,-8.747560408506327e-05,-0.002498061422294473
1.5280884652341324e-06,-2.2109143501171123e-07,7.84360513500758e-07,0.001784638040583883,-8.742299202124753e-05,-0.002375927597201366
0.0,0.0,0.0,0.0018515716859147657,-8.741234728337766e-05,-0.0022599117074189046
1.4543389088588051e-06,-2.090562754093391e-07,7.301228619498337e-07,0.0019196321046339251,-8.745173851249515e-05,-0.0021497110302770377
1.3825679130370173e-06,-1.9793046597482517e-07,8.199993908368882e-07,0.001988700295194446,-8.752751878517204e-05,-0.002045032732304393
1.3144163022879977e-06,-1.8886319771752623e-07,5.066450052615485e-07,0.002058711527879882,-8.764256221876732e-05,-0.0019456004242024726
1.2494116232289924e-06,-1.7856335336621847e-07,5.226584132027729e-07,0.0021298432511601332,-8.77917338234694e-05,-0.0018511527131660935
1.1894169603931579e-06,-1.6789894150890098e-07,9.065558416219395e-07,0.0022020826957915287,-8.797271316520605e-05,-0.0017614401311213006
1.1304384214173977e-06,-1.6098061916822368e-07,5.685218470014353e-07,0.0022752480561819503,-8.818236418397347e-05,-0.001676225030531618
1.0748737498327213e-06,-1.5267596344085046e-07,5.430625064631584e-07,0.002349531261290879,-8.841967219838259e-05,-0.001595283806086464
1.0228274843994541e-06,-1.444749707678717e-07,6.358948756873989e-07,0.0024247312094423136,-8.868304988990352e-05,-0.001518399718528972
9.724778756612506e-07,-1.3737867025531206e-07,6.074614256131651e-07,0.002501079157311278,-8.896915527521584e-05,-0.0014453740864430148
9.249289761749731e-07,-1.303103476320313e-07,6.963706888240712e-07,0.002578394617066612,-8.92758224696519e-05,-0.0013760102041489237
8.796242872041489e-07,-1.2452644691322065e-07,5.759432910267842e-07,0.0026567892392199517,-8.9601882434204e-05,-0.0013101264985495766
8.370430483239147e-07,-1.1843940530668647e-07,5.71027719466821e-07,0.0027361439249606575,-8.99454020738214e-05,-0.0012475481304529924
7.970245804723161e-07,-1.1212683028408871e-07,7.725305386544782e-07,0.002816547983062692,-9.030687203145406e-05,-0.0011881105130199894
7.580792883522174e-07,-1.0929058462608038e-07,9.539024233662668e-08,0.0028980391034596057,-9.068388795666382e-05,-0.0011316571872450173
7.20949224149678e-07,-1.0109971361801658e-07,6.819785278551678e-07,0.002980472505839531,-9.107125154577688e-05,-0.0010780364882954795
6.860442590779255e-07,-9.79576925356206e-08,2.62339605174018e-07,0.0030639835575375658,-9.147305977817535e-05,-0.0010271090311048045
6.535519024368272e-07,-9.21193017368961e-08,4.3639381731863435e-07,0.0031485502327132276,-9.188370842058668e-05,-0.0009787396073946432
6.209269201426576e-07,-8.826276841346617e-08,2.1729778085204785e-07,0.003234116218088423,-9.23060985320937e-05,-0.0009327992174516639
5.922720726148097e-07,-8.334893757602556e-08,2.3292583445353705e-07,0.003320622926051034,-9.273592079923235e-05,-0.0008891656811882936
0.0,0.0,0.0,0.003408157691904723,-9.317391287688714e-05,-0.0008477251947627273
5.65163497431532e-07,-7.826359091064545e-08,3.747982798873891e-07,0.00349679115343608,-9.361932835373493e-05,-0.0008083679210871378
0.0,0.0,0.0,0.0035863464736980433,-9.406994507932254e-05,-0.0007709888305017509
5.387826050483042e-07,-7.414448804071435e-08,4.237380189520739e-07,0.003677002932000731,-9.452690814044698e-05,-0.0007354902348486277
5.126654648383711e-07,-7.140497505970167e-08,1.8986051113888914e-07,0.00376861881630176,-9.498822475679306e-05,-0.00070177691240397
4.888338656827481e-07,-6.766453636747408e-08,1.2881937731378995e-07,0.003861101041249291,-9.545259281864183e-05,-0.0006697579024315415
4.6564695534834427e-07,-6.42190361051756e-08,-1.6390288997854134e-08,0.003954689656429468,-9.592164307007723e-05,-0.0006393510563657986
0.0,0.0,0.0,0.004049327912737821,-9.639080845025294e-05,-0.0006104752592336338
0.0,0.0,0.0,0.0038486508544512965,-9.662393080711595e-05,-0.0005830225119761723
0.0,0.0,0.0,0.003658014308008828,-9.687931264523719e-05,-0.0005569568879153497
4.4809852240292593e-07,-5.959971850899811e-08,3.21871108094541e-07,0.0034769172355562784,-9.715303958962183e-05,-0.0005322094808258112
4.2577445059893586e-07,-5.675219841378271e-08,3.270872309207886e-07,0.003304880117071824,-9.744329616036106e-05,-0.000508711689129381
0.0,0.0,0.0,0.003141451025613029,-9.774946873031265e-05,-0.00048640137092725855
0.0,0.0,0.0,0.002986199533017486,-9.80697861789892e-05,-0.0004652184866810183
4.080590321213768e-07,-5.4759355710959015e-08,2.6214897271936547e-07,0.0028387165869416388,-9.840232045589883e-05,-0.0004451065240711584
3.888783020820511e-07,-5.248448246660568e-08,1.213997109822617e-07,0.00269861363393465,-9.87457496643342e-05,-0.00042601259755354573
3.700998512800901e-07,-4.870983951519022e-08,3.952158318192849e-07,0.0025655221677851336,-9.909996532575508e-05,-0.00040788477954814746
0.0,0.0,0.0,0.002439089437159536,-9.946320546516674e-05,-0.00039067285632765625
3.546008242922833e-07,-4.664589927971887e-08,2.0017033846523815e-07,0.0023189855976889335,-9.983336462217904e-05,-0.00037433320328251243
3.364163702547933e-07,-4.3725066454237694e-08,3.8301075509564476e-07,0.00220489122894175,-0.0001002096563262855,-0.0003588211088230138
3.2185067811919285e-07,-4.282079514566971e-08,1.3423322554410255e-07,0.0020965080055925715,-0.00010059358390052001,-0.0003440955291117345
3.0654736527693777e-07,-4.0826621881752875e-08,2.5122408346603257e-08,0.00199354744785358,-0.00010098310578004788,-0.0003301144709570187
0.0,0.0,0.0,0.0018957408746697046,-0.00010137532040577213,-0.0003168418148915553
2.952042870426038e-07,-3.813986025615508e-08,5.205630909090837e-08,0.001802830764425939,-0.00010177193585999315,-0.0003042445698738076
2.8229055955721383e-07,-3.495584428945787e-08,3.5175654001967617e-07,0.0017145706629954622,-0.0001021711867930967,-0.00029228300354906307
2.682527691683615e-07,-3.421313957979554e-08,1.9785143452560195e-07,0.001630727775868639,-0.0001025730768566846,-0.00028093165741833407
2.5652058240406e-07,-3.3230695561543596e-08,-8.039241547600331e-09,0.0015510816288045344,-0.0001029767440150833,-0.0002701542737610779
2.448511038819397e-07,-3.097814940555856e-08,2.5112566838370512e-08,0.0014754234690076183,-0.00010338137111966934,-0.0002599259615122807
2.3264962992229147e-07,-2.911173464997916e-08,6.966783144567368e-09,0.001403552933108574,-0.00010378773869936904,-0.0002502182755524667
2.2154937099871576e-07,-2.7105361001946243e-08,5.615258295531817e-08,0.0013352796213464146,-0.00010419221493431955,-0.0002410035417354025
2.1350553051933093e-07,-2.4831675115287027e-08,2.8379015020000215e-07,0.0012704255538142305,-0.0001045954482518606,-0.0002322562734889066
2.0295182009567013e-07,-2.3419174026475704e-08,-5.553809639247383e-07,0.0012088182022233884,-0.00010500186865485639,-0.0002239559337125405
1.9370225980773277e-07,-2.2283211274631404e-08,-1.9439896719035528e-07,0.0011502959144820332,-0.0001054049796354788,-0.0002160778608086486
1.8578120034999928e-07,-1.8373166244907515e-08,4.1753007171175776e-07,0.0010947050050116192,-0.0001058077118603437,-0.00020860183867868937
1.7731429158913557e-07,-1.8417302682211776e-08,4.0584275846740055e-07,0.0010418967481545301,-0.0001062068053136801,-0.00020150778030843564
1.7001273953329682e-07,-1.993281753680875e-08,-9.706652094052717e-08,0.0009917322754191963,-0.00010660711165670755,-0.00019477456591403882
1.625565067680574e-07,-1.841844977838962e-08,-1.2646998756879062e-07,0.0009440800229352982,-0.00010700183841269412,-0.00018838486832960114
1.5516305172092297e-07,-1.631883187907299e-08,3.625536724175913e-08,0.000898815413445605,-0.00010739541053662978,-0.0001823229407441629
1.48600194937904e-07,-1.4751324139630511e-08,2.2570324636595911e-07,0.0008558183253974296,-0.00010778633946121,-0.00017657090595791331
1.4149674983731933e-07,-1.5233162482244137e-08,-3.8492089633464015e-08,0.0008149735176687026,-0.00010817392626029792,-0.00017111359583690613
1.3564927440246867e-07,-1.4819357201473533e-08,-2.757713131133278e-07,0.0007761746130254186,-0.00010855947564255175,-0.0001659348396652197
1.2978135836915034e-07,-1.1895722526546069e-08,8.192335686082797e-08,0.0007393210142364451,-0.00010894046261906653,-0.00016102275047793542
1.2562330926755955e-07,-1.1380096225495739e-08,6.091352494937636e-08,0.0007043136991164651,-0.00010931899325560129,-0.00015636289832344526
1.1991577181347762e-07,-1.0253362339942819e-08,2.287691189118339e-07,0.0006710590357414677,-0.00010969216230490266,-0.00015194056561696037
1.165964139809766e-07,-1.0543333287331374e-08,1.242449462663944e-07,0.0006394720270400028,-0.00011006378395513575,-0.00014774689102682882
1.1121963163636903e-07,-1.0248064798371312e-08,1.0245059523192715e-07,0.0006094666558976085,-0.0001104304129126894,-0.0001437687754499143
1.0691952039786626e-07,-1.0753309028288286e-08,-1.934784535009146e-07,0.0005809651825227926,-0.00011079313492618143,-0.0001399959489876038
1.0208510599678624e-07,-8.116768494331334e-09,2.3284602453360603e-07,0.000553892840873833,-0.00011115122128180333,-0.00013641725189501264
9.79261351795867e-08,-8.48682910667852e-09,1.522541916353874e-07,0.0005281764193352987,-0.00011150496023182856,-0.00013302282810586248
0.0,0.0,0.0,0.0005037494746918947,-0.00011185587014006515,-0.00012980457778788423
0.0,0.0,0.0,0.00048054784421958097,-0.00011220042219306503,-0.0001267523402869175
9.717886885076477e-08,-7.864286509524815e-09,-1.8701087942417643e-08,0.00045850755716634196,-0.00011254187719171126,-0.00012385757858554593
9.402999489211765e-08,-6.901682725298765e-09,9.023745386845713e-08,0.0004375738854908811,-0.0001128781340868303,-0.00012111343915954451
0.0,0.0,0.0,0.0004176892676875932,-0.00011321086362992006,-0.00011851092286740972
9.333351999583576e-08,-6.5412063196928e-09,3.0284715272408313e-07,0.00039880222540497536,-0.00011353657841367857,-0.00011604320135102602
8.919480475678082e-08,-8.575345191737433e-09,-2.157045296043076e-07,0.00038086082124705073,-0.00011385978380850638,-0.00011370486483725993
8.662051237788045e-08,-5.676321554237406e-09,3.1567068900515195e-07,0.000363821051509347,-0.00011417609200707579,-0.00011148704911513669
0.0,0.0,0.0,0.00034763453448793946,-0.00011449056191648044,-0.00010938591032572109
8.393405664471104e-08,-7.39488813783188e-09,-1.7123504506830716e-07,0.000332260165112343,-0.00011479846628592466,-0.00010739374088408971
0.0,0.0,0.0,0.000317656828799473,-0.00011510179330187498,-0.00010550432548295241
8.193912121469677e-08,-6.0829651301406204e-09,1.1825977586392052e-08,0.0003037860004608336,-0.00011540012630798698,-0.0001037145185862867
8.058101693423841e-08,-6.294972457353005e-09,-1.9106204175098466e-07,0.00029061222781664965,-0.00011569413546241977,-0.00010201913722317743
7.75411429687845e-08,-5.213328215210126e-09,-1.8290392662465552e-07,0.00027809877125350887,-0.00011598215165409416,-0.00010041173831041115
7.495923734474363e-08,-3.365667007313022e-09,1.0034537857469102e-07,0.0002662128311687714,-0.00011626567984767218,-9.888794379802551e-05
7.143654329770608e-08,-3.397211527025842e-09,9.125512203067465e-08,0.00025492406667317383,-0.00011654428269593211,-9.744547053796551e-05
7.003376137720985e-08,-3.5541303453037587e-09,3.5335435419747046e-08,0.00024420085961198383,-0.00011681775251175141,-9.607694986468568e-05
6.736563856914111e-08,-4.362362375887522e-09,-2.889028190624286e-07,0.0002340155900931018,-0.0001170864092031769,-9.478110790905284e-05
6.515274960661422e-08,-2.090981021746136e-09,4.3909084047945916e-08,0.00022434318298827043,-0.00011734999469919444,-9.355408423967426e-05
6.433489958997414e-08,-2.386085835709347e-09,-7.898798190555035e-08,0.00021515493764858847,-0.00011760887750255826,-9.239045734890246e-05
6.006112009059577e-08,-1.4974847782347813e-09,5.078435285387251e-08,0.00020642736870488956,-0.00011786208447608921,-9.128854776357957e-05
0.0,0.0,0.0,0.00019813960021430876,-0.0001181096659329528,-9.024517442801638e-05
6.15835613981496e-08,-8.490709743698942e-10,2.0549151440088098e-07,0.00019026757852642125,-0.00011835428758971207,-8.92563003831752e-05
5.8694334007313617e-08,-2.042489727704103e-09,-2.3412534134243264e-08,0.00017302482221675752,5.971873771289162e-06,-7.140800960760511e-05
5.827389850014365e-08,-1.4026099508620049e-09,9.214971537424695e-08,0.00015693664823488308,0.00012047535356495524,-5.495500939702499e-05
5.630425721184264e-08,-1.3772411400623144e-09,1.3515037739758936e-07,0.0001419461022097841,0.0002256739434012193,-3.983374875748777e-05
5.3671560144412544e-08,-2.7957923535355646e-09,-2.4142852415753543e-07,0.00012799229537185897,0.00032211246229628095,-2.5968052997821192e-05
5.321936747988778e-08,-7.208162115627193e-10,1.0803517443148067e-07,0.00011501789373584294,0.0004100989254975254,-1.3280217063301386e-05
5.1934419765205076e-08,-1.2710868185687326e-09,-4.06773124546977e-09,0.00010297422954456346,0.0004900727926426837,-1.7162362997976118e-06
5.0123293402366354e-08,-1.4787992688596374e-09,-1.2672019629158284e-07,9.181083662071889e-05,0.0005625300657015861,8.787018565402146e-06
4.819111857409236e-08,-8.432342782286771e-10,-1.0337336832633212e-07,8.147950044662848e-05,0.0006277510496739057,1.8290730024080343e-05
4.658949486945148e-08,-4.773698998452642e-10,-1.3172277277097067e-07,7.19396646190008e-05,0.0006861646292533933,2.6843184996792066e-05
4.4894906582255155e-08,-6.162030865881498e-11,-1.652418016669902e-07,6.31455760305074e-05,0.0007381040181658458,3.450167083176542e-05
4.4830720520041354e-08,1.5834400626562868e-09,1.7064789295023469e-07,5.505624704668204e-05,0.0007838764218637791,4.132150048744192e-05
4.2734074135568855e-08,7.784667025741747e-10,8.135567707949841e-08,4.763854608713702e-05,0.0008238411336808628,4.73335451761526e-05
0.0,0.0,0.0,4.085730320924075e-05,0.000858294084391531,5.258732352186879e-05
4.290563105287058e-08,1.2356397207358163e-09,2.760829390784176e-07,3.46766961526083e-05,0.0008875364431342835,5.712548662889435e-05
4.178981232037904e-08,-4.98637789395309e-10,-1.0103147449762817e-08,2.9064647534838526e-05,0.0009118101491976361,6.098555463539342e-05
4.080615080336294e-08,-1.539132535189029e-10,5.77899698082039e-08,2.3990094547621623e-05,0.0009314120795352,6.420875371932153e-05
3.9820152632111225e-08,-1.1423724306752545e-09,-2.2832115330218644e-07,1.942899617643041e-05,0.0009465985117424401,6.68203682555292e-05
0.0,0.0,0.0,1.5349913976558938e-05,0.0009575740541147848,6.886243379300439e-05
3.998383862704966e-08,2.3689199092190977e-10,-3.3598476410122865e-08,1.172940485058698e-05,0.0009646040039154731,7.03599368773303e-05
3.993321006631285e-08,1.2751276251990893e-10,-1.2170935270720478e-07,8.544075091344331e-06,0.000967917524906673,7.134460440322637e-05
3.785037557335283e-08,1.6177399700114179e-09,2.1301480389748515e-07,5.767748729664401e-06,0.0009677155160380099,7.1845433315886e-05
3.770600699042729e-08,8.401134078250135e-10,1.8039083834734837e-07,3.3822580882427196e-06,0.0009641751904421723,7.188630892457887e-05
3.688189695228122e-08,2.1929123353450341e-10,1.5249033652173128e-07,1.3664138088616403e-06,0.0009575205805895476,7.149065907251937e-05
3.6105143437711575e-08,-9.964041824457672e-07,1.765042711149129e-07,-3.0571303249077755e-07,0.000947926843835422,7.073244311055058e-05
3.49899353231991e-08,4.8835434022793954e-08,5.425358400096677e-08,-1.6370681458548616e-06,0.0009355542840811272,6.948993930574314e-05
3.378948171456267e-08,4.5941125744950175e-08,-5.7800565093145546e-08,-2.6591071245729603e-06,0.0009206069199723613,6.792631971765079e-05
3.2503362347446826e-08,4.497193407319133e-08,2.9118162119400336e-07,-3.3848661747823e-06,0.0009032051489486723,6.601759353611989e-05
3.324779078678756e-08,4.07084471641634e-08,-8.344745990730494e-08,-3.829273907310484e-06,0.0008835093841988899,6.37794335490627e-05
3.2867110235150204e-08,3.9129398755044375e-08,-3.952940726129135e-08,-4.006407223276337e-06,0.0008616882534405611,6.12289309625671e-05
3.150029615026202e-08,3.771365231597425e-08,7.548639143966489e-08,-3.931401037170011e-06,0.000837871587488395,5.8383742625771546e-05
3.2301089757663326e-08,-7.277787663043147e-07,-1.5128711192772292e-07,-3.6206745309224854e-06,0.000812177352242952,5.529692225366986e-05
0.0,0.0,0.0,-3.0754294448875896e-06,0.0007847453887364075,5.187209986079466e-05
3.1263318438933845e-08,7.219071781396874e-08,1.941783069207716e-09,-2.3205922954046416e-06,0.0007557031194051806,4.823588187746164e-05
3.3630546056722626e-08,-8.95903286739671e-07,1.3554836365333966e-07,-1.369914968844769e-06,0.0007251665705527359,4.4417325330098674e-05
3.1736314906807144e-08,1.1309515196534376e-07,1.2029853282041585e-08,-2.1620473289114873e-07,0.0006932318559662288,4.0279229307812964e-05
3.147259695471537e-08,1.0849603209017517e-07,3.4596710974170113e-07,1.1166809272846924e-06,0.0006600035461085644,3.5976118873483325e-05
3.1560141537189865e-08,1.0105246834984146e-07,2.331983911817754e-08,2.622434544411794e-06,0.0006255839572460789,3.1471784903987675e-05
3.0424047431874664e-08,-8.622999351896087e-07,-3.2445759423843154e-08,4.287808239641849e-06,0.0005900684283068603,2.6822759603491427e-05
3.142569030880166e-08,1.3905934696947202e-07,-3.8924011213602894e-08,6.119027796018714e-06,0.0005535454815071455,2.1901901354711344e-05
3.090400203828034e-08,1.3316550190915345e-07,2.45514789936959e-07,8.093835177110064e-06,0.0005161094558071531,1.6857958374507105e-05
3.0364868056769146e-08,1.2583301409908185e-07,2.5511673065859805e-07,1.0206335843116011e-05,0.0004778360670998779,1.165506845649128e-05
2.874379508486452e-08,-8.157972727733703e-07,5.2076667031170806e-08,1.2446164218092222e-05,0.00043880748672742886,6.342897032569224e-06
0.0,0.0,0.0,1.4820934111203776e-05,0.00039910429885936516,7.988333609043607e-07
3.0946633483561406e-08,1.5972984797806893e-07,2.3756144206641954e-07,1.7309036532759067e-05,0.00035879921399138617,-4.832727675252289e-06
0.0,0.0,0.0,1.990239978932884e-05,0.0003179486725056746,-1.0546909258390968e-05
3.2316735779368987e-08,1.4924583009671663e-07,-2.470021881229799e-07,2.2611712835925122e-05,0.00027662672660155104,-1.647184817292504e-05
3.108846914699606e-08,1.442483633954686e-07,2.851500705076396e-07,2.5414572167954757e-05,0.00023489755053673366,-2.246010876125555e-05
3.121672445283194e-08,-7.605063948860801e-07,-2.309380159289546e-07,2.830703285411139e-05,0.0001928186332355049,-2.851463130560274e-05
0.0,0.0,0.0,3.129598558415658e-05,0.0001504483129471934,-3.475271228103871e-05
3.1492220418696246e-08,1.7459352609127099e-07,-1.776723839332892e-08,3.4365238399429836e-05,0.00010784300402311153,-4.1041065938699795e-05
3.159285608041142e-08,-8.323278560658032e-07,9.304745789100757e-08,3.750820608694544e-05,6.504660942810564e-05,-4.73707011959162e-05
0.0,0.0,0.0,4.073707926544046e-05,2.2127750781253397e-05,-5.387985789906402e-05
0.0,0.0,0.0,4.402606232789541e-05,-2.09082103801439e-05,-6.0410489323037275e-05
3.4047385615902505e-08,-7.837748131204945e-07,-7.605922113149824e-08,4.737808806263169e-05,-6.397865115652067e-05,-6.697234526202755e-05
3.448396845968848e-08,2.4539495506958924e-07,-1.5399785494097306e-07,5.080115612683939e-05,-0.0001070477513584907,-7.369357956786241e-05
3.488126564119295e-08,2.349750522395037e-07,2.7534716420207366e-07,5.427807650776867e-05,-0.00015008287224886475,-8.042866162132393e-05
3.424911327055829e-08,-6.543275464840877e-07,-1.8464022702720704e-08,5.780331959845575e-05,-0.00019304866934306453,-8.71812097525862e-05
3.41189946642607e-08,2.543203270078679e-07,-3.72292863744831e-08,6.138842078391398e-05,-0.00023589959664893365,-9.407049449066455e-05
3.208289570194149e-08,2.4146329903894535e-07,-1.4101268428213065e-07,6.501680471578626e-05,-0.0002786075923947406,-0.00010096962142287936
3.265552517888752e-08,-5.895515482875183e-07,3.046883759688721e-08,6.868571726476864e-05,-0.0003211128165049047,-0.00010787393458850563
3.142108874875419e-08,2.5978462803935264e-07,1.114694616479912e-08,7.240175201325026e-05,-0.00036345380000896285,-0.00011489698545827974
3.173051041678576e-08,2.479185701780735e-07,-6.284499755129824e-07,7.615569281830898e-05,-0.00040553448141786763,-0.00012192309382050878
3.14278151827128e-08,-4.992577138236883e-07,1.38330231031238e-07,7.994051664472854e-05,-0.0004473387651822796,-0.00012894671746059084
3.151057186651958e-08,2.605862332342734e-07,-1.21716162264807e-07,8.376393646285041e-05,-0.0004888679830868011,-0.00013607302669693032
3.053506765258039e-08,-6.740818853077945e-07,7.095749747960631e-08,8.761421038468666e-05,-0.0005300549482437606,-0.00014315684056031717
3.0225502550147736e-08,2.82622161862634e-07,2.377727838035062e-07,9.149920073747762e-05,-0.0005709173456760083,-0.0001503502402753115
2.9428826476423937e-08,2.67745741173371e-07,2.1221424770125526e-07,9.539987188548692e-05,-0.0006114153538977962,-0.00015751285923322158
2.8605220143296856e-08,-6.65277564540302e-07,-2.8695504417420497e-07,9.932239542953883e-05,-0.0006515191556854333,-0.0001646607174647035
2.8922300492061485e-08,2.8641348637347263e-07,-2.935708892084303e-07,0.00010327513382238657,-0.0006912522209485134,-0.00017191047125405385
2.8224895896742554e-08,2.749006670528488e-07,3.2252862734302194e-07,0.00010724817652835494,-0.000730524182119304,-0.0001791383861158889
2.8485387813561836e-08,-5.353156986902002e-07,-3.612098849708038e-07,0.00011122948039079575,-0.000769349677388033,-0.0001863371049324086
2.904463242116889e-08,2.8672232684194327e-07,-1.437536470322171e-07,0.00011523891935937098,-0.000807720467183551,-0.0001936264516577547
2.700682288505374e-08,2.7357164398884856e-07,8.735124340380919e-08,0.00011925012152191807,-0.0008456244521220196,-0.0002008733296217631
2.7641523815842333e-08,-3.646434550818114e-07,1.4331250049679305e-07,0.00012327491808785223,-0.0008830391698302733,-0.00020810263607860599
2.7930439639332128e-08,2.7765961265110066e-07,1.3237809526154625e-07,0.00012731987065644918,-0.0009199524490299097,-0.00021540325183112008
2.7057728782202223e-08,-5.113467152041289e-07,1.7176329391475819e-07,0.0001313595842393491,-0.0009563666441535865,-0.00022262655961648742
2.627379693456198e-08,2.880455677820381e-07,-2.7806498695353008e-08,0.00013541415862672177,-0.0009922110956153696,-0.00022992551989276983
2.6900084549579953e-08,-5.914731449927072e-07,-1.732449854996982e-07,0.0001394706291000568,-0.0010275510623539987,-0.0002371483511081138
2.586078619889657e-08,3.043959146145674e-07,1.3331065970693103e-07,0.00014353950960647207,-0.0010622704616149229,-0.00024445068935006787
0.0,0.0,0.0,0.00014760413633163605,-0.001096528852467693,-0.0002516998750238253
2.69845135455142e-08,-5.809836313369666e-07,1.6744214759987061e-07,0.00015166897820637532,-0.0011301340617219644,-0.0002589043354280288
2.76654678708252e-08,3.1711691615622385e-07,6.756013054956845e-08,0.00015573990164182222,-0.001163178863855002,-0.0002661780069864715
2.682172227373505e-08,3.003880976237233e-07,-1.732952653612302e-07,0.00015980251450897987,-0.0011957044037891752,-0.0002733951187448661
2.8361666229369612e-08,-2.855376853048318e-07,2.0933410420287274e-08,0.00015381323042475663,-0.0011417851804983443,-0.00026316646621305135
0.0,0.0,0.0,0.00014811952882276547,-0.0010905507218155197,-0.00025348847000528085
2.8226243499560927e-08,-5.007735244773294e-07,-1.6524225542005183e-07,0.00014269290420388533,-0.0010418654321949212,-0.00024421389469745226
2.8521406628553542e-08,3.2592116881508244e-07,1.1958634558484867e-07,0.00013753888835663514,-0.0009956049676449657,-0.00023546286723890065
2.7863755054399118e-08,-5.884042341330099e-07,-1.0468663327352694e-08,0.00013262368880482482,-0.000951644808168508,-0.00022705335555098816
0.0,0.0,0.0,0.0001279550587157674,-0.0009098683873821622,-0.00021913499575099138
0.0,0.0,0.0,0.0001235065989183548,-0.0008701691023401681,-0.00021155532317251868
2.989586183176066e-08,-4.011903702508376e-07,-6.400577559804789e-08,0.00011926936832391684,-0.0008324430321301765,-0.00020430499139275824
3.0030185890510574e-08,3.590645486839927e-07,-4.582306118659414e-08,0.0001152430953056382,-0.0007965887687931207,-0.00019747282924238583
0.0,0.0,0.0,0.00011139974520579798,-0.0007625152176662375,-0.00019088650604615065
0.0,0.0,0.0,0.00010775258589834635,-0.0007301306239381189,-0.00018470928545410992
0.0,0.0,0.0,0.00010427346463082188,-0.0006993500274935505,-0.00017877968534829591
3.1834855294304096e-08,-4.838890098827347e-07,3.0361156641281524e-07,0.00010095678118300595,-0.0006700959590732542,-0.00017309368831584855
3.1698079485652977e-08,3.6573523857436254e-07,1.71709782817731e-07,9.780595143240515e-05,-0.0006422896386883797,-0.00016775745675490073
3.1320380916856845e-08,3.4686073078333985e-07,1.242095936908973e-07,9.48004636357529e-05,-0.0006158575966991068,-0.0001626344166230815
3.15920949593678e-08,-3.083692146992712e-07,-9.443186468691346e-08,9.193466520284081e-05,-0.0005907336268003404,-0.00015772448539705405
0.0,0.0,0.0,0.0001007883008994348,-0.0003528732763280473,-0.00017315911616344604
3.294511960487952e-08,-4.270640463869045e-07,-2.9480055192162537e-08,0.00010880744029644597,-0.00013196099777044664,-0.00018708980329783554
0.0,0.0,0.0,0.00011606747462089562,7.298546708711662e-05,-0.0001997630793171279
3.394301352319651e-08,-4.908734696338032e-07,1.28619737294688e-07,0.00012259562995562478,0.00026274587151069016,-0.000211099552531597
3.231220830276787e-08,3.904632333794695e-07,1.5984989443461976e-07,0.00012845058484159437,0.00043813044642640974,-0.00022133656397397338
3.3139368329237784e-08,-6.229039427766284e-07,-3.993210307142725e-08,0.0001336685954887268,0.0005999753615524709,-0.00023039317491304505
3.1754489615804554e-08,4.0182473527687475e-07,1.5208180497829415e-07,0.0001382952939940727,0.0007489205883917699,-0.00023850101666686384
3.1259517404291954e-08,3.8020014985919935e-07,-2.476905622650946e-07,0.00014236388092593198,0.0008856786329423166,-0.00024560086147371366
3.10415081137365e-08,-4.2737593695802437e-07,3.602091994415921e-07,0.00014590829930434304,0.0010108555696263155,-0.0002517567632111031
3.0649320490320025e-08,3.8220979630804845e-07,-2.9467265110166287e-07,0.0001489742056267962,0.0011251409651561782,-0.0002571474090209813
2.971825293521456e-08,3.6463379344244543e-07,-7.060283614250911e-08,0.0001515804785025033,0.0012290363819468363,-0.00026170574658746453
2.9553319132605965e-08,-3.8440991246798283e-07,-5.102947395195245e-08,0.0001537523293686798,0.0013230901669176957,-0.00026548149029747176
2.969592459677934e-08,3.6585233777752846e-07,-1.4521756799340645e-07,0.00015553801647724718,0.001407885079053558,-0.00026864348474918285
2.9508122715776233e-08,-4.918773558082235e-07,-2.8964466786328644e-08,0.00015693817080008512,0.0014838427015568738,-0.00027107402094744435
2.9391499881518804e-08,3.7307751880831825e-07,-2.8395555087080935e-08,0.00015799838354475231,0.0015514799002684404,-0.00027297970064222167
2.838989407387286e-08,3.548991660993957e-07,9.390707865221635e-08,0.00015872885877392178,0.0016111752278833412,-0.00027427941675246565
2.843006428213572e-08,-3.6774157262276697e-07,1.0055131182830978e-07,0.00015914917158976955,0.0016634112928309297,-0.00027501251829140875
2.8358340215888996e-08,3.5424648305925936e-07,-2.034720069648867e-07,0.00015929053029349656,0.0017085184855006993,-0.00027531598627173165
2.667794069624948e-08,-6.215873875116418e-07,2.140918833584725e-07,0.00015916057348489728,0.0017469493381277441,-0.0002750842881592734
2.7347415500645858e-08,3.690001246051387e-07,2.6802290144066373e-07,0.0001587926435595671,0.0017789886736787903,-0.00027451265651785525
2.724266723927584e-08,3.49075131065007e-07,-6.044467946685122e-09,0.00015818223226992488,0.0018049573549645,-0.00027348177727992066
2.6973003555821376e-08,-3.8382204605591917e-07,1.2511361842461662e-07,0.00015735365853233304,0.0018252377465792355,-0.00027204359030744835
0.0,0.0,0.0,0.00015633394935476996,0.0018401267750648431,-0.00027033052512048794
2.7450941496682935e-08,-6.077163360265104e-07,1.1373030739129984e-07,0.00015511097153669056,0.0018498373513869974,-0.00026819818236275286
0.0,0.0,0.0,0.00015372510955391494,0.0018547183706227877,-0.00026585694845082664
2.8852915024580783e-08,3.797862046928677e-07,1.5144876390504484e-08,0.00015217080279570781,0.0018549939901211503,-0.00026318460230589447
2.8508546987031362e-08,-3.837334492163318e-07,-3.833973265894851e-08,0.00015046156994323712,0.0018509153275946787,-0.00026021483180938763
0.0,0.0,0.0,0.00014861764945828249,0.0018427168078509748,-0.0002570703196954627
0.0,0.0,0.0,0.00014663268508463556,0.0018306105988763477,-0.00025361229140330455
0.0,0.0,0.0,0.00014453598202646134,0.0018148171912468758,-0.00025003519440225386
3.061173028535539e-08,3.795536289573487e-07,6.375371511788796e-08,0.00014231980600607296,0.0017955119076436424,-0.00024621251813220467
3.086470648112361e-08,-3.524729905319922e-07,-1.030497819292921e-07,0.00013999798224047862,0.0017728944262479695,-0.00024217757251442586
2.9481687352983244e-08,3.7851417184177653e-07,1.0455217195045961e-07,0.00013758212996522833,0.0017471508006279173,-0.00023803703720125154
3.0355036785012217e-08,-4.4870841693366586e-07,-2.8882888451045265e-07,0.0001350732023089312,0.0017184626297490299,-0.00023367272645219412
2.9493891473907345e-08,3.8200691115162767e-07,-1.1933087306631184e-07,0.00013248881415900199,0.0016869724369863645,-0.00022924099996920235
2.9000854407566965e-08,-6.08716877289183e-07,-1.93784914089688e-07,0.00012981768254222866,0.0016528354011594206,-0.00022458934368904668
2.8236039767578648e-08,3.94648981850077e-07,1.700348052519547e-08,0.00012708692940127108,0.0016162018803594447,-0.00021990927247524483
2.694759418161838e-08,3.7454967396385463e-07,-1.193685691391021e-07,0.0001242856164935289,0.0015772098473557075,-0.00021506896092618973
2.749638407890273e-08,-4.187088115482861e-07,-1.3632896287680676e-07,0.00012142074321235283,0.0015359905147340027,-0.00021008622097570923
2.594408456279876e-08,3.772347301626236e-07,-2.291191567524621e-07,0.00011851202387518916,0.0014926805133484932,-0.0002050899171217061
2.6092789838636587e-08,-6.296875193918169e-07,-3.828022089537187e-08,0.00011554470923419355,0.001447391034024666,-0.00019992103109399764
2.592895987582284e-08,3.9096896179260425e-07,-1.1012323713980415e-07,0.00011254255067758287,0.0014002352560685519,-0.0001947689112472846
0.0,0.0,0.0,0.00010949413929739471,0.0013513249149671447,-0.00018949725525185812
0.0,0.0,0.0,0.00010640577303622223,0.0013007692766476842,-0.00018412293535541302
2.7358518265628628e-08,3.7200087490028135e-07,-2.6147132440391355e-07,0.00010329451126788045,0.0012486621764761772,-0.00017877605066519116
0.0,0.0,0.0,0.00010014415897519058,0.0011950995806697673,-0.00017328922720316609
2.724485803096251e-08,3.555521848392452e-07,3.2606769282602616e-07,9.697823042607985e-05,0.0011401703662981557,-0.00016785068861538334
2.7220993450226027e-08,3.3590693435597236e-07,-7.704224908642202e-08,9.378488470527518e-05,0.0010839621085082947,-0.00016232578851534886
2.689942761267823e-08,-5.197779425283427e-07,-1.0003309149186772e-07,9.056790987273185e-05,0.0010265566745182371,-0.0001567274778568268
2.632537253290853e-08,3.4580792900240404e-07,-1.3524220509193395e-08,8.734276149497335e-05,0.0009680349328399215,-0.00015118097622738346
2.6569471874083797e-08,-6.284499729673601e-07,-5.405766208587082e-08,8.409431508782554e-05,0.0009084682967054532,-0.0001455222546263761
2.6704841411859347e-08,3.602640977036892e-07,1.4164044332506345e-08,8.084512317725681e-05,0.0008479348791082767,-0.00013993751385370207
0.0,0.0,0.0,7.758092246668014e-05,0.0007864997351880731,-0.0001342890702870081
0.0,0.0,0.0,7.43063301973379e-05,0.0007242277175364409,-0.0001285879415572344
0.0,0.0,0.0,7.10356841560067e-05,0.0006611814552128781,-0.0001229622170821898
2.901539815832401e-08,3.4168536738108347e-07,4.996526932685555e-08,6.775783147591886e-05,0.0005974221184083335,-0.00011728882811142933
2.9066923641628298e-08,-4.519422024749302e-07,-1.2227920764784094e-07,6.447887100531732e-05,0.0005329974008039672,-0.00011158359782477936
2.898843228794306e-08,3.4726104068201427e-07,-3.0039218051772995e-08,6.121052889959016e-05,0.00046796782979519226,-0.00010595620944149647
2.8308016552121363e-08,-5.840452123424225e-07,-1.0461683976620515e-07,5.793545855384812e-05,0.00040239825044624,-0.00010025254710255261
2.8651726486549144e-08,3.594641824472521e-07,-5.319552864674744e-08,5.467581458768698e-05,0.00033632711815579855,-9.464546506838246e-05
0.0,0.0,0.0,5.141677417919155e-05,0.0002698137903864861,-8.900343667195276e-05
2.8039917932880512e-08,-4.954494421075956e-07,1.6480794778665016e-07,4.8161494892094964e-05,0.00020289345318651693,-8.333601415905609e-05
2.8503521623697283e-08,3.657094839930291e-07,-1.1472046669321104e-07,4.4923499368579504e-05,0.0001356214716115626,-7.776370999391801e-05
2.7386209046148597e-08,-5.926702663321307e-07,2.4980288918235865e-07,4.168695589344414e-05,6.804385651606448e-05,-7.212347591934312e-05
0.0,0.0,0.0,3.8471683049601246e-05,2.0373711151489005e-07,-6.659468693837045e-05
2.812205707713304e-08,3.7675795924756264e-07,1.7454333793033314e-07,3.526499335862511e-05,-6.785644222606258e-05,-6.104278399737573e-05
0.0,0.0,0.0,3.206539719446955e-05,-0.00013612785615202405,-5.5469286836418163e-05
2.9388455813551966e-08,3.576872895361292e-07,-1.2187150007167885e-07,2.8892265799380848e-05,-0.00020452916441940613,-5.001053326601166e-05
0.0,0.0,0.0,2.5728645575928688e-05,-0.0002730453588157822,-4.453303893858784e-05
2.932950596836183e-08,-4.1937724045979313e-07,3.144824518158531e-07,2.2578066872854252e-05,-0.00034164548414174255,-3.9047236612859847e-05
0.0,0.0,0.0,1.945271438097418e-05,-0.00041031320690454454,-3.3667842131546166e-05
2.964234868562709e-08,-5.214333307405109e-07,4.3513390704805963e-08,1.6337070649969663e-05,-0.00047895319869353456,-2.8237962775941762e-05
2.8790518133543517e-08,3.8700712358803263e-07,7.678497439962388e-08,1.3252630546939006e-05,-0.0005475935308103959,-2.293293355749918e-05
2.9193511332849755e-08,3.675279706797371e-07,8.37397257453246e-08,1.0181670720196656e-05,-0.000616174621946149,-1.7614209091096994e-05
0.0,0.0,0.0,7.126110276756137e-06,-0.0006846884268996156,-1.2292790356638328e-05
3.002407163964224e-08,3.4875266867970226e-07,-2.6531521800060247e-08,4.100042613232616e-06,-0.0007531079993551356,-7.084631252625171e-06
2.9017094251655316e-08,3.3127443096972107e-07,-8.758572091965014e-08,1.0940306395265124e-06,-0.0008213639430623244,-1.8795483985703469e-06
0.0,0.0,0.0,-1.8939291018815751e-06,-0.0008894852172270928,3.322016748352752e-06
3.0747572629426366e-08,-6.797281436048874e-07,1.2648872602221535e-07,-4.85446446955553e-06,-0.0009573865561821761,8.460121603754202e-06
0.0,0.0,0.0,-7.786412431376455e-06,-0.001025071274931122,1.3498376831511116e-05
3.0640385576974355e-08,3.474211449033445e-07,-1.0812017232246766e-07,-1.0700207595771695e-05,-0.0010925376694996222,1.8543211163057612e-05
2.9719322331848083e-08,-5.232274486217931e-07,1.8258217574639353e-07,-1.3591403462240174e-05,-0.0011597662886725971,2.3584307475998686e-05
2.9601415902519238e-08,3.562886014969614e-07,-3.7719288018190953e-08,-1.6448869502058725e-05,-0.0012266573597120613,2.849823436820332e-05
0.0,0.0,0.0,-1.928754736157945e-05,-0.0012932799834936004,3.3414251384367155e-05
2.89537854496989e-08,-4.824790178956783e-07,-1.2832770261611714e-07,-2.2099490135823336e-05,-0.0013595467931994947,3.8315129165163525e-05
0.0,0.0,0.0,-2.4879184336801252e-05,-0.0014255110868997,4.309694091597649e-05
2.9324208401468188e-08,-6.205042178696504e-07,6.920173592431985e-08,-2.763841323797297e-05,-0.001491045043069699,4.791344943584991e-05
2.8683213014586974e-08,3.9432664753440216e-07,1.3885573676534012e-07,-3.0364742864182873e-05,-0.0015562442838673845,5.2595800865005816e-05
2.9014060508388262e-08,3.742281257371936e-07,9.222949003881079e-08,-3.306303120701852e-05,-0.0016210113355020247,5.726947981114808e-05
2.831473583575561e-08,-5.286110096302261e-07,9.827367512898899e-08,-3.5738848678549877e-05,-0.00168530396670889,6.193766915792475e-05
0.0,0.0,0.0,-3.8377427822977594e-05,-0.0017491978467814029,6.647161456885264e-05
2.937488966991279e-08,3.812935125514657e-07,-1.3468502593120987e-07,-4.0994780269476825e-05,-0.00181263776767123,7.100514470434288e-05
2.8260523096434484e-08,-3.870030272616563e-07,1.1245715028072333e-07,-4.358249460045766e-05,-0.0018755836124591883,7.551685771604002e-05
2.7989931584202434e-08,3.824658969819808e-07,2.0938193092896933e-07,-4.613227166150673e-05,-0.0019380311337074342,7.990324697160479e-05
2.700112356536633e-08,-5.55856354323039e-07,1.2412971513562388e-07,-4.86608273456694e-05,-0.0019999110354045296,8.431743162882353e-05
2.6507139707831723e-08,3.8977575329142734e-07,-1.1019591250458755e-07,-5.1154597832334816e-05,-0.002061334609461591,8.859867443938633e-05
2.638528786579762e-08,3.709388953971078e-07,6.423901824727023e-08,-5.3615063022275835e-05,-0.002122141604219215,9.286173037907721e-05
0.0,0.0,0.0,-5.6055774285468374e-05,-0.0021824178000967587,9.711965211611773e-05
2.6716847665622062e-08,3.5235885768315817e-07,1.7203818190146124e-07,-5.2053375995553666e-05,-0.0020766038044996863,9.015584094237079e-05
2.6605019833651754e-08,-5.571002692349344e-07,-9.386032073964506e-08,-4.8276468859934936e-05,-0.0019760492362593187,8.364749580710774e-05
2.5780727221286587e-08,3.620867638242739e-07,-1.7747409537668187e-08,-4.469432714180087e-05,-0.0018804909790177452,7.740768049731651e-05
2.553012159290423e-08,3.444271564448987e-07,1.593366218270233e-07,-4.131223330419938e-05,-0.0017896791359202308,7.155047925799016e-05
2.5114078963342192e-08,-5.363046409114759e-07,2.293064791089954e-07,-3.811875410486236e-05,-0.0017033765130489622,6.605254336880822e-05
2.4665519862684322e-08,3.5273873041140694e-07,-9.183822485960552e-08,-3.5091776295263775e-05,-0.0016213567448947245,6.077424972634004e-05
2.4106160047642062e-08,3.3604756817873196e-07,2.5469520445006047e-07,-3.223383384590573e-05,-0.0015434086408039132,5.582559624829754e-05
2.378362029712767e-08,-4.5627260167510454e-07,2.0986038609815648e-07,-2.9538376123307573e-05,-0.0014693261476469283,5.118669774591106e-05
2.3551580459122625e-08,3.4074450247393065e-07,5.7051194881191716e-08,-2.6984356508278954e-05,-0.0013989155520244335,4.673187039628843e-05
2.270359839722322e-08,-6.435098558333649e-07,2.376647207804249e-07,-2.4580149667544602e-05,-0.001331995343652642,4.260499762981002e-05
2.3423316119189466e-08,3.5495187343234706e-07,-1.3061784329053211e-07,-2.230049398476555e-05,-0.0012683899787039998,3.86171964655522e-05
2.2994251231264196e-08,-6.602690642240466e-07,2.0465366685290096e-07,-2.0157092580575354e-05,-0.001207933674816967,3.494487605565645e-05
2.2036544888804027e-08,3.704208675153401e-07,1.365521594265123e-08,-1.8125570405544934e-05,-0.0011504703346470525,3.138504983851305e-05
0.0,0.0,0.0,-1.6212829775152926e-05,-0.0010958475986997396,2.8072992574679212e-05
2.287622858731008e-08,-5.956518487814058e-07,-1.6233051677335195e-07,-1.4413654916791435e-05,-0.0010439254513111083,2.4992793678815345e-05
2.226620194688965e-08,3.817149415910631e-07,-7.141928575138457e-08,-1.2707100040207606e-05,-0.0009945680895068333,2.1999306098769623e-05
2.2229474769192365e-08,3.63392432353022e-07,2.3056503729734263e-07,-1.1103230117022973e-05,-0.0009476490847346975,1.9222727269566682e-05
2.263525574320021e-08,-5.191028009751115e-07,-6.980951978566458e-08,-9.596623741959566e-06,-0.0009030441417965642,1.664604243953634e-05
2.1766678933768852e-08,3.7101913366998186e-07,2.871685949161385e-07,-8.167453709639838e-06,-0.0008606391973826996,1.4137403744013979e-05
0.0,0.0,0.0,-6.832828707947769e-06,-0.0008203233531471898,1.1863356994545882e-05
2.1743772198923732e-08,3.527179027927151e-07,5.808575498204679e-09,-5.564949348911495e-06,-0.0007819916149412397,9.629640818165193e-06
2.18687467624077e-08,3.352789851011266e-07,1.020615867797142e-07,-4.378313311787047e-06,-0.0007455477364958767,7.575039149223134e-06
2.1281538904808075e-08,-6.565451203019828e-07,1.5416941511513929e-07,-3.2673173672595767e-06,-0.0007108940890379354,5.68845386509948e-06
2.1152262240132405e-08,3.5049863944327834e-07,-1.1154276764345592e-07,-2.213509422467733e-06,-0.0006779429557547057,3.823853721625647e-06
2.1149439578569938e-08,3.3355603337733247e-07,7.42728621995009e-08,-1.2286822882771745e-06,-0.000646608161130402,2.1188495254811146e-06
0.0,0.0,0.0,-3.089572296888221e-07,-0.000616810246247157,5.608712038140951e-07
0.0,0.0,0.0,5.633939929028386e-07,-0.0005884717116584337,-9.854447562407387e-07
2.2486289269458276e-08,3.157906047586803e-07,-8.042066182071626e-08,1.3753935429577597e-06,-0.0005615197250907914,-2.392430705574118e-06
2.2506831654135216e-08,-5.793188665325577e-07,1.1561241338431835e-07,2.1320958313452694e-06,-0.0005358841456983812,-3.6684190609179114e-06
2.339412942108622e-08,3.287532251712368e-07,-1.8920816337662906e-07,2.848878002710598e-06,-0.0005114992652920844,-4.9448565207658725e-06
2.2142975211376298e-08,-6.497185786254755e-07,1.2903244523628263e-07,3.5103131255827643e-06,-0.0004883046521885735,-6.052614574119576e-06
2.2147409048790164e-08,3.452072088701766e-07,-5.405586754314246e-08,4.137898008067009e-06,-0.0004662399728096552,-7.177834270924385e-06
0.0,0.0,0.0,4.718357340949275e-06,-0.0004452469835677375,-8.182894374209049e-06
2.2687455214138918e-08,-5.217436381737665e-07,-7.950774023298737e-08,5.2549123403805666e-06,-0.0004252743086271584,-9.079106665374969e-06
2.214167798849111e-08,3.538427879806272e-07,-1.82032868428435e-07,5.76294788719684e-06,-0.0004062699960656331,-9.99283119987582e-06
0.0,0.0,0.0,6.226001237230605e-06,-0.0003881856491918523,-1.0755911524440442e-05
2.1934998556417115e-08,3.3696151899112137e-07,3.551049479295131e-08,6.665942298835361e-06,-0.00037097618135238013,-1.1557915076425815e-05
2.1725914420126146e-08,3.20273302136628e-07,1.511265965214499e-07,7.068726754198216e-06,-0.00035459584562259487,-1.2254141174983257e-05
0.0,0.0,0.0,7.435799250332664e-06,-0.0003390053595200282,-1.2852340252167416e-05
0.0,0.0,0.0,7.785278299587972e-06,-0.00032416592224349117,-1.3496337006313475e-05
2.241271886997844e-08,3.038947340066541e-07,-1.0278574918899807e-09,8.10156100208329e-06,-0.00031003617314807376,-1.4044088524749244e-05
2.239838975347304e-08,-5.71719111719037e-07,-2.4249493970621014e-07,8.388192084237027e-06,-0.0002965856220535516,-1.4506958141115879e-05
2.1923747453077557e-08,3.177227447442581e-07,-5.0369953803556856e-09,8.65916625375093e-06,-0.00028377692650623156,-1.501023824675983e-05
2.1405712197289558e-08,3.0175292354058244e-07,-7.368737077879029e-08,8.902471124918248e-06,-0.00027157962294635654,-1.543129162370834e-05
2.1286220264015498e-08,-4.898654968910479e-07,-5.611258036232952e-08,9.120501591850356e-06,-0.0002599625638649266,-1.577801504149572e-05
2.0630454501532347e-08,3.113522037107684e-07,-1.0996353122420522e-07,9.325624217274066e-06,-0.0002488967535649288,-1.616400163020884e-05
0.0,0.0,0.0,9.50140758593232e-06,-0.00023835497589852483,-1.6430462916772193e-05
2.068559691190289e-08,2.9611242814404625e-07,-1.938317627401992e-07,9.669573228041538e-06,-0.00022831144651252967,-1.676095091668748e-05
2.061755024212898e-08,2.819908795019145e-07,3.353226367746497e-08,9.815152178571678e-06,-0.00021874096879990543,-1.701165450620641e-05
0.0,0.0,0.0,9.93808457194767e-06,-0.00020962082262765414,-1.7187755047776143e-05
0.0,0.0,0.0,1.0055994658642042e-05,-0.00020092630001333767,-1.7430076829527685e-05
2.0685059300897508e-08,2.6781335397573325e-07,-1.009733410558839e-07,1.0153349457892793e-05,-0.00019263872801914182,-1.759855724493782e-05
2.061736001010199e-08,-5.949591695453072e-07,-6.424218859639685e-08,1.0233038987308235e-05,-0.00018473650821106014,-1.770281707211605e-05
1.994704296664859e-08,2.841142988653334e-07,-3.2893769211456144e-07,1.0307221862453656e-05,-0.00017720099706439803,-1.7865626796839088e-05
2.0066244601506317e-08,-7.085787753952877e-07,-1.6260378040878716e-08,1.0359884024328326e-05,-0.00017001331110251202,-1.791795864279334e-05
0.0,0.0,0.0,1.0410631393176217e-05,-0.0001631578445571158,-1.804488118994918e-05
2.0134597494496612e-08,3.065575284121101e-07,1.2381308568328752e-07,1.0444746719788516e-05,-0.00015661552974117432,-1.8102813952007656e-05
1.921826607370442e-08,2.9079237468392326e-07,-6.439923455336403e-08,1.0467802266852467e-05,-0.00015037300456758836,-1.8143024020062193e-05
1.954669980199524e-08,-5.529365620913419e-07,-1.5967679267605593e-07,1.0476868030755076e-05,-0.0001444147423345679,-1.8126197251348426e-05
1.888186264419494e-08,3.047337474759213e-07,2.736744047469089e-07,1.0485805439155945e-05,-0.00013872595818957776,-1.8173603273666733e-05
0.0,0.0,0.0,1.0475400284759573e-05,-0.00013329521142124712,-1.8120105758301364e-05
1.9164227645987e-08,2.887790058550716e-07,-2.8893444073971578e-08,1.0466213993751157e-05,-0.00012810702722562846,-1.8140555675900556e-05
1.8679951941854388e-08,2.7475739697318287e-07,2.320642572011666e-07,1.0444655353145078e-05,-0.0001231516150064071,-1.8102223034046954e-05
1.7848346077237794e-08,-6.479147911547566e-07,2.6326241743478442e-08,1.0410154719687466e-05,-0.00011841615007687698,-1.8007629332551416e-05
0.0,0.0,0.0,1.0378080437911663e-05,-0.00011389027995267753,-1.7988169224381068e-05
1.848610918563145e-08,-6.9856091874605e-07,5.44558192533805e-08,1.0329793580600956e-05,-0.00010956417901750036,-1.7865603333643258e-05
1.7762862441904967e-08,3.271604295115555e-07,-2.3124798785561655e-07,1.0284750255431784e-05,-0.0001054275020840984,-1.7827221496747095e-05
1.7384896850214972e-08,3.1144450537686955e-07,1.5500636759613334e-08,1.0229103835750943e-05,-0.00010147053283940372,-1.7730062191950288e-05
1.7130416445946256e-08,-6.722012183600971e-07,1.1527292505245701e-07,1.0162518808313944e-05,-9.768423552967384e-05,-1.7576695256047025e-05
1.679321022648311e-08,3.2927009954398814e-07,-4.0202489087279676e-08,1.0100513833403974e-05,-9.406237581536789e-05,-1.750770328235097e-05
1.585206439042536e-08,3.127922639838419e-07,-1.0172673390247545e-07,1.0028540470580997e-05,-9.059436000453144e-05,-1.738292594591208e-05
1.593186799473824e-08,-6.432935701426507e-07,-8.383355544779864e-08,9.946955483548338e-06,-8.727382690875617e-05,-1.7204615098102037e-05
1.5851631995399367e-08,3.2963852835891183e-07,-4.837179675342305e-08,9.871008190800164e-06,-8.4092772352787e-05,-1.7110349525514096e-05
1.5204527923511722e-08,3.130680201410433e-07,-1.7841706535311094e-07,9.785369616584002e-06,-8.104620081769385e-05,-1.6961581309776356e-05
1.4881467890428594e-08,2.9787553235932234e-07,1.466611480073646e-08,9.696434916152064e-06,-7.812593069687661e-05,-1.680689190587428e-05
1.4552845085492288e-08,-6.597401652399802e-07,4.249351080931602e-08,9.598580718039958e-06,-7.532572724044285e-05,-1.6600849660875844e-05
1.4777242799387235e-08,3.1605770234741545e-07,1.301314464928093e-07,9.507747990390496e-06,-7.264072113987085e-05,-1.648037664996301e-05
1.4320222804062813e-08,3.003291321977112e-07,3.153845861332909e-07,9.408254417149674e-06,-7.006519406559141e-05,-1.63074010445308e-05
0.0,0.0,0.0,9.300956295033025e-06,-6.759327258931691e-05,-1.6085305972191044e-05
1.5109813408172248e-08,2.8445368701748685e-07,-8.601205205693382e-08,9.201008511995376e-06,-6.522029444191352e-05,-1.594932055046384e-05
1.503066687503998e-08,-5.761187054982143e-07,-1.753553639488356e-07,9.088819519406365e-06,-6.294218292463235e-05,-1.5721713700704087e-05
0.0,0.0,0.0,8.983193578337989e-06,-6.075249000270233e-05,-1.5572560693177806e-05
0.0,0.0,0.0,8.871254953080054e-06,-5.8648876125277916e-05,-1.5377610352751425e-05
0.0,0.0,0.0,8.752005060008727e-06,-5.662676670870059e-05,-1.5135838901447762e-05
1.588412438304263e-08,2.9979557477463636e-07,1.4499350072812958e-07,8.640828319932427e-06,-5.468229820392508e-05,-1.4978809887185674e-05
1.4895090043591218e-08,2.847704941473527e-07,2.469407223573664e-07,8.522677871209405e-06,-5.281128433646532e-05,-1.4774008094027987e-05
1.5190296380813398e-08,-6.386519604495458e-07,-2.8738010722357433e-07,8.398276359781239e-06,-5.101095451422317e-05,-1.4523423084464979e-05
0.0,0.0,0.0,8.282637659950964e-06,-4.927695844403335e-05,-1.435851888453854e-05
1.5141346023345036e-08,-6.260395741302641e-07,-1.472974512302308e-08,8.155574054966842e-06,-4.760778747255039e-05,-1.4102230302147532e-05
1.4496107997498857e-08,3.3378988952791884e-07,2.770183748966876e-07,8.03700455762897e-06,-4.599880185301651e-05,-1.3933755083439974e-05
1.4546375184878653e-08,3.165033179764762e-07,-7.20145216475719e-08,7.912530516767708e-06,-4.4448521498254985e-05,-1.3717509617825457e-05
1.3816171143822946e-08,3.0099543606122065e-07,1.8111363185700276e-07,7.787038676620033e-06,-4.29535548515737e-05,-1.349943013767559e-05
1.3891908811192212e-08,-5.586388613253729e-07,-2.238336999237434e-07,7.656363476756993e-06,-4.1511786944150085e-05,-1.3240424102268517e-05
1.3335309451857484e-08,3.139979125436347e-07,2.6344680828595976e-07,7.534007508233952e-06,-4.011966301311993e-05,-1.306161945463927e-05
1.3052599548221353e-08,-6.357545575953763e-07,-6.440237902207214e-07,7.401601397894346e-06,-3.8776467588252774e-05,-1.27956332742437e-05
1.2953452467587956e-08,3.300486096514115e-07,-1.7236027200493817e-07,7.278711577118379e-06,-3.747976717073861e-05,-1.2619383252411917e-05
0.0008700549674635884,1.8479415688238187e-07,0.0005024953805249236,6.9058256055884105e-06,-3.561272906964124e-05,-1.1972924395605358e-05
0.0008265523761519354,-8.172407570485181e-07,0.00047734972793168787,6.776804499952958e-06,-3.4437699656535686e-05,-1.1711003600967826e-05
0.0007852255374377158,2.1623241110744106e-07,0.00045359213848630695,6.65868903279466e-06,-3.330074903401523e-05,-1.1545185465831377e-05
0.0007459643472903973,2.0497073826026728e-07,0.00043062214163853654,6.534635050301842e-06,-3.2201142308440685e-05,-1.1330367549037609e-05
0.0007086663657581541,-7.796133864367412e-07,0.00040920735611558063,6.406182542199106e-06,-3.1135981980732046e-05,-1.1069857643356079e-05
0.0014623853981672558,3.1900169940185573e-07,0.0008441040782092948,6.088361000509848e-06,-2.9589503508402626e-05,-1.0557915038265673e-05
0.0013892662389792738,3.0331845046964735e-07,0.0008020352014186122,5.969341584642453e-06,-2.8620930308781474e-05,-1.0350893656939391e-05
0.0013198028065484937,-6.570012323147299e-07,0.0007621918319566165,5.846187370300566e-06,-2.7681732211069945e-05,-1.0100693166416054e-05
0.001253813295850894,3.210241974127867e-07,0.0007239713985792681,5.733175931081754e-06,-2.677009007264403e-05,-9.94246964949701e-06
0.0011911229060636082,3.047525211597694e-07,0.0006875656207236259,5.615591110717473e-06,-2.588560319519279e-05,-9.738320181101937e-06
0.0011315667108266136,-6.493069711731712e-07,0.000653377416941169,5.493833845266747e-06,-2.5026837373414163e-05,-9.490778725589125e-06
0.0010749889534141983,3.2224649966885795e-07,0.0006208111835131631,5.382297169772758e-06,-2.419270745809965e-05,-9.33477697127936e-06
0.0010212397360537665,3.060402943995472e-07,0.0005897912408231445,5.266312016115363e-06,-2.3382674857521585e-05,-9.133182199418029e-06
0.0009701776879244565,-7.0228173584449e-07,0.0005599387786494896,5.14562698246517e-06,-2.2595867384692378e-05,-8.885937186021275e-06
0.0009216693193956069,3.256230699504479e-07,0.0005319711621555877,5.036139964030775e-06,-2.183106940194265e-05,-8.735422324139061e-06
0.0008755859972425246,3.0958365317706436e-07,0.0005055932643414489,4.921468580000665e-06,-2.1087759428355023e-05,-8.5362246976986e-06
0.0014365958577932931,4.608564165230973e-07,0.0008293464381760707,4.67697520292906e-06,-2.004260697276901e-05,-8.11214604012835e-06
0.001364766132046409,4.376894576709547e-07,0.0007876314755158253,4.567361073807956e-06,-1.9360419223515197e-05,-7.922001736674272e-06
0.0012965278330915341,-4.747122878681988e-07,0.0007486934801868108,4.454195476220481e-06,-1.8696073736316707e-05,-7.690964967125381e-06
0.0012317019585650398,4.398367714024347e-07,0.0007111253300397514,4.350692696777562e-06,-1.804960958077385e-05,-7.547150400047514e-06
0.0011701171746446334,4.1800580686471206e-07,0.0006758401942756256,4.243366281005758e-06,-1.74201003367552e-05,-7.360500900093409e-06
0.001111611184819393,-4.306184007760122e-07,0.000641743612138659,4.132429631468957e-06,-1.6807353125274204e-05,-7.136179810886366e-06
0.0010560307275520062,-5.661795688812575e-07,0.0006095263845691802,4.025739071558823e-06,-1.6210822140281623e-05,-6.946596679740937e-06
0.0010032296460905413,4.4681006941282014e-07,0.0005793207211387906,3.925902530497166e-06,-1.5629613189955323e-05,-6.812546507027736e-06
0.0009530683707323094,4.244143551749749e-07,0.0005503386474913036,3.8212687279308315e-06,-1.5063958193383944e-05,-6.63062919986278e-06
0.0009054150085026568,4.0310124001164993e-07,0.0005227079635496446,3.7173772455121336e-06,-1.4513339013559385e-05,-6.450302271287067e-06
0.0008601442442488978,-5.340800656740517e-07,0.0004966556172897299,3.609705397123477e-06,-1.3976925358296482e-05,-6.2279589871443555e-06
0.0008171373655334672,4.095819510727778e-07,0.0004715997188505876,3.512164004254137e-06,-1.3454708529524975e-05,-6.095520706253593e-06
0.0011721741808680777,3.211351411767217e-07,0.0006767644020759377,3.3398259927798595e-06,-1.2789143170497673e-05,-5.796411410332086e-06
0.0011135651998069355,-6.595779798785304e-07,0.0006428094996110415,3.2373592472073628e-06,-1.2305131811149027e-05,-5.581450241984168e-06
0.0010578873581207962,3.381874418711959e-07,0.0006110283667739974,3.1459907469232254e-06,-1.1833310505356244e-05,-5.461245273259505e-06
0.001347035840823679,5.052942609637386e-07,0.0007777424482327283,2.99359861047446e-06,-1.125014717899509e-05,-5.196679452278139e-06
0.0012796837629406876,-4.450898554652353e-07,0.0007388278921947905,2.8966769501271847e-06,-1.081191557756577e-05,-4.992810941686476e-06
0.0012156999527552993,5.023245409710227e-07,0.0007020499053989208,2.810516496321479e-06,-1.0384824151820188e-05,-4.880187599191366e-06
0.0014426768146015144,6.607212092458279e-07,0.0008329574488245528,2.676000101399899e-06,-9.874899633794535e-06,-4.646584633480109e-06
0.0013705428931097754,6.276992382188477e-07,0.0007913685953745568,2.5890065168546093e-06,-9.477236541895039e-06,-4.495310461425557e-06
0.0013020157754357014,5.962196825940588e-07,0.0007515571060530323,2.502792089775369e-06,-9.089886242602126e-06,-4.345568288010314e-06
0.0014703289183164339,5.657241524903977e-07,0.0008489714083171097,2.3843304038723013e-06,-8.645075264138618e-06,-4.139858233912953e-06
0.0016116998649057031,-2.7905182698999195e-07,0.0009305285407905111,2.2675282961815416e-06,-8.223556983913021e-06,-3.898840632232996e-06
0.0015311151249354053,7.345637394601942e-07,0.0008839214957306471,2.1933032370475364e-06,-7.876526031225539e-06,-3.809932105840737e-06
0.0016328276512197217,6.982444433041698e-07,0.0009424723954326075,2.091642016481143e-06,-7.493773087917922e-06,-3.6332976452659995e-06
0.0015511857317260622,-3.2395389267022966e-07,0.0008954381156451857,2.0103018866312444e-06,-7.169593450259143e-06,-3.454139893061215e-06
0.0014736268174042658,6.788921955521325e-07,0.0008499309582687453,1.9403695427735756e-06,-6.854736381936685e-06,-3.372098397246269e-06
0.0013999450575816518,-3.541076667792101e-07,0.0008079089557595345,1.8608597534021323e-06,-6.549279719782763e-06,-3.195469153925982e-06
0.0013299481924252678,6.634842246330769e-07,0.0007677617555296187,1.792807254621091e-06,-6.253153971585436e-06,-3.11716102719009e-06
0.0012634507980872319,6.303059434913506e-07,0.0007293321086575174,1.7202745779713324e-06,-5.9663764415481825e-06,-2.990937777016379e-06
0.0012002779339463064,-3.915987986223162e-07,0.0006930188224422589,1.6436512616827062e-06,-5.688986395024396e-06,-2.8197947389920076e-06
0.0011402643797855498,6.183846582822935e-07,0.0006583014437762448,1.5785472482619677e-06,-5.42101594425107e-06,-2.7462388708294903e-06
0.0010832508623720167,-4.0743757163032855e-07,0.0006246188858303843,1.5039645931255404e-06,-5.162365942370976e-06,-2.5784457124890438e-06
0.0010290886209997927,6.078762628166719e-07,0.0005941444523350443,1.4411169995618041e-06,-4.913243081259652e-06,-2.5088383951807078e-06
0.0009776339132955712,-4.15025796023357e-07,0.00056443773667487,1.369770968718738e-06,-4.674729056438905e-06,-2.3466967368676518e-06
0.0009287524862863411,5.982337559069516e-07,0.0005362153775709932,8.40379828405892e-07,-4.4657998115494575e-06,-1.492793031542263e-07
0.0008823148650794183,5.683220832951969e-07,0.0005094046280808483,-2.392598497668011e-06,-4.290063800891047e-06,1.4754416391620168e-05
0.000838199124758578,5.399059927519056e-07,0.00048393441424915494,-8.348861335283993e-06,-4.1350737912873355e-06,4.407622524598751e-05
0.000796289171289892,5.129107053851079e-07,0.00045973770946623245,-1.5386514216706685e-05,-3.9935925391423315e-06,8.189094953964894e-05
0.0007564747153405732,4.872651814645771e-07,0.0004367508384362882,-2.1482077691957026e-05,-3.859858272845611e-06,0.00011842442331670161
0.0007186509820440696,4.629019325284178e-07,0.0004149133096132679,-2.5192079444734972e-05,-3.7273172830302005e-06,0.00014390386085644005
0.0006827184352761367,4.3975684514702137e-07,0.00039416765601468323,-2.6140584593117767e-05,-3.5874985980441153e-06,0.00015264014192841106
0.0006485825157183741,4.177690114062761e-07,0.00037445928399487753,-2.5132124957803598e-05,-3.429798557727739e-06,0.0001473233605733855
0.0006161533920180884,3.968805683358111e-07,0.0003557363295796374,-2.3871731718222423e-05,-3.263005489632284e-06,0.00013995064401981947
0.0005853457243893874,3.77036546867688e-07,0.00033794952198303594,-2.267453937897754e-05,-3.1043092060031025e-06,0.00013294687616086936
0.0005560784400348964,3.58184726061468e-07,0.00032105205394938294,-2.1537379623696282e-05,-2.9533177936420923e-06,0.00012629359533905573
0.0005282745197974967,3.402754958578396e-07,0.00030499945857788397,-2.0457242889616166e-05,-2.809658211827903e-06,0.00011997326355099059
0.0005018607954766839,3.2326172661787047e-07,0.0002897494923049821,-1.943127041779764e-05,-2.672975392929531e-06,0.00011396922025258576
0.00047676775728224083,3.0709864518539566e-07,0.0002752620237389581,-1.8456746705268216e-05,-2.5429313849629907e-06,0.00010826563846738409
0.0004529293709131207,2.9174371733811366e-07,0.00026149892805161183,-1.7531092332726838e-05,-2.419204533282053e-06,0.00010284748309466532
0.0004302829037827117,2.7715653596439953e-07,0.0002484239866505509,-1.6651857147883074e-05,-2.301488700499977e-06,9.770047129722536e-05
0.00040876875993344587,2.6329871306500763e-07,0.00023600279186800966,-1.5816713796390205e-05,-2.189492524455183e-06,9.281103487360501e-05
0.0003883303232055104,2.5013378109954144e-07,0.00022420265641536703,-1.5023451567689247e-05,-2.0829387110266124e-06,8.816628450767226e-05
0.00036891380824699387,2.376270954679931e-07,0.00021299252736431588,-1.4269970556835225e-05,-1.981563358724479e-06,8.375397580978562e-05
0.00035046811897313597,2.2574574388216508e-07,0.00020234290442946288,-1.3554276111185921e-05,-1.8851153172555178e-06,7.956247705300422e-05
0.0003329447141028284,2.1445845979681226e-07,0.0001922257623359506,-1.2874473560256095e-05,-1.793355573782818e-06,7.558073852357978e-05
0.00031629747941934537,2.0373553964285893e-07,0.00018261447707006645,-1.2228763206616646e-05,-1.7060566722508732e-06,7.179826340463948e-05
0.0003004826064165358,1.935487653254856e-07,0.00017348375581618478,-1.1615435567931923e-05,-1.6230021562805337e-06,6.820508011674469e-05
0.000285458477013293,1.838713296536122e-07,0.00016480957039679024,-1.1032866856568559e-05,-1.5439860409383642e-06,6.479171603746322e-05
0.00027118555403218093,1.7467776573450355e-07,0.0001565690940411118,-1.0479514687651318e-05,-1.4688123084083211e-06,6.154917254252244e-05
0.00025762627715515213,1.659438794888644e-07,0.00014874064131518438,-9.95391399756239e-06,-1.3972944288836987e-06,5.84689012878004e-05
0.00024474496407912526,1.5764668765772086e-07,0.00014130361105454568,-9.454673172645426e-06,-1.329254903189622e-06,5.554278168327773e-05
0.0002325077166162962,1.4976435527362225e-07,0.00013423843215151505,-8.980470365895027e-06,-1.2645248269675306e-06,5.276309948998145e-05
0.0002208823314882193,1.422761395784629e-07,0.00012752651205235065,-8.53005000283998e-06,-1.2029434783564727e-06,5.0122526489716765e-05
0.00020983821558011542,1.351623342956419e-07,0.00012115018782957998,-8.102219458066768e-06,-1.1443579204593485e-06,4.7614101170722884e-05
0.00019934630543314125,1.284042192258731e-07,0.00011509267970115132,-7.695845902817598e-06,-1.0886226288838572e-06,4.523121037994252e-05
0.0001893789907606457,1.2198400991923602e-07,0.00010933804687258608,-7.309853305555456e-06,-1.0355991308075594e-06,4.29675718922605e-05
0.00017991004179135562,1.1588481078495009e-07,0.00010387114558885858,-6.94321958793098e-06,-9.851556683628173e-07,4.081721785284479e-05
0.00017091454024125552,1.1009057165865431e-07,9.867758928108445e-05,-6.594973917490412e-06,-9.371668694286134e-07,3.8774479046945014e-05
0.000162368813740743,1.0458604460807748e-07,9.374371070821273e-05,-6.264194141448385e-06,-8.915134436029489e-07,3.68339699576147e-05
0.00015425037353911268,9.935674329714264e-08,8.905652599081566e-05,-5.950004345308965e-06,-8.480818858821425e-07,3.499057456926753e-05
0.0001465378553227284,9.438890744806758e-08,8.46037004424856e-05,-5.651572535774615e-06,-8.067641973893733e-07,3.32394328831972e-05
0.00013921096299358783,8.966946310309555e-08,8.037351611068922e-05,-5.368108437501371e-06,-7.674576184620927e-07,3.157592810608308e-05
0.00013225041525864517,8.518599113387112e-08,7.635484093986854e-05,-5.098861404028967e-06,-7.300643775819849e-07,2.999567448205337e-05
0.00012563789488907683,8.092669248669687e-08,7.25370994767842e-05,-4.843118429558411e-06,-6.944914467172825e-07,2.84945057298843e-05
0.00011935600051798266,7.688035888407678e-08,6.891024504043348e-05,-4.600202262017893e-06,-6.606503145958279e-07,2.706846406168221e-05
0.00011338820084654586,7.303634165482764e-08,6.546473328362353e-05,-4.369469611195722e-06,-6.284567655287945e-07,2.571378975040147e-05
0.0001077187911408315,6.9384525515966e-08,6.219149707602443e-05,-4.150309445054288e-06,-5.978306742483545e-07,2.442691121732791e-05
0.0001023328519031364,6.591530021795257e-08,5.9081922643315046e-05,-3.942141373777648e-06,-5.686958046602393e-07,2.320443561842828e-05
9.721620961082207e-05,6.26195358159566e-08,5.6127826899610145e-05,-3.7444141126688596e-06,-5.40979623927768e-07,2.204313990014129e-05
9.235539941782028e-05,5.94885599126924e-08,5.3321435913389796e-05,-3.5566040223401065e-06,-5.146131218562425e-07,2.0939962302401413e-05
8.773762972020432e-05,5.651413239144354e-08,5.065536444947509e-05,-3.378213723862243e-06,-4.895306408498689e-07,1.989199428835331e-05
8.335074849312255e-05,5.368842644547491e-08,4.812259653351976e-05,-3.2087707806561676e-06,-4.6566971203877603e-07,1.8896472874441183e-05
7.918321131480955e-05,5.1004005619682954e-08,4.5716466990790636e-05,-3.0478264496779287e-06,-4.429709032611878e-07,1.7950773350323595e-05
7.52240509827761e-05,4.8453806085025924e-08,4.3430643904064395e-05,-2.89495449046056e-06,-4.2137766825395624e-07,1.7052402356081113e-05
7.146284865538825e-05,4.603111620340717e-08,4.1259111952310045e-05,-2.74975004056024e-06,-4.008362099276499e-07,1.6198991311164066e-05
6.78897064331533e-05,4.372956103490069e-08,3.919615658040264e-05,-2.6118285400858242e-06,-3.812953452804095e-07,1.5388290168876546e-05
6.449522131158928e-05,4.1543083578325185e-08,3.723634896091456e-05,-2.480824716523983e-06,-3.6270637903363154e-07,1.4618161486403088e-05
6.127046043581373e-05,3.9465929476745875e-08,3.537453170731185e-05,-2.356391615092973e-06,-3.450229832950239e-07,1.3886574787061655e-05
5.820693759434656e-05,3.749263346905152e-08,3.360580530264527e-05,-2.2381996818405362e-06,-3.2820108198889523e-07,1.3191601210229395e-05
5.529659088572675e-05,3.561800213623408e-08,3.1925515205382944e-05,-2.1259358907143256e-06,-3.121987414520762e-07,1.2531408424181955e-05
5.253176150397707e-05,3.383710243808645e-08,3.032923960134492e-05,-2.019302914049102e-06,-2.969760681425051e-07,1.1904255796960118e-05
4.9905173583301904e-05,3.214524798138011e-08,2.8812777766762976e-05,-1.9180183365808737e-06,-2.8249510674175594e-07,1.1308489805611583e-05
4.7409915050619965e-05,3.053798574355517e-08,2.7372139013767563e-05,-1.8218139061041684e-06,-2.6871974846957344e-07,1.0742539677922935e-05
4.503941943759771e-05,2.9011086943804773e-08,2.600353218949435e-05,-1.730434825323705e-06,-2.5561564132722897e-07,1.0204913252873938e-05
4.2787448597939335e-05,2.7560533009927906e-08,2.4703355697754386e-05,-1.6436390742417717e-06,-2.43150102087209e-07,9.69419304338205e-06
4.064807629362997e-05,2.6182506715547224e-08,2.3468188022694127e-05,-1.5611967721848822e-06,-2.3129203916804738e-07,9.209032501447635e-06
3.86156725982805e-05,2.4873381684267807e-08,2.2294778724144383e-05,-1.4828895674786676e-06,-2.2001187254888445e-07,8.748152468046387e-06
3.668488908166172e-05,2.362971292370969e-08,2.1180039883800534e-05,-1.4085100594337318e-06,-2.092814607444715e-07,8.310337799330849e-06
3.4850644734975626e-05,2.2448227524615388e-08,2.0121037979023026e-05,-1.3378612495334701e-06,-1.9907403220208082e-07,7.894434164699592e-06
3.310811260050714e-05,2.132581637150542e-08,1.911498616394822e-05,-1.2707560197140939e-06,-1.893641171471399e-07,7.49934500274461e-06
3.1452707067435515e-05,2.0259525746297345e-08,1.8159236934072165e-05,-1.20701663629336e-06,-1.8012748533885563e-07,7.124028629525554e-06
2.9880071806205606e-05,1.9246549769502234e-08,1.725127516072748e-05,-1.1464742801028264e-06,-1.7134108542503117e-07,6.767495493397106e-06
2.838606830344499e-05,1.8284222555503968e-08,1.63887114714559e-05,-1.0889685989376618e-06,-1.6298298824494523e-07,6.428805564953912e-06
2.6966764971379507e-05,1.7370011473007526e-08,1.5569275962298473e-05,-1.0343472829899162e-06,-1.550323308761295e-07,6.107065859650202e-06
2.5618426801737172e-05,1.6501511299644434e-08,1.4790812224585889e-05,-9.824656612667165e-07,-1.474692664351858e-07,5.8014280832128776e-06
2.433750553634228e-05,1.5676435770080858e-08,1.4051271669877087e-05,-9.331863198813449e-07,-1.4027491365010354e-07,5.511086394851735e-06
2.312063033096335e-05,1.4892614340571815e-08,1.3348708139695296e-05,-8.863787357778156e-07,-1.334313105454434e-07,5.23527528193836e-06
2.1964598881931075e-05,1.4147983603735768e-08,1.2681272782576464e-05,-1.1404238270086536e-06,-1.2629311484916204e-07,7.2920011803232924e-06
2.086636900211499e-05,1.3440584730131223e-08,1.2047209190446393e-05,-3.2516273171727293e-06,-1.1846316058917288e-07,2.2983877657851238e-05
1.9823050612882852e-05,1.2768555591795107e-08,1.1444848774922035e-05,-7.76732835456147e-06,-1.1040535237742958e-07,5.359806709560089e-05
1.883189814001814e-05,1.2130127937152132e-08,1.0872606377550194e-05,-1.4095682074022811e-05,-1.0257937713014096e-07,9.206637390426536e-05
1.7890303287961832e-05,1.1523621736458041e-08,1.0328976097647896e-05,-2.0707382036162708e-05,-9.536046320583601e-08,0.00012796328833018246
1.69957881757895e-05,1.0947440826700808e-08,9.812527329439774e-06,-2.566074403971587e-05,-8.900062688086815e-08,0.00015191396842966846
1.6145998816370445e-05,1.0400068633400015e-08,9.321900997371498e-06,-2.7539690100434176e-05,-8.362007992704605e-08,0.00015930090028361122
