0.5235987755982988,-0.1,0.1,0.0,-0.2,0.2,-1.6,0.0,0.0,0.0,0.0,0.0,0.0
0.5235987755982988,-0.10067282201730528,0.09962655713419102,-4.7260653393854695e-17,-0.1816152756964736,0.3003311328377478,-1.7272636202112235,3.513247077069271e-18,-0.01647162930771296,-0.015924260886659065,-0.01647162930771245,-0.01592426088666104,0.0
0.523560365848742,-0.09844416822991565,0.09525076300235412,-0.02615705301712564,-0.1661510930467431,0.3944724368746249,-1.8350252014557231,-0.000492975573726823,0.0818412875032978,-0.12509302063655994,0.08083859088328944,-0.1240903240165531,0.0
0.5235238828902936,-0.09616828478161388,0.09070287935455214,-0.05100451828701007,-0.12480865648169746,0.42853989555826716,-1.908684342210431,-0.000914010559023989,0.18281774246532967,-0.2388178525822193,0.18086264861424867,-0.2368627587311395,0.0
0.5234892295081234,-0.09397692879882664,0.08597398343447224,-0.07460807799319795,-0.07119113985465975,0.4300520455341314,-1.9621518049976965,-0.0012710306021152119,0.28273885370731283,-0.35837219494877615,0.279879124195368,-0.35551246543683257,0.0
0.5234563134716467,-0.09194331511355133,0.08108613987561562,-0.09703010395529484,-0.009269894304733996,0.40664627944819665,-1.9990894006403659,-0.0015711767933960594,0.37933044680751354,-0.4836873908678943,0.37561143550123055,-0.47996837956161265,0.0
0.5234563134716467,-0.08577237665287858,0.08464776078674441,-0.11832982709889175,0.140730105695266,0.2566462794481966,-1.9990894006405147,-0.0018208791314205264,0.5293304468075135,-0.33368739086789434,0.5256114355012306,-0.3299683795616126,0.0
0.5234414614409691,-0.08474715004798673,0.07915683443008233,-0.1385658851346117,0.22911943007802868,0.15204189832291556,-1.9813798355982724,-0.00204109376682477,0.6015354093142926,-0.48368739086789436,0.5970409656694791,-0.47996837956161265,0.0
0.5234331984162902,-0.08549696736315772,0.07414179186747871,-0.1577985586918194,0.3250236397438541,0.010466635781538558,-1.9342522239175681,-0.002219890116888075,0.6188560514674291,-0.6336873908678944,0.6139301909551661,-0.6299683795616127,0.0
0.523433766423878,-0.0901395166447109,0.07017048963122258,-0.1760858068403109,0.34721669982998027,-0.010819923842281202,-1.9337765776535176,-0.002362011544642534,0.5159556849130937,-0.7836873908678944,0.511059480375939,-0.7799683795616127,0.0
0.5234350241913237,-0.09477941867380235,0.06619847556542073,-0.19345923438375348,0.348893897728901,0.009799468989454038,-1.9547632013398426,-0.0024714368675621845,0.4131188428438857,-0.9336873908678944,0.408288307007054,-0.9299683795616127,0.0
0.5234366697980696,-0.0994024213092535,0.06222192585823016,-0.20996411148785527,0.36751123144247183,-0.007922338172910617,-1.9544186461629416,-0.0025521839626932723,0.31079263824853093,-1.0836873908678943,0.3060480204060113,-1.0799683795616126,0.0
0.5234385622734807,-0.1039973569301996,0.05823784488738408,-0.22564372878262362,0.3707771585334542,0.005562580994996779,-1.9699969922679326,-0.002607866219916104,0.20932493993512302,-1.2336873908678943,0.20467912922985715,-1.2299683795616125,0.0
0.5234405214103711,-0.10855551384626888,0.05424389610227788,-0.24053802042490596,0.3837512232702297,-0.0034737281002553723,-1.9729823584313784,-0.0025941809237325707,0.10898895475682728,-1.3836873908678942,0.10444543161973435,-1.3799683795616124,0.0
0.5234421833508984,-0.11304426381482618,0.050231331176489785,-0.2546878424407982,0.3894827085782187,0.001800634910826754,-1.9829365719739016,-0.00261256282011585,0.01079992118503817,-1.533687390867894,0.006343168837579405,-1.5299683795616124,0.0
0.5234437178223337,-0.11746166593076689,0.046199631003986184,-0.26812967147790945,0.39830160129915737,-0.0007760606144643638,-1.988188163008626,-0.0026143399229572794,-0.08518672947235816,-1.683687390867894,-0.08956336625856649,-1.6799683795616123,0.0
0.5234450617095834,-0.12179702444724695,0.04214592856016814,-0.2808988382626273,0.4049316817490309,0.0002755208473112485,-1.9949381199464609,-0.002601836519101163,-0.17863964486368994,-1.833687390867894,-0.18294611658927962,-1.8299683795616122,0.0
0.5234461597040537,-0.12606798457680213,0.03807495564488633,-0.2930279447013768,0.41659386600411924,-0.010717435245243694,-1.9949381199464609,-0.0025262157069543727,-0.2701012634618075,-1.9836873908678938,-0.2743504083182112,-1.979968379561612,0.0
0.5234467398718208,-0.1302374846102698,0.033976776490911555,-0.30455045042251133,0.4274656984731222,-0.02075892398229309,-1.994938119946461,-0.0024948895446635488,-0.35842204990011833,-2.1336873908678937,-0.3626409038920504,-2.1299683795616122,0.0
0.5234471138902822,-0.13435673299532558,0.029865122477879574,-0.3154954145313731,0.4374972950893482,-0.030243648983273926,-1.9949381199464609,-0.0024033075570475764,-0.4451885487235929,-2.2836873908678936,-0.44938787501480115,-2.279968379561612,0.0
0.5234469941115814,-0.13835160289614734,0.025720120003468027,-0.32589298134282063,0.446944819795786,-0.03895379700076768,-1.994938119946461,-0.002359212789846934,-0.5281083065130012,-2.4336873908678935,-0.5323138865132246,-2.429968379561612,0.0
0.5234466949447902,-0.1422930411502831,0.021560792215308593,-0.3357693886931668,0.4556648089376059,-0.04724207985085281,-1.994938119946461,-0.002257379553194596,-0.6093763651240369,-2.5836873908678935,-0.613597564779881,-2.579968379561612,0.0
0.5234460143379234,-0.1461383871049675,0.01737570175499891,-0.34515118363527364,0.4638349342772165,-0.05502914462590687,-1.9949381199464613,-0.002154079533983312,-0.687672435664676,-2.7336873908678934,-0.6919291701632526,-2.729968379561612,0.0
0.5234449930934477,-0.14988642948356362,0.013164524801460634,-0.35406317442571045,0.47149312007077315,-0.06234913630192847,-1.9949381199464613,-0.0020505181671192376,-0.7629601963680888,-2.8836873908678933,-0.7672702505782388,-2.879968379561612,0.0
0.5234422018707741,-0.15346817025715753,0.008960280937625256,-0.3625295216003123,0.4788828436259949,-0.06915202916466151,-1.9949381199464613,-0.0019972751594098557,-0.8335091107239095,-3.032242301997977,-0.8378920305364871,-3.0284504250892685,0.0
0.523430412730231,-0.15687061846101538,0.0050407722339683185,-0.37056445886910855,0.4858226380729373,-0.07556571409451862,-1.9949381199464622,-0.0019405385584171553,-0.9009796013757086,-3.1713442646241363,-0.9056702798045678,-3.167244629099146,0.0
0.523419213317801,-0.16008698400497454,0.0013928282680935743,-0.3781975105920635,0.49240429873425356,-0.08166220820079119,-1.9949381199464644,-0.0018812793411462916,-0.9651988857291103,-3.301195087672031,-0.9701819277666698,-3.29680308853834,0.0
0.5234085769216168,-0.16319516522448038,-0.002010124368067291,-0.38544751935095906,0.49837555084947394,-0.08751834000203361,-1.9949381199464642,-0.0017718102199214452,-1.028202123554094,-3.4231598507367145,-1.0334628315130918,-3.418490185681585,0.0
0.5233984724499774,-0.16612608774672064,-0.005168322698433788,-0.3923349751921948,0.5040146728639421,-0.09307520389588628,-1.994938119946464,-0.0016654909739722108,-1.0880009526925805,-3.5367130625116583,-1.093525440542796,-3.531779617565311,0.0
0.5233888706298503,-0.16879154068772703,-0.008081964154991048,-0.3988792145040305,0.5097254633492236,-0.09838262206426254,-1.9949381199464642,-0.0016090459869919605,-1.14205703291569,-3.6411804407780473,-1.1478321788071173,-3.6359963377904885,0.0
0.5233797516563234,-0.1713799294474187,-0.01078936322723773,-0.40509497648737974,0.514789292651743,-0.10344664047749036,-1.9949381199464646,-0.0015058740519062926,-1.1954928006531433,-3.739116857305571,-1.201505999748217,-3.733694701114365,0.0
0.5233710886926977,-0.17379954056765654,-0.013288203390867358,-0.4109999249982951,0.519617679178754,-0.10830424015725458,-1.994938119946465,-0.001406584667156304,-1.245688560085248,-3.829748706068378,-1.2519279081255006,-3.8241004009319934,0.0
0.5233628564811794,-0.17595343939443903,-0.015577575985944597,-0.41661071246584486,0.5246395356263884,-0.11299493503622705,-1.9949381199464657,-0.0013550770881270442,-1.28986364222317,-3.9123025124959754,-1.296317894311479,-3.9064393033115348,0.0
0.5233550383806241,-0.17805605692096835,-0.017691022368880625,-0.42193981306091805,0.5290111562428675,-0.11747186459066411,-1.9949381199464662,-0.0012603190185981323,-1.3339256199000304,-3.989396725357691,-1.3405839655607288,-3.9833294226008604,0.0
0.5233476112260366,-0.18000450289645042,-0.019627070593656662,-0.4270024482151552,0.5331859824311336,-0.12177858519245448,-1.9949381199464662,-0.0011696632728403038,-1.3749268943214448,-4.060195726070857,-1.381779127807165,-4.053934535489005,0.0
0.5233405532021164,-0.18168310557325423,-0.021381860893580858,-0.4318129634490863,0.5376988877365515,-0.12602425012242685,-1.9949381199464657,-0.0011241581565474017,-1.4095707609120707,-4.123696564628451,-1.4166072459696035,-4.117251122474786,0.0
0.5233338503588698,-0.18334076087719656,-0.02298815743410423,-0.4363819139467547,0.5415069865036196,-0.13003471957629195,-1.9949381199464662,-0.0010387358155411293,-1.444761809756082,-4.1827612888326415,-1.451973274300472,-4.176140867192119,0.0
0.523327480552619,-0.18473101190401783,-0.02442974146684891,-0.4407233751524476,0.5457214388353208,-0.1340277492252616,-1.9949381199464664,-0.0009964842762733715,-1.4735377255740667,-4.235022765288179,-1.4809154755868994,-4.228236058179214,0.0
0.5233214313769101,-0.18611647055335484,-0.025738526000055276,-0.4448467917383722,0.5492109596341344,-0.1377875841013365,-1.9949381199464657,-0.00091651000519356,-1.503204045052557,-4.283424446727012,-1.5107397103891578,-4.276479824294279,0.0
0.5233156846745941,-0.18736907741651004,-0.026909139447851275,-0.44876404573145723,0.5525667174121265,-0.1414349904819202,-1.994938119946466,-0.0008407187879742374,-1.53011951610945,-4.326824283436634,-1.5378052006223004,-4.319729641827652,0.0
0.5233102253152992,-0.18849321099105895,-0.027947000818520563,-0.4524854482871177,0.555811313205492,-0.14499112050585206,-1.9949381199464655,-0.000769051329972741,-1.5543681205726523,-4.3654120380543215,-1.5621963230965674,-4.358174878434274,0.0
0.5233050389249332,-0.18949241431053257,-0.028859403099959977,-0.4560207951045544,0.5589419840011762,-0.14845178899195446,-1.9949381199464653,-0.0007014298271308511,-1.5759953611632185,-4.399424911240492,-1.583958955772479,-4.392052359535098,0.0
0.5233001099834449,-0.19021988050449248,-0.029641782426818305,-0.45938020190523327,0.5626707676688553,-0.15202674101853145,-1.9949381199464653,-0.0006715224308855558,-1.5908146974456365,-4.427599328270045,-1.5989069633695392,-4.420098105250009,0.0
0.5232954293642408,-0.19098878710323047,-0.030321233450286072,-0.46257081878292206,0.5655817060296693,-0.1553316474697314,-1.994938119946465,-0.000608828566201061,-1.6076228307126739,-4.453130445366652,-1.6158372854326422,-4.445507033550551,0.0
0.5232909810021887,-0.19148661968911296,-0.030880745941183056,-0.4656026844003043,0.56914688839857,-0.15878176588531093,-1.9949381199464653,-0.0005818582999115642,-1.6175641158034544,-4.473118440264673,-1.6258946961854133,-4.465378902786582,0.0
0.5232867568212778,-0.19204372061258573,-0.031347818683759805,-0.4684821941286212,0.5718465328168021,-0.16193450550732277,-1.9949381199464653,-0.0005241651183340594,-1.6299257022897327,-4.490902585313183,-1.6383665560259988,-4.483052774480784,0.0
0.5232827438468962,-0.1924954412703211,-0.03171607912788716,-0.47121774563066565,0.5744791598399698,-0.16503636938517274,-1.9949381199464653,-0.0004700091671044383,-1.6400219674885113,-4.505029592611318,-1.6485675809770544,-4.497075022026642,0.0
0.5232789298726984,-0.1925503621952991,-0.03197342402179464,-0.4738172281210272,0.5759189449671248,-0.16337541068225303,-1.997963761617303,-0.00044842990757272604,-1.639566104251937,-4.512903291622452,-1.6482112825405921,-4.504849156237665,0.0
0.5232753082259595,-0.1928066703916596,-0.03215584951410029,-0.47628605010729225,0.5784086012580776,-0.16639096522382021,-1.997963761617303,-0.00039885784284233685,-1.645481809434661,-4.520173801094804,-1.6542215317645017,-4.51202512166883,0.0
0.523271867651339,-0.19296778941211631,-0.032251685253436635,-0.4786314508415417,0.5808370183451749,-0.1693584703111151,-1.997963761617303,-0.00035254858374066036,-1.6493306467266213,-4.524217605336537,-1.658160186162344,-4.515979108804681,0.0
0.5232685990913261,-0.19297257809810886,-0.03226158545550104,-0.4808596019909826,0.5821626752050763,-0.1696044751882007,-1.9995945764487297,-0.00030937621397334733,-1.6493493044069842,-4.524581903620139,-1.658264170461992,-4.516258080468998,0.0
0.5232654924583516,-0.1928087348923844,-0.03218770520840283,-0.4829769640243158,0.5861306905749889,-0.17465406066226705,-1.9984756185071524,-0.00029465933929220253,-1.6451673062472194,-4.521233863237798,-1.6541632717735582,-4.512828940615326,0.0
0.5232625426304941,-0.19272024415252104,-0.03204464950970274,-0.48498786386502074,0.5885093909688313,-0.177832121322133,-1.9982823916985926,-0.0002553370579484232,-1.643687905324785,-4.516475936763421,-1.6527608768836162,-4.507994008108456,0.0
0.5232597402787992,-0.19258636087511308,-0.03183061174851964,-0.48689823830168943,0.5914344853514566,-0.18248235316554393,-1.9971746880925325,-0.0002187799682525451,-1.6414528028587745,-4.509324707840379,-1.650598930546062,-4.500769623056957,0.0
0.5232570780261032,-0.19241153764755642,-0.03154627320649835,-0.48871311387018046,0.5948807521909261,-0.18855042619872073,-1.9951805901318127,-0.00018486863025868477,-1.6385846965734308,-4.499834213685704,-1.6478003230679388,-4.491209630095061,0.0
0.5232545488681959,-0.1922015707361144,-0.031196254545201585,-0.4904372643078572,0.5988002890713614,-0.1959545967731798,-1.9923349450098224,-0.00015341357532137068,-1.6352145314392377,-4.488182135258722,-1.644496182266483,-4.479491527335342,0.0
0.5232521448244237,-0.1918439729338885,-0.030778102963805825,-0.49207572629372487,0.6054653883762768,-0.2083548817366493,-1.986595242961124,-0.00014577484889296944,-1.6281264811662854,-4.473430125169486,-1.6374708901888468,-4.464676759050791,0.0
0.5232498622902205,-0.19158685729830194,-0.030303392690928077,-0.49363177076061526,0.610167918273915,-0.21819037040783873,-1.9821544384275618,-0.00011729656391198979,-1.624365886827989,-4.457825421013038,-1.6337698820065913,-4.449012468738302,0.0
0.5232476938624366,-0.191310113376829,-0.029768910086949624,-0.49511003099009804,0.6152446327640541,-0.22919311714503968,-1.9769301770550896,-9.099373365869577e-05,-1.6205035849434943,-4.440348972839996,-1.6299641875000332,-4.431479413187324,0.0
0.5232456326070971,-0.1909116712370901,-0.029174637307002007,-0.49651484449492433,0.623044839609235,-0.2452160867253806,-1.968732982650349,-8.604401976100009e-05,-1.6136045343797656,-4.420212797208166,-1.6231189465493776,-4.411289427942421,0.0
0.5232436756225434,-0.19061916294404493,-0.028529048168349634,-0.4978489757907051,0.6286383250537646,-0.25817253837539944,-1.9621224190678443,-6.236327867328669e-05,-1.610149043619543,-4.399416988870141,-1.6197145433859264,-4.390442532007624,0.0
0.5232418164648547,-0.19031983421708334,-0.02782944372478096,-0.4991164175828842,0.6344860250325981,-0.2720711402847739,-1.9548320303010644,-4.0590566908771496e-05,-1.6069155268230313,-4.377014022948481,-1.616529560390129,-4.36799103228525,0.0
0.5232400502386985,-0.1900175418256937,-0.027079520248998058,-0.5003205048318531,0.6405380409697881,-0.2868084473280669,-1.9469135114164209,-2.0653007934137786e-05,-1.6039863073721694,-4.353140012397028,-1.6136464487378717,-4.344070913935192,0.0
0.5232383722984278,-0.18971562357303834,-0.02627889986899664,-0.5014644040152674,0.6467412660107009,-0.3022805457348895,-1.938418784994112,-2.4068600074332117e-06,-1.6014602241847085,-4.32780990813155,-1.6111641686227385,-4.318697006597385,0.0
0.5232367782289262,-0.18941633084807105,-0.02543111941753333,-0.5025511240712914,0.6530520890795373,-0.3184037191104599,-1.9293881112175522,1.425905545293235e-05,-1.5993746717835626,-4.301142845395175,-1.6091202298254244,-4.291988330257178,0.0
0.5232352627713756,-0.18904336313031822,-0.024534922114424224,-0.5035838803133365,0.6617709962268519,-0.3390383920056718,-1.9175175939659077,1.405062673395938e-05,-1.5955452110766886,-4.27251400424171,-1.605330330536714,-4.26331992768555,0.0
0.5232338241340359,-0.18876411458181597,-0.02359526252913371,-0.5045646477635635,0.6679923441052172,-0.35588715011337485,-1.9077234998033856,2.8976670511088402e-05,-1.5947471158191493,-4.243357530138319,-1.6045697912855172,-4.234125897575816,0.0
0.5232324563972135,-0.18842197835272548,-0.022611119789939134,-0.5054967221137793,0.67650764740598,-0.3770342782754976,-1.895167862598822,2.8273344823992807e-05,-1.592484859060691,-4.212435729247487,-1.6023432396567379,-4.203168391555306,0.0
0.5232311580338982,-0.18816454665772017,-0.021585584025176307,-0.5063818680514743,0.6825068051536165,-0.3942935912963761,-1.8847904901412498,4.157366860517812e-05,-1.5929786825738188,-4.180976346619361,-1.6028709572858864,-4.171675114811158,0.0
0.5232299245625717,-0.18791411646115577,-0.020520277127943763,-0.5072227703316169,0.6884438348367408,-0.41182340363349984,-1.8740859691576468,5.361348953471474e-05,-1.5939816149740536,-4.148426501221659,-1.603906089779697,-4.1390930693198795,0.0
0.5232287527356552,-0.18767137339430764,-0.019414278019054237,-0.5080216414682707,0.6942913536415496,-0.4295481069702943,-1.8631008295543812,6.444922895304772e-05,-1.5955204376661003,-4.114765041101964,-1.605475503321775,-4.105401018350154,0.0
0.5232276394706831,-0.18743647156262772,-0.018269642745970684,-0.5087805824132805,0.7000275719421406,-0.44741603273852043,-1.851865213126371,7.416800068451586e-05,-1.5975836770383345,-4.080052319660652,-1.6075678047690694,-4.070659234833782,0.0
0.5232265818404724,-0.18720904764239193,-0.017086386049835617,-0.5095015887663287,0.7056474397014715,-0.465412659829378,-1.8403898400406327,8.286562641634387e-05,-1.600160733920574,-4.044285996493073,-1.6101724713662824,-4.03486530195123,0.0
0.5232255761927529,-0.18693920113134468,-0.0158677317260034,-0.5101868188610763,0.713284019406062,-0.4871513220112146,-1.8263733415881491,7.933960507859021e-05,-1.6017917676533213,-4.007173764996854,-1.6118297577973937,-3.9977268177566474,0.0
0.5232246216801995,-0.1867323187306457,-0.01461314200063271,-0.5108375306161266,0.7184447024203605,-0.50496485104685,-1.8146721903119822,8.701595715840578e-05,-1.6055113705096073,-3.9695133898575694,-1.6155742784550757,-3.960041524815966,0.0
0.5232237148646606,-0.18653234887311013,-0.01332364924152144,-0.5114557181846896,0.7234428859988666,-0.5227869533794816,-1.802803886481419,9.381376890901106e-05,-1.6096997371056672,-3.930902081009999,-1.6197863177094143,-3.9214065433101166,0.0
0.5232228533592889,-0.18633898606063096,-0.012001084403125776,-0.5120430078525751,0.7282733042602897,-0.5405993950944757,-1.7907797051876013,9.977560132721919e-05,-1.6143339227381481,-3.891390162957417,-1.6244429931663344,-3.8818721354330954,0.0
0.5232220349004651,-0.1861520327419266,-0.010646230334415991,-0.5126009434830047,0.732931876801634,-0.5583803837615576,-1.7786196477182,0.00010498896308987763,-1.6194021760307218,-3.85099865263456,-1.6295326125418856,-3.841459259027261,0.0
0.5232212573349733,-0.18597130636759943,-0.009258856137503187,-0.5131309925995807,0.7374037955946138,-0.5761038216333664,-1.7663342803684752,0.0001095005315898354,-1.6249010010661729,-3.80971953039979,-1.6350517361291244,-3.800159838240704,0.0
0.5232205186182424,-0.18579655038833143,-0.00784068239403442,-0.513634549093869,0.7416826864098306,-0.5937520698419925,-1.7539351299112778,0.00011336532412696928,-1.6308097165424829,-3.7676003199160495,-1.6409797360000946,-3.7580213433623024,0.0
0.5232198168079695,-0.185627617347714,-0.006392387277366264,-0.5141129371835402,0.745761662308266,-0.6113004649390738,-1.7414402218540581,0.00011663458806361566,-1.637118823315519,-3.7246594102756254,-1.6473071637149923,-3.715062112780017,0.0
0.5232191500582083,-0.18546403047509075,-0.004914624435208197,-0.5145674151067599,0.7496496769897645,-0.6287592382819613,-1.7288475158268868,0.00011934695209424023,-1.643809543106129,-3.68091194279327,-1.6540152891835778,-3.6712972396196863,0.0
0.5232185159250532,-0.1852717778348851,-0.0034077008885603716,-0.5149993594194789,0.7553441869997073,-0.6495050796315295,-1.7138773567546899,0.00011375451911017849,-1.6499014441034303,-3.636104317789696,-1.6601237443937704,-3.626473060403221,0.0
0.5233237789524439,-0.18504032067702855,-0.0018672726715446796,-0.5155153931016986,0.7585677178735675,-0.6656654606072951,-1.7019734771294084,0.00011213697745684886,-1.6578882303550462,-3.5900320548609703,-1.6625949228573884,-3.5803810277481554,0.0
0.5234290534321581,-0.18481250567410337,-0.00029970762895329523,-0.5160109040406644,0.7616149644073891,-0.6817518604279954,-1.6899702215762717,0.0001101386589548772,-1.6661840926030063,-3.543206572003447,-1.665375364916874,-3.5335365606956546,0.0
0.523534149887753,-0.18458830612751628,0.0012934516319274884,-0.5164867291652043,0.7644910521061372,-0.6977637399463726,-1.6778735600274595,0.00010780215549101513,-1.6747712860437347,-3.495671975868952,-1.66845718640742,-3.4859837338715165,0.0
0.5236390167540191,-0.18436760964800816,0.0029126875720414764,-0.5169437921898962,0.7671853302633832,-0.7136935181767203,-1.6656797136769959,0.00010515501033017638,-1.6836488288204845,-3.4474134816744275,-1.6718420623502053,-3.4377077271238705,0.0
0.5237433761501477,-0.1841220880256175,0.004555214080228281,-0.5173829041321206,0.7716572266176587,-0.7328243779481562,-1.6511203341141645,9.591241196843926e-05,-1.6919731967010894,-3.3982929594997167,-1.6747009357620235,-3.388570369478242,0.0
0.5238474179263554,-0.18391085963724726,0.0062243785948228846,-0.5178047970676205,0.773860357823973,-0.7483380389895872,-1.6389056555727786,9.332175258166564e-05,-1.7014752066301193,-3.348669475115274,-1.678754704458742,-3.338930719756121,0.0
0.5239507625814332,-0.18370299797191267,0.007916215208261211,-0.5182101035115617,0.7758864864681193,-0.7637594747516345,-1.6266081450181054,9.048380976731021e-05,-1.711224894356774,-3.298418818562129,-1.683093182871872,-3.2886645327229935,0.0
0.5240534287311872,-0.18349850188283004,0.009632335039874228,-0.5185996364636509,0.7777246391921754,-0.7790676058458035,-1.6142373104401784,8.741999555861219e-05,-1.7212350297727448,-3.2474946076117326,-1.6877281378238078,-3.23772539502203,0.0
0.524155177816002,-0.18327215838713257,0.011370244457820432,-0.5189740654610517,0.7812997824844056,-0.797503122488915,-1.5994986055754759,7.882571140342385e-05,-1.730754942058373,-3.195774610881463,-1.6919213190541469,-3.1859910405067997,0.0
0.5242560916908938,-0.18307615249213652,0.013131888603366178,-0.519333870127824,0.7826540834853357,-0.8123991870997092,-1.5871085869362171,7.58971757113523e-05,-1.7413026086055496,-3.1436041962385657,-1.6971864312046947,-3.133806837987944,0.0
0.5243559009535158,-0.18288342654114417,0.014914667967284965,-0.5196796281622547,0.7838171654101964,-0.8271745577806994,-1.5746489039216724,7.279747469983443e-05,-1.7520727112116583,-3.090849996691157,-1.7027321894478544,-3.0810393882102685,0.0
0.524454621518717,-0.18269384529201074,0.016720270285674254,-0.5200120025024796,0.7847970569186191,-0.8418350167908103,-1.5621211675536164,6.954434933321131e-05,-1.7630746954933822,-3.0374623970164585,-1.7085671830997344,-3.027639050573071,0.0
0.5245519936257821,-0.18250750636211968,0.018545348270699757,-0.5203313478030229,0.7855883846899463,-0.8563788909677514,-1.549523066786802,6.617711415004669e-05,-1.774278828869454,-2.9835383980247454,-1.7146752282964255,-2.9737028123603215,0.0
0.5246480866661443,-0.18232431550089345,0.020392635100087632,-0.5206383176027819,0.7861921485643268,-0.8707997336987946,-1.5368604740597394,6.270380945370544e-05,-1.785705173214872,-2.9289986303058897,-1.7210727389198912,-2.9191512791321084,0.0
0.5247426525975297,-0.18214449724827494,0.022258825917482336,-0.5209332183462289,0.7865952945855897,-0.8850757479560162,-1.5241434328658463,5.916029653610046e-05,-1.797328314543161,-2.8739398560929743,-1.7277472397227378,-2.8640812014429256,0.0
0.5248357059011225,-0.18196782190850724,0.024145663110236106,-0.5212165914684747,0.7868119340081773,-0.899231101300697,-1.5113622760250507,5.556317618443627e-05,-1.8091553859299738,-2.818310167955257,-1.7347050869964775,-2.8084406511481386,0.0
0.5249271093869812,-0.1817944909668743,0.02605189017333371,-0.5214888003778141,0.7868226941259432,-0.9132325022839083,-1.4985311874939284,5.193519524893225e-05,-1.8211789551840896,-2.762147234550289,-1.7419459974292313,-2.7522672830255908,0.0
0.5250167776289146,-0.1816244341336694,0.027977263295813223,-0.5217502352502584,0.786633235551249,-0.9270901705733066,-1.485645966654905,4.829550506042083e-05,-1.8333929061205736,-2.7054575106752368,-1.7494683000729117,-2.6955675369628893,0.0
0.5251046267484595,-0.1814576836184154,0.029921558606319117,-0.5220012641620105,0.7862438770747849,-0.9407979076776805,-1.4727123644859639,4.465834481462679e-05,-1.8457942734895694,-2.6482476657029976,-1.7572733949454735,-2.6383480682620335,0.0
0.5251905747602094,-0.18129424025723054,0.03188455610835201,-0.5222422341131875,0.7856474883726194,-0.9543510216886298,-1.4597302702419879,4.104721741266831e-05,-1.858379277442763,-2.5905240190847105,-1.765361769458311,-2.580615183132647,0.0
0.5252745395385652,-0.18113412646600124,0.03386605155905462,-0.5224734711671873,0.7848388189463088,-0.9677405050373546,-1.446700707847593,3.746825607282185e-05,-1.871144884904988,-2.5322926045305176,-1.773734665882003,-2.5223749028098656,0.0
0.5253563984668361,-0.18097734394399373,0.03586484531762078,-0.5226952397274561,0.7838273468632019,-0.98097713431638,-1.4336255613372253,3.394776573873844e-05,-1.8840787978403541,-2.473587937844519,-1.7823861779962018,-2.4636617330313753,0.0
0.5254361152541505,-0.18082390167447998,0.03788176219114841,-0.5229078718444485,0.7826061731315298,-0.9940489538015164,-1.4205081861848958,3.0491114118094298e-05,-1.8971866941632953,-2.4143863485400354,-1.7913238657781703,-2.404451990607806,0.0
0.5255135729985789,-0.18067383717308416,0.039915620998638685,-0.5231116002827841,0.7811730275625439,-1.0069528522354725,-1.4073495851447106,2.7113795865249662e-05,-1.9104576189756384,-2.3547221012521034,-1.8005428689662724,-2.344779931299475,0.0
0.525588733869334,-0.18052714769323328,0.041967264327179725,-0.5233067192944925,0.7795238339216143,-1.0196822234208194,-1.3941535606427375,2.3828389460210524e-05,-1.9238970211188897,-2.2945709273153296,-1.8100506003323835,-2.28462127520604,0.0
0.5256614497128351,-0.18038388254242937,0.04403452259945604,-0.5234933964499645,0.7776578471916784,-1.0322367493456,-1.3809188906141616,2.0648491560429286e-05,-1.937485932659918,-2.2339956268948855,-1.8198358207416256,-2.224038816114497,0.0
0.5257317180529769,-0.18024404738677335,0.04611926499968977,-0.5236719289854532,0.7755729897726418,-1.0446058879732345,-1.3676552302392018,1.758258728233729e-05,-1.9512388350300292,-2.17294246130208,-1.8299131295481732,-2.1629788039802667,0.0
0.5257994315068215,-0.18010761403656642,0.048220341074495646,-0.5238424946211947,0.7732685481853891,-1.0567962638748658,-1.3543533616797279,1.4638661737633834e-05,-1.9651434094094866,-2.111444320281978,-1.8402758076741421,-2.1014741217705613,0.0
0.5258645176759527,-0.17997465738956864,0.05033762218348052,-0.5240052913378193,0.7707407119528346,-1.0687946865211544,-1.3410249687130547,1.1831084817496455e-05,-1.9791990409857096,-2.049505483203404,-1.8509270127301576,-2.039529041317998,0.0
0.5259268761838135,-0.17984511545943663,0.052469973360622195,-0.5241604759874657,0.7679941481748628,-1.0806176330200075,-1.3276572730099012,9.168568928206134e-06,-1.9933927664175914,-1.9871581435445282,-1.8618590161142452,-1.977175750127011,0.0
0.5259864852406978,-0.1797044091175987,0.05461899902546111,-0.5243084018498075,0.766819179908746,-1.0953446174879673,-1.3118113823356135,4.621187655308012e-06,-2.007316864144104,-1.9242447942877157,-1.8726652149987173,-1.9142567222612739,0.0
0.5260432361221162,-0.17958274450867892,0.05678219151491064,-0.5244489207749149,0.7635140387845708,-1.106600636781401,-1.2985180250122768,2.4859190212611852e-06,-2.0218186881652613,-1.8610683107148691,-1.8841986571672789,-1.851074850223571,0.0
0.5260971042892367,-0.17946449439800638,0.05896212708888618,-0.5245823701256804,0.7599845540439175,-1.1176640313548831,-1.2851944663077524,4.949815888327126e-07,-2.036467716970656,-1.7974352181623294,-1.8960300832488102,-1.7874366403041972,0.0
0.5261479708638537,-0.179349706690636,0.06115669688970703,-0.5247088398191232,0.7562371479296129,-1.1285398764863304,-1.2718424774141122,-1.3134464013849128e-06,-2.05124626827078,-1.733406587010117,-1.908148014322294,-1.7234031595579766,0.0
0.5261957714007862,-0.1792384480828988,0.06336580595150358,-0.5248284656388001,0.7522535868212508,-1.139202508236957,-1.2584696059241745,-2.9817222506662776e-06,-2.066154011079461,-1.6689856813351396,-1.9205554788156662,-1.6589776667591145,0.0
0.5262404403209548,-0.17913064886268268,0.06558936368252972,-0.5249413704611668,0.748046281723693,-1.1496750286775879,-1.245064488760549,-4.476625063332519e-06,-2.0811867004627604,-1.6041746007576894,-1.9332516511146547,-1.5941622569293168,0.0
0.5262819124450617,-0.17902637986408557,0.06782728777540616,-0.5250476684708444,0.7436122612032134,-1.1599449362473258,-1.231638889454854,-5.787349533838924e-06,-2.0963442179224048,-1.5389762818221082,-1.9462398114406172,-1.5289598622871055,0.0
0.5263201241294554,-0.17892566346535227,0.07007949830087842,-0.5251474669517007,0.7389470528396369,-1.1700035569800913,-1.2181942459762543,-6.9103480564185575e-06,-2.1116251168226534,-1.4733932256043238,-1.959521831944945,-1.4633729798270065,0.0
0.52635501191753,-0.17882854809659343,0.07234591971865315,-0.5252408642269755,0.7340440597612582,-1.179838907487835,-1.2047391516785784,-7.834482161346522e-06,-2.1270287466717055,-1.4074280083221569,-1.9731003715239637,-1.3974041820521719,0.0
0.5263865124570972,-0.17873503161728013,0.0746264799046879,-0.5253279511455616,0.7289039597033912,-1.1894517410912695,-1.1912718240629923,-8.555236056602703e-06,-2.142553038472996,-1.341082725001051,-1.9869766653851986,-1.3310555605410461,0.0
0.5264145502876493,-0.17864510848466922,0.0769201079094234,-0.5254087985618692,0.7235311411282542,-1.1988502319173944,-1.1777885108873285,-9.064991717892243e-06,-2.1581879012582,-1.2743881936437416,-2.0011445597224835,-1.2643579306256902,0.0
0.5264390763345366,-0.17855882959610606,0.07922774272465337,-0.5254834963172504,0.717915560716152,-1.208014926836149,-1.1642998842914316,-9.357261085350842e-06,-2.1739408927650485,-1.2073178203653225,-2.015614171086449,-1.1972846950208187,0.0
0.526460027645599,-0.17847617540468008,0.0815493229188848,-0.5255521136263812,0.7120627777716065,-1.2169558298844336,-1.1508006791655867,-9.426847698421589e-06,-2.1898095592564673,-1.1398732686738957,-2.0303863298920666,-1.129837514621166,0.0
0.5264773339891824,-0.17839723316633574,0.08388379023536378,-0.5256147056473883,0.7059663469213064,-1.2256519287646266,-1.1373066262099016,-9.266086264295072e-06,-2.2057867400921727,-1.0720857083703546,-2.045457540264643,-1.0620475571615884,0.0
0.5264909373058119,-0.17832198178165612,0.08623109044060591,-0.5256713336309887,0.699632004424689,-1.2341132710466367,-1.1238125768065597,-8.870462650089156e-06,-2.221870137308156,-1.0039565906058556,-2.060828533247322,-0.9939162714846519,0.0
0.5265007796997697,-0.1782504298831098,0.08859117120785114,-0.5257220529412878,0.6930483955112449,-1.2423246774465044,-1.1103225955774898,-8.234532389883651e-06,-2.238058672089097,-0.9354876197757214,-2.07650125071145,-0.9254453599064529,0.0
0.5265068018028937,-0.17818263107882984,0.09096398598132581,-0.5257669118341771,0.6862268071990051,-1.2502906373584564,-1.0968434473422337,-7.353081692101484e-06,-2.254351769679645,-0.8666804934774283,-2.0924782157378603,-0.8566365182176509,0.0
0.5265089473551392,-0.17811855677032856,0.09334948742337056,-0.5258059562900116,0.6791583519435858,-1.2580087357861294,-1.0833689750799351,-6.221004100166881e-06,-2.270747035862149,-0.7975364153923752,-2.1087599697562838,-0.7874909483804935,0.0
0.5265071571347849,-0.1780582937558581,0.09574763311343949,-0.525839224235738,0.6718427843195252,-1.2654599357941207,-1.0699180111646753,-4.833245077425738e-06,-2.2872453654204614,-0.7280573303757453,-2.125350498137856,-0.7180105938402027,0.0
0.5265013749329585,-0.17800183394485408,0.09815838119627558,-0.5258667517657664,0.664275222567541,-1.2726406906856162,-1.0564893437843519,-3.185047415911459e-06,-2.3038450131362205,-0.6582444470967855,-2.142250989019064,-0.6481966619260717,0.0
0.5264915470937984,-0.17794916934494026,0.10058069342514046,-0.5258885729245439,0.6564599634218518,-1.2795575512323176,-1.0430808359920347,-1.2719703758582261e-06,-2.3205367163152726,-0.5881276551318211,-2.159454979844793,-0.5780790409526915,0.0
0.5264776193171424,-0.17790033802074257,0.10301453380007533,-0.525904716733466,0.6483993021457871,-1.2862042533363278,-1.0297012548380582,9.104839384341526e-07,-2.337320167493679,-0.5177083529163022,-2.17696499712284,-0.5076591282871934,0.0
0.5264595242656479,-0.17785536644118516,0.10546186457144162,-0.52591519382851,0.6400921690595373,-1.2925760251346072,-1.0163543143179194,3.4135407910408717e-06,-2.354209624783177,-0.4469303428014467,-2.1947988144926525,-0.43688072609041106,0.0
0.526437229404415,-0.1778142394245834,0.10791965744935234,-0.5259200494762946,0.631529477553854,-1.2986592494253915,-1.0030436503009805,6.145276789342431e-06,-2.3711810232233486,-0.3758807445538404,-2.212934063612274,-0.3658309520831436,0.0
0.5264106732331989,-0.17777698894204821,0.11038887989670923,-0.5259192922656342,0.6227183257866727,-1.304457021824268,-0.9897743560442877,9.159354884718503e-06,-2.388241362955298,-0.30453203965429865,-2.231380955481468,-0.2944822876447229,0.0
0.5263797906865588,-0.17774367641825875,0.11287049961433952,-0.5259129250482347,0.6136567005829533,-1.3099523943455347,-0.9765614569299248,1.2461133912378958e-05,-2.405398410537009,-0.23285693147922834,-2.250150653699804,-0.2228074360922272,0.0
0.5263446566560104,-0.1777140018452934,0.11535775575362818,-0.5258777445413061,0.6043800042384194,-1.315229500991034,-0.9633246938440999,1.6657136309839582e-05,-2.4225938132933127,-0.16104735185103725,-2.269181786699202,-0.15099922048059844,0.0
0.5263051549197975,-0.17768829142871173,0.11785553118583138,-0.5258382008631081,0.5948541098831429,-1.320200641400351,-0.9501509786506052,2.1352375204923586e-05,-2.439871949130544,-0.08896581805011652,-2.2885238623127244,-0.07891922001790291,0.0
0.5262610635245165,-0.177666818223963,0.12037164127298261,-0.5258174200802893,0.5850430222163719,-1.3247887354053025,-0.9371109170330888,2.0912670422892022e-05,-2.457295285761878,-0.01639004111129226,-2.3082500299357265,-0.006344239117130182,0.0
0.5262124844964072,-0.17764925879281684,0.12289704098804316,-0.5257909879000026,0.5749769021573896,-1.3290553746382348,-0.9241410315773403,2.0465571429768404e-05,-2.474788069620441,0.056422510761697645,-2.3282801629428174,0.06646730023282449,0.0
0.5261593097434464,-0.17763566541234554,0.12543469351690498,-0.5257588543097627,0.5646592031423661,-1.33300386759531,-0.9112424350201132,2.001320704020704e-05,-2.492371942055886,0.1295566142264021,-2.34864154814088,0.13960017277370926,0.0
0.5261016751558526,-0.1776258384227414,0.1279774144328097,-0.525701187967743,0.5541308062268722,-1.3366955185070795,-0.8983675533031221,2.0552149317501074e-05,-2.5099898611926075,0.20280731052857637,-2.3692708084228062,0.21284866008294323,0.0
0.5260392631673656,-0.1776202044272677,0.1305357419584893,-0.5256587681451529,0.543319062156306,-1.3399925580994505,-0.8856354667938665,2.0070846959598605e-05,-2.527727380789336,0.2764737252373264,-2.3902685157397383,0.2865134498388118,0.0
0.5259721225676341,-0.177618594329523,0.13310526020646804,-0.5256106216369686,0.5322614278596115,-1.3429467808241722,-0.873004181906471,1.9588023626199358e-05,-2.5455471907203115,0.35043035297247405,-2.4115956160417364,0.3604682332520734,0.0
0.5259004200283215,-0.17762073564879363,0.13567915609754597,-0.5255388901287392,0.5209889985949797,-1.3456289208598782,-0.8604114616233987,2.0080462903336743e-05,-2.5633938111895684,0.424483440410698,-2.4331886116062322,0.43451857291074825,0.0
0.5258239207041424,-0.1776269166133693,0.13826435521859748,-0.5254623617392863,0.5094658052084272,-1.347955003377608,-0.8479283522294563,2.0574466300448327e-05,-2.5813230252881643,0.4988296071124055,-2.4551148272140666,0.5088618080814081,0.0
0.5257424233007062,-0.1776373390064653,0.14086475087463005,-0.5253989128517561,0.4976745551836728,-1.3498720862646767,-0.8356150410913064,2.0045884639983482e-05,-2.5993658789227894,0.5735788744969637,-2.4774151336772037,0.5836086449642263,0.0
0.5256562467505168,-0.17765152443483193,0.14346957070642807,-0.5253127084968869,0.4856643473593776,-1.3514873508801843,-0.8233662514334754,2.051880175383385e-05,-2.617434337945633,0.6484254735382727,-2.4999862179244636,0.6584519418225866,0.0
0.5255649677385718,-0.17766995120024506,0.14608939416350017,-0.5252385782540853,0.4733850607109673,-1.3526736425658268,-0.8113051428060329,1.9971445436519036e-05,-2.635613045004354,0.7236693757579999,-2.522933489904978,0.7336930043757548,0.0
0.5254687038689193,-0.17769238209236332,0.14871930653195514,-0.5251586070565117,0.46087286442927755,-1.353504461044132,-0.7993706727436765,1.9429039363053188e-05,-2.653860762471009,0.7991711775920549,-2.5462102580841908,0.8091917427969996,0.0
0.5253674098008454,-0.1777188214549827,0.15135929683916444,-0.5250727923036018,0.448120044889994,-1.3539514512703466,-0.7875836613127151,1.8892426866254273e-05,-2.6721767725586396,0.8749303898965682,-2.5698181720373108,0.8849476678428329,0.0
0.525261119487396,-0.17774919234456354,0.15400737794075478,-0.5249812085736498,0.43513744699981716,-1.354033046448945,-0.7759354628267812,1.8361990296075153e-05,-2.6905449698886637,0.9508902818927187,-2.593739350822521,0.9609040515912634,0.0
0.5251497060807256,-0.1777829700615589,0.15666553769016045,-0.524883767578448,0.4215229598731426,-1.3527718901682606,-0.7650024913214045,1.7838718038256723e-05,-2.7089625894354437,1.0271119235373312,-2.6179776555889633,1.0371219606171078,0.0
0.5250331069768892,-0.17782043619349314,0.15933375156793625,-0.5247804433840992,0.4077039250502085,-1.3511526218869536,-0.754226383722302,1.732286176276949e-05,-2.727436357609189,1.1035923042889713,-2.642543082325207,1.1135983833854965,0.0
0.524911555688449,-0.17786135624294247,0.16200634231579672,-0.5246588712509227,0.39369235517067913,-1.34920475062426,-0.7435742086438596,1.767927325231661e-05,-2.7459223293768837,1.180169972326234,-2.6673799678337637,1.1901713944257224,0.0
0.5247847986837358,-0.17790588736759258,0.1646881024756561,-0.5245320933334254,0.3794756738542145,-1.346881002049304,-0.733097151237971,1.8036778354525016e-05,-2.7644558092051867,1.256981207089193,-2.692536354004517,1.2669777727765192,0.0
0.5246525908405462,-0.17795409112691918,0.16738278998446102,-0.5244124996560737,0.36503370462974544,-1.3441216116107377,-0.72285127510372,1.749560156948317e-05,-2.783061694178463,1.3341332474800824,-2.7180494612632145,1.344125231957994,0.0
0.5245152794677993,-0.1780057137399,0.17008289934236998,-0.5242751682972645,0.3504078284540514,-1.341020732209946,-0.71275172993389,1.7837514693934617e-05,-2.801684173950858,1.4114124369301941,-2.7438463007529155,1.4213991607310545,0.0
0.5243724294597796,-0.17806090977207206,0.1727957971138162,-0.5241443036861901,0.3355571289739504,-1.3374781338074375,-0.7028892141290591,1.729048278044619e-05,-2.8203737997326694,1.489028875156583,-2.7699992135965443,1.4990105859985512,0.0
0.5242242452724227,-0.17811949056733115,0.17551673287962727,-0.5240075066004033,0.32050717863298683,-1.3335230653742436,-0.6932433620763775,1.6754425751253916e-05,-2.8390942695797037,1.5668474242986765,-2.7964616980681063,1.576823894929697,0.0
0.5240706374773584,-0.1781814510115885,0.17824668784827896,-0.5238647174678207,0.30525892270057314,-1.3291632769531203,-0.6838083994716178,1.622978831509803e-05,-2.8578511183712854,1.6448961790869896,-2.8232439604312023,1.6548671799730121,0.0
0.5239118252780621,-0.1782465791861942,0.18098147042563342,-0.5237058879720392,0.28982694522393676,-1.324411311157106,-0.6745711766967784,1.6526467826814032e-05,-2.876612031325035,1.723056227679629,-2.8503026260899715,1.7330211443712569,0.0
0.5237473765584905,-0.17831501187914334,0.1837276292229793,-0.5235517186853677,0.27418162970196924,-1.3191948807019873,-0.6656028416991254,1.5999077034871148e-05,-2.8954209038443275,1.8015143031230778,-2.8777033584883784,1.8114733141363855,0.0
0.523577390283845,-0.17838665207431298,0.18648279896272257,-0.5233914987043908,0.2583453023891277,-1.3135527424154245,-0.6568737565623385,1.548405386174423e-05,-2.914259647063712,1.8802031420519625,-2.9054233120324153,1.8901560156063215,0.0
0.5234021555704355,-0.17846116042809207,0.18924205208958975,-0.5232162482685316,0.24232059167901968,-1.3074880537456715,-0.6483695254774662,1.5754190624370572e-05,-2.9330884172230345,1.9589836384693011,-2.9334078920299866,1.9689297988013188,0.0
0.5232211116198603,-0.1785388287603703,0.1920134115982245,-0.5230444838453805,0.22609675475106292,-1.3009440273517334,-0.6401619547193041,1.523852785750709e-05,-2.951963635631062,2.0380837394011957,-2.9617420900693996,2.048023320047649,0.0
0.5232210984094949,-0.17846569807516666,0.19484938775541416,-0.5230532869514488,0.21056632701455447,-1.2945379651690316,-0.6325136087710485,1.473575412073842e-05,-2.971744808065699,2.1201978567640825,-2.9815236150084106,2.1301377746262924,0.0
0.5232210858296018,-0.17839094159911478,0.19769139025333593,-0.5230616506112772,0.19488700491261904,-1.2877390503228316,-0.6251119005255233,1.4245646764083806e-05,-2.991525742385638,2.2024978185003277,-3.00130488574906,2.212438056744668,0.0
0.5232210855302328,-0.1783144809237111,0.20053682211011659,-0.5230616367184404,0.1790615020613485,-1.280560107164021,-0.617937569685481,1.4479827909113461e-05,-3.0112842959300057,2.284909704157788,-3.0210634554558276,2.2948499418699435,0.0
0.5232210735164442,-0.17823611198665468,0.20339027576168234,-0.5230695834606174,0.16307796261445429,-1.272946187407945,-0.6110548958056072,1.3991515578863432e-05,-3.0310497245688053,2.367566833599434,-3.0408292069293585,2.3775073757230842,0.0
0.5232210620705046,-0.178155735659702,0.20625002948815835,-0.523077133504235,0.14694119022113766,-1.2649159549769533,-0.6044380437693835,1.3516276239518263e-05,-3.050806053425302,2.4504206226572998,-3.0605858441690055,2.4603614539963305,0.0
0.5232210617093256,-0.17807329384496776,0.20911267243905526,-0.5230771208054539,0.1306621505136944,-1.2564802399649884,-0.5980780363436988,1.372918226456912e-05,-3.070525428743124,2.5333735761483416,-3.0803052388306194,2.5433144070009273,0.0
0.523221050767513,-0.17798853372582907,0.2119833772341902,-0.523084294485128,0.11422301338146763,-1.247595241388429,-0.592021905777545,1.3257048623289408e-05,-3.0902402119915076,2.6165761040548787,-3.100020318558584,2.626517209705678,0.0
0.5232210503577421,-0.17790146578346852,0.21485720734661684,-0.5230842823035647,0.09764792276551126,-1.2382973733400273,-0.5862356861877142,1.3460333448402814e-05,-3.1099128878216264,2.699886448179704,-3.1196930162496916,2.7098275533638705,0.0
0.5232210499123587,-0.17781190318382958,0.2177367250641951,-0.5230842700565573,0.08092735565148146,-1.2285691250186506,-0.5807378010012642,1.3664074048112007e-05,-3.129557716911969,2.783379592745922,-3.1393378690628744,2.7933206974609495,0.0
0.5232210394052108,-0.17771951084200657,0.22062444685698948,-0.5230910866683574,0.064047690133658,-1.2183570216545714,-0.5755779080301984,1.3185791430861564e-05,-3.1491843515310576,2.8671303550905685,-3.1589647911454772,2.8770717209258057,0.0
0.5232210389058374,-0.1776243432554163,0.22351555501802164,-0.5230910749076829,0.047028345756836495,-1.2077212859096604,-0.5706965933386834,1.3380337277889234e-05,-3.168757445357085,2.9510000404046535,-3.178537911494567,2.960941405789381,0.0
0.5232210288416033,-0.17752601631590048,0.22641490482027693,-0.5230975517223933,0.02985545202671304,-1.1965943439171596,-0.5661647405704314,1.290683034095708e-05,-3.1883031629306022,3.0351309737380108,-3.1980839064232582,3.045072587226527,0.0
0.5232210192371293,-0.17742438657014908,0.22931910621658738,-0.523103705200453,0.012530706486984206,-1.1849928080400365,-0.5619596355661338,1.2447727935062681e-05,-3.2077913513661174,3.119426909796782,-3.217572360595505,3.129368759003208,0.0
0.5232210100698389,-0.1773193387063462,0.23222921594942467,-0.5231095514959531,-0.004933966418864691,-1.1729236582316676,-0.5580842746512272,1.2002518683178274e-05,-3.2272268490208478,3.203919125279533,-3.2370081129284527,3.213861198436795,0.0
0.5232210013160437,-0.17721050184511064,0.2351442875264066,-0.5231151059340653,-0.022555624047289745,-1.160353418697186,-0.5545559228033093,1.1571040895676893e-05,-3.2465916869472973,3.2885832649754865,-3.256373195124347,3.2985255509035634,0.0
0.5232210007152696,-0.1770978413400782,0.23806338152134915,-0.5231150960948481,-0.04032060353978535,-1.1473157791461812,-0.5513477974387594,1.1731222044949264e-05,-3.26587772066398,3.373392683546949,-3.275659260584668,3.3833349690981205,0.0
0.5232210000684044,-0.17698098195392484,0.24098660482029255,-0.5231150861911111,-0.05823886087995051,-1.1337735492823016,-0.5484936258899168,1.1891669009450618e-05,-3.2850748766738107,3.458353243722024,-3.2948564507470435,3.4682955288938184,0.0
0.5232209916105943,-0.17685945683165685,0.24391802305055194,-0.5231203641203784,-0.07632261202085383,-1.1196813797544343,-0.5460351242112739,1.1458336859525982e-05,-3.304201001971592,3.5435853559947668,-3.3139828154527984,3.5535278433453032,0.0
0.5232209835247871,-0.17673315520676416,0.24685358635599394,-0.5231253785639388,-0.09455947722864647,-1.1050686808370147,-0.5439461728947803,1.1038825651368857e-05,-3.3232217679991733,3.6289735255854425,-3.3330038115590943,3.6389162050215185,0.0
0.5232209757911898,-0.176601679335229,0.24979533663206194,-0.523130142672685,-0.11295997376813009,-1.089914911380173,-0.5422366454969056,1.063281022301372e-05,-3.3421414937452094,3.7145795372649157,-3.3519237585842125,3.724522399197093,0.0
0.5232209750469513,-0.1764647709880286,0.25273953971416346,-0.5231301339442405,-0.13151918652915243,-1.0742239735995591,-0.5409039380049542,1.0771561587543369e-05,-3.36092402503081,3.8002980924975103,-3.3707063290612505,3.810240954095332,0.0
0.5232209675903473,-0.17632177201587065,0.2556908567687416,-0.5231346605338062,-0.1502579796559654,-1.057938107761721,-0.5399938649089745,1.0372111615084464e-05,-3.379586225076936,3.8862681260977325,-3.3893687450230106,3.8962111610931385,0.0
0.5232209604496393,-0.1761725046530551,0.2586464718880615,-0.5231389611245502,-0.16916206310829693,-1.0410860773835016,-0.5394888345968398,9.986034454901343e-06,-3.398101345588412,3.972410128013349,-3.4078840736142415,3.9823533277491263,0.0
0.5232209596145955,-0.17601637267799514,0.26160578164804416,-0.52313895306327,-0.1882490493151231,-1.023635674002843,-0.539395138292868,1.0111816185272718e-05,-3.4164476636294405,4.058711425518429,-3.426230435562144,4.068654624945408,0.0
0.5232209587170549,-0.17585283490026965,0.26456951388731215,-0.5231389449211259,-0.20752304474388328,-1.005565931980512,-0.539737261633356,1.0237869831540384e-05,-3.434615149212973,4.14519704176622,-3.4443979683186403,4.155140240881303,0.0
0.5232209577519178,-0.17568130095132006,0.2675376976325225,-0.5231389366975769,-0.22698673519477014,-0.9868562418665475,-0.5405321487031277,1.0364115171171553e-05,-3.452587049847919,4.231872367107531,-3.462369919658915,4.241815565907599,0.0
0.5232209507041814,-0.17550103504955772,0.2705130344532373,-0.5231430234130398,-0.2466561422768991,-0.967479009741896,-0.5417977304942233,9.972645452303972e-06,-3.470362976272315,4.318820685914201,-3.4801460575017713,4.328764041261837,0.0
0.5232209439323293,-0.1753113612125899,0.2734918172183142,-0.5231469060827053,-0.2665322174632824,-0.947419273883704,-0.543540231145392,9.594492438946598e-06,-3.4878949677631366,4.405940696278375,-3.497678253823257,4.4158842003573096,0.0
0.5232209428441189,-0.175111411205096,0.27647454016373635,-0.5231468984210247,-0.28663045202751164,-0.9266482679992031,-0.5457702437847535,9.709003877037105e-06,-3.5051619421633893,4.493253380702853,-3.514945285333041,4.503196884488296,0.0
0.5232209416720813,-0.17490041714056456,0.2794608165144303,-0.5231468906662774,-0.3069537906502181,-0.9051586218332571,-0.5484955233819723,9.82362958157404e-06,-3.522138757341775,4.580753468382098,-3.5319221620011807,4.590696971870483,0.0
0.5232209349802838,-0.17467697904668064,0.28245322328702266,-0.5231505799155051,-0.3275247043390439,-0.8828777493400664,-0.5517726275427662,9.447483261098103e-06,-3.538804971254357,4.668525795061848,-3.548588583973988,4.678469439872281,0.0
0.5232209285243533,-0.17444002264866038,0.2854491714568212,-0.5231540849360191,-0.3483516627958161,-0.8597908552074653,-0.5556008278330291,9.084464933367467e-06,-3.5551097903437134,4.756504276066921,-3.56489360586597,4.766448055142252,0.0
0.5232209271861393,-0.17418831448280792,0.28844826091044873,-0.5231540776400315,-0.3694456525609511,-0.8358788154902236,-0.5599852657455007,9.188367409368541e-06,-3.571014721864864,4.844686987907499,-3.580798607535463,4.854630766703347,0.0
0.5232209257351094,-0.17392013170796544,0.2914519869476277,-0.5231540702197306,-0.39082740067592914,-0.8110860193571283,-0.5649652451223125,9.292425665722475e-06,-3.586481693632392,4.933130156099108,-3.5962656553462744,4.9430739346107115,0.0
0.5232209192594725,-0.17363348494229766,0.2944598098313693,-0.5231574005312863,-0.4125138580165564,-0.785353294129443,-0.5705871713843185,8.932150515381026e-06,-3.6014492706943098,5.021833547685745,-3.611233442932187,5.031777453769767,0.0
0.5232209176270266,-0.17332641896725767,0.2974708735498592,-0.5231573932141343,-0.43452362566130015,-0.7586541765260763,-0.5768505508650777,9.031300494259057e-06,-3.615854754371775,5.110787763154113,-3.6256390121208035,5.120731668957841,0.0
0.5232209111903231,-0.17299626933336645,0.30048701414493834,-0.5231605572988746,-0.45687751820989714,-0.7309213477292467,-0.5838090502562139,8.679089997454946e-06,-3.629635567554668,5.200066034901226,-3.6394200401625127,5.210010061909814,0.0
0.5232209049109111,-0.17263975102073525,0.3035068082843301,-0.5231635633007982,-0.47960817987034343,-0.702070985164111,-0.5915096846883606,8.339596607737879e-06,-3.642686330608292,5.289652847377994,-3.6524710159182727,5.299596989535848,0.0
0.5232208987712819,-0.17225386567172032,0.30653027294968127,-0.5231664190967261,-0.502719312708157,-0.6720913807109594,-0.5999614552087971,8.012481395525282e-06,-3.6549209549376296,5.379571826080558,-3.664705851405475,5.389516077633822,0.0
0.5232208927448603,-0.17183358576709876,0.3095564242125983,-0.523169132164679,-0.5262602426559286,-0.6408510509798688,-0.6092463301386744,7.697338172984308e-06,-3.6661872784306087,5.469833473188664,-3.675972385613093,5.479777828669934,0.0
0.5232208906043703,-0.1713745646130628,0.31258611805512276,-0.5231691253846661,-0.5502314352288666,-0.6083455726453557,-0.6193643215874713,7.778532878217373e-06,-3.6763669641137624,5.560495994259333,-3.6861521833120774,5.570440349480885,0.0
0.5232208844253202,-0.17086929068644674,0.31561873870229495,-0.5231717028164448,-0.574689179316522,-0.5744111632557561,-0.6304294686477282,7.47094711326162e-06,-3.6852391569064853,5.65159954473112,-3.6950245999839892,5.661543998684937,0.0
0.5232208818876427,-0.17031085161681597,0.31865397322638606,-0.5231716958663589,-0.5996293718707189,-0.539040558127893,-0.6424465770585307,7.548203867829169e-06,-3.6926027751378445,5.743188565623004,-3.702388350975061,5.753133019310589,0.0
0.5232208790290888,-0.16968909970214988,0.32169299247067124,-0.5231716885867348,-0.6250755462663854,-0.5021340624303823,-0.6554961761908853,7.625574570976735e-06,-3.6981749971383127,5.83537498210155,-3.707960722500991,5.845319435510278,0.0
0.5232208757877536,-0.1689918852676924,0.3247348078751513,-0.5231716809183574,-0.6510357760314214,-0.4636402309780727,-0.6696206641666644,7.703011587282636e-06,-3.7015988227762042,5.928224122594985,-3.711384717664447,5.938168575709965,0.0
0.5232208720850581,-0.16820388009603116,0.32777943060382486,-0.5231716727853375,-0.6774860488910839,-0.42353586404882193,-0.6848662807559384,7.780467373022821e-06,-3.702433565394073,6.021854590865423,-3.7122196539135444,6.0317990436688556,0.0
0.5232208642202938,-0.16730632984313434,0.33082801070462453,-0.523174120441978,-0.704364813840587,-0.38188691438870653,-0.7012337996371232,7.469091952791185e-06,-3.7001487591831883,6.116444131102839,-3.709935164565102,6.126388677667313,0.0
0.5232208561039658,-0.1662763052454897,0.33387937353155167,-0.5231764452941676,-0.7315477715468722,-0.3388810929234966,-0.7186552444414603,7.169451262121638e-06,-3.6940760501045444,6.212135952648228,-3.703862790187375,6.222080588269539,0.0
0.5232208476546082,-0.16508704854535228,0.33693253031692444,-0.5231786533766271,-0.758789261459403,-0.29492145814648657,-0.7369734425561414,6.881157283415411e-06,-3.683438373085984,6.3091081035977785,-3.693225469730419,6.319052823802893,0.0
0.523220841886939,-0.1637098006050128,0.3399885011913798,-0.523178643806884,-0.7857078120073614,-0.25073240196041574,-0.7558417531920274,6.947781519220556e-06,-3.667416654826425,6.407611883312675,-3.6772040529704877,6.417556603151206,0.0
0.5232208320774598,-0.16211821256553913,0.34304732250409625,-0.5231807400907885,-0.8117280119343553,-0.20744915205328004,-0.7747070006849609,6.6671309049413665e-06,-3.6452534078543337,6.507851579606001,-3.6550412378552664,6.517796379745731,0.0
0.5232208217729707,-0.16029524482607826,0.3461079652502022,-0.5231827307664111,-0.8361293966442167,-0.16657470023722662,-0.7927835458067902,6.397217400049866e-06,-3.6164507598476496,6.609929134371302,-3.626239051595665,6.61987401076675,0.0
0.5232208138542473,-0.1582476557484652,0.34917053431737083,-0.5231827194121706,-0.8581139121874208,-0.1298620868562586,-0.8091143675301606,6.457497615848159e-06,-3.5812038993334645,6.713795448151759,-3.590992604957133,6.723740324112268,0.0
0.5232208023347364,-0.15600485604847206,0.35223688484185506,-0.523184609174223,-0.8771290866178428,-0.09866946259012614,-0.8228974800049075,6.1949558343408525e-06,-3.5403727803212024,6.8192768389210965,-3.5501620149945174,6.829221787271683,0.0
0.523220790791341,-0.15361536341342513,0.35530407508378387,-0.523186404021203,-0.8930116121874824,-0.0735749626085078,-0.8337164181740783,5.94256185960976e-06,-3.495329909021119,6.925914359067326,-3.5051196776269693,6.9358593761721306,0.0
0.5232207819421966,-0.1511276909823976,0.3583732909705935,-0.5231863920718828,-0.9060246311422971,-0.054243242551415286,-0.8416406271329051,5.997027741381692e-06,-3.4474794953297376,7.033367783658674,-3.457269726411809,7.043312800305744,0.0
0.5232207728433123,-0.14858395751355366,0.36144339667220876,-0.5231863798688968,-0.9166603718072777,-0.039812476992412645,-0.8470425924393472,6.05153193491598e-06,-3.3980238784700365,7.141279400173593,-3.407814585077102,7.151224416353209,0.0
0.5232207635779305,-0.14600776934054907,0.3645153969940748,-0.523186367496909,-0.9254608360398988,-0.029220120645649522,-0.8504421157858418,6.1060491222886194e-06,-3.3476496266762146,7.249495940105371,-3.357440817507665,7.25944095581106,0.0
0.5232207542092294,-0.1434167526843051,0.3675902966995387,-0.5231863550190762,-0.932903431480328,-0.02152802367432012,-0.8522999451381417,6.160579348549474e-06,-3.2968713461013057,7.357910280262188,-3.3066630265555483,7.367855295489896,0.0
0.5232207447514006,-0.14081491811244662,0.3706661006648392,-0.523186342447688,-0.9393547293896469,-0.01595746516760065,-0.8530292080662301,6.215155612522009e-06,-3.2457889673574307,7.466434101624496,-3.2555811420914633,7.476379116370638,0.0
0.523220732719179,-0.1382118037380596,0.37374363893928403,-0.5231880474146822,-0.9451008995317366,-0.0119407019942901,-0.8529115488334773,5.958984310868349e-06,-3.1946831370406383,7.575017637337719,-3.204475874672053,7.584962717395097,0.0
0.523220723624064,-0.1356063299291431,0.3768222665187511,-0.5231880353616284,-0.9503480645347783,-0.009039631349066289,-0.852176638594245,6.010848177170719e-06,-3.14351791087095,7.6836507370546565,-3.1533111238248166,7.693595816650324,0.0
0.5232207144855692,-0.13300160315238396,0.37990181175296356,-0.5231880232627231,-0.9552364187743575,-0.006946270407978936,-0.85099354508626,6.062724444113834e-06,-3.092381247088341,7.792304460271639,-3.1021749376313013,7.802249539403841,0.0
0.5232207029054213,-0.13039657483542733,0.38298406595373746,-0.5231896432792204,-0.959869979747204,-0.005434103240705214,-0.8494866653345866,5.811503525200226e-06,-3.0412567850761385,7.901038377308335,-3.0510510181676307,7.910983518497621,0.0
0.5232206941348562,-0.1277921135984368,0.3860654599698337,-0.5231896316961369,-0.9643337304996318,-0.0043396742712899575,-0.8477304481093931,5.860801403269018e-06,-2.990142035332112,8.009743215165708,-2.999936726783133,8.019688355911287,0.0
0.5232206853289053,-0.12518961889486635,0.38914878332882846,-0.5231896200752704,-0.9686784637681114,-0.0035480698342711774,-0.8457911534878627,5.910111063290114e-06,-2.9390987223997964,8.118488357628651,-2.948893874059298,8.128433497929077,0.0
0.5232206742054977,-0.12258712698672469,0.39223379025266714,-0.5231911593975078,-0.972938263950238,-0.0029747064729300594,-0.843720098264508,5.66392084691062e-06,-2.8880684515323316,8.22728186103657,-2.8978641249848303,8.237227060302967,0.0
0.5232206635975902,-0.11998528409034939,0.3953186980999505,-0.523192621854019,-0.9771454635728669,-0.00255924730564271,-0.8415453457917806,5.427611432172738e-06,-2.8370560919857652,8.336067509276782,-2.846852263261176,8.3460127645647,0.0
0.5232206534835073,-0.11738459403571097,0.39840451178424985,-0.5231940112881525,-0.9813174561062307,-0.0022576658437595772,-0.8392916013126959,5.2007550074366245e-06,-2.786083885689049,8.444870311164813,-2.795880531801758,8.454815619677023,0.0
0.523220643837029,-0.11478373863878608,0.4014912359617054,-0.5231953313412758,-0.9854677297714535,-0.002038564574115567,-0.8369775041116223,4.9830169002694355e-06,-2.73511396284515,8.553700572487866,-2.744911062039015,8.563645931566626,0.0
0.5232206346423176,-0.11218450319870453,0.4045778750274857,-0.5231965854849555,-0.9896118728207449,-0.0018791412161779705,-0.8346093058591939,4.7740282019828145e-06,-2.6841899774945084,8.662515887459582,-2.6939875087073015,8.672461294580136,0.0
0.5232206276384227,-0.10958603754388442,0.40766484873819986,-0.5231965763111571,-0.9937528671550664,-0.0017630308735652484,-0.8322003014159024,4.812177126574828e-06,-2.6332907440554445,8.771334909802587,-2.643088641296692,8.781280316571726,0.0
0.523220618840576,-0.10698663122273348,0.4107523582662205,-0.5231977679070663,-0.9978929759232626,-0.0016791892915194945,-0.8297619920200018,4.609738858270319e-06,-2.5823685729287327,8.880176576019174,-2.5921668838643734,8.890122028434124,0.0
0.523220610455967,-0.10438867025736655,0.413840793342492,-0.5231989000080388,-1.0020385630965392,-0.0016182539332408033,-0.8272947638476779,4.41549369110364e-06,-2.5314951165083506,8.989033705101106,-2.54129382184207,8.998979200882827,0.0
0.5232206040560328,-0.1017920143659529,0.4169276281898585,-0.5231988916533726,-1.0061982366407143,-0.0015733109832502465,-0.8247957712452701,4.449894517349632e-06,-2.4806468705963804,9.097834770220466,-2.4904459103940746,9.10778026568215,0.0
0.523220597629144,-0.09919464908564558,0.42001442070110273,-0.5231988832699752,-1.0103623472908407,-0.001541077281963437,-0.8222804091585402,4.484303575223711e-06,-2.4297778991406855,9.206640092391023,-2.4395772748107643,9.216585587531567,0.0
0.5232205895900408,-0.09659862992571461,0.423102703676331,-0.5231999589911212,-1.0145399470416325,-0.001518179976790287,-0.8197431931615407,4.294494678251554e-06,-2.378959116867043,9.315477865610307,-2.388758871055867,9.32542340195791,0.0
0.5232205819256035,-0.09400197534381757,0.4261899234566187,-0.523200980999372,-1.0187258336082847,-0.0015015674064927185,-0.8171908932338976,4.112437614703973e-06,-2.328113868007377,9.424289970894497,-2.3379139832109948,9.434235546391609,0.0
0.5232205760587502,-0.0914063794050977,0.42927660301786086,-0.5232009733709775,-1.0229255894301066,-0.0014892382266381108,-0.8146189206552593,4.143447315043502e-06,-2.277294920321013,9.533078392809406,-2.2870953421283455,9.543023968014301,0.0
0.5232205701700249,-0.0888104750999308,0.43236224806311313,-0.5232009657201218,-1.0271382258778312,-0.0014803720936547985,-0.8120304358745192,4.174445957350233e-06,-2.226459122443578,9.64183944654802,-2.236259851997434,9.651785021459839,0.0
0.5232205628245158,-0.08621469987732014,0.43544834158822066,-0.5232019368328569,-1.031361508689799,-0.0014749126306343396,-0.8094297103175017,3.996736930316132e-06,-2.1756304785313487,9.750612382019868,-2.1854315543982175,9.760557994131569,0.0
0.5232205558283621,-0.08362067379386919,0.4385333812885027,-0.5232028594635277,-1.0355994171367588,-0.0014708904268629563,-0.8068114673172782,3.8263286275524026e-06,-2.124844008980626,9.85934151798305,-2.1346454147776552,9.869287165437457,0.0
0.5232205491591451,-0.08102541485504106,0.44161736983239885,-0.5232037360253456,-1.0398465262255028,-0.0014681642703941592,-0.8041825128141156,3.66295831246949e-06,-2.0740139850225456,9.968049942186342,-2.083815705444934,9.977995623218721,0.0
0.5232205428046387,-0.07843025597335027,0.4447013097265434,-0.5232045688207684,-1.0441059361250788,-0.0014666899649301251,-0.8015404913386746,3.5063601860931416e-06,-2.023186470946808,10.076756196509962,-2.0329884912398835,10.086701909443779,0.0
0.5232205367517532,-0.07583594690305664,0.4477842033726076,-0.5232053600384757,-1.0483757868112646,-0.0014656604856110602,-0.7988861498603017,3.356235311688068e-06,-1.9723753278457916,10.18542580883453,-1.9821776338544648,10.19537155207709,0.0
0.5232205320979075,-0.07324217851152015,0.4508646784691831,-0.5232053540302872,-1.0526611198979616,-0.0014644362848654177,-0.796214379119987,3.3801378583587133e-06,-1.92156109099003,10.29402171786293,-1.931363640208588,10.303967460875336,0.0
0.5232205263178108,-0.07064844228348681,0.4539455044246645,-0.5232061057977281,-1.0569531937623053,-0.0014646568933962935,-0.7935359638660843,3.2350425416456026e-06,-1.8707504720946386,10.40262745354643,-1.880553294297548,10.412573225356379,0.0
0.5232205218687183,-0.06805505190342427,0.4570239331016545,-0.52320610006322,-1.0612605220834321,-0.0014643524995866537,-0.790840741181958,3.2577295765325676e-06,-1.819931320080684,10.511161600263431,-1.829734374792726,10.521107371853713,0.0
0.5232205163501995,-0.0654617798602337,0.46010169703561155,-0.523206814348885,-1.0655757371998198,-0.0014648545474855858,-0.7881373635027576,3.1175248275387906e-06,-1.7691104276538794,10.619675705221834,-1.778913743128944,10.629621504173864,0.0
0.5232205110946074,-0.06286899247965048,0.46317742341583845,-0.5232074929738991,-1.0699011670278529,-0.001465223119791083,-0.7854224994787419,2.9831713237409026e-06,-1.7182877555873515,10.728127480257431,-1.7280913194639256,10.738073305205177,0.0
0.5232205060885304,-0.06027591831758618,0.4662521140812785,-0.523208137716896,-1.0742394432897218,-0.0014655925230071122,-0.7826943482824582,2.854447886350666e-06,-1.6674488511318504,10.8365516866991,-1.677252651680524,10.84649753634466,0.0
0.5232205022282733,-0.05768374473050563,0.46932546366272104,-0.5232081327599339,-1.0785842997297452,-0.0014657897892114257,-0.7799575898092427,2.8738339317091727e-06,-1.6166255124720181,10.94493039283606,-1.6264295147566301,10.954876242291737,0.0
0.5232204983590434,-0.05509238205870871,0.47239579546133265,-0.5232081277942052,-1.0829429598944553,-0.0014659083457653,-0.7772060439277818,2.8932016049459173e-06,-1.565802205028545,11.053216063706682,-1.57560640951791,11.06316191297214,0.0
0.5232204944798496,-0.05250102390433935,0.4754641103799725,-0.5232081228182532,-1.0873103399962956,-0.001466309766215105,-0.7744451117484847,2.9125590473561656e-06,-1.5149634640352578,11.161443703497246,-1.5247678712499817,11.171389552572094,0.0
0.5232204905916985,-0.049910205107267666,0.4785314092735683,-0.5232081178337337,-1.0916831032190595,-0.0014668068788476355,-0.7716773621907248,2.931894712521007e-06,-1.4641323923870733,11.269637965118676,-1.4739370027951546,11.279583814002585,0.0
0.523220486694965,-0.047319980615331284,0.48159569292818377,-0.5232081128408187,-1.0960694165922282,-0.0014671118392083277,-0.7688952101320528,2.9512121069361263e-06,-1.413295142860917,11.377740936135336,-1.4230999569107636,11.387686784827983,0.0
0.5232204818810745,-0.04472888476231113,0.4846592709145564,-0.5232087256230471,-1.100459411528236,-0.0014679136471614108,-0.7661090213002136,2.82296003326213e-06,-1.3624273797977646,11.485830327677272,-1.3722324217098554,11.495776199843432,0.0
0.5232204781634093,-0.04214066264634702,0.4877195268890617,-0.5232087208664983,-1.1048649858201793,-0.001467946761276768,-0.7633049324596586,2.8412665389439832e-06,-1.3116166349349057,11.593802029438992,-1.3214218711304575,11.603747901422945,0.0
0.523220474435451,-0.039551120774863356,0.4907767698204738,-0.5232087160991973,-1.109271014902484,-0.0014685339247237307,-0.7604997616827464,2.859566684513586e-06,-1.2607446892789935,11.701697273918366,-1.2705501202958271,11.711643145719702,0.0
0.523220470701332,-0.036962923122521446,0.4938320003381257,-0.5232087113260816,-1.1136903326252676,-0.0014688931362078835,-0.7576802125835865,2.8778462081533842e-06,-1.209895868428033,11.809524277694074,-1.219701494588026,11.819470149312568,0.0
0.5232204660982851,-0.034375069897325715,0.49688551363452965,-0.5232092936536905,-1.118115379319567,-0.001469102845754279,-0.7548532824445299,2.7522028783728166e-06,-1.1590436894785512,11.91729923300498,-1.1688495336591438,11.927245126930378,0.0
0.5232204625357275,-0.031787496845030315,0.4999347216888925,-0.5232092891062265,-1.1225458894818607,-0.0014695342843013966,-0.7520198438309765,2.769528901542301e-06,-1.1081663612998667,12.024948238346184,-1.1179723916576638,12.034894132097385,0.0
0.5232204589686789,-0.029201781683549033,0.5029819191018171,-0.5232092845551756,-1.1269865400372947,-0.0014696327752383841,-0.7491743380392352,2.786825026095074e-06,-1.0573269425187528,12.132525090100597,-1.067133159288373,12.142470983677462,0.0
0.5232204545748412,-0.026615161200145742,0.50602638707804,-0.5232098378982687,-1.1314321829335123,-0.0014698009240735612,-0.7463228929745259,2.664761032024566e-06,-1.006440418045663,12.24003043107738,-1.0162468430232485,12.249976345850856,0.0
0.5232204511735434,-0.024030443283929517,0.5090675652603024,-0.5232098335647284,-1.1358886530104009,-0.001469512434451483,-0.7434584018165146,2.6811450792502197e-06,-0.955583232289645,12.347426501751489,-0.9653898350167809,12.35737241635896,0.0
0.523220446988796,-0.021446137489079514,0.5121060014764296,-0.5232103593278687,-1.140345284693142,-0.0014700875526366273,-0.7405929297694916,2.5634635660966645e-06,-0.9047167284925777,12.454740535597203,-0.9145235295674587,12.464686470344795,0.0
0.5232204437466133,-0.018862620953756525,0.5151411623188455,-0.5232103552019367,-1.1448126906681086,-0.0014699554541315885,-0.7377147633040853,2.5789928809468268e-06,-0.8538476601605254,12.561954304294968,-0.8636546306695256,12.571900238884508,0.0
0.5232204397627224,-0.016281317912895596,0.5181725691919057,-0.5232108547623026,-1.1492863409179146,-0.0014699318351428872,-0.7348283554393212,2.4655458827659784e-06,-0.8030132644562659,12.669043035375783,-0.8128204238299197,12.678988989101708,0.0
0.5232204359708839,-0.013699057249764222,0.52119995617148,-0.5232113293831839,-1.1537657120326934,-0.001469771500377473,-0.7319350480230138,2.3569789331472293e-06,-0.7521203165730524,12.776023562703433,-0.7619276557395496,12.7859695346104,0.0
0.5232204323653452,-0.0111187339704851,0.5242253242295899,-0.5232117803130389,-1.1582502584736676,-0.0014699190292330737,-0.7290349476741982,2.253088518257236e-06,-0.7012675046033207,12.88293108539014,-0.7110750147433678,12.892877074570631,0.0
0.5232204289358503,-0.008539188893318327,0.5272456742935856,-0.5232122087336853,-1.162737941059078,-0.0014698961787531798,-0.7261296277072017,2.153671284893854e-06,-0.6503983525391338,12.989688308565958,-0.6602060253236421,12.999634314157722,0.0
0.5232204256748317,-0.005961207453762236,0.5302630072316592,-0.5232126157697637,-1.167236151874973,-0.0014694026984123296,-0.723211688688828,2.0585383508202174e-06,-0.599550885840272,13.096346707236988,-0.6093587132921685,13.10629272842086,0.0
0.5232204225742653,-0.0033848949734202054,0.5332763238908993,-0.5232130024887357,-1.1717371595020585,-0.0014690121934632767,-0.7202886070275786,1.967513439915273e-06,-0.5487204227342414,13.20287673748761,-0.558528397254515,13.212822773485312,0.0
0.5232204196243201,-0.0008080419871479522,0.5362856250669704,-0.5232133699022875,-1.176240056444856,-0.001468764970869236,-0.7173622050927808,1.8804314679638015e-06,-0.49784343480432963,13.309295471901576,-0.5076515492684849,13.319241521973588,0.0
0.5232204168205984,0.0017662879809283312,0.5392909115053421,-0.5232137189775009,-1.1807537736730558,-0.0014681918030332636,-0.7144227597108009,1.7971177550817557e-06,-0.44700802089475267,13.41557929165905,-0.4568162683708575,13.425525355102895,0.0
0.5232204146455757,0.004339364563182169,0.542291014038159,-0.52321371622702,-1.1852669609101927,-0.0014677697572365578,-0.711481352695251,1.8072728613785119e-06,-0.3961686561757401,13.521704380464245,-0.4059770173162863,13.531650443802729,0.0
0.5232204119782004,0.0069115110869129425,0.5452882813755089,-0.5232140479057413,-1.1897866506222743,-0.0014670726998796619,-0.708531314527216,1.7270439024311787e-06,-0.3453341512570294,13.627740758514964,-0.35514263895721027,13.637686834558883,0.0
0.523220409909152,0.009481779089620342,0.5482803739617161,-0.5232140452915625,-1.1943125549208322,-0.0014666591510040135,-0.7055734182667737,1.7366612789019094e-06,-0.2945137417802693,13.73361384454308,-0.3043223376066959,13.74355992048686,0.0
0.523220407372853,0.012050699529069597,0.5512676236308902,-0.5232143604419532,-1.1988389331078972,-0.0014659390483995854,-0.7026119850888684,1.659420308873585e-06,-0.24369470504801422,13.839337265319234,-0.25350342122365044,13.849283353335306,0.0
0.5232204054054302,0.01461770650940218,0.5542507072488593,-0.5232143579587469,-1.2033721367463426,-0.0014651468537581584,-0.6996415256761761,1.6685173541768053e-06,-0.19289855176860152,13.944926129823921,-0.20270737075954215,13.954872217744871,0.0
0.5232204029944176,0.017183206914700558,0.55722894056075,-0.5232146574047679,-1.207908453268936,-0.0014644572158955173,-0.6966657380328981,1.5941718811364372e-06,-0.1421082869821977,14.050363889856154,-0.15191722038265973,14.060309989247818,0.0
0.5232204007029735,0.0197472053474344,0.5602031624715235,-0.523214941904526,-1.2124480709838885,-0.0014636843396818415,-0.693684208842134,1.5230725019515127e-06,-0.09133026058089666,14.155674710164938,-0.10113930272068447,14.165620820454778,0.0
0.5232203989251064,0.02230982500354821,0.5631712343664798,-0.5232149396642283,-1.2169888007185676,-0.001462583393877934,-0.6906984075453229,1.5312308066920204e-06,-0.0405444320661295,14.260798049653147,-0.05035356711511365,14.27074415985717,0.0
0.5232203967480267,0.024869651738741578,0.5661354418646304,-0.5232152099881964,-1.221536250540069,-0.001461624013935103,-0.6877036019026413,1.462812470558479e-06,0.010190909901773453,14.365788709229163,0.00038167154146259014,14.375734829788337,0.0
0.5232203946789781,0.027428343115855455,0.569093639227325,-0.5232154668192783,-1.226083612864309,-0.0014608370351592449,-0.6847065320575448,1.3973940970368136e-06,0.06093997956280472,14.470597783459286,0.05113064301466582,14.480543913856748,0.0
0.5232203927129248,0.029985548849481753,0.572046826945655,-0.5232157108312916,-1.230634714330616,-0.0014599331326992082,-0.6817033322282583,1.3348458662113754e-06,0.11168498394278384,14.57525133891846,0.10187555409320148,14.585197478663154,0.0
0.5232203908452974,0.03254048606714474,0.5749950054922898,-0.5232159426648246,-1.2351867427085026,-0.0014588309607002836,-0.6786959568630753,1.2750408093245203e-06,0.1624034076140154,14.679743348005335,0.15259388913534688,14.68968949663075,0.0
0.5232203890714178,0.03509289567001725,0.577937175311956,-0.5232161629276545,-1.2397428912596022,-0.0014577854462624648,-0.6756819028566311,1.2178659184446242e-06,0.2130955134258823,14.784043068597262,0.20328591076951552,14.793989225660164,0.0
0.5232203876961148,0.03764306737384016,0.5808742286661764,-0.523216161199735,-1.2443000121973493,-0.0014565726622760896,-0.6726636694076905,1.224098658698174e-06,0.26376274308987646,14.888178397799734,0.2539530685620274,14.898124554796446,0.0
0.5232203863217889,0.04019060614180984,0.5838052792989744,-0.5232161594733831,-1.2488621822584385,-0.0014550734341025606,-0.6696372540739611,1.2303152338013505e-06,0.31440058224327794,14.992120798224175,0.304590835895019,15.002066955154756,0.0
0.5232203846379611,0.04273713486916999,0.5867314356659699,-0.5232163687802861,-1.2534242067845511,-0.0014537882401502574,-0.6666085680634949,1.1750042593582766e-06,0.3650471485365483,15.095914663399208,0.35523732229255645,15.105860828347595,0.0
0.523220383039315,0.04528046189447913,0.5896505843950968,-0.523216567641275,-1.2579871296732976,-0.0014527962012691124,-0.6635762023113513,1.1221366980281646e-06,0.41565572174511856,15.199482314138837,0.40584581965263367,15.209428486704883,0.0
0.5232203818007126,0.04782145729077539,0.5925646279735205,-0.5232165660872352,-1.2625520651402107,-0.0014512393712608417,-0.6605381242915995,1.1277078758273086e-06,0.4662366368536256,15.302885175143734,0.45642667003353343,15.312831347650251,0.0
0.5232203802835023,0.05036027622774494,0.5954717672793248,-0.5232167550406344,-1.2671180009579774,-0.001449852054823697,-0.6574963112300185,1.0768817395657388e-06,0.5168082483153265,15.406072701631656,0.5069982095190152,15.416018881376306,0.0
0.5232203791083706,0.052896923161134715,0.5983738066712181,-0.5232167535670981,-1.2716851359009886,-0.0014483194168524748,-0.6544501412479252,1.0821498727213498e-06,0.5673567516644619,15.509096820554229,0.5575466514574631,15.519043000242432,0.0
0.5232203776691864,0.05543025234038084,0.6012689372233561,-0.5232169331071155,-1.2762542936235215,-0.0014467010924389299,-0.651398521950823,1.033295924054469e-06,0.6178631679029636,15.61189666680173,0.60805299943294,15.621842853367474,0.0
0.5232203765553711,0.05796066393196157,0.6041579728380515,-0.5232169317111821,-1.280821364558344,-0.0014452190499475788,-0.6483455725131061,1.0382743448248792e-06,0.6683327149182577,15.714498739453793,0.6585224882418782,15.724444925966063,0.0
0.5232203751903344,0.060488782183487015,0.6070400952545922,-0.5232171023067522,-1.2853905652024533,-0.00144348022904943,-0.6452872306630881,9.913251884689636e-07,0.7187896658517205,15.816884319347567,0.7089793744409657,15.826830512394748,0.0
0.5232203751930634,0.06301369065280718,0.609916128322142,-0.5232171004469176,-1.289961443608036,-0.001441759468657939,-0.6422239343576348,9.965939020811036e-07,0.769201274868402,15.919070031406703,0.7593909835288906,15.92901622438264,0.0
0.5232203749558864,0.06553560009139153,0.6127852438421795,-0.5232172620794382,-1.294530903454152,-0.001440061084945278,-0.639158508291438,1.001855899600999e-06,0.819580028851539,16.021033680157068,0.8097697313204594,16.030979879324573,0.0
0.523220373673395,0.06805553475366567,0.6156473529537423,-0.5232174162685711,-1.2990989074632482,-0.001438288177834416,-0.636091220272952,9.56183924277482e-07,0.8699560907476964,16.122780617485542,0.8601457321635096,16.132726822559484,0.0
0.5232203734592114,0.07057104989215239,0.6185024574390581,-0.523217562231463,-1.3036700520594364,-0.0014362261699317773,-0.6330167592190337,9.609170499539203e-07,0.9202590915718494,16.22429202937549,0.9104487273963422,16.234238240040753,0.0
0.5232203732556204,0.07308366374816934,0.6213505567864257,-0.5232177009756018,-1.3082393120201674,-0.0014344885061692231,-0.6299410495930772,9.654103652897116e-07,0.9705327207798875,16.32557961682146,0.9607223512895846,16.33552583280152,0.0
0.5232203732578719,0.07559345338800857,0.6241915824350366,-0.5232176994412986,-1.3128043560914,-0.001432629259178184,-0.6268655512192828,9.696724912688737e-07,1.0207797209669096,16.426642005566187,1.0109693515353804,16.436588221487472,0.0
0.5232203730642406,0.07809995534949424,0.6270256756284208,-0.5232178313980238,-1.317371990571871,-0.0014306168241560188,-0.6237840612019352,9.739290834641015e-07,1.0709856803742783,16.52747967549657,1.0611753058879552,16.537425896472648,0.0
0.5232203728801821,0.08060328356933008,0.629852764238301,-0.5232179568311177,-1.3219396432661006,-0.0014281879472504643,-0.6206983019439182,9.779649141981453e-07,1.1211544291995708,16.628091434431695,1.111344049908351,16.63803766021267,0.0
0.5232203728822301,0.08310295839226642,0.6326717861979838,-0.5232179554354109,-1.3265018598489822,-0.0014265764310216708,-0.6176149322017515,9.81797928794508e-07,1.1712803680359902,16.72844304305826,1.161469988798235,16.73838926878577,0.0
0.5232203727071743,0.08559807926023608,0.6354838693637936,-0.5232180747332765,-1.331068596269595,-0.001424145357252934,-0.6145224354486949,9.856210854446208e-07,1.2213289023291725,16.82855997939355,1.2115185185215394,16.838506209690937,0.0
0.5232203725407734,0.08809059214829076,0.6382879484390647,-0.5232181881329345,-1.335627707517827,-0.0014219569710925317,-0.6114335937943599,9.892482065346954e-07,1.2713642076981067,16.92842662918659,1.2615538195465352,16.938372863827915,0.0
0.5232203723825998,0.09057877733637876,0.64108402362256,-0.5232182959258435,-1.3401898839721533,-0.0014198104396210803,-0.6083382874185798,9.926901975477605e-07,1.3213368311856424,17.028029727618087,1.311526438904907,17.037975966388576,0.0
0.5232203723843696,0.0930639971991096,0.6438730414923308,-0.5232182947197758,-1.3447488880021972,-0.001417300166332744,-0.6052417311304864,9.959534544356028e-07,1.371278642151636,17.12740700901253,1.361468249917101,17.13735324773682,0.0
0.5232203723861427,0.09554416764910623,0.6466530584309323,-0.5232182935114255,-1.3493049770704044,-0.0014149183671257053,-0.6021436898126538,9.992109545346006e-07,1.4211447119742084,17.22648649932555,1.411334319785961,17.23643273800355,0.0
0.5232203723879199,0.09802149550555583,0.6494260744856833,-0.523218292300361,-1.3538570321276941,-0.001412600413248431,-0.5990459075593239,1.0024639405096455e-06,1.4709830651435245,17.325342740257856,1.4611726730016685,17.335288978889466,0.0
0.5232203714191351,0.10049374688118083,0.652190088782747,-0.5232182916814556,-1.358406346140425,-0.0014103458447038623,-0.5959465396999187,1.0051255835690692e-06,1.520744930516081,17.42390095745462,1.5109344877697546,17.43384719606252,0.0
0.523220370454202,0.10296273311616361,0.6549461023707186,-0.5232182910654883,-1.3629565339192828,-0.0014076178190007076,-0.5928421383693917,1.0077760659494507e-06,1.5704746438126707,17.522203914171907,1.560664150663084,17.532150152756213,0.0
0.5232203694937659,0.10542685174544582,0.6576941152881528,-0.5232182904531041,-1.3675004639008117,-0.0014050229694454075,-0.5897392306084952,1.010415410771246e-06,1.6201261250172494,17.62023924580843,1.6103155816993322,17.630185484369278,0.0
0.5232203685375693,0.10788682947319504,0.6604331275677767,-0.5232182898440447,-1.3720421199699062,-0.0014022554330456838,-0.5866341405691874,1.0130436412853915e-06,1.6697279873148478,17.717983805536694,1.6599173940500696,17.72793004407421,0.0
0.5232203675855469,0.11034288375423365,0.6631641392425717,-0.5232182892385607,-1.3765800679854836,-0.0013998345051274555,-0.5835290903010244,1.0156631705756473e-06,1.7192787667984708,17.815468027845583,1.709468123804912,17.825414266359903,0.0
0.5232203666381772,0.11279383866170412,0.6658861503437633,-0.5232182886365905,-1.3811131530787801,-0.0013970950358263708,-0.5804236742483937,1.0182699393599915e-06,1.7687523655170776,17.91265408387007,1.7589416730377883,17.92260032236133,0.0
0.5232203655432776,0.11523962048374958,0.6685992148523914,-0.5232183917862662,-1.3856440455200163,-0.00139435203057499,-0.5773159687296552,9.699522951987257e-07,1.8181462492807852,18.009542955064273,1.8083355035875095,18.019489197506832,0.0
0.523220365400378,0.11768133657379491,0.6713032769832238,-0.5232184891701765,-1.3901720881895623,-0.0013917652325722992,-0.5742072565114889,9.729799394929664e-07,1.8674926644609713,18.106141584491965,1.8576819150372637,18.116087830664956,0.0
0.523220365264539,0.12011785745245622,0.6739983360554616,-0.5232185817423971,-1.3946957940629765,-0.0013887171752902105,-0.5710974123539001,9.758476318134738e-07,1.9167591622956235,18.202441236680247,1.9069484093258027,18.21238748639935,0.0
0.5232203652660773,0.12255043189308239,0.6766853460179386,-0.523218580694046,-1.3992134546419528,-0.0013857717637660825,-0.5679891621084312,9.785669416610951e-07,1.9659742888831722,18.298478981000642,1.9561635359535101,18.308425230679585,0.0
0.5232203652676175,0.12497686576285993,0.6793623554562266,-0.5232185796443842,-1.4037260938206928,-0.001383021478784961,-0.5648811287338902,9.812805350920192e-07,2.015090011059031,18.394181770312553,2.005279258169578,18.404128019951287,0.0
0.5232203652691596,0.12739917082675228,0.6820293643970715,-0.5232185785934441,-1.4082337179402105,-0.001380176323532105,-0.5617735985168111,9.8398840204028e-07,2.0641641779474327,18.48956512953135,2.0543534250982374,18.499511379129828,0.0
0.5232203652707026,0.12981529021356233,0.684688372866135,-0.5232185775419534,-1.4127366102320775,-0.0013771568917967001,-0.5586654496685273,9.866887460889792e-07,2.1131222096071034,18.584670698201375,2.103311456798187,18.594616947759572,0.0
0.5232203651412749,0.1322272064930027,0.6873374272302732,-0.5232186657449714,-1.4172348359090294,-0.001373976708911521,-0.5555572508855303,9.893826918252735e-07,2.1620361931154473,18.67945759574856,2.152225436927786,18.6894038486855,0.0
0.5232203651427431,0.13463282265627846,0.6899764348563281,-0.523218664744426,-1.4217288609800396,-0.0013707577899581247,-0.5524480501814409,9.919354634573332e-07,2.210846539301871,18.77390697993786,2.2010357831525367,18.783853232836474,0.0
0.5232203650196394,0.13703345063221042,0.6926054861706941,-0.5232187486377113,-1.4262139843819392,-0.0013680000913731264,-0.5493433301144743,9.944838238116662e-07,2.2595902789061117,18.868031571420353,2.249779519543124,18.877977827532625,0.0
0.5232203649026166,0.13942860749886668,0.6952255349566588,-0.5232188283869614,-1.4306960945518477,-0.0013643905312360834,-0.5462356429975769,9.968956865814438e-07,2.308246163503596,18.96185507187983,2.2984354010856975,18.971801331047015,0.0
0.5232203649039446,0.14181765893780254,0.6978355414859666,-0.523218827481941,-1.4351697789103135,-0.001361291969701216,-0.5431315723377176,9.99182625487044e-07,2.3568039747283476,19.055342690031136,2.3469932123451174,19.065288949163648,0.0
0.5232203647926394,0.14420132978001876,0.700434587549503,-0.5232189033347276,-1.4396394908583376,-0.0013581003157597472,-0.5400266813762377,1.0014639974576426e-06,2.4052916440184573,19.148473612569603,2.395480878729576,19.158419874607766,0.0
0.5232203638472257,0.1465787020024789,0.7030246305422343,-0.5232189760810487,-1.4441020112694716,-0.0013547196948523303,-0.5369232643657335,9.529608718385399e-07,2.453667688914987,19.241297042833942,2.4438568770522093,19.251243307658758,0.0
0.5232203638484244,0.14895086833705132,0.7056036362179915,-0.523218975264122,-1.4485538392691584,-0.00135145650990668,-0.5338252293008723,9.550058726151468e-07,2.501979183894583,19.333762918686798,2.492168372063099,19.34370918348032,0.0
0.5232203637478935,0.15131555454609644,0.7081726776218867,-0.5232190437744205,-1.453001968758285,-0.0013481903572031004,-0.5307256039122188,9.570451981803976e-07,2.5501524764631798,19.425884543742658,2.540341662007309,19.43583081116057,0.0
0.5232203637490328,0.15367485477217432,0.7107316827336976,-0.5232190429979837,-1.4574431132173382,-0.0013447162986147622,-0.5276275887028972,9.589769182516062e-07,2.5982483378540713,19.517676009510893,2.588437523427943,19.527622276899066,0.0
0.5232203637501722,0.15602763383161936,0.7132786875756093,-0.5232190422214582,-1.4618779273660731,-0.0013411990221019634,-0.5245304578847275,9.609029928752902e-07,2.6462492820049315,19.609072079623814,2.636438467608549,19.61901834698224,0.0
0.5232203636544948,0.15837522018897096,0.7158167264548124,-0.5232191074241648,-1.4663013402390177,-0.0013379206798393617,-0.5214395982467551,9.628242083389022e-07,2.694170096079388,19.700170257208782,2.6843592791853212,19.710116527064894,0.0
0.5232203635635432,0.16071505134391978,0.7183427634153082,-0.523219169406267,-1.4707197606120488,-0.0013341601173405156,-0.5183474061822905,9.646422164250088e-07,2.741960520236863,19.79086346913334,2.7321497009684816,19.800809741363764,0.0
0.5232203634770856,0.16304853895714988,0.7208587985513979,-0.523219228325847,-1.4751273450322964,-0.0013307411761156317,-0.5152607306875887,9.663649045756016e-07,2.7896457134183543,19.881220122462643,2.7798348918929725,19.89116639695007,0.0
0.5232203634780618,0.16537541425546518,0.7233638024948104,-0.5232192276605819,-1.4795258362992687,-0.001327019360601764,-0.5121769852080958,9.679954406461179e-07,2.837225889136514,19.971208544231132,2.827415067636616,19.981154818693074,0.0
0.5232203633958263,0.16769466673661954,0.7258568357054331,-0.5232192837027573,-1.483917796432982,-0.0013235890620447292,-0.509094582175964,9.69621750416471e-07,2.884679242247985,20.06079391752829,2.8748684186013107,20.07074019413701,0.0
0.5232203633176525,0.1700071597179519,0.7283388672760491,-0.5232193369769982,-1.4883013909112381,-0.0013195626534423938,-0.5060139335549502,9.711600741248392e-07,2.932023118559033,20.150010772199504,2.922212292871611,20.15995705084897,0.0
0.5232203633185334,0.17231324819361593,0.730810870653848,-0.5232193363767406,-1.4926737103881011,-0.0013161801894192374,-0.502939702889563,9.726185331834527e-07,2.979260213349273,20.238889840571574,2.9694493876848447,20.248836119198046,0.0
0.5232203632441773,0.17461232862249887,0.7332699005017597,-0.5232193870492464,-1.4970419399349035,-0.001312032895107326,-0.4998631929073642,9.740706203528458e-07,3.0263959017298023,20.32734176861917,3.0165850741242903,20.33728804918673,0.0
0.5232203631734946,0.17690282042550165,0.7357179288748203,-0.5232194352184026,-1.5013937646815998,-0.0013084254453661873,-0.4967966699726738,9.754454568259017e-07,3.0733695145859206,20.41541106800407,3.0635586851352192,20.425357350416817,0.0
0.5232203631063039,0.1791874934269459,0.7381549558454107,-0.5232194810078714,-1.5057397760144025,-0.0013044593944463237,-0.493730443153196,9.767471251109963e-07,3.1202606990770385,20.503119114652907,3.110449867872305,20.51306539881969,0.0
0.5232203630424326,0.18146336125651907,0.7405799814826125,-0.5232195245352051,-1.510073396624936,-0.0013008205637441933,-0.4906704059968256,9.779794932001903e-07,3.166991296746714,20.590414110174244,3.1571804638746035,20.600360396008405,0.0
0.5232203629817167,0.18373234444993153,0.7429930058520345,-0.5232195659121488,-1.5143981474168366,-0.001297065528129546,-0.48761348313771347,9.791462257895134e-07,3.213616533077902,20.677310876611827,3.203805698620787,20.687257164030992,0.0
0.5232203629239996,0.1859933049784038,0.7453940290162914,-0.523219605245414,-1.5187117186085315,-0.0012929738050088172,-0.4845608797289614,9.802496296889263e-07,3.2601036829901098,20.763800633960077,3.2502928470262775,20.77374692288596,0.0
0.5232203629246431,0.1882463837030956,0.7477830313824221,-0.5232196048068857,-1.5230126698313298,-0.0012892406430197079,-0.4815150419082947,9.812945454263384e-07,3.306456947488342,20.849883906516325,3.296646111541308,20.85983019542541,0.0
0.5232203629252854,0.19049130220950997,0.7501600336253119,-0.523219604369192,-1.527306059445957,-0.001285000092077888,-0.4784700829578515,9.82334663212845e-07,3.352668161846671,20.935559139597412,3.3428573259164036,20.94550542848973,0.0
0.5232203629259271,0.19272825905694912,0.7525250357512508,-0.5232196039318884,-1.531583690632059,-0.0012811473348628265,-0.4754346339894138,9.833710802121437e-07,3.3987430356908526,21.020827865602815,3.3889321997773365,21.03077415447838,0.0
0.5232203629265677,0.1949560067444203,0.7548780377662903,-0.5232196034953144,-1.5358535199119026,-0.0012770614422196746,-0.47240045602093,9.8440302773359e-07,3.4446456964450234,21.1056804581406,3.434834860548231,21.115626746999443,0.0
0.5232203628715703,0.19717661781824514,0.7572180593640707,-0.5232196409752347,-1.540108310756756,-0.0012730616582098354,-0.4693749980922609,9.854309173595767e-07,3.490443306675482,21.190104720450446,3.4806324693429667,21.20005101074501,0.0
0.5232203628192894,0.199387846923408,0.759545079892509,-0.523219676603827,-1.54435607250746,-0.001268670849249321,-0.4663497720816459,9.864028319990235e-07,3.5360714586493636,21.274082732749267,3.526260619952043,21.284029024408635,0.0
0.5232203628198652,0.20159098674570652,0.7618600816198193,-0.5232196762114419,-1.5485843737871514,-0.0012649683225662177,-0.46333784641638387,9.873231037863518e-07,3.581559743704371,21.35765271655895,3.5717489050220816,21.367599008203285,0.0
0.5232203627701374,0.20378563277211204,0.7641621010490253,-0.5232197101001796,-1.5528060252569722,-0.001260553959376823,-0.4603257161434554,9.882386659553758e-07,3.626903966210226,21.44078384318457,3.6170931262297796,21.450730136127063,0.0
0.523220362770682,0.20597087519380683,0.7664511026063864,-0.5232197097290845,-1.5570098234547134,-0.001256417804365298,-0.457324364789129,9.891045750912148e-07,3.6720782373432193,21.523468070296587,3.662267397376988,21.533414363224868,0.0
0.5232203627712259,0.20814773452647392,0.7687271040828024,-0.5232197093584467,-1.561202007295512,-0.001252439529749415,-0.45432862366741494,9.899672421758527e-07,3.7171117659275246,21.605713783815897,3.7073009259754914,21.615660076729977,0.0
0.5232203627238983,0.2103150223139811,0.7709901224047472,-0.5232197416114598,-1.5653837672603772,-0.001248202964831584,-0.45133642844255684,9.908257077277344e-07,3.7619702473077976,21.687512298911425,3.752159406120266,21.697458593061004,0.0
0.5232203626789087,0.21247270231127255,0.7732401398184948,-0.5232197722711635,-1.569548109918695,-0.0012440479317978271,-0.4483543905655105,9.91637255697455e-07,3.8066527755794777,21.76886282603171,3.796841933217482,21.778809121355756,0.0
0.5232203626361417,0.21462172201075,0.7754771563688718,-0.523219801416233,-1.5736985508929535,-0.001239691624677683,-0.44537927836448254,9.924044197982816e-07,3.851186596027066,21.84977267795979,3.8413757525486267,21.85971897440028,0.0
0.5232203626366034,0.21675999877162988,0.7777011575731465,-0.5232198011015845,-1.5778352338907966,-0.0012353601017319991,-0.4424106880601448,9.93129587312001e-07,3.895511932473103,21.93022536769998,3.885701089006717,21.940171664128414,0.0
0.5232203626370641,0.21888946057862874,0.779910158715246,-0.5232198007876506,-1.5819583819370224,-0.0012309912724452734,-0.4394489329109803,9.938513673334542e-07,3.9396995410908726,22.010178700801262,3.9298886976365126,22.02012499721767,0.0
0.5232203625963618,0.22100923977086914,0.7821071743333153,-0.5232198285256243,-1.5860665622791055,-0.001226911147638757,-0.43649562174645773,9.94570051596718e-07,3.983701210159121,22.0897126658514,3.9738903656422178,22.099658963330356,0.0
0.52322036255767,0.22311889459295273,0.7842891891764684,-0.5232198548935265,-1.590159319659841,-0.0012223320667521485,-0.43354972432265415,9.952485321012652e-07,4.027527503934784,22.168737149449093,4.017716658407819,22.17868344793811,0.0
0.5232203625580824,0.22521863508037535,0.7864581901563128,-0.5232198546125304,-1.5942344284629846,-0.001218018115862366,-0.430614446772334,9.958900135667673e-07,4.07116912925097,22.24731090751474,4.061358283734769,22.257257205992993,0.0
0.5232203625584935,0.22730833532846495,0.7886131910858922,-0.5232198543323476,-1.5982961539360208,-0.0012135927680814887,-0.42768549826171537,9.965281544475317e-07,4.1146300762571,22.325404609659753,4.104819230751632,22.33535090812727,0.0
0.5232203625216697,0.22938686583350396,0.7907542051019891,-0.523219879427173,-1.602341371499195,-0.0012091792379671268,-0.42476547234723067,9.971627042120174e-07,4.157877764609662,22.4030099171343,4.1480669181429,22.41295621656311,0.0
0.523220362522058,0.23145521195147264,0.7928802059407417,-0.5232198791625817,-1.6063697100309755,-0.0012049654724059747,-0.4218553712366873,9.977625795713956e-07,4.200948447099103,22.480104923846184,4.1911376006424765,22.49005122326486,0.0
0.5232203625224445,0.2335132386442375,0.7949932067367673,-0.5232198788991266,-1.6103819629345302,-0.0012002760889514958,-0.4189533306634868,9.983585312744741e-07,4.243822706407829,22.556746475977675,4.234011859961295,22.56669277538626,0.0
0.5232203625228302,0.23555999540433026,0.7970912074920762,-0.5232198786362909,-1.6143769763239613,-0.0011961103516685719,-0.41606174141660085,9.989517535948555e-07,4.28648864355184,22.632869727801594,4.276677797115373,22.642816027200112,0.0
0.5232203625232144,0.23759626532494396,0.7991752082089476,-0.5232198783745173,-1.6183523862024563,-0.001191770042696615,-0.4131818748874396,9.995412705023036e-07,4.3289610600789,22.708509477774566,4.319150213652461,22.718455777163054,0.0
0.5232203625235967,0.2396209265905007,0.8012442088894283,-0.5232198781139293,-1.6223124979008756,-0.0011870403246623652,-0.4103091977612734,1.0001268308000375e-06,4.371215414272431,22.7836283137521,4.361404567855973,22.793574613130605,0.0
0.5232203619823029,0.24163510793496903,0.8032992085850923,-0.5232198785148168,-1.6262557385467442,-0.0011824015510324883,-0.4074461443869545,1.0001721598571098e-06,4.413276468221688,22.858263674039428,4.4034655935593525,22.868209973433288,0.0
0.5232203614477912,0.24363763585796488,0.8053392083333347,-0.5232198789167234,-1.630179003710323,-0.001178085001401431,-0.40459558973579096,1.0002149121130432e-06,4.4551181716524555,22.932377777464236,4.445307269098377,22.942324076873494,0.0
0.5232203608844037,0.24562947671863186,0.8073642207228207,-0.5232199034101569,-1.6340861381773228,-0.0011736109657751515,-0.401753751920061,9.502443714552653e-07,4.496768216044021,23.005978442642395,4.486957285013445,23.01592474298991,0.0
0.5232203608847588,0.24760837297143184,0.8093742215030532,-0.5232199031681609,-1.6379706094507491,-0.0011693377385131652,-0.39892630050991357,9.50783516088691e-07,4.5381618571161875,23.079047552418068,4.528350926094881,23.08899385275631,0.0
0.523220360851579,0.24957637288806728,0.8113692340363825,-0.523219925779653,-1.641839702543034,-0.001164555113571535,-0.39610627221085765,9.513188856851633e-07,4.5793578284117755,23.151601583509972,4.569546896524304,23.16154788471438,0.0
0.5232203608200392,0.2515314034161921,0.8133492459459548,-0.5232199472735591,-1.645689226226911,-0.001160030808550061,-0.39329795319579025,9.518243313639281e-07,4.620296613296877,23.223624183394193,4.6104856805860495,23.233570485421957,0.0
0.5232203608203553,0.25347525789089964,0.8153132466159416,-0.5232199470581443,-1.6495163182781085,-0.0011555008400864035,-0.3905040040194643,9.523012876772697e-07,4.661037578244143,23.295100130283075,4.651226645541567,23.30504643230259,0.0
0.5232203607903568,0.2554059704764537,0.8172632579010248,-0.5232199675016452,-1.6533242004339717,-0.0011508651604554376,-0.3877209061027709,9.527748071885842e-07,4.701508593449563,23.366072393104012,4.691697659963869,23.376018695906644,0.0
0.5232203607618412,0.25732544302060756,0.8191962686241155,-0.5232199869345807,-1.657113119981347,-0.0011462342429405627,-0.38494916606205626,9.532217755365879e-07,4.741787583391049,23.43646906028643,4.731976649160948,23.44641536383347,0.0
0.5232203607347351,0.25923159369787535,0.8211152788131367,-0.5232200054069504,-1.6608789035995346,-0.0011418351436420164,-0.3821922946811702,9.536434726829848e-07,4.78179153385739,23.50636033438559,4.771980598919678,23.516306638640238,0.0
0.5232203607087031,0.26103686315836166,0.8230172885587443,-0.523220023147304,-1.665471664901161,-0.0007607709202671674,-0.37798061981866554,9.536434771209345e-07,4.819025780300286,23.574984283981763,4.809214844683003,23.58493058891598,0.0
0.5232203606842294,0.26292269235868504,0.8249042977541262,-0.5232200398258257,-1.6691268120383809,-0.000836244646022329,-0.37528735750142905,9.540274699883959e-07,4.858692317693357,23.64379853884109,4.84888138143718,23.653744844414202,0.0
0.5232203606609651,0.26479468628473296,0.8267753064912404,-0.5232200556801002,-1.6727674005726285,-0.0008977337324624467,-0.3726125502882604,9.54389467291635e-07,4.89808448509731,23.7120459299705,4.888273548233811,23.721992236150935,0.0
0.5232203606386269,0.2665695229830807,0.8286303148475058,-0.5232200709032716,-1.677221496562297,-0.0005780775459263623,-0.3685230937151111,9.543971826470729e-07,4.934806316528188,23.779083490737424,4.924995379081543,23.789029797501005,0.0
0.5232203606176209,0.26841893491995994,0.8304683227321138,-0.5232200852185529,-1.6807632664012246,-0.0006954108733345507,-0.3659182236545731,9.547258751233006e-07,4.97380378427012,23.84620766751905,4.963992846275108,23.856153974831,0.0
0.5232203605976525,0.2702550755847551,0.8322913302236534,-0.5232200988266631,-1.6842954715045677,-0.0007909649765785133,-0.36333165079916374,9.550351372041892e-07,5.012535383013825,23.912798090179148,5.002724444497534,23.922744398012377,0.0
0.523220360578483,0.2719028434734263,0.8340973373634444,-0.5232201118904588,-1.6894408210596998,-0.0004789045841313428,-0.35858074442057997,9.550472786570836e-07,5.045981412489823,23.977446046597887,5.036170473473104,23.987392354931544,0.0
0.5232203605604524,0.27362686589096535,0.8358873441024429,-0.5232201241780434,-1.6936600860224003,-0.0005901614256690581,-0.355313267649686,9.553273931357264e-07,5.081743649905349,24.042222335124254,5.071932710417936,24.052168643928606,0.0
0.5232203605433123,0.27534341516923866,0.8376603505073033,-0.5232201358587731,-1.697826243630087,-0.0006827086289148355,-0.3521023887981554,9.555905763286724e-07,5.11742217950515,24.106452102534355,5.107611239570289,24.116398411786154,0.0
0.5232203605270187,0.27704991970707393,0.8394173565944295,-0.5232201469626051,-1.7019366393860136,-0.0007595870522534232,-0.3489476122235804,9.55837744359369e-07,5.1529353367761495,24.170144260587346,5.143124396415941,24.180090570264493,0.0
0.5232203605113814,0.2786752156440962,0.8411573624168772,-0.5232201576191874,-1.7067632034273668,-0.00047618917918094066,-0.3445120807906564,9.558507078528119e-07,5.186244484785836,24.232720906553517,5.176433544017411,24.242667216638882,0.0
0.5232203604966688,0.280367893805723,0.842880367912395,-0.5232201676456836,-1.7107007003409918,-0.0005972224831354205,-0.34150402392848506,9.560742003947663e-07,5.221622429200863,24.295328666503735,5.211811488048359,24.305274976973177,0.0
0.5232203604826826,0.28205026743269396,0.8445863731349734,-0.52322017717703,-1.714595001942427,-0.0006975744589481416,-0.33854309180484904,9.56283907082166e-07,5.256835247107619,24.357368058122912,5.247024305590004,24.367314368957462,0.0
0.5232203604693874,0.2837219060183301,0.846275378098022,-0.5232201862375768,-1.7184421762309274,-0.0007808285494276816,-0.3356304222645595,9.564807646758588e-07,5.2918705589633985,24.418835759713843,5.282059617098705,24.428782070895473,0.0
0.5232203604567488,0.2853813126100942,0.8479473828143316,-0.5232201948505633,-1.7222391405423145,-0.00084976036513094,-0.33276625666125526,9.566654789781371e-07,5.326685319034096,24.479720220140095,5.316874376839469,24.489666531651654,0.0
0.5232203604446239,0.2869647132033479,0.8496023873244829,-0.523220203113489,-1.7267253412297352,-0.0005764141798518184,-0.3286737943879098,9.566767477035785e-07,5.359445672884468,24.539529316977536,5.349634730373318,24.549475628805617,0.0
0.5232203604332114,0.2886049708994807,0.8512393915815867,-0.5232202108909515,-1.7303706855851455,-0.000686341839611023,-0.32593383047889246,9.568433019573685e-07,5.393979883994271,24.599259555412466,5.3841689411851945,24.609205867538474,0.0
0.5232203604222644,0.29016888552388503,0.8528593956521624,-0.5232202183511906,-1.734691580324659,-0.0004535480315212506,-0.3219955633860111,9.56855973630408e-07,5.426449996020211,24.657911829736168,5.416639052925359,24.66785814214795,0.0
0.5232203604119585,0.2917880303885549,0.8544623994945413,-0.5232202253744517,-1.7381971011682507,-0.0005905436766205775,-0.31937704809243245,9.570056943274725e-07,5.46063946716818,24.716501447904253,5.450828523804293,24.72644776058507,0.0
0.5232203604020746,0.2933328101290491,0.8560474031681803,-0.5232202321101563,-1.7423691930225538,-0.0003868927779335854,-0.31558407864574345,9.570191031576579e-07,5.492829432669347,24.773999610148877,5.483018489047439,24.783945923087717,0.0
0.523220360392768,0.29492707712613436,0.8576134066360378,-0.5232202384525384,-1.7457435153765706,-0.0005413059320417976,-0.31308406721492354,9.571533693323572e-07,5.526589048047468,24.831333289091063,5.516778104182606,24.841279602272856,0.0
0.523220360383921,0.2965076731616704,0.8591634099311303,-0.5232202444816789,-1.7490843693780591,-0.0006702110191075826,-0.310623682467916,9.572791043779003e-07,5.560079016140932,24.88810138045132,5.550268072045116,24.89804769386407,0.0
0.5232203603755108,0.298073518071947,0.8606944130620611,-0.5232202502130556,-1.7523949334278772,-0.0007771233756100478,-0.3081958701179003,9.573967385708957e-07,5.593291426263834,24.944209282664463,5.5834804819484685,24.954155596296758,0.0
0.5232203603675161,0.29962406349245285,0.8622074160369254,-0.5232202556613277,-1.7556671259179895,-0.0008658119484733864,-0.305805438016963,9.57506793108648e-07,5.626202793171962,24.999681519920994,5.6163918486478925,25.00962783376199,0.0
0.5232203603599164,0.30116030329714716,0.8637014188634832,-0.5232202608404356,-1.758903880202052,-0.0009388725009712925,-0.3034473275477799,9.57609754771528e-07,5.658849412839853,25.054497006339616,5.64903846811739,25.064443320379002,0.0
0.5232203603526923,0.30267993004275523,0.8651784215490551,-0.5232202657635896,-1.7621002647355093,-0.00099939583107851,-0.301124706006052,9.577061776433584e-07,5.69114950013957,25.10869544735209,5.6813385552285185,25.118641761580065,0.0
0.5232203603457682,0.30413276575128684,0.8666364241156942,-0.523220270482224,-1.765908704426578,-0.0007580076690414086,-0.29771069477618683,9.577143959409689e-07,5.721675594838762,25.161832125166818,5.711864649746956,25.171778439575547,0.0
0.5232203603392447,0.30562473449148686,0.8680764265390581,-0.5232202749279621,-1.768978030208605,-0.000850530429379598,-0.29548681215439665,9.578007448602504e-07,5.753465881221166,25.214753176744782,5.743654935959059,25.224699491323815,0.0
0.5232203603330434,0.3070994800805567,0.8694974288415256,-0.5232202791540536,-1.772016219852752,-0.0009269617402174404,-0.2932902843707801,9.578813739720576e-07,5.784907524932466,25.26699496458543,5.775096579508473,25.276941279326348,0.0
0.5232203603271014,0.3085099477211839,0.8708994310416079,-0.5232202832034241,-1.775642543150477,-0.0007102157808119976,-0.29004634565568616,9.578890160351133e-07,5.814647441065287,25.31819438240449,5.804836495486177,25.328140697300526,0.0
0.5232203603215014,0.30995534078051623,0.8722834331191484,-0.5232202870197304,-1.778559617070788,-0.00081170144211397,-0.28794684105115975,9.57961084218878e-07,5.845530556659194,25.369145705779193,5.835719610933896,25.379092020821417,0.0
0.5232203603161366,0.311336138482613,0.8736474351040746,-0.5232202906757888,-1.782053211951402,-0.0006232254665071932,-0.28482609120003566,9.579687695540835e-07,5.874710534027443,25.419023454559316,5.864899588162094,25.42896976974159,0.0
0.5232203603110794,0.31274900477837647,0.8749934369786473,-0.5232202941221905,-1.7848594473812303,-0.0007405771688852441,-0.2828173599404004,9.580328862751886e-07,5.904951561297958,25.468631064040324,5.895140615300589,25.47857737935462,0.0
0.5232203603062722,0.3141433011893889,0.8763194387595816,-0.5232202973982485,-1.7876318826128001,-0.0008394566357809675,-0.28084094017139904,9.580927490942443e-07,5.934812936354013,25.517520262742853,5.9250019902311495,25.52746657818264,0.0
0.5232203603017026,0.3155203176623512,0.8776264404515718,-0.5232203005123676,-1.790377006859037,-0.0009220536163809876,-0.2788882837121096,9.581486106670583e-07,5.96432403555671,25.56572976041919,5.954513089314555,25.575676075978272,0.0
0.5232203602973267,0.3168366687316456,0.8789144420676837,-0.5232203034945068,-1.7936584612839634,-0.0007336542474018524,-0.27597601560751417,9.581547670884177e-07,5.992237287550197,25.612924765687392,5.982426341193808,25.622871081360707,0.0
0.5232203602932,0.3181794276716468,0.8801824435942773,-0.5232203063067554,-1.7962938770307255,-0.0008336466231171346,-0.274109856650891,9.582043692133342e-07,6.021064245661915,25.659748439243884,6.011253299197798,25.669694755024924,0.0
0.523220360289249,0.319463186391567,0.881431445052204,-0.5232203089992418,-1.799450818392008,-0.0006680250803307204,-0.27131373423306776,9.58210374663106e-07,6.048341239714834,25.705570470288304,6.038530293147578,25.715516786172486,0.0
0.5232203602855223,0.32076967270318096,0.8826604464295253,-0.5232203115388877,-1.8019784541040045,-0.0007797946894632012,-0.26953615555562566,9.582543841165432e-07,6.076426111512072,25.750992770341323,6.066615164847532,25.760939086322793,0.0
0.5232203602819799,0.3220575873426892,0.8838704477380018,-0.523220313952977,-1.8044753872790844,-0.0008742291018588676,-0.2677854116634963,9.58295355453828e-07,6.104123562828134,25.795725402046962,6.094312616071118,25.805671718120905,0.0
0.5232203602786126,0.32332578131021644,0.8850594489810734,-0.5232203162477159,-1.806941183730033,-0.0009535501603992935,-0.2660593853437933,9.583334484270933e-07,6.131415986917582,25.83970198801658,6.121605040072663,25.849648304178427,0.0
0.5232203602753902,0.3245383563760351,0.8862294501678993,-0.5232203184437692,-1.8098968226262981,-0.0007865026825907617,-0.2634578349399148,9.58338148757399e-07,6.157255678392194,25.882703024382895,6.147444731463152,25.892649340628868,0.0
0.5232203602723494,0.32576877225966316,0.8873794512893689,-0.5232203205160378,-1.8122541313048723,-0.0008796727566678933,-0.26181778466220734,9.583718759921747e-07,6.183762725811415,25.92526662052518,6.173951778802992,25.935212936850533,0.0
0.523220360269459,0.3269793171528955,0.8885084523547742,-0.5232203224858285,-1.814584698891472,-0.0009581203708443258,-0.2601976125308041,9.584032006915278e-07,6.209860423449401,25.96707301124058,6.200049476365521,25.97701932764139,0.0
0.5232203602667115,0.3281704688210939,0.8896174533668838,-0.5232203243581707,-1.8168795316645638,-0.0010245137359968651,-0.25860503860472694,9.584323259875767e-07,6.235554792992193,26.008154638882555,6.2257438458365915,26.018100955355088,0.0
0.5232203602640834,0.32930672956076235,0.8907064543329024,-0.5232203261491918,-1.8196253243689469,-0.0008630346748202458,-0.2561993403410601,9.584359917415297e-07,6.259825079763335,26.04823757923746,6.250014132539126,26.058183895778598,0.0
0.5232203602616022,0.3304568792730441,0.8917744552459895,-0.5232203278400124,-1.8218159302184576,-0.0009428658944145533,-0.25468627670052335,9.584616643124464e-07,6.28465680173376,26.08782382908865,6.274845854444782,26.097770145694557,0.0
0.5232203602592439,0.3315872225827804,0.8928214561133957,-0.5232203294471774,-1.823972208771233,-0.0010105427244691523,-0.25319861653869913,9.58485475026504e-07,6.309081031099893,26.12665337221493,6.29927008374935,26.136599688882402,0.0
0.5232203602570022,0.33269599032675384,0.8938484569374031,-0.5232203309747948,-1.8260961012039838,-0.0010680383955592018,-0.25173381364256714,9.585075840484685e-07,6.333039177970913,26.164741312126832,6.323228230561852,26.174687628852823,0.0
0.523220360254859,0.33375349410326166,0.894855457723628,-0.523220332435375,-1.8286309285170752,-0.0009157662542014507,-0.2495211916133079,9.585104318166732e-07,6.35567753712708,26.201858553088375,6.345866589662069,26.211804869870313,0.0
0.5232203602528347,0.33482091982006557,0.8958404584670017,-0.5232203338148808,-1.830650794991544,-0.000985495613095756,-0.2481347762652611,9.585298343138465e-07,6.378770974041767,26.238419736005042,6.368960026523912,26.248366052839824,0.0
0.5232203602509107,0.33586692450884703,0.896804459173161,-0.5232203351260856,-1.832631510971493,-0.001045473459712057,-0.2467775774522552,9.585478266643333e-07,6.401410488905679,26.27421175289173,6.391599541337596,26.28415806977674,0.0
0.5232203602490717,0.3368630106429363,0.8977474598467821,-0.5232203363792965,-1.8349997093173913,-0.0009079851052530097,-0.24471636334667451,9.585502659473457e-07,6.422776620727,26.30901469758708,6.412965673110912,26.318961014520095,0.0
0.5232203602473248,0.337839112291366,0.898669460486447,-0.5232203375697978,-1.8372935943011126,-0.0007928484844637238,-0.2427233071497033,9.585528050664678e-07,6.443730138982963,26.343059561683834,6.433919191321271,26.35300587866245,0.0
0.523220360245674,0.3388216662972167,0.8995694610914416,-0.5232203386947739,-1.8391077573877839,-0.0008778271881232042,-0.2414958170305124,9.585676517356624e-07,6.465038965304368,26.376521594309676,6.455228017599582,26.386467911331387,0.0
0.523220360244105,0.33978162471897766,0.9004484616661513,-0.5232203397640347,-1.8408880013881237,-0.0009517025684450227,-0.24029302601669492,9.585813879480035e-07,6.4858600945612865,26.409205397431172,6.476049146815542,26.419151714493843,0.0
0.5232203602426061,0.3406943648185268,0.9013064622141932,-0.5232203407854982,-1.8430198376021294,-0.0008436196607010533,-0.23845028154886097,9.585835133429217e-07,6.505485487296682,26.440920965360043,6.495674539511809,26.450867282461843,0.0
0.5232203602411892,0.34160956076493065,0.9021424627326632,-0.5232203417510997,-1.8446993050265306,-0.0009211648203560613,-0.2373247831949484,9.585954353957652e-07,6.52535126635282,26.472022862171052,6.515540318530959,26.48196917930984,0.0
0.523220360239836,0.34247891790190976,0.9029564632269829,-0.5232203426732899,-1.8467106783544869,-0.000825587461405619,-0.23559368157422078,9.585973942356883e-07,6.544068694143972,26.502138413609043,6.534257746286785,26.512084730783155,0.0
0.5232203602385564,0.34334825619587384,0.9037484636947181,-0.5232203435452629,-1.8482939168199584,-0.0009052813792054312,-0.23454267014189906,9.586077441406189e-07,6.562955347259915,26.531621197625007,6.553144399369325,26.541567514832522,0.0
0.5232203602373348,0.3441737277788065,0.9045194641405843,-0.5232203443778262,-1.8501870039159305,-0.000820381979787897,-0.2329214189064062,9.586095348980956e-07,6.580742641111332,26.560161609897307,6.570931693188849,26.570107927136714,0.0
0.5232203602361792,0.3449973998841143,0.9052674645625554,-0.5232203451652633,-1.8516738945903806,-0.0009000841851652524,-0.23194404323715692,9.58618460949377e-07,6.598655673887942,26.588026758725736,6.588844725935296,26.597973075995306,0.0
0.5232203602350763,0.3457772315490088,0.9059934649647158,-0.5232203459169064,-1.8534467810606503,-0.0008247970789941314,-0.23043431965769678,9.586200865040918e-07,6.615477819489334,26.61492098308007,6.605666871507896,26.62486730037843,0.0
0.523220360234033,0.346554879021759,0.9066974653454015,-0.5232203466279928,-1.8548382563413968,-0.0009036811172741126,-0.22953010622952663,9.58627771300673e-07,6.632406924654494,26.641165730852684,6.622595976645817,26.651112048178284,0.0
0.5232203602330412,0.34730754800677094,0.9073794657070239,-0.5232203473038353,-1.8561893647681085,-0.0009734818106687443,-0.22865380848438102,9.586348168286514e-07,6.648787527735784,26.666585105826655,6.638976579701219,26.676531423178147,0.0
0.5232203602320986,0.3480351480101747,0.9080384660505392,-0.5232203479461796,-1.8575000500011472,-0.00103499469067512,-0.22780431222575992,9.58641258134407e-07,6.664624743208402,26.691149654205713,6.654813795149231,26.70109597158181,0.0
0.5232203602311994,0.34872173412155255,0.908674466377804,-0.5232203485589861,-1.8590585010031324,-0.0009620253590890734,-0.22648817507972646,9.586424538211895e-07,6.6794600670031805,26.71473633427098,6.6696491189205345,26.724682651670552,0.0
0.5232203602303483,0.3494016917547478,0.9092884666877149,-0.5232203491390295,-1.8602738177619575,-0.0010242986559898988,-0.22570976718674832,9.586479602852105e-07,6.694274552611795,26.73763924273944,6.684463604506929,26.747585560161234,0.0
0.5232203602295366,0.3500412360555603,0.9098794669829027,-0.5232203496922522,-1.8617099911611046,-0.0009613857451614354,-0.2245051886968673,9.586490358947236e-07,6.708104415930571,26.759568917264595,6.698293467804513,26.76951523470758,0.0
0.5232203602287654,0.35065635572929416,0.910447467263229,-0.5232203502178191,-1.8630809829468755,-0.0009093738598893552,-0.22336188664576753,9.586501002594748e-07,6.721409420359834,26.780648737565787,6.711598472213643,26.790595055028906,0.0
0.5232203602280351,0.35126310386500115,0.9109924675287755,-0.5232203507154987,-1.864139250836774,-0.000976259186422588,-0.222703450943135,9.58654427039413e-07,6.734651180685823,26.801002580197462,6.724840232520568,26.810948897679644,0.0
0.5232203602273411,0.35184345491647,0.9115144677810244,-0.5232203511884859,-1.8651558158432655,-0.0010364828129763404,-0.2220726299362135,9.586583621698909e-07,6.747311363095756,26.820491347829268,6.7375004149123825,26.83043766532957,0.0
0.5232203602266795,0.35238585011463447,0.9120134680211924,-0.5232203516393445,-1.8663513839721269,-0.0009908111032057836,-0.22108681623011484,9.58659215447255e-07,6.759057589263462,26.839025845173435,6.749246641062818,26.848972162691005,0.0
0.5232203602260528,0.3529159607842126,0.9124884682487745,-0.5232203520664532,-1.8672700258082493,-0.0010492769391498723,-0.22052772885660643,9.586625114815038e-07,6.7706357679460645,26.856775414103385,6.76082481972906,26.866721731637316,0.0
0.5232203602254571,0.3534201986703311,0.9129404684649597,-0.5232203524723639,-1.868143114363585,-0.001102135188112332,-0.21999882750906632,9.58665486760156e-07,6.781647445235081,26.873663953949407,6.771836497002528,26.88361027149889,0.0
0.523220360224891,0.3538988427708712,0.913369468670321,-0.5232203528581241,-1.868973770341184,-0.00114986461919779,-0.21949693525377378,9.586681668200458e-07,6.792100643852898,26.889693617665344,6.782289695605567,26.899639935229605,0.0
0.5232203602243518,0.35434098730992,0.9137744688657644,-0.5232203532256182,-1.8699396404028639,-0.0011124646611041689,-0.21871332551361733,9.586687812536755e-07,6.801689479307912,26.90475149338225,6.791878531046504,26.91469781096059,0.0
0.5232203602238407,0.3547676541592175,0.9141554690510479,-0.5232203535739485,-1.8706688585020184,-0.001159436483943632,-0.21828516748032575,9.586709890997736e-07,6.811018446276591,26.91899980015154,6.8012074980018395,26.92894611774322,0.0
0.5232203602233538,0.3551583136418549,0.914512469227349,-0.5232203539056884,-1.8715158934068752,-0.001130791563520944,-0.2176075768898001,9.586715283446652e-07,6.819497203389412,26.932280117058692,6.809686255101953,26.94222643466308,0.0
0.5232203602228913,0.35552376784934103,0.9148464693947814,-0.5232203542208506,-1.8722919403695968,-0.001109602645665876,-0.21699581811881338,9.586720490598145e-07,6.827428653632074,26.94470455590258,6.817617705332542,26.95465087351904,0.0
0.5232203602224528,0.35587154932548665,0.9151554695535676,-0.5232203545197102,-1.8728659658358358,-0.0011567978743733912,-0.21668104186505216,9.58673667737935e-07,6.835044832513163,26.956273731897166,6.8252338842021825,26.966220049525077,0.0
0.523220360222036,0.3561922239351486,0.9154404697044037,-0.5232203548037189,-1.8733927641882253,-0.0012005335745387312,-0.21639719071932165,9.58675099887335e-07,6.842066739965665,26.966943600371454,6.832255791643805,26.976889918010244,0.0
0.5232203602216393,0.3564790380841181,0.915701469847863,-0.5232203550740352,-1.8739894731280797,-0.0011890623271654784,-0.2159425457655589,9.586755076166343e-07,6.8483001729292265,26.976662046016184,6.838489224597012,26.98660836366533,0.0
0.5232203602212631,0.3567464656180387,0.9159384699839604,-0.5232203553304812,-1.8744108229480214,-0.0012309808711354914,-0.21573385800735864,9.586766296368748e-07,6.85416133423861,26.98554075886777,6.844350385896572,26.99548707652674,0.0
0.523220360220905,0.35698058238566566,0.9161504701133749,-0.5232203555744876,-1.8748833569591783,-0.0012278311426020944,-0.21538884392304136,9.58676980211213e-07,6.85925754447739,26.993443535214023,6.849446596126005,27.00338985288234,0.0
0.5232203602205648,0.3571884300932548,0.9163384702362883,-0.5232203558063034,-1.8752915370246548,-0.001230221635580849,-0.21510195701031506,9.58677311454718e-07,6.863783574829343,27.000453469165883,6.853972626469078,27.010399786843077,0.0
0.523220360220242,0.3573738329528336,0.9165014703529375,-0.5232203560263219,-1.8755586087370741,-0.0012707069926543688,-0.2150023908213376,9.586780584657585e-07,6.867857109145648,27.006571315439324,6.858046160776955,27.01651763312495,0.0
0.5232203602199349,0.3575284526936885,0.9166394704638208,-0.5232203562355708,-1.8758399409550206,-0.0012813633773628937,-0.21482668701998847,9.586783396193625e-07,6.8712383761830695,27.011732730281356,6.861427427806361,27.021679047974995,0.0
0.5232203602196434,0.35765824271396024,0.91675247056908,-0.5232203564342316,-1.8760036564603164,-0.001319805886344293,-0.21479779479686495,9.586788735489326e-07,6.874098568949228,27.015983654164742,6.86428762056491,27.02592997186599,0.0
0.5232203602193662,0.35775853768405297,0.9168404706691133,-0.5232203566231071,-1.8761584284427864,-0.0013390182189472316,-0.21473220408752583,9.586791101349464e-07,6.876303533502214,27.019288086245073,6.86649258511066,27.02923440395356,0.0
0.5232203602191029,0.3578310342190215,0.9169034707641256,-0.5232203568025479,-1.876247256219965,-0.0013632035525759768,-0.21472447196060804,9.586793284568318e-07,6.877902056874177,27.021659118763786,6.86809110847575,27.031605436479147,0.0
0.5232203602188528,0.35787798001166576,0.9169414708543552,-0.523220356972987,-1.8762573694116385,-0.001399442193165868,-0.21479951526896127,9.586796064883975e-07,6.878958772619446,27.023114096453927,6.869147824214489,27.033060414175818,0.0
0.5232203602186151,0.35789640521383775,0.9169544709400688,-0.5232203571349391,-1.8762139767062092,-0.0014352990937367876,-0.21491083629365626,9.586798142350005e-07,6.879388281233397,27.023630101955188,6.869577332822237,27.033576419683282,0.0
0.5232203602183892,0.3579004251345813,0.9169544710214974,-0.5232203572888157,-1.8761462919635092,-0.0014698120395409372,-0.21503576767875462,9.586799774280408e-07,6.879503875485162,27.023661124735987,6.869692927068108,27.033607442469975,0.0
0.5232203602181748,0.35824356295368964,0.9169544710998528,-0.5232203574350064,-1.8800698911413485,-0.0012791703818473548,-0.21138998176847115,9.586801247204853e-07,6.889370978387418,27.026309011750985,6.879560029964764,27.036255329490572,0.0
0.5232203602179709,0.35915395453660837,0.9169544711758238,-0.5232203575738947,-1.890530702391626,-0.0007345826383813116,-0.20155657129204474,9.586802576600126e-07,6.915549753437667,27.03333421450258,6.905738805009693,27.043280532247486,0.0
0.5232203602177773,0.36048529760558917,0.9169544712489863,-0.5232203577058451,-1.9053710605632428,-7.972189691435707e-06,-0.18752149594894896,9.586803776505619e-07,6.953833203808645,27.04360776510995,6.944022255375616,27.05355408285991,0.0
0.5232203602175933,0.3620863894656377,0.9169544713189949,-0.5232203578312037,-1.922433472577738,0.0007339866972886125,-0.1712757815831905,9.58680485944562e-07,6.999873418667998,27.055962880742513,6.990062470230167,27.065909198497277,0.0
0.5232203602174186,0.36377572867327407,0.9169544713855144,-0.5232203579502996,-1.9395497613443236,0.0013669739577496561,-0.15486348190160587,9.586805836890888e-07,7.0484512311727245,27.06899897282187,7.038640282730331,27.078945290581196,0.0
0.5232203602172526,0.36532886508989015,0.9169544714481995,-0.5232203580634456,-1.9545298082149738,0.0018245257140705807,-0.14040843852141704,9.586806719082708e-07,7.093112462783152,27.080984031430255,7.083301514336424,27.090930349193915,0.0
0.5232203602170948,0.3664794029683852,0.9169544715067096,-0.5232203581709385,-1.9651528042587216,0.0020884951503944253,-0.13011349106221282,9.586807515295887e-07,7.126196767532112,27.089862365809612,7.116385819081266,27.09980868357739,0.0
0.523220360216945,0.3669353095474213,0.9169544715607519,-0.5232203582730606,-1.9691708516436819,0.0021608273044740724,-0.126228651022888,9.586808233931171e-07,7.139306593994291,27.093380452566837,7.129495645539533,27.103326770338526,0.0
0.5232203602168026,0.3669450596102887,0.9169544716111816,-0.5232203583700801,-1.9691358897369042,0.0021372230220683456,-0.12629784007994746,9.586808882562666e-07,7.1395869616519265,27.093455692130767,7.129776013193453,27.103402009906173,0.0
0.5232203602166674,0.36695432304796893,0.916954471659091,-0.5232203584622517,-1.9691026881580593,0.0021148189577117255,-0.12636357745616308,9.586809467958537e-07,7.13985333617275,27.093527176491445,7.130042387710745,27.103473494270382,1.0
0.523220360216539,0.3669631241059305,0.9169544717046063,-0.5232203585498176,-1.969071157691803,0.0020935531370515543,-0.12642603497104055,9.58680999630913e-07,7.140106414746643,27.093595092747012,7.130295466281284,27.103541410529303,1.0
0.5232203602164168,0.36697148582576056,0.9169544717478469,-0.5232203586330079,-1.9690412137013502,0.0020733668777573,-0.1264853759286247,9.586810473172121e-07,7.140346859945311,27.09365961870546,7.130535911476765,27.103605936490936,1.0
0.5232203602163008,0.36697943010453665,0.9169544717889266,-0.5232203587120409,-1.969012775887934,0.002054204605804877,-0.12654175553577054,9.58681090355178e-07,7.140575301429545,27.09372092334279,7.130764352957973,27.103667241131294,1.0
0.5232203602161907,0.3669869777513109,0.9169544718279533,-0.5232203587871243,-1.9689857680634435,0.002036013682848687,-0.12659532130025208,9.586811291980213e-07,7.140792337573455,27.093779167238907,7.130981389099007,27.103725485030285,1.0
0.523220360216086,0.3669941485408424,0.9169544718650297,-0.5232203588584554,-1.9689601179354634,0.0020187442439361836,-0.1266462134096411,9.586811642566596e-07,7.140998537009566,27.09383450299224,7.131187588532385,27.10378082078635,1.0
0.5232203602159865,0.36700096126470916,0.916954471900253,-0.5232203589262217,-1.9689357569039965,0.0020023490448761753,-0.12669456509184904,9.586811958972028e-07,7.141194440098566,27.09388707561419,7.131383491618789,27.103833393410895,1.0
0.523220360215892,0.36700743377992295,0.9169544719337162,-0.5232203589906012,-1.9689126198691878,0.0019867833186241047,-0.12674050295818728,9.58681224453186e-07,7.141380560327251,27.09393702290426,7.131569611845008,27.10388334070343,1.0
0.5232203602158023,0.36701358305516724,0.916954471965507,-0.5232203590517631,-1.9688906450494201,0.0019720046400949296,-0.12678414732976548,9.586812502258444e-07,7.1415573856381185,27.093984475806874,7.131746437153533,27.103930793608388,1.0
0.523220360215717,0.3670194252147711,0.9169544719957089,-0.5232203591098682,-1.9688697738091852,0.001957972798857664,-0.12682561254801086,9.586812734872576e-07,7.141725379693857,27.094029558750723,7.131914431207045,27.103975876554465,1.0
0.523220360215636,0.36702497558052777,0.9169544720244015,-0.5232203591650691,-1.9688499504961738,0.0019446496792055784,-0.12686500727005892,9.586812944813895e-07,7.1418849830798585,27.094072389971465,7.132074034590932,27.10401870777732,1.0
0.5232203602155591,0.3670302487114616,0.9169544720516601,-0.5232203592175111,-1.968831122287066,0.0019319991471325646,-0.1269024347497315,9.58681313427523e-07,7.142036614447735,27.0941130818186,7.1322256659568,27.104059399626465,1.0
0.523220360215486,0.36703525844164153,0.9169544720775564,-0.5232203592673318,-1.9688132390415274,0.00191998694377982,-0.12693799310478754,9.586813305273647e-07,7.142180671602667,27.094151741047263,7.132369723109822,27.10409805885704,1.0
0.5232203602154165,0.3670400179161361,0.9169544721021585,-0.5232203593146624,-1.9687962531639558,0.001908580584947886,-0.12697177557109998,9.586813459612882e-07,7.142317532537299,27.094188469095705,7.132506584042641,27.104134786907295,1.0
0.5232203602153506,0.36704453962519923,0.916954472125531,-0.5232203593596272,-1.9687801194725434,0.001897749266297444,-0.1270038707443847,9.586813598906802e-07,7.1424475564147745,27.094223362349073,7.132636607918394,27.104169680162386,1.0
0.5232203602152878,0.36704883543677236,0.9169544721477355,-0.5232203594023443,-1.9687647950752512,0.0018874637738885498,-0.12703436281007693,9.58681372462713e-07,7.142571084503349,27.094256512390242,7.132760136005332,27.10420283020519,1.0
0.5232203602152283,0.36705291662738526,0.9169544721688303,-0.5232203594429263,-1.968750239252312,0.001877696399731987,-0.1270633317619248,9.586813838099576e-07,7.142688441064956,27.09428800623826,7.132877492565384,27.104234324054758,1.0
0.5232203602151717,0.36705679391153245,0.9169544721888708,-0.5232203594814797,-1.968736413344904,0.0018684208620487214,-0.12709085360984335,9.58681394049393e-07,7.142799934199939,27.09431792657504,7.13298898569889,27.104264244393015,1.0
0.523220360215118,0.36706047746959997,0.9169544722079097,-0.523220359518106,-1.9687232806496577,0.0018596122299539915,-0.12711700057754663,9.586814032924957e-07,7.142905856650101,27.094346351960883,7.133094908147649,27.10429266978026,1.0
0.5232203602150669,0.3670639769744129,0.9169544722259971,-0.5232203595529014,-1.9687108063186785,0.0018512468523014755,-0.1271418412904521,9.586814116344358e-07,7.143006486562092,27.09437335703932,7.133195538058308,27.10431967486003,1.0
0.5232203602150184,0.36706730161647094,0.9169544722431806,-0.5232203595859574,-1.968698957264782,0.0018433022904405692,-0.12716544095432902,9.586814191625006e-07,7.143102088213065,27.094399012731863,7.133291139708016,27.10434533055384,1.0
0.5232203602149723,0.3670704601279361,0.9169544722595052,-0.5232203596173609,-1.9686877020716664,0.001835757254656,-0.1271878615251389,9.586814259571744e-07,7.14319291270046,27.09442338642311,7.133381964194207,27.10436970424629,1.0
0.5232203602149286,0.3670734608054337,0.916954472275014,-0.5232203596471946,-1.96867701090875,0.0018285915440740576,-0.12720916187049647,9.586814320884478e-07,7.143279198597651,27.094446542136698,7.133468250090255,27.10439285996102,1.0
0.5232203602148869,0.36707631153172443,0.9169544722897477,-0.5232203596755369,-1.9686668554504254,0.0018217859898336335,-0.12722939792315952,9.58681437620893e-07,7.1433611725771415,27.09446854070254,7.133550224068659,27.104414858527946,1.0
0.5232203602148474,0.36707901979630336,0.916954472303745,-0.5232203597024624,-1.9686572087994965,0.0018153224013331612,-0.12724862282693505,9.586814426151035e-07,7.143439050002894,27.094489439915783,7.133628101493381,27.10443575774222,1.0
0.5232203602148099,0.3670815927149779,0.9169544723170429,-0.5232203597280418,-1.9686480454145687,0.001809183515376577,-0.12726688707537268,9.586814471219958e-07,7.143513035493308,27.094509294687896,7.133702086982815,27.104455612515313,1.0
0.5232203602147742,0.36708403704847536,0.916954472329676,-0.5232203597523425,-1.9686393410411904,0.0018033529480524898,-0.12728423864359772,9.586814511896013e-07,7.143583323456289,27.09452815719025,7.133772374944865,27.1044744750186,1.0
0.5232203602147404,0.3670863592201276,0.9169544723416777,-0.5232203597754284,-1.9686310726465388,0.0017978151491912077,-0.12730072311361917,9.586814548615518e-07,7.143650098597773,27.094546076990596,7.133839150085465,27.10449239481983,1.0
0.5232203602147082,0.3670885653326783,0.9169544723530797,-0.5232203597973601,-1.9686232183574677,0.001792555359253747,-0.12731638379343282,9.586814581761412e-07,7.143713536405034,27.094563101182764,7.133902587891886,27.104509419012835,1.0
0.5232203602146777,0.3670906611842558,0.9169544723639118,-0.5232203598181955,-1.9686157574017376,0.0017875595685160393,-0.12733126183022334,9.586814611675137e-07,7.143773803605989,27.09457927450991,7.133962855092043,27.10452559234078,1.0
0.5232203602146486,0.36709265228355303,0.9169544723742026,-0.5232203598379892,-1.9686086700522623,0.0017828144784198293,-0.12734539631795533,9.58681463867311e-07,7.143831058605701,27.09459463948168,7.134020110090996,27.104540957313308,1.0
0.5232203602146209,0.3670945438642532,0.916954472383979,-0.5232203598567934,-1.9686019375742112,0.0017783074649695846,-0.12735882439962898,9.586814663033862e-07,7.143885451901201,27.094609236485507,7.134074503385776,27.104555554317855,1.0
0.5232203602145947,0.36709634089873894,0.9169544723932668,-0.5232203598746574,-1.9685955421748196,0.001774026544061889,-0.12737158136446267,9.586814685031176e-07,7.143937126475696,27.094623103892413,7.134126177959586,27.104569421725447,1.0
0.5232203602145699,0.36709804811111973,0.9169544724020904,-0.5232203598916284,-1.968589466955765,0.001769960338640726,-0.12738370074025224,9.586814704869848e-07,7.143986218173184,27.094636278157544,7.134175269656424,27.10458259599123,1.0
0.5232203602145462,0.36709966998961197,0.916954472410473,-0.523220359907751,-1.9685836958679763,0.0017660980475782578,-0.1273952143811448,9.586814722761424e-07,7.144032856054445,27.094648793915695,7.134221907537067,27.104595111749994,1.0
0.5232203602145238,0.367101210798303,0.9169544724184366,-0.5232203599230675,-1.9685782136687466,0.0017624294161866277,-0.1274061525510529,9.586814738917595e-07,7.144077162735323,27.094660684072096,7.134266214217358,27.10460700190698,1.0
0.5232203602145025,0.3671026745883301,0.9169544724260023,-0.5232203599376182,-1.9685730058810333,0.0017589447082719378,-0.1274165440029244,9.586814753498433e-07,7.144119254708182,27.094671979888677,7.134308306189659,27.10461829772412,1.0
0.5232203602144821,0.36710406520850336,0.9169544724331897,-0.5232203599514414,-1.9685680587548302,0.0017556346796465427,-0.12742641605407243,9.58681476665357e-07,7.14415924264737,27.094682711066046,7.134348294128317,27.104629028902018,1.0
0.5232203602144628,0.36710538631539924,0.916954472440018,-0.5232203599645736,-1.9685633592305045,0.0017524905530208932,-0.1274357946577602,9.586814778517885e-07,7.1441972316994695,27.09469290582138,7.134386283179914,27.104639223657855,1.0
0.5232203602144445,0.36710664138295246,0.9169544724465051,-0.5232203599770492,-1.9685588949039976,0.001749503994200415,-0.12744470447122608,9.586814789246175e-07,7.1442333217591125,27.094702590962434,7.1344223732390795,27.104648908799387,1.0
0.5232203602144271,0.3671078337115696,0.9169544724526679,-0.523220359988901,-1.9685546539937933,0.0017466670895174136,-0.12745316892032454,9.586814798927446e-07,7.144267607731046,27.09471179195788,7.134456659210559,27.104658109795288,1.0
0.5232203602144105,0.3671089664367891,0.9169544724585227,-0.5232203600001604,-1.9685506253095617,0.0017439723244317789,-0.127461210260951,9.586814807660996e-07,7.14430017977916,27.094720533004132,7.134489231258241,27.10466685084197,1.0
0.5232203602143949,0.3671100425375099,0.9169544724640849,-0.5232203600108568,-1.9685467982223945,0.001741412563238154,-0.12746884963740918,9.586814815543287e-07,7.144331123563097,27.09472883708884,7.134520175041769,27.104675154927087,1.0
0.52322036021438,0.3671110648438099,0.9169544724693691,-0.5232203600210185,-1.9685431626365475,0.0017389810298206205,-0.1274761071378734,9.58681482266794e-07,7.144360520463083,27.09473672605123,7.134549571941366,27.104683043889867,1.0
0.5232203602143658,0.36711203604437503,0.9169544724743892,-0.5232203600306721,-1.9685397089626144,0.0017366712893993304,-0.12748300184708883,9.586814829091643e-07,7.14438844779355,27.09474422063943,7.1345774992714635,27.104690538478437,1.0
0.5232203602143524,0.36711295869355787,0.9169544724791584,-0.523220360039843,-1.968536428092059,0.0017344772312165944,-0.1274895518964471,9.58681483488067e-07,7.144414979006112,27.09475134056494,7.134604030483674,27.104697658404298,1.0
0.5232203602143396,0.3671138352180844,0.9169544724836892,-0.5232203600485554,-1.9685333113730343,0.0017323930521128189,-0.12749577451156782,9.58681484010573e-07,7.14444018388242,27.09475810455439,7.134629235359648,27.104704422394082,1.0
0.5232203602143275,0.3671146679234266,0.9169544724879936,-0.5232203600568323,-1.9685303505874259,0.001730413240945405,-0.12750168605750928,9.586814844817908e-07,7.144464128717408,27.094764530398713,7.134653180194319,27.10471084823872,1.0
0.523220360214316,0.3671154589998571,0.9169544724920828,-0.5232203600646953,-1.9685275379290528,0.0017285325638063927,-0.12750730208172611,9.586814849073633e-07,7.144486876493399,27.094770634999865,7.134675927970009,27.104716952840175,1.0
0.523220360214305,0.3671162105282017,0.9169544724959677,-0.5232203600721652,-1.9685248659829715,0.0017267460499969438,-0.12751263735488613,9.586814852910904e-07,7.144508487045522,27.09477643441522,7.134697538521846,27.104722752255817,1.0
0.5232203602142945,0.36711692448530553,0.9169544724996584,-0.5232203600792616,-1.968522327705823,0.0017250489787191143,-0.12751770590965245,9.586814856382496e-07,7.14452901721889,27.094781943899754,7.134718068694941,27.104728261740625,1.0
0.5232203602142846,0.3671176027492259,0.9169544725031648,-0.5232203600860033,-1.9685199164071718,0.001723436866447449,-0.12752252107753212,9.586814859513132e-07,7.144548521017925,27.094787177946117,7.1347375724937185,27.104733495787244,1.0
0.5232203602142752,0.36711824710416646,0.9169544725064958,-0.5232203600924078,-1.9685176257317865,0.001721905454945056,-0.12752709552388722,9.586814862343694e-07,7.1445670497482485,27.094792150322697,7.134756101223796,27.10473846816407,1.0
0.5232203602142663,0.36711885924516513,0.9169544725096603,-0.5232203600984922,-1.9685154496428119,0.0017204506998905887,-0.12753144128120028,9.586814864903046e-07,7.144584652151473,27.094796874109814,7.134773703626788,27.104743191951417,1.0
0.5232203602142579,0.367119440782548,0.9169544725126667,-0.5232203601042723,-1.9685133824057912,0.0017190687600845123,-0.12753556978068029,9.586814867201461e-07,7.144601374533287,27.094801361734078,7.13479042600838,27.1047476795759,1.0
0.5232203602142498,0.36711999324616107,0.9169544725155229,-0.5232203601097635,-1.968511418573492,0.0017177559872046091,-0.12753949188229205,9.586814869296405e-07,7.144617260885132,27.094805625001044,7.134806312360015,27.10475194284308,1.0
0.5232203602142421,0.36712051808939067,0.9169544725182363,-0.5232203601149801,-1.968509552971495,0.0017165089160823422,-0.12754321790328757,9.586814871163907e-07,7.144632352999818,27.09480967512625,7.1348214044745015,27.104755992968485,1.0
0.5232203602142348,0.3671210166929832,0.916954472520814,-0.5232203601199358,-1.9685077806845106,0.0017153242554732036,-0.1275467576453139,9.58681487284126e-07,7.144646690581362,27.094813522764678,7.134835742055856,27.1047598406071,1.0
0.5232203602142279,0.3671214903686745,0.9169544725232629,-0.5232203601246438,-1.9685060970433816,0.0017141988792955464,-0.12755012042016814,9.586814874376203e-07,7.144660311349343,27.094817178038767,7.1348493628236564,27.10476349588137,1.0
0.5232203602142214,0.3671219403626374,0.9169544725255894,-0.5232203601291163,-1.9685044976127413,0.0017131298183138384,-0.12755331507426734,9.586814875756691e-07,7.144673251138052,27.09482065056502,7.134862302612194,27.104766968407795,1.0
0.5232203602142151,0.36712236785875796,0.9169544725277996,-0.5232203601333653,-1.9685029781792907,0.0017121142522434581,-0.12755635001189702,9.586814876997635e-07,7.144685543990689,27.09482394947928,7.134874595464668,27.10477026732222,1.0
0.5232203602142093,0.3671227739817473,0.9169544725298994,-0.5232203601374018,-1.968501534740667,0.0017111495022554286,-0.12755923321729926,9.586814878108821e-07,7.144697222248855,27.094827083460757,7.134886273722678,27.10477340130385,1.0
0.5232203602142036,0.3671231598000988,0.9169544725318942,-0.5232203601412365,-1.9685001634948693,0.0017102330238605622,-0.12756197227565813,9.586814879131923e-07,7.144708316637578,27.094830060754823,7.134897368111255,27.10477637859806,1.0
0.5232203602141983,0.36712352632889694,0.9169544725337894,-0.5232203601448795,-1.9684988608302179,0.001709362400153605,-0.12756457439303778,9.586814880052918e-07,7.144718856346094,27.094832889194716,7.134907907819631,27.104779207038092,1.0
0.5232203602141932,0.3666736904296727,0.9169544725355586,-0.5232203601483403,-1.9644296885777748,0.0015961970486818283,-0.13152264286664764,9.58681488086394e-07,7.131783594958421,27.091361649534143,7.121972646431826,27.10130796737765,1.0
0.5232203602141884,0.36550042288276363,0.9169544725371933,-0.5232203601516281,-1.9537132341750556,0.001285139700179765,-0.14192999841489545,9.586814881619203e-07,7.09804568650598,27.082307919303158,7.08823473797926,27.092254237146793,1.0
0.5232203602141838,0.3638916613845576,0.9169544725387229,-0.5232203601547515,-1.938603620745615,0.0007936640875453234,-0.1565499968010537,9.586814882309997e-07,7.051784926728842,27.06989362158129,7.041973978202002,27.079839939425042,1.0
0.5232203602141795,0.3621278095919297,0.9169544725401718,-0.5232203601577187,-1.9213442404244325,0.00014407217234590174,-0.1731615527479427,9.586814882940153e-07,7.001064466207251,27.05628254167548,6.991253517680297,27.066228859519345,1.0
0.5232203602141754,0.3604548413457162,0.9169544725415586,-0.5232203601605375,-1.9041474496806485,-0.0006077212375836587,-0.18960822924567855,9.586814883501827e-07,6.952957408550384,27.04337278101779,6.943146460023322,27.053319098861763,1.0
0.5232203602141715,0.3590740525768848,0.9169544725428965,-0.5232203601632155,-1.8891942893661495,-0.001355361015651414,-0.20381534498781664,9.586814884009803e-07,6.913252121216358,27.03271767590417,6.903441172689193,27.042663993748246,1.0
0.5232203602141677,0.3581468452247439,0.9169544725441944,-0.5232203601657596,-1.8786457935239307,-0.0019417985378143933,-0.21377891875331265,9.586814884452912e-07,6.886589799527305,27.025562713460708,6.876778851000043,27.03550903130488,1.0
0.5232203602141642,0.3578128687501962,0.9169544725454584,-0.5232203601681764,-1.8746573979324852,-0.0021790773805373314,-0.21753147517522103,9.586814884846202e-07,6.876986135162395,27.022985523897166,6.86717518663504,27.03293184174143,1.0
0.5232203602141609,0.35782109000040313,0.9169544725466757,-0.5232203601704725,-1.8746670433410992,-0.0021775527977966045,-0.21752472203889095,9.586814885207895e-07,6.877222541407931,27.023048964689625,6.8674115928804875,27.032995282533978,1.0
0.5232203602141576,0.35783989985977377,0.9169434725478323,-0.5232203601726537,-1.874677200959894,-0.0021739674996720053,-0.21751944902330278,9.586814885543799e-07,6.877848312007129,27.022877803762956,6.868037363479602,27.03282412160739,1.0
0.5232203593882444,0.35788031852969504,0.9169107533360678,-0.5232209230199354,-1.8746888843122147,-0.00216619148202304,-0.21751677602847422,9.393520805531708e-07,6.879263066004105,27.022248833256402,6.8694520959158965,27.03219517266152,1.0
0.523220356210489,0.3579423655419719,0.9168568336826227,-0.5232230886118308,-1.874702099072302,-0.0021542581544371,-0.21751666721883894,9.40898393746839e-07,6.881463381772533,27.02117710150742,6.8716523287281825,27.03112352386868,1.0
0.5232203491889568,0.35802505949023494,0.9167832207949688,-0.5232278736790605,-1.8747167491076007,-0.0021384174322556064,-0.21751897189745317,9.390898675388712e-07,6.884409427310257,27.01969835637332,6.87459819096696,27.029644962033526,1.0
0.5232203369006417,0.3581294179928866,0.9166893984442561,-0.5232362479785179,-1.8747329066901781,-0.0021185551839031477,-0.21752373485542997,9.45260463978896e-07,6.888134466911706,27.01780558751043,6.878322909778712,27.027752513960333,1.0
0.5232203180416501,0.35825545784845614,0.9165758099057232,-0.5232491000939354,-1.8747505419329609,-0.00209477476217748,-0.21753088541199567,9.496081369089961e-07,6.8926355800508965,27.015511654169188,6.882823530598965,27.025459072938027,1.0
0.5232202913732817,0.3584021950936162,0.9164428762909388,-0.523267274180666,-1.8747695267189053,-0.0020673886591177607,-0.21754024183824422,9.67329180520074e-07,6.89788123897148,27.012821056582087,6.8880684933347744,27.0227691715357,1.0
0.5232202556708068,0.3585706449736959,0.9162930139618247,-0.5232916048734149,-1.8747898987474014,-0.0020363511925092395,-0.21755181462929085,9.59752152677074e-07,6.903882007300033,27.009811096885176,6.894068329640823,27.019760143861294,1.0
0.5232202098186947,0.35875982212253427,0.9161236021588995,-0.5233228523892405,-1.8748115121389397,-0.0020020094103661047,-0.21756540500594873,9.670706056131257e-07,6.910629788507384,27.006398795583483,6.9008149138667205,27.016349039541055,1.0
0.5232198511446358,0.35897077222580576,0.9160395658238859,-0.5235672832958523,-1.8748343856620955,-0.001964354895523544,-0.21758100495536972,8.066055785334606e-07,6.917348929897546,27.005605441609326,6.907524691976185,27.0155650488476,1.0
0.523219796936184,0.3592014468188579,0.9158309951861141,-0.523604225529799,-1.8748582775843132,-0.001923937374792498,-0.21759830849351888,8.103328960046388e-07,6.925592278401663,27.001387224900363,6.915766625354404,27.011348247264532,1.0
0.5232193652628391,0.3594539590325067,0.915728784657382,-0.523898404337655,-1.874883429570889,-0.0018805346566072643,-0.2176171152270632,7.450056158930664e-07,6.933647757245128,27.000391034889564,6.923810835251601,27.010363326200004,1.0
0.5232189056501907,0.35972731087745036,0.915616077408415,-0.5242116233551474,-1.874909358714445,-0.001834674815436639,-0.21763774811714823,9.802676207976912e-07,6.942383855427004,26.99925345855677,6.93253493512434,27.009237748176346,1.0
0.5232188441867048,0.3600213276767073,0.9153459735219813,-0.524253509784297,-1.8749361284360464,-0.0017865166139121706,-0.21765980358519907,9.886566338377917e-07,6.952923574410506,26.99375452978356,6.943073049587371,27.003740423923606,1.0
0.5232187645144475,0.36033615191119284,0.9150600597939568,-0.5243078052138092,-1.8749636280906792,-0.0017363038407516975,-0.2176831628315678,9.847990401761117e-07,6.964183859782435,26.987961309316464,6.954331255094056,26.997949283321756,1.0
0.5232181791107042,0.3606710206059761,0.9149261324161317,-0.5247067489459171,-1.8749918579826903,-0.0016843471004629503,-0.21770732034511928,8.455977748442142e-07,6.974854298193353,26.98668660959618,6.964986411386204,26.996689865720242,1.0
0.5232180854997492,0.3610274898766307,0.9146039571726392,-0.5247705433855058,-1.8750205463862277,-0.0016307152849707686,-0.217732846887835,8.377450870451089e-07,6.98759211375727,26.98017186089776,6.977721783211507,26.990177560760436,1.0
0.523217421872763,0.36140315225889097,0.9144536347175357,-0.5252227950659637,-1.87504968479785,-0.0015759664456883276,-0.21775884074616242,8.076362388178806e-07,6.999563133319332,26.978739493355878,6.989675478616455,26.98876251737567,1.0
0.5232167341042767,0.3618007745064623,0.9142915258194064,-0.5256914988108665,-1.875079236889624,-0.0015199503884868893,-0.21778565944386516,5.800667588970886e-07,7.0122568888036,26.977137352821803,7.002351279723399,26.987178331218917,1.0
0.5232160227554946,0.362218388639262,0.9141164393280024,-0.526176272168181,-1.8751087484980051,-0.0014632924130179726,-0.21781338464456282,9.332182575758138e-07,7.0256259747830905,26.97531600932402,7.015701795755734,26.985375557668288,1.0
0.5232159243250938,0.3626552628375027,0.9137109010076161,-0.5262433509866801,-1.875138393721954,-0.0014061048539223808,-0.2178414126766215,9.38993115951647e-07,7.041319246017956,26.967024549187148,7.031392497439085,26.977086667082933,1.0
0.5232151290425917,0.3631138249572543,0.9135223625871469,-0.5267853238953701,-1.8751680274336027,-0.0013485313294559628,-0.21786987219833787,1.12364429413055e-06,7.055970713877421,26.965131292048802,7.046023204239547,26.97521417100359,1.0
0.5232143108415469,0.36359144662544945,0.9133205678062193,-0.5273428075448411,-1.8751972808172268,-0.001291099961677135,-0.21789879575715584,8.526853563635568e-07,7.071272845763124,26.963003633820815,7.0613039767716606,26.97310787212919,1.0
0.5232134681460786,0.36409010416885934,0.913107160893004,-0.5279170916676599,-1.8752269824626828,-0.0012334127045621488,-0.21792682376585945,9.331876075453539e-07,7.087269804596899,26.960704086904084,7.077278936818473,26.970830323999422,1.0
0.5232133605723024,0.36460752071956504,0.9126217271314243,-0.5279904015572471,-1.8752560752073744,-0.0011762184799982785,-0.2179553130133759,9.351542532466039e-07,7.1058957920056365,26.950736653007127,7.0959021159854725,26.960865698344204,1.0
0.5232124312964884,0.36514530264760997,0.912395768683662,-0.5286236888665338,-1.875284833208399,-0.001119625571159427,-0.21798341592957632,9.093393257068881e-07,7.123115781397222,26.948376984295386,7.1130978463873875,26.958530288622132,1.0
0.5232114798770015,0.36570423633765703,0.9121573448824722,-0.5292720667515737,-1.8753129847396661,-0.0010637158399875528,-0.2180116743129825,1.1849049313086936e-06,7.141040484431131,26.945821821892693,7.130997712365216,26.955999963275517,1.0
0.5232105051419371,0.36628233221633183,0.9119047848251216,-0.5299361959830676,-1.8753405833063002,-0.0010087576096369198,-0.21803951357836404,1.007449998713241e-06,7.159625600012005,26.943007751266563,7.149557382230727,26.953211338364753,1.0
0.5232103847925003,0.36687841700490104,0.9113416272473494,-0.5300180909806952,-1.8753677178216523,-0.0009547672077149013,-0.21806669887173277,9.597126001384482e-07,7.1811137149901665,26.931412303534398,7.171042355455168,26.941619032386306,1.0
0.523209319772275,0.3674957908341264,0.9110798449339642,-0.5307438860381363,-1.875394226202068,-0.0009019988253887111,-0.21809320906190469,1.217083070882241e-06,7.200900634477535,26.928634991452512,7.190801472309289,26.93886952293767,1.0
0.523208234118846,0.36813241210499387,0.9108030047345801,-0.5314835862715745,-1.8754198004427698,-0.0008506676982087473,-0.21811944832253752,1.0175709345595305e-06,7.221357496284305,26.925572967640104,7.211229992847594,26.935835840393725,1.0
0.523207126231259,0.36878927189279703,0.9105147400648578,-0.53223846013164,-1.875445017586483,-0.0008005369450844662,-0.21814440128937534,1.4172027901532354e-06,7.242484781592956,26.92233834160491,7.232328356459237,26.93263013605554,1.0
0.5232069904325769,0.36946213886454454,0.9098747890818443,-0.5323308118138029,-1.875469224481141,-0.0007520580519329931,-0.21816892875830543,1.362399775628802e-06,7.266773659871343,26.90912707177634,7.256613689677293,26.9194224112873,1.0
0.5232057884203828,0.370157483248578,0.909576510453038,-0.5331497739170796,-1.8754927237578525,-0.0007051507839685063,-0.21819242241935735,1.1515228173961935e-06,7.289086096405887,26.905900276054314,7.2788947473671906,26.91622699440992,1.0
0.523204567175519,0.37087118559586946,0.9092647866892583,-0.5339818680089213,-1.8755149578480095,-0.000660155285500891,-0.21821569301227717,1.3204745215195708e-06,7.312030435835081,26.902428306096063,7.301807205877834,26.912786905370222,1.0
0.5232033252099562,0.3716052283575246,0.9089400970768998,-0.5348280531407573,-1.87553672232069,-0.0006166478449680216,-0.21823749871299672,1.3009405549202018e-06,7.335660005678173,26.898740225358747,7.325404353883076,26.909131246470757,1.0
0.5232020622437499,0.3723586680710149,0.908601549264846,-0.5356885476060044,-1.875557380278872,-0.000575007728769027,-0.21825877819853964,8.739370575628503e-07,7.359954566998571,26.89480309160871,7.3496659451383,26.905227082785895,1.0
0.5232007790215285,0.37313050295498795,0.9082499890894954,-0.5365630439993895,-1.875577267579306,-0.000535145516885518,-0.21827886088843113,8.769288531249438e-07,7.384878776694795,26.8906335081258,7.374556655980745,26.901090998156764,1.0
0.5231994747361938,0.3739207782137397,0.9078855916019101,-0.5374518945836548,-1.8755960101997777,-0.0004972382817393112,-0.2182983740559175,9.694253271224332e-07,7.410432594931165,26.88623684899123,7.400076425505217,26.896728387734093,1.0
0.5231981490442222,0.3747304966681486,0.9075074736916974,-0.5383553334646949,-1.8756140097002778,-0.00046106480915984526,-0.21831670516715854,1.1619924934028474e-06,7.436651678547102,26.881595456788823,7.426260901583373,26.892121603069466,1.0
0.5231968005732512,0.3755586950594651,0.9071170039187355,-0.5392741013615917,-1.8756310952714743,-0.000426738359780342,-0.21833408810115887,8.988813194031873e-07,7.463497785751738,26.876741235545342,7.453071806598451,26.887302584015544,1.0
0.523195431025617,0.3764053940485844,0.9067137964281671,-0.5402074272086235,-1.8756472175554022,-0.00039426768381036354,-0.21835063842228655,7.746405919577847e-07,7.490974466894408,26.87166327383173,7.480512735339723,26.88226037470333,1.0
0.5231940391883523,0.37727161957753913,0.9062971666491085,-0.5411559430992953,-1.8756624621027898,-0.00036356314582169333,-0.21836629728228563,1.0254005326234647e-06,7.519116522917374,26.866349790655107,7.508618457084619,26.876983225804775,1.0
0.5231939320530009,0.37814700468432594,0.9054234214245062,-0.5412287708377649,-1.8756768464612101,-0.00033465995711151245,-0.2183809675548943,9.771731791176552e-07,7.55103296367407,26.847979308225014,7.540532101044773,26.858615540171222,1.0
0.5231924300186238,0.3790493277195706,0.9050052637642813,-0.5422523843815829,-1.8756904549300784,-0.0003074585583908462,-0.21839461321918952,7.246917143338322e-07,7.580226252223391,26.842899074489385,7.569686178591408,26.85357451743828,1.0
0.5231909088624699,0.37997026780812576,0.9045726037606763,-0.5432890291249796,-1.8757032321120555,-0.0002819381616003265,-0.2184074079581013,8.404655670757593e-07,7.610067058432689,26.837545292604222,7.599487274619003,26.84826044573482,1.0
0.5231893672700212,0.3809088804998552,0.904125886389568,-0.5443396008918727,-1.8757147724513117,-0.00025826203985620264,-0.2184200818884144,5.434244296222611e-07,7.640524808342757,26.831923454527075,7.6299047808525176,26.842678851334227,1.0
0.5231878064720874,0.38186611271489485,0.9036666938737218,-0.5454032609043007,-1.8757262897392726,-0.00023580948461984294,-0.21843068949452812,6.321369760800572e-07,7.671614504852433,26.82608638400413,7.660953732321394,26.836882525852083,1.0
0.5231862245918362,0.3828355461423222,0.9031947842657261,-0.5464812881948309,-1.8758143415594986,-0.00021158658187032947,-0.21836702492240648,5.958816850061141e-07,7.703153480294173,26.819977567773424,7.6924514123628915,26.830815005021616,1.0
0.5231846234465037,0.38382274464890226,0.9027084265837494,-0.5475724443446862,-1.8759007746144767,-0.0001892028776839543,-0.2183032089308294,9.372360527940773e-07,7.735315061430977,26.81359019685932,7.724571195179439,26.82446943242777,1.0
0.52318299971275,0.384827810514953,0.9022097485897622,-0.5486789941595365,-1.8759849286435928,-0.0001685689736141896,-0.21823989868121713,3.8837554273919344e-07,7.768085812299507,26.806986204150235,7.757299558051029,26.817907827715622,1.0
0.5231813561598787,0.38585070181513914,0.9016978084571805,-0.5497990504009996,-1.8760675211792988,-0.00014944998455700354,-0.21817627729730568,4.916211374218281e-07,7.8014717608133255,26.8001382224931,7.79064260118463,26.811102751438707,1.0
0.5231796916539008,0.3868915296913365,0.9011739885179448,-0.5509333858654277,-1.8761473574611836,-0.00013212564039313842,-0.21811412171383868,9.675922982836877e-07,7.835465450050021,26.793086846773676,7.824592838054745,26.804094828085866,1.0
0.523178004350069,0.3879502526709156,0.9006369165746894,-0.5520832577199422,-1.8762258687595055,-0.00011608988980095329,-0.21805154475142505,5.736902145681177e-07,7.870076302766804,26.78579227774851,7.859159643260972,26.796844306571252,1.0
0.5231762963205577,0.38902591557687505,0.9000868852325391,-0.5532472538092533,-1.8763024056585655,-0.00010158861681502465,-0.21798973582573622,8.19262172047975e-07,7.905274568308834,26.77825558727679,7.894313320243129,26.789352204659405,1.0
0.5231745657970026,0.39011954541115607,0.8995244949576617,-0.5544265792467279,-1.8763774028702391,-8.822184078382899e-05,-0.2179278798313154,4.734575320243093e-07,7.941085167985685,26.77050194785356,7.930078744147173,26.78164374100898,1.0
0.5231728147844559,0.3912301819797395,0.8989490609700528,-0.5556198676198482,-1.8764502033831267,-7.638489822007061e-05,-0.2178674535120315,7.538760968309294e-07,7.977485751144259,26.76250428682782,7.966433616662422,26.773691790626565,1.0
0.5231710399161373,0.39235784926670414,0.8983617274918759,-0.5568294133379761,-1.8765216740151314,-6.54416627663992e-05,-0.2178068334312889,6.628617480202529e-07,8.014468221246979,26.754295650436664,8.003369753360616,26.76552948763993,1.0
0.523169244913175,0.39350354111792574,0.8977612276827331,-0.5580526805091534,-1.876591616306302,-5.5586970519825136e-05,-0.21774672966446396,1.0236025496424835e-06,8.052070886428409,26.74584733262153,8.040925559517342,26.7571280288495,1.0
0.5231674254602096,0.3946653413183058,0.8971489647325787,-0.5592924883316542,-1.8766600159033988,-4.6653201067147695e-05,-0.2176870341041713,4.521586040425932e-07,8.090227875350042,26.737184841611366,8.079035046480408,26.7485130304777,1.0
0.5231655847510859,0.39584427412734874,0.8965239718545526,-0.5605469035553605,-1.8767263313255407,-3.893423278929971e-05,-0.21762897461730635,5.4455315874616e-07,8.128976057192016,26.728288322755144,8.117735176126313,26.739664563817545,1.0
0.5231637210612937,0.3970393262375861,0.8958867742217664,-0.561816979754544,-1.876791725706071,-3.17991563831178e-05,-0.21757063951342923,8.363954152947949e-07,8.168282266671774,26.719165039293344,8.156992733493603,26.730589932468213,1.0
0.5231618347384537,0.3982515582738768,0.8952372502639647,-0.5631024800310303,-1.8768556141012525,-2.546006367934018e-05,-0.2175130587705101,5.224238691213315e-07,8.208177936963581,26.709819689200437,8.19683916083127,26.721293825329447,1.0
0.5231599264785114,0.3994809862479734,0.8945751619284518,-0.5644029301084534,-1.8769180871488123,-1.9862551217883628e-05,-0.21745623809178344,8.589758923950595e-07,8.248665357822263,26.700245563037104,8.237276766061987,26.71176951479408,1.0
0.5231579953146841,0.40072668861900246,0.8939018328698175,-0.5657189888346059,-1.8769786365451901,-1.5044264577076938e-05,-0.21740086535956496,8.677874003797619e-07,8.289707827474944,26.690473600226156,8.278268822174754,26.702047965523047,1.0
0.5231560403412597,0.40198761737907457,0.893215571974372,-0.5670512734384313,-1.8770387934256652,-1.0543978105282657e-05,-0.21734494483628858,7.867123533577462e-07,8.331288276042844,26.680447074968797,8.319798235646942,26.6920724753614,1.0
0.5231540637959667,0.40326582310360526,0.8925166148429813,-0.5683982589420356,-1.87709770400729,-6.614238804100961e-06,-0.21728976276505788,6.577699187363284e-07,8.37346382137884,26.670188621685583,8.36192218274792,26.681865620313204,1.0
0.5231520630402553,0.4045604275793556,0.8918068530797484,-0.5697617434769499,-1.8771546360202576,-3.322597584130432e-06,-0.21723623048678095,3.8806065059753793e-07,8.416194645523264,26.659745823695143,8.404600776637983,26.671475052577126,1.0
0.5231500403935547,0.4058703429560218,0.8910834986132231,-0.5711401463874655,-1.8772108721367635,-4.694987742481543e-07,-0.21718303791861315,5.590750930283354e-07,8.459470958198077,26.649030146833002,8.4478242875884,26.66081217743938,1.0
0.523147994069264,0.40719667618258726,0.8903491542408271,-0.5725346852148654,-1.8772657393123777,1.923786750940508e-06,-0.21713040609688444,6.402785258187531e-07,8.503304524119548,26.638124958487726,8.491604433675755,26.649960408928216,1.0
0.5231459255565171,0.40853842624005726,0.889602310321119,-0.5739443451371915,-1.8773195012040005,4.061726910424338e-06,-0.2170789128191904,6.674296950311899e-07,8.547678193185448,26.62697914510479,8.53592410367205,26.638868594614884,1.0
0.5231438331994798,0.4098966630353166,0.8888435272015901,-0.5753702545800892,-1.877371987380598,5.851863065877902e-06,-0.21702842018321036,8.612563459440221e-07,8.592618428128034,26.615617059452344,8.580809717083557,26.62756113049352,1.0
0.5231417183033702,0.4112693424277253,0.8880713588409166,-0.5768115240573851,-1.877424048376086,7.441066774943682e-06,-0.21697802007168918,7.41235889836856e-07,8.638077595797773,26.603981362712503,8.626213674833803,26.61598064367317,1.0
0.5231395801124689,0.41265860834425866,0.8872890555772781,-0.5782686685803063,-1.8774742618234403,8.71304742685903e-06,-0.21692922299473666,7.800155162190825e-07,8.684092266716089,26.592182060237988,8.67217252771596,26.604237159234813,1.0
0.5231374192905153,0.4140623756270637,0.8864933924185652,-0.5797412358205384,-1.8775242794571954,9.932563327857612e-06,-0.21688020045818757,8.018962586027346e-07,8.7306273684312,26.580110334498254,8.718651220605336,26.592221842320814,1.0
0.5231352356840409,0.41548276394592165,0.8856854148969742,-0.5812293303646308,-1.877572756035582,1.0715991108294083e-05,-0.2168328455823949,7.475249542839161e-07,8.777735784689817,26.567812612791368,8.765702633242304,26.579981124235577,1.0
0.5231330276036154,0.41691679201922816,0.8848656940435986,-0.5827341035334659,-1.8776206030035838,1.1485868515727643e-05,-0.2167857337930467,5.944510783929426e-07,8.825327404622925,26.555282283650126,8.813236610654831,26.567508437614915,1.0
0.5231307981772785,0.41836645541010303,0.8840341632407683,-0.5842534236156959,-1.877667437427436,1.2129253591159443e-05,-0.2167394030898263,6.886866980127108e-07,8.873460085055417,26.542532879741575,8.861311091326108,26.554817233467578,1.0
0.523128544899555,0.4198318591059383,0.8831906689255302,-0.5857889980545473,-1.8777129406566289,1.2496529212338541e-05,-0.2166944520410995,9.35971127384561e-07,8.922138064218249,26.529560766538527,8.909930248081002,26.54190394267247,1.0
0.5231262692174773,0.42131094271694597,0.8823337170233803,-0.5873398407194182,-1.8777581690176206,1.2836122767448463e-05,-0.21664960286346507,6.627464274195657e-07,8.971313611667059,26.516307099905468,8.95904638825031,26.52870968331891,1.0
0.5231239695778547,0.422805833917984,0.8814658298117977,-0.5889070100861376,-1.8778023264031432,1.3186865545230907e-05,-0.21660547770192243,5.718073215530645e-07,9.021028459646557,26.502860814812504,9.008701203532294,26.515323430923463,1.0
0.5231216731826732,0.42431377273184834,0.8805767862595691,-0.5904719684157044,-1.8778479494769624,1.3343240679124728e-05,-0.21656025110144853,6.885436508395499e-07,9.071281792555425,26.488907061085804,9.058894588440634,26.501429625197293,1.0
0.5231193263176968,0.4258373822104209,0.8796857762575636,-0.5920713211415822,-1.8778894989545818,1.3315197645198905e-05,-0.21651879897588575,4.828147027584776e-07,9.122001602289666,26.47501718913216,9.109553132647068,26.487601018771453,1.0
0.5231169575961212,0.42737581397318697,0.8787811062269179,-0.593685568806739,-1.8779306954423987,1.3286857953530736e-05,-0.21647760929554932,7.329283287652212e-07,9.173253390397205,26.46084878228151,9.16074308465453,26.47349444802088,1.0
0.5231145663347224,0.42892715514054425,0.8778649987722374,-0.5953151770180454,-1.877971036551097,1.3252314112483968e-05,-0.21643713780177498,7.533033038235626e-07,9.224965005375301,26.44645097883361,9.212392275124532,26.459159069081075,1.0
0.5231121727914115,0.4304927858442366,0.876928595264264,-0.5969463403176587,-1.878012800890254,1.323376848376959e-05,-0.21639535424115652,4.318886312025011e-07,9.277244255643506,26.431579973611164,9.264609041314728,26.44435054793664,1.0
0.5231097354700888,0.4320740850200117,0.8759879344162212,-0.5986073376654206,-1.878051203553171,1.3065055758107205e-05,-0.21635672983760715,8.524146120547784e-07,9.330007520470732,26.416707060921663,9.317308679227422,26.42954126216167,1.0
0.5231072746334003,0.43366842175424436,0.8750351526688946,-0.6002843603766254,-1.8780889490804598,1.2926026289120694e-05,-0.21631864225864858,7.652199521320838e-07,9.38323959059665,26.401586085648823,9.370476508564,26.414484527678173,1.0
0.5231047915083017,0.4352768358495392,0.8740698267869335,-0.6019765722998117,-1.8781254411967632,1.2536947858569027e-05,-0.21628211933205965,5.827248850940434e-07,9.436973618071189,26.386212924579006,9.424145713404384,26.39917618924251,1.0
0.5231022863265347,0.43689832046239624,0.8730928750331444,-0.6036838155064352,-1.8781614428278732,1.2351673933030288e-05,-0.21624575862052708,6.852511751414562e-07,9.49117356106352,26.37060621587663,9.47828025796743,26.38363487896942,1.0
0.5230997754079221,0.4385333683554332,0.8720967720983295,-0.605394968285937,-1.8781982206506087,1.2083645560752268e-05,-0.21620890470509846,7.174909791236232e-07,9.545911473209951,26.354553592983095,9.53295262192271,26.367647804267037,1.0
0.5230972247263797,0.4401821765604885,0.8710950198195886,-0.6071332188962948,-1.8782324972972735,1.1842994722562054e-05,-0.21617424616368028,1.0311123865251437e-06,9.601089230363339,26.33844437556072,9.588063792863203,26.351605173057557,1.0
0.523094650574024,0.44184424067923894,0.8700810113857584,-0.608887285615882,-1.8782656369927269,1.1452166508217578e-05,-0.21614091683838355,7.32982847184396e-07,9.656743126507155,26.322084914085547,9.643650483229635,26.335312903654305,1.0
0.523092055074466,0.44352050818092126,0.869054203528144,-0.6106560790210371,-1.8782984731915087,1.1274912737335156e-05,-0.21610757564855176,7.726864431991907e-07,9.712904566972119,26.30546692646723,9.699744167495611,26.318762672234975,1.0
0.523089437066328,0.44520909504058404,0.8680148885818453,-0.6124402116804801,-1.8783300779190586,1.085952321353805e-05,-0.21607578901012345,7.177676697814359e-07,9.76951714086271,26.28858426538067,9.756288397594814,26.301948354939803,1.0
0.5230868116190623,0.4469104699053933,0.8669589688893371,-0.6142294139921498,-1.8783622511129596,1.0626395308603798e-05,-0.21604330887568,7.224070905652005e-07,9.826625764694795,26.271322923213017,9.81332848343512,26.284755550763926,1.0
0.5230841627142137,0.448624244139125,0.8658898530752449,-0.6160346022892202,-1.8783934248142757,1.0238848742549741e-05,-0.21601205295211046,6.45874289378883e-07,9.884193158276766,26.253777706663403,9.870826726658937,26.267279484572466,1.0
0.5230814771782267,0.4503519587732099,0.8648139851943415,-0.6178647541489106,-1.8784225637537553,9.986471612763665e-06,-0.21598245111154366,8.713435440563235e-07,9.942214055045827,26.236145640548326,9.92877751680434,26.249717525081046,1.0
0.5230787697996705,0.45209211554567413,0.8637253585227457,-0.6197097913868193,-1.8784508509588662,9.683419724701533e-06,-0.2159537635247138,8.433000168851622e-07,10.000691557349374,26.218242634867927,9.987184342278209,26.231885196230326,1.0
0.523076054133959,0.45384424063607076,0.8626193864546288,-0.6215604761948071,-1.8784792360260807,9.290328652993711e-06,-0.21592526227483652,7.986172576576356e-07,10.059647277716161,26.199933326859437,10.046069169476947,26.213646781389883,1.0
0.5230733022100451,0.4556094495014952,0.8615065104148761,-0.623435870415275,-1.8785054899975044,8.954216516764781e-06,-0.2158986579559546,7.509495425960246e-07,10.119033041431502,26.181526203645237,10.105383093494327,26.195311497873643,1.0
0.5230705299153241,0.4573871334597359,0.8603793590255583,-0.6253251470304878,-1.8785315662110564,8.75580458897408e-06,-0.21587207389524316,7.710788404197061e-07,10.178888053780412,26.162804818142853,10.165165734359993,26.176662483854503,1.0
0.5230677347114631,0.4591765004163341,0.8592407756431018,-0.6272300358755882,-1.8785561689494226,8.381188481587027e-06,-0.21584716501131126,7.076881745741379e-07,10.239167620323197,26.143844784157448,10.225372331370407,26.15777541940147,1.0
0.5230649191682836,0.46097746070055323,0.8580888861572592,-0.6291487856562953,-1.87857995443688,7.965108132265446e-06,-0.21582319357881719,9.472251417778156e-07,10.299883600989796,26.124591557829156,10.286014811541373,26.138595693568814,1.0
0.5230620806349009,0.46279114084123185,0.8569245816080557,-0.6310832029102059,-1.8786032006697087,7.767565049459974e-06,-0.21579945172098036,7.177039063057039e-07,10.361061545123945,26.105079427578556,10.347118655014585,26.11915766397915,1.0
0.5230592230667835,0.46461648090459234,0.8557475091506482,-0.6330305920458205,-1.8786250495192243,7.324262689273045e-06,-0.21577745380607202,7.302699419947944e-07,10.422673649760467,26.085290119253894,10.408656162083412,26.099442953222184,1.0
0.5230563518723562,0.4664532081452314,0.8545538486020772,-0.6349872673040874,-1.8786473482021293,7.138060571115898e-06,-0.21575477229830528,7.600928434013897e-07,10.484741500495124,26.06511175457667,10.470649059531965,26.07933954183106,1.0
0.5230534595470822,0.4683017518079442,0.8533481123605058,-0.6369583429124999,-1.878668172118743,6.781151679210062e-06,-0.21573375960839897,5.67401783725063e-07,10.547242698381279,26.04467730402159,10.533074752505701,26.058980596188402,1.0
0.5230505364943477,0.47016153629358176,0.8521335307013576,-0.6389503588169477,-1.8786875251376414,6.56762049572257e-06,-0.2157139130279967,6.755201920412164e-07,10.610135877174784,26.024075085726924,10.595891624238352,26.038454684954594,1.0
0.5230475920150814,0.47203322767620937,0.8509049568910977,-0.6409569765764755,-1.878705671571148,6.13072564583899e-06,-0.21569561669628423,7.513593606905473e-07,10.673479810335879,26.003162378227167,10.659158690993335,26.017618843860948,1.0
0.5230446351221602,0.47391544970646843,0.8496613447617136,-0.6429720540527042,-1.878723593463289,5.834132852668247e-06,-0.21567745174776515,8.935642412873181e-07,10.737242887713021,25.9818985945493,10.722844577902638,25.99643225065092,1.0
0.5230416483887521,0.47580902675465114,0.8484075565739118,-0.6450074673660269,-1.878739958744993,5.536094930672738e-06,-0.21566077457395186,8.009455374887513e-07,10.801411498099371,25.96042968625626,10.78693521882739,25.975041311819478,1.0
0.5230386409905011,0.47771357948340243,0.8471404921981518,-0.647056963455005,-1.8787556895919386,5.365707752959518e-06,-0.21564454328488036,5.712508478948597e-07,10.865998554707978,25.93866370672753,10.851443766513233,25.953353841213513,1.0
0.5230356209014897,0.4796288370914931,0.8458584500948182,-0.6491151081038877,-1.8787702532112553,4.930133794469909e-06,-0.21562989293300686,7.805531333134093e-07,10.931009308164574,25.916549746529537,10.916375679751425,25.93131872123392,1.0
0.5230325718815209,0.481464147519019,0.8445764793258634,-0.651192968759401,-1.8786209256539146,-2.5918328635820486e-06,-0.2157715257700794,6.00274633727687e-07,10.993721147009152,25.89382030457611,10.979007923127345,25.908668874749154,1.0
0.5230295024278874,0.48331464460795015,0.8432818649282433,-0.6532847546460931,-1.8784794666072178,-8.51714115712227e-06,-0.21590714406942474,9.1397961811412e-07,11.056967635060076,25.87084450392911,11.042174282283414,25.885773202997008,1.0
0.5230264130243252,0.4851800771719807,0.8419744377941221,-0.6553901361052351,-1.8783459264557198,-1.2888214719190523e-05,-0.21603602671818792,6.182017006728202e-07,11.12074285123677,25.84761555322745,11.105868848767116,25.862624901988337,1.0
0.5230233031215263,0.4870602365452362,0.8406533836418003,-0.6575094874818899,-1.8782192744940298,-1.6234059370226303e-05,-0.21615930486742768,8.098877376417497e-07,11.185047092840842,25.8241084245881,11.170091905540227,25.83919895817995,1.0
0.5230201720544467,0.48895503432764775,0.8393189103539912,-0.6596432619934304,-1.8780991919754475,-1.8703880667380767e-05,-0.21627703570351367,5.20600631980136e-07,11.24987622356032,25.800328408727133,11.234839298929627,25.81550067964906,1.0
0.5230170273209499,0.49086469558738094,0.8379685207931951,-0.6617863499600395,-1.8779854258998334,-2.040246424098723e-05,-0.21638920446201423,5.550809447612115e-07,11.315255903320717,25.77620554362395,11.30013688459453,25.79145990864137,1.0
0.5230138616885502,0.4927867574309485,0.8366055916315603,-0.6639436802105707,-1.8778777873663668,-2.140644060581914e-05,-0.21649571494794068,6.614256195190798e-07,11.381089334667875,25.751817812095872,11.365887676274832,25.767154816780153,1.0
0.5230106710716834,0.4947234312593748,0.835230467185783,-0.6661180369948109,-1.877775544428045,-2.202439312253365e-05,-0.21659743389992914,8.451298621477791e-07,11.447437500524437,25.727192143310788,11.432152550238449,25.742612439888013,1.0
0.5230074598388051,0.4966742077852887,0.8338416915353537,-0.6683064432767856,-1.8776786720342555,-2.221522582531921e-05,-0.21669410440886544,5.861725694042032e-07,11.51429694565259,25.702282802753963,11.498928165287253,25.71778692941054,1.0
0.5230042287628062,0.498638012586317,0.8324399809271098,-0.6705083723431357,-1.8775867272395843,-2.2136795737083708e-05,-0.21678617326424507,6.32215053394499e-07,11.581631237060193,25.677102102478138,11.566178108605621,25.69269057722395,1.0
0.5230009771162359,0.5006136727032701,0.8310245827892795,-0.6727243199404568,-1.877499525727733,-2.1815404087713862e-05,-0.21687369796647352,7.243956046211948e-07,11.649412471436671,25.651619339409578,11.633874457892686,25.6672926992448,1.0
0.5229977071457227,0.5026020586801403,0.8295957148975281,-0.6749527550257467,-1.877416644561834,-2.1382637535114374e-05,-0.21695716282069782,4.043651253725732e-07,11.71766397152259,25.625847532244457,11.702040594537838,25.641606255520447,1.0
0.522994421752663,0.5046027156715333,0.8281514250139904,-0.6771917003414528,-1.877338143905151,-2.0739528147528166e-05,-0.21703626496358566,4.4425888168181054e-07,11.786387700566406,25.599727076117333,11.770678557531255,25.615571565443723,1.0
0.5229911122856985,0.5066163636167382,0.8266945541007996,-0.679447051656478,-1.877263567965551,-2.0037970568956518e-05,-0.21711156563028305,7.882798209938037e-07,11.855582533892067,25.57334511084094,11.839786996350897,25.58927599467335,1.0
0.5229877829890485,0.508641631083779,0.8252246706541533,-0.6817159166001501,-1.8771928876317234,-1.9224326587731753e-05,-0.2171829451712766,4.916582403174739e-07,11.92521231727911,25.546678697291718,11.909329867572758,25.562696493289312,1.0
0.5229844344094019,0.5106772987533754,0.8237405963157616,-0.6839979226121768,-1.8771256877547864,-1.8425633509472996e-05,-0.21725092898020423,7.832075180814716e-07,11.995251086941233,25.519684547440015,11.979281221682001,25.53578975899049,1.0
0.5229810671446519,0.5127254263265987,0.8222430912508452,-0.686292662237498,-1.8770617254532214,-1.7675091917630177e-05,-0.2173158027473295,8.796361325357553e-07,12.065752190679365,25.49240043875111,12.049694422087713,25.508593553634007,1.0
0.5229776806727011,0.5147848708468253,0.820731333639209,-0.6886004912774741,-1.8770012307407948,-1.6796609889596518e-05,-0.2173770538348296,6.413333761898481e-07,12.136689120951099,25.464793910792913,12.120542947617995,25.481075430417263,1.0
0.5229742788832722,0.5168543394197184,0.8192050060048479,-0.6909187589454344,-1.8769437244334655,-1.596064801624454e-05,-0.21743533351192587,7.11980518150034e-07,12.208027106351794,25.436845904175584,12.191792128410443,25.453216228408184,1.0
0.5229708531171618,0.5189344967244096,0.8176659622052245,-0.6932533663564857,-1.8768887401550385,-1.5307521131364222e-05,-0.21749133083904723,5.230863193867646e-07,12.279771055834686,25.40861474860364,12.263446647367507,25.425074503362065,1.0
0.5229674095053798,0.5210258382609876,0.8161131468804624,-0.6956001353209448,-1.8768370328787713,-1.4411578733123534e-05,-0.21754369619736028,8.480268590330151e-07,12.351943290831858,25.380074010381723,12.335528985972894,25.396623661531933,1.0
0.5229639472038417,0.5231273375992521,0.8145458311009034,-0.6979596410694411,-1.8767878340451531,-1.3603083626413679e-05,-0.21759356513154712,4.864445020110488e-07,12.424519941693097,25.351194795298746,12.408015252541347,25.36783483074174,1.0
0.5229604658800706,0.5252391087137834,0.8129650891035135,-0.7003321101798414,-1.8767407909316953,-1.297061308386154e-05,-0.2176414561917606,6.576106358274033e-07,12.497495995342026,25.32200887161403,12.480900425317095,25.338739787930205,1.0
0.5229569665176562,0.5273599932590513,0.8113705818654281,-0.7027168723508992,-1.8766963541753185,-1.2237321565452908e-05,-0.21768655524409686,5.026656414902943e-07,12.570840753793881,25.29249756099059,12.554153831992236,25.309319829083478,1.0
0.5229534482207575,0.5294910201053222,0.8097615947191298,-0.7051145380845472,-1.8766541117837972,-1.1554708656393456e-05,-0.2177294433679819,4.4841470261339594e-07,12.644589335415768,25.26264825370773,12.627810567547712,25.27956236786703,1.0
0.5229499117930785,0.5316321184090516,0.8081378394518569,-0.7075245596687098,-1.87661391206347,-1.093679519350693e-05,-0.2177703044494727,7.837751330592829e-07,12.71874192191395,25.232452130151078,12.701870834670693,25.249458563685575,1.0
0.5229463569833562,0.5337824298436724,0.8065013513483624,-0.7099471083352393,-1.8765758020347822,-1.0312080158509774e-05,-0.21780899506355836,4.6836558072998783e-07,12.793258118264518,25.201961082530758,12.776294231777987,25.219060315308532,1.0
0.5229427839877111,0.5359417939871408,0.804850071511881,-0.7123820504312003,-1.8765395264594362,-9.753103446383234e-06,-0.2178458656583896,5.283742802936747e-07,12.868149215948527,25.171114677888344,12.851092055470417,25.188307184657695,1.0
0.5229391926684513,0.5381092802505265,0.803185010608213,-0.7148294797913012,-1.8765050320564984,-9.2353017787202e-06,-0.21788095037668556,6.98921306387853e-07,12.943380655237828,25.139934790019396,12.92622974242536,25.15722104912311,1.0
0.5229355836903977,0.5402868036324299,0.8015049336973572,-0.7172889433503872,-1.8764722605087003,-8.74004052943271e-06,-0.2179142921899524,7.774952509217082e-07,13.019017032641946,25.108400715678766,13.001771906507658,25.1257811881043,1.0
0.5229319563129785,0.542472460162605,0.7998110545870628,-0.7197609457967911,-1.8764413244581397,-8.180594185558233e-06,-0.21794563645527681,5.166123963696521e-07,13.094994238975403,25.07653264252234,13.077654419199016,25.094007808589975,1.0
0.5229283112432378,0.5446662209130998,0.7981031113798127,-0.7222450052907607,-1.8764117028850171,-7.765943813085234e-06,-0.2179757847599474,5.925416635371779e-07,13.171313459388655,25.04432282975865,13.153878484107459,25.06189315133109,1.0
0.5229246509550315,0.5468688736589788,0.7963802651394706,-0.7247394359371914,-1.876383718602911,-7.296097243754288e-06,-0.2180041712913042,6.169480204137073e-07,13.248003796590467,25.011753276990216,13.230473268522411,25.02941915134952,1.0
0.5229209701216776,0.5490788739388853,0.7946442511432343,-0.7272478677887184,-1.876357253593125,-6.804394097156745e-06,-0.21803092006831698,7.886434518585939e-07,13.325007509646614,24.9788618821404,13.307380892455214,24.996623845623045,1.0
0.5229172723227261,0.5512979238644011,0.792892863800789,-0.7297678614364864,-1.8763317750750907,-6.503448317516874e-06,-0.21805687989521488,5.622640614318624e-07,13.402390534847855,24.94559842733527,13.384667385641722,24.96345692283265,1.0
0.5229135564162439,0.5535241990022763,0.7911284404769608,-0.7323001950905519,-1.876307694412937,-6.149634473626137e-06,-0.21808135168046486,4.726081784319064e-07,13.480082375098904,24.912016013961928,13.462262221176184,24.929971514175893,1.0
0.5229098243553163,0.5557574502408875,0.7893483293771513,-0.7348435377530427,-1.8762847711302217,-5.83370682021087e-06,-0.21810467943906822,5.605302692618038e-07,13.558096331580447,24.87803649926578,13.540178751225092,24.89608942591238,1.0
0.5229060739764249,0.5579989521110302,0.7875542066769207,-0.737399363828826,-1.8762631142467185,-5.475858764478846e-06,-0.2181266425852937,8.033362107126545e-07,13.636456133288847,24.8437179004574,13.618440648305588,24.861868731731903,1.0
0.5229023066757634,0.5602486074111234,0.7857455815328371,-0.7399667218330512,-1.876242572918643,-5.128682103967501e-06,-0.21814744163339214,7.522708653590155e-07,13.71516276243652,24.809045375566043,13.697048931078099,24.827294553215708,1.0
0.5228985238610269,0.5625042972485962,0.7839219642376796,-0.7425446524431006,-1.8762230028565314,-4.833069207289838e-06,-0.21816728085234444,5.775412376469572e-07,13.794159062651714,24.77398849612887,13.775946479919117,24.79233642515271,1.0
0.5228947223423656,0.5647673818061675,0.7820853661954417,-0.7451353294929198,-1.876204363547467,-4.576040875555414e-06,-0.21818620418548768,5.80464581411675e-07,13.873468648409782,24.73861556655433,13.855156826032132,24.757062735223222,1.0
0.5228909042488123,0.5670366001421768,0.780233077749625,-0.7477373020790593,-1.876186812638817,-4.261314034002627e-06,-0.21820391708548625,5.298246587041748e-07,13.953076174050343,24.702838965652408,13.934664679335725,24.72138580665827,1.0
0.5228870693403038,0.5693140878079908,0.7783661319198862,-0.7503507338010247,-1.8761698792683954,-4.089453279184138e-06,-0.21822116721625617,5.950558551219964e-07,14.033035068545418,24.666704895854345,14.014523462534997,24.685351848156007,1.0
0.5228832176372618,0.5715968536712277,0.7764854912576968,-0.7529756107417047,-1.876153949463412,-3.845631027098399e-06,-0.2182373062209413,6.099137135390268e-07,14.113251894200074,24.630217927362818,14.094639738468135,24.648965429386,1.0
0.522879350126027,0.573886811368303,0.7745888113433845,-0.7556112607248299,-1.8761387107957217,-3.664267811743349e-06,-0.21825281107328579,7.909195635376683e-07,14.193799777940216,24.593325452966468,14.175086659809729,24.612173917388198,1.0
0.5228754647477329,0.5761822105350121,0.7726787253232384,-0.758259086836711,-1.876124271459907,-3.470900104760953e-06,-0.21826748650017383,6.725591107114592e-07,14.274608077375898,24.556089635988847,14.255793530422578,24.57503952923341,1.0
0.5228715647017316,0.5784847961551105,0.7707531528261329,-0.7609169087676773,-1.8761104486088187,-3.332429403443156e-06,-0.2182816097703667,7.090399885639496e-07,14.355743001515922,24.51846418784063,14.336826642835407,24.53751589281239,1.0
0.5228676469354181,0.5807928631679845,0.7688140648209657,-0.7635868068213324,-1.8760975103760964,-3.1058822598843514e-06,-0.2182947140740938,4.910313626881465e-07,14.43714033938738,24.48049256881006,14.418121706386259,24.499646548102422,1.0
0.5228637135342518,0.5831062290009207,0.7668587513089713,-0.766267359789026,-1.8760852691035441,-2.876255603032081e-06,-0.21830706153489968,7.734774967513491e-07,14.518815757350865,24.442095478881793,14.49969444187719,24.461352140646706,1.0
0.5228597631732855,0.5854261023464498,0.7648896016973084,-0.7689594706019808,-1.8760735218357354,-2.723455403227608e-06,-0.21831897543106715,4.166160289177346e-07,14.600785567089225,24.403350945752507,14.581561126402958,24.422710732730014,1.0
0.5228557984813091,0.5877512709029936,0.7629057197252145,-0.7716613477799993,-1.8760623572481523,-2.578914824289247e-06,-0.21833030098463826,5.457777091947204e-07,14.683021806158955,24.364223869988354,14.663693866145303,24.383687156293245,1.0
0.5228518161502421,0.5900810413606247,0.7609071638122993,-0.7743752457295248,-1.8760517926994256,-2.423086710682827e-06,-0.21834099090071774,3.643614807232889e-07,14.76550413537916,24.324710534097374,14.746072235565022,24.34427778020275,1.0
0.5228478194045374,0.5924171677211728,0.7588928411033861,-0.7770989670350509,-1.8760419587213375,-2.1868561371159e-06,-0.21835079478269306,7.529017622468183e-07,14.848291393450378,24.2847931147333,14.828755157537842,24.30446469693707,1.0
0.5228438051195715,0.5947579965682308,0.7568647319874664,-0.7798346410798591,-1.8760322371108478,-2.152819463490681e-06,-0.21836072159270173,6.99284066893339e-07,14.931320781635522,24.244515739539477,14.91167975175756,24.264292115708674,1.0
0.5228397760829875,0.59710428751686,0.7548208927970227,-0.7825803681276506,-1.8760231472675004,-2.038848935750644e-06,-0.21836993187254927,6.694331879012293e-07,15.014629127753365,24.203828432723824,14.994882918815104,24.22370998795332,1.0
0.5228357324429721,0.5994550785301218,0.7527622343760209,-0.7853360471914239,-1.8760144456112136,-1.959735962675219e-06,-0.2183787955862984,5.921199736879126e-07,15.098181734070073,24.162749954538373,15.078329964845095,24.182737070054586,1.0
0.52283167226138,0.6018105562735062,0.7506893636770394,-0.7881029990877093,-1.8760064750461747,-1.7464173050982428e-06,-0.21838672175007348,5.949541662465514e-07,15.181979306375975,24.12129917680566,15.162021545042066,24.141392284430804,1.0
0.5228275958248269,0.6041697807091895,0.7486011364941743,-0.7908810284923098,-1.8759984290108649,-1.7763566161960011e-06,-0.21839502325327262,6.277440858038778e-07,15.266003658443461,24.079435943365837,15.245939480660585,24.09963546743995,1.0
0.5228235058503828,0.606534482341278,0.746498639691395,-0.7936682837632666,-1.8759913354770843,-1.5347367705241369e-06,-0.21840201408955462,6.186207398483002e-07,15.350296115868835,24.0372049162145,15.33012516822679,24.05751121014778,1.0
0.5228194000914956,0.6089029859470687,0.7443795512872482,-0.7964662958917763,-1.8759839569178265,-1.620037153409003e-06,-0.21840969747384345,3.569440029109385e-07,15.434826489282731,23.99452636043384,15.414548359724472,24.014939836283336,1.0
0.5228152794212458,0.6112761670864441,0.7422465682928062,-0.7992744698866883,-1.875977351679953,-1.4856297088799126e-06,-0.2184163622594997,7.246790871989264e-07,15.519599103024786,23.951484602792682,15.499213402285271,23.972005649823434,1.0
0.5228111441818755,0.6136530805415435,0.7400985259031709,-0.8020925725153555,-1.8759708416173164,-1.4729157827070823e-06,-0.21842307974120556,7.792066090863648e-07,15.604595780984324,23.908038855141655,15.584102128732825,23.92866785368439,1.0
0.5228069933031615,0.616033818650454,0.7379357485026615,-0.8049213331183872,-1.8759651588531137,-1.2230647072723242e-06,-0.218428628254939,1.0092221776778797e-06,15.689816689048136,23.864199147038512,15.669214677015471,23.884936505362415,1.0
0.5228028272092909,0.618418422045359,0.7357568937944688,-0.8077601692521532,-1.8759592200433604,-1.2590698274883059e-06,-0.21843475753475955,4.89073995235587e-07,15.77527337354627,23.819927212708613,15.75456259329894,23.84077331677151,1.0
0.5227986464586492,0.6208058782719262,0.7335640409549805,-0.8106092871188608,-1.875953822433559,-1.166529769031384e-06,-0.2184402046224628,3.2890985885420267e-07,15.860920640541453,23.77527500759533,15.840100720698423,23.796230251253927,1.0
0.5227944525660815,0.6231970894166147,0.7313555015588927,-0.8134673610078683,-1.875948566136066,-1.1405827120808579e-06,-0.21844558934076597,4.061809035207526e-07,15.946797466238634,23.73020098595006,15.925868063726467,23.751265712277792,1.0
0.5227902431045741,0.6255922983247816,0.7291320365531311,-0.8163360448920457,-1.8759435941900302,-1.0980817255407643e-06,-0.21845068002875237,7.598897021151105e-07,16.03290498748179,23.684728874991112,16.01186569586922,23.70590349041925,1.0
0.5227860196118035,0.6279904014231447,0.7268930981056504,-0.8192142908683636,-1.8759391668975922,-9.22896498554479e-07,-0.21845502007533749,4.854987518233383e-07,16.119215692323884,23.638834417123757,16.09806614532109,23.660119287942113,1.0
0.5227817807562625,0.6303915932521311,0.7246390728084235,-0.8221030063386803,-1.8759341605169124,-1.7684354950184806e-06,-0.2184594040186755,5.45157372378298e-07,16.205732207771618,23.592530216878675,16.18447200432944,23.613925744136417,1.0
0.522777529296736,0.6327956092258744,0.7223700270546752,-0.825000311232995,-1.8759299698042484,-1.5316861867550714e-06,-0.21846392906213788,6.979730778254833e-07,16.292446381415033,23.545816177217816,16.271075192503112,23.5673226899453,1.0
0.5227732631608607,0.6352016978671833,0.720085591081453,-0.8279076178355013,-1.8759263078124129,-1.1943417198565483e-06,-0.21846763334827274,7.513817195589425e-07,16.37933949588148,23.49867583392368,16.357856938369867,23.520293715250855,1.0
0.522768983197857,0.6376108157109553,0.717786445786502,-0.8308243474153459,-1.8759223690457874,-1.1334369741351256e-06,-0.21847184719633325,6.846481908136481e-07,16.466433783732317,23.451136171659503,16.444839496660183,23.472865782547196,1.0
0.5227646884164932,0.6400230818267124,0.7154718774047889,-0.8337511754819019,-1.8759190614310508,-8.804900633216207e-07,-0.21847510989646432,7.782172607685067e-07,16.553738202625063,23.403177578583836,16.53203179915522,23.425019305869238,1.0
0.5227603807233816,0.6424373687743433,0.7131422105719997,-0.8366868027077753,-1.8759152650391757,-1.5881678412531074e-06,-0.2184782234351723,6.13788398718793e-07,16.641217806462883,23.35480070173124,16.619398949530762,23.376754882478924,1.0
0.5227560589775067,0.6448528675736839,0.7107967597255658,-0.8396320066777686,-1.8759120069133592,-1.3592555091504656e-06,-0.21848184022890668,6.655095612446752e-07,16.72885465393124,23.30597956423435,16.706922976685753,23.3280465652954,1.0
0.5227517241755327,0.6472714367267972,0.7084361837879564,-0.842586108180345,-1.8759090204250382,-1.1243351683767372e-06,-0.2184850395948276,5.323189035365443e-07,16.816697078562264,23.256747493254746,16.794652240170507,23.278927655462066,1.0
0.5227473752963883,0.6496922177752874,0.7060607684247179,-0.8455498030601099,-1.8759062313540258,-9.143987057720804e-07,-0.21848793784508003,4.887202464004604e-07,16.904718207341,23.207106055796537,16.882559840314734,23.229399746638364,1.0
0.5227430135672618,0.6521141731501106,0.7036700513458268,-0.8485222550068059,-1.8759028245119365,-1.7334495222265555e-06,-0.21849083703712038,6.509367142524826e-07,16.992891770095408,23.1570339582687,16.970619538982476,23.179441513197194,1.0
0.5227386374686471,0.6545384230152625,0.7012645058854791,-0.8515044995408617,-1.8759003947104043,-1.346638842917355e-06,-0.21849356880666443,7.187833278898752e-07,17.081246338746816,23.106553451839137,17.05885986842794,23.129075245973574,1.0
0.5227342493878419,0.6569628964033543,0.6988422619790543,-0.854494909755265,-1.8758981698724577,-1.0062222835197958e-06,-0.21849591384675499,6.810283824451851e-07,17.169736798999796,23.055594793130993,17.14723577667674,23.07823113926961,1.0
0.5227298474449019,0.6593896563307338,0.6964059424221253,-0.8574947668032237,-1.8758956915844496,-9.046020664279893e-07,-0.21849866562462206,7.708692856694802e-07,17.25840221960373,23.004249318307963,17.235786283401822,23.027000578325435,1.0
0.5227254327425785,0.6618177661662128,0.6939530935057803,-0.8605033191766127,-1.8758930160224645,-1.6134781735406732e-06,-0.21850071360098675,7.543264862512415e-07,17.347234629609385,22.95243925527528,17.32450344644156,22.97530576225867,1.0
0.5227210042011736,0.6642472132951265,0.6914860727415576,-0.8635213026732433,-1.8758911693789917,-1.1906660848056038e-06,-0.21850279702583236,3.554486307651605e-07,17.436215459461536,22.900232277457793,17.41336866805493,22.923214392679967,1.0
0.5227165635131246,0.6666779176066782,0.6890042637017886,-0.8665475639227677,-1.8758888944811878,-1.0955367209805094e-06,-0.21850553839502967,6.057440160349113e-07,17.525347153609246,22.847610066831763,17.502384436872514,22.87070810738406,1.0
0.5227121113547998,0.66910798791287,0.6865053460903326,-0.8695816419904183,-1.8758871776258719,-8.128669115002773e-07,-0.2185073710270788,9.286640315459592e-07,17.614593271421313,22.79449130128138,17.591514329919892,22.817705566598363,1.0
0.5227076451915497,0.6715404959753238,0.683992177058535,-0.872625264201332,-1.8758849818239716,-1.4425669282384752e-06,-0.21850899340706204,7.187466265031078e-07,17.704020079547135,22.740981846085262,17.680824547678764,22.764312701769196,1.0
0.5227031674617624,0.6739723975132849,0.681462851356699,-0.8756767688311132,-1.8758833394124663,-1.1259943116488475e-06,-0.21851098112714026,8.579671584856677e-07,17.79355475288838,22.68700342042636,17.77024232870556,22.710451168424743,1.0
0.5226986761762796,0.676404797276978,0.6789190149599911,-0.8787375114608238,-1.8758816633287414,-9.315321244429514e-07,-0.21851297776134507,7.910743446599313e-07,17.883216359530582,22.632611866053466,17.85978668915832,22.656176860241292,1.0
0.5226941736751084,0.6788374975960693,0.6763598562917822,-0.8818058974113778,-1.8758799262573318,-1.5300902146519158e-06,-0.21851390907415344,7.242007217111482e-07,17.97300546490857,22.57778235350566,17.949458255558365,22.60146488667143,1.0
0.5226896578019198,0.681270837107716,0.6737849954204049,-0.8848833961880423,-1.875878587965393,-1.1574371474528356e-06,-0.21851561096351224,9.180012033508651e-07,18.062934775589483,22.522506551480692,18.039269678181302,22.54630697270444,1.0
0.5226851303505501,0.6837045985253263,0.6711948241816456,-0.8879687853186718,-1.875877049005454,-9.90410008938226e-07,-0.21851757560121007,8.396442130018196e-07,18.15299499597545,22.466794071641743,18.129211708257834,22.49071268317493,1.0
0.5226805904245005,0.6861369022645144,0.6685895820046105,-0.891062675753589,-1.8758755476403384,-1.6129333888999406e-06,-0.21851821832648716,8.284135246538864e-07,18.243130250439812,22.410637255349535,18.219228446757953,22.43467438284696,1.0
0.5226760388949605,0.6885697020367829,0.6659689348218963,-0.8941644737905177,-1.8758741802028467,-1.3206673407079908e-06,-0.218520177615713,7.010706576809532e-07,18.333399287244195,22.354041617379245,18.30937866468592,22.378197563753083,1.0
0.5226714760154666,0.6910019804742995,0.6633327568912706,-0.8972740066480814,-1.8758732285027604,-9.333790482131574e-07,-0.2185213628020018,9.110699973111689e-07,18.423773829351116,22.2969956814222,18.399634091622897,22.321270742965986,1.0
0.522666900957218,0.6934338716532177,0.6606812594745906,-0.9003918391413945,-1.8758716025037996,-1.6690260627762709e-06,-0.21852241091668345,8.476962248106843e-07,18.51425611361567,22.23950654943039,18.489996942787908,22.26390104407372,1.0
0.5226623141521881,0.6958653437524205,0.6580142580602586,-0.9035176768872034,-1.875870785381994,-1.18798921892491e-06,-0.21852359915639086,1.0235587749034968e-06,18.604846651006007,22.18156867812905,18.580467740425885,22.20608291252474,1.0
0.522657714584848,0.6982964675780067,0.6553318747949889,-0.9066518730335291,-1.8758702115502255,-7.274511531231259e-07,-0.2185242209483862,5.921237949750434e-07,18.695546557293824,22.123186122195747,18.671047560815072,22.14782041652446,1.0
0.5226531051409555,0.7007251030963417,0.6526344298433887,-0.9097931388192719,-1.8758685536203474,-1.4429789078137905e-06,-0.21852562894931937,7.989701324339594e-07,18.786291782411396,22.064351565002404,18.76167245518682,22.08910619007694,1.0
0.5226484840204488,0.7031542256528366,0.6499223756524318,-0.9129423620397119,-1.8758680152331066,-9.517027365931082e-07,-0.21852638239997701,6.367209039121627e-07,18.87716440686252,22.005101007534943,18.85242444407103,22.02997626817639,1.0
0.5226438517939738,0.7055810761164376,0.6471943606401306,-0.916099153808345,-1.8758665963620864,-1.7232059976248112e-06,-0.21852724928716674,7.127554999443162e-07,18.96809555164484,21.945374263314097,18.94323466336221,21.970370449446683,1.0
0.5226392086867205,0.7080065878548546,0.6444502896097537,-0.9192633606615664,-1.8758661264255465,-1.1709125715808101e-06,-0.2185280733742305,5.754698609944891e-07,19.059112790378503,21.885175817792543,19.03413069255916,21.910293213461845,1.0
0.5226345539406226,0.7104307550833195,0.6416914009739265,-0.9224354992101206,-1.8758654664164247,-8.515687022027201e-07,-0.2185290384110021,4.961723188004363e-07,19.15020639454256,21.824541223754032,19.125102783351398,21.849780132795157,1.0
0.5226298892403923,0.7128534558217141,0.6389170852711391,-0.9256144213482224,-1.8758641670613208,-1.5744465593659116e-06,-0.21852988232288373,7.38069755567571e-07,19.241377553144343,21.763452038999795,19.216152168726115,21.788812721267984,1.0
0.5226252125962547,0.7150391015845823,0.6362284693453211,-0.9288014830771766,-1.8754102765820095,-2.1566254681742153e-05,-0.21896382365524603,6.874487052711342e-07,19.32507082380539,21.702993771244046,19.299723354361255,21.728476538538143,1.0
0.5226205252821606,0.7172277803049772,0.6335240680192835,-0.9319958162189299,-1.8749682830079848,-3.558990511841073e-05,-0.21939171983335806,6.072447641244509e-07,19.408973797502632,21.64210536691844,19.383503964490565,21.66771049778047,1.0
0.5226158280057679,0.7194190727168552,0.6308037086072745,-0.9351969385154227,-1.8745368836185876,-4.5217379659479674e-05,-0.21981314444938835,5.858868399235192e-07,19.493075750948922,21.580778630675407,19.467483294300497,21.606506385173795,1.0
0.5226111196777122,0.7216128401862927,0.6280687646468209,-0.9384055923518553,-1.8741145171328664,-5.197756305372613e-05,-0.22022897460972202,4.1539613104601604e-07,19.57736209422116,21.519051969153924,19.55164672542981,21.54490263579524,1.0
0.5226064013842266,0.723809650445609,0.6253169401112547,-0.9416210374769454,-1.8737003866860633,-5.640092491664471e-05,-0.22063873198780498,5.716053165232599e-07,19.661866898269857,21.456863777533915,19.636028357185406,21.482837616468327,1.0
0.5226016727660587,0.7260072551197411,0.622550390668444,-0.9448435187157408,-1.873293988973292,-5.9164956058560524e-05,-0.2210422899667848,6.971780203447632e-07,19.746508857590225,21.39425864144988,19.72054687468413,21.42035592220594,1.0
0.5225969321178252,0.728206630178824,0.6197696828261334,-0.9480741982609486,-1.8728946901358379,-6.0789574931251706e-05,-0.22143989881838655,4.242680855904798e-07,19.83131167724604,21.331260376931617,19.805225938470265,21.35748141355735,1.0
0.5225921828708116,0.7304070840850689,0.6169727735820879,-0.9513107377438246,-1.872501456325987,-6.156161922438901e-05,-0.22183211287659127,4.6474191254108175e-07,19.91627123655445,21.267804944799806,19.890061517435583,21.294149961768632,1.0
0.5225874237018884,0.7326076134016414,0.6141600803907356,-0.9545540388568768,-1.872112926166007,-6.211914888104187e-05,-0.22222062684759655,8.767323788787987e-07,20.001355479298223,21.203896570763657,19.975021520822203,21.230365827089635,1.0
0.5225826541369214,0.7348079515811763,0.6113338295005736,-0.9578044247153688,-1.8717306205311008,-6.188042245497517e-05,-0.22260284369760355,5.817856970078837e-07,20.086539533441975,21.139597194977416,20.060081064217343,21.166190962052006,1.0
0.5225778747498196,0.7370079089010877,0.6084918240101722,-0.9610615042090457,-1.8713524230073213,-6.156121932772878e-05,-0.222981322770963,5.845439437235938e-07,20.171834934321417,21.074842197057546,20.14525169793876,21.10156073129016,1.0
0.522573085281289,0.73920828088685,0.6056361881130953,-0.9643254540429761,-1.870978626422496,-6.11461471019554e-05,-0.22335571249728953,7.04818356000707e-07,20.257248131137782,21.009698800757345,20.230539864418745,21.03654236532634,1.0
0.5225682859885725,0.7414068725241529,0.6027648494158343,-0.9675960989098376,-1.8706085984606855,-6.049640765328033e-05,-0.22372620873551957,7.069256470679709e-07,20.34273204769154,20.94409044997296,20.31589849417317,20.971059301341292,1.0
0.522563477485849,0.7436044067401736,0.5998796436561242,-0.9708730202562273,-1.870242029402311,-5.989380477407842e-05,-0.224093415205329,8.262685133438236e-07,20.428293265348547,20.878075524716767,20.401334184601183,20.905169903314093,1.0
0.522558660430409,0.7458006273581985,0.5969793846981865,-0.9741557701485621,-1.869878584044236,-5.919597206790286e-05,-0.22445739780595317,7.398929931002498e-07,20.513933590284896,20.811617951502186,20.486848759037624,20.83883808059942,1.0
0.5225538330831917,0.7479946291758464,0.5940656186816952,-0.9774455337303093,-1.8695179521602343,-5.859569635215675e-05,-0.22481868542105032,7.641547620011478e-07,20.599615064617915,20.744755158873964,20.57240421420118,20.77210130714066,1.0
0.5225489959983249,0.7501871982426485,0.5911371834954405,-0.9807419333718171,-1.8691596990762058,-5.8022411996010415e-05,-0.22517762019939971,9.943085160666568e-07,20.68536927483123,20.677459824979543,20.65803215104113,20.704932246619602,1.0
0.5225441495443772,0.7523771483961379,0.5881939738772455,-0.9840447178992271,-1.8688034610777347,-5.747237224279914e-05,-0.225534517165841,3.559849081571487e-07,20.77116293270064,20.609719753709037,20.74369929095485,20.63731869330478,1.0
0.522539295035979,0.7545641019522491,0.5852376155814402,-0.9873529914120089,-1.8684496411182268,-5.683622654280429e-05,-0.2258888229507407,9.462101145380193e-07,20.85697259044748,20.541578782497176,20.82938222048245,20.56930445031216,1.0
0.5225344306801684,0.7567482638566453,0.5822666396771146,-0.9906679757862685,-1.8680971303079261,-5.6352630106706475e-05,-0.2262418893977186,5.607016334432281e-07,20.942815532187282,20.472996242168,20.91509817693372,20.500848895271513,1.0
0.5225295578304185,0.7589282902917519,0.5792816441652315,-0.993988748650704,-1.8677460055246153,-5.588412143309717e-05,-0.22659349597764852,7.470161945614359e-07,21.0286484838049,20.403978947893854,21.00080392152629,20.431958808022415,1.0
0.5225246764927571,0.7611060479079976,0.5762826480494162,-0.9973153058975237,-1.8673964042221343,-5.5334575128732815e-05,-0.2269433780280486,5.487324999655919e-07,21.114524969543744,20.33454188816003,21.086552978660922,20.362649176892802,1.0
0.5225197861672443,0.7632795352329687,0.5732707861743457,-1.0006479882282242,-1.8670475598839502,-5.5064747758856665e-05,-0.2272927772727774,5.760255909220191e-07,21.200378678075722,20.26470219977285,21.172279023958456,20.292937151740063,1.0
0.5225148871519023,0.7654495741569963,0.5702449896745677,-1.0039865925450537,-1.8666999953615067,-5.4567271367249704e-05,-0.22764053831201794,6.274360306353542e-07,21.286241509124462,20.19443551600158,21.25801396492248,20.22279835805351,1.0
0.5225099804793061,0.7676149739085041,0.5672049116944492,-1.007330415164017,-1.8663523443600178,-5.4344437881945215e-05,-0.2279885878611622,7.286709052690957e-07,21.372081902858028,20.12372266607848,21.34372626867669,20.15221359810976,1.0
0.522505064317715,0.7697758657170688,0.5641521382172549,-1.0106807043883372,-1.8660055961021338,-5.403690962404441e-05,-0.228335613026414,6.276593230370535e-07,21.457891390036018,20.052610238920227,21.42940741816262,20.08122950864357,1.0
0.5225001403751697,0.7719319489134708,0.5610851242770851,-1.014036296214507,-1.8656587324753198,-5.381722361635291e-05,-0.22868275852321368,7.963316625788839e-07,21.54367326251106,19.981051513230874,21.51506074982174,20.00979932377014,1.0
0.5224952078955584,0.7740832170827392,0.558005119592901,-1.0173977059210206,-1.865312369959138,-5.350032817715908e-05,-0.2290292070396816,5.825530947667262e-07,21.6294176811104,19.909082359251645,21.600676404742803,19.937958933469183,1.0
0.5224902672210195,0.7762295462759085,0.5549130112344932,-1.0207647003458002,-1.8649661603205387,-5.33223058263031e-05,-0.22937561445903384,5.312188048203258e-07,21.715114218777796,19.836727325923984,21.686243964801186,19.86573287775054,1.0
0.5224853185425029,0.7783708839836085,0.5518067123908005,-1.02413714935949,-1.8646193087618763,-5.323264612348157e-05,-0.22972270865631056,3.934089727522342e-07,21.80077751484651,19.76392601411961,21.771778074314938,19.793060752501123,1.0
0.5224803625488288,0.7805060242972538,0.5486870204139654,-1.0275145835415904,-1.864272077834232,-5.310929260483489e-05,-0.23007008869113582,6.563634922315014e-07,21.886366725890493,19.690692025826007,21.85723790783985,19.719956141726595,1.0
0.522475398867408,0.7825741771943291,0.5455892013784839,-1.0308972568059054,-1.8648682698764198,-1.103373277306777e-05,-0.22951604801324096,6.633985536613471e-07,21.969861273646394,19.61756885784414,21.94060287738603,19.646962551954452,1.0
0.5224704266586045,0.7846393679230854,0.5424776942500229,-1.0342857413515794,-1.8654295614677496,1.7442019883037684e-05,-0.22898306250027453,8.27545345508247e-07,22.05337705355902,19.544029541805347,22.023988856479367,19.57355303673495,1.0
0.52246544734143,0.7866992182067,0.5393520889166461,-1.0376790701439145,-1.8659585768994993,3.60316921503962e-05,-0.22847301131044545,7.303235334051834e-07,22.136848850630265,19.470043902866234,22.10733066716542,19.499697384181026,1.0
0.5224604608545419,0.7887555112242172,0.536213467747348,-1.0410772849867118,-1.8664589868454033,4.811071987381159e-05,-0.22798449878385568,7.501267162186637e-07,22.220319560663327,19.395656857065855,22.190671203646037,19.425440511933093,1.0
0.5224554656195323,0.7908073784079934,0.5330623097682285,-1.044481461541065,-1.8669325452910435,5.544444955312019e-05,-0.22751806576431807,7.907363215731115e-07,22.303760530831045,19.320875434777825,22.273981771889297,19.350789491569525,1.0
0.5224504638285224,0.7928543144220722,0.5298979844747779,-1.047890105909691,-1.8673808526461884,5.935044582525871e-05,-0.22707378300127998,7.039126847642844e-07,22.3871620881727,19.245677627662197,22.35725275616038,19.275722257524468,1.0
0.5224454556328036,0.794896132364596,0.5267204803099256,-1.051303114989894,-1.8678058458402955,6.1021341693487236e-05,-0.22665058522314516,7.006175108521535e-07,22.47051895146147,19.17006165918345,22.440478879181967,19.200237029312905,1.0
0.5224404393190817,0.7969319821801519,0.5235303258685252,-1.0547216563655988,-1.8682091289153127,6.124964534269513e-05,-0.22624747518260024,5.718606388946405e-07,22.55380261826878,19.094036125366674,22.52363159379948,19.124342447685926,1.0
0.5224354158131943,0.7989625812467087,0.520327266409557,-1.058145099092481,-1.8685919185528894,6.048600750078132e-05,-0.22586375027333436,8.50706530536319e-07,22.637035676947487,19.017599266425616,22.60673351253502,19.048036728688036,1.0
0.5224303857884143,0.8009877107793668,0.5171121118990708,-1.061572984345348,-1.8689550096425556,5.89098280718795e-05,-0.22549923024886556,4.375676721567528e-07,22.720205564916068,18.940772684079416,22.689772090383023,18.97134145646241,1.0
0.5224253494663289,0.8030062039993833,0.5138838172041437,-1.0650051611158708,-1.8692997432420255,5.693098045632344e-05,-0.2251526791876191,6.756829670737383e-07,22.80328682820075,18.863517304012827,22.772721879154318,18.89421755090921,1.0
0.5224203062794104,0.8050180212076801,0.5106435801987919,-1.0684420161656183,-1.8696276726850718,5.497281970619132e-05,-0.22482230894817798,8.663288732524629e-07,22.886269066697537,18.785867249313856,22.85557246392944,18.816699149931907,1.0
0.5224152555806351,0.8070232413177328,0.5073905621097375,-1.0718839904313013,-1.869938474404295,5.252873052829512e-05,-0.22450933070230877,6.378182743044017e-07,22.9691610539129,18.707799007702178,22.93833260132414,18.73876275814089,1.0
0.5224101980840495,0.8090225812414448,0.504126599814824,-1.0753305973010427,-1.8702341696749567,5.029104048132874e-05,-0.22421111470444904,5.341258452087636e-07,23.051969178922718,18.629370945914374,23.021008699054676,18.660466723632368,1.0
0.5224051355019619,0.8110146827848335,0.5008501802959651,-1.0787806698630602,-1.8705147950968657,4.7909744502912856e-05,-0.22392811990854833,6.481379225058945e-07,23.134666087210018,18.550529075490473,23.10357344730432,18.581757013246126,1.0
0.5224000660152821,0.812998777139184,0.49756084170097314,-1.0822354477993958,-1.870781321867759,4.555353249033988e-05,-0.2236593196999784,5.631552160397504e-07,23.21723327925571,18.471254143421085,23.18600829906616,18.50261442146059,1.0
0.5223949905735336,0.814976620809758,0.49426130803026935,-1.0856942840243289,-1.8710341830697175,4.3124873363187566e-05,-0.22340450417968435,8.673193243956967e-07,23.2997001611873,18.391638069925676,23.268342685255263,18.423130843707668,1.0
0.5223899088164842,0.8169461522706407,0.4909487183750868,-1.08915742403056,-1.8712751665337166,4.116952390365909e-05,-0.22316116692696975,7.284712071154023e-07,23.3820296191715,18.311582644068448,23.350539482634385,18.343208078455515,1.0
0.522384820331221,0.818908437269454,0.487626151595549,-1.0926251492120136,-1.8715035267119113,3.8982270892860295e-05,-0.22293088345280107,5.332657879491163e-07,23.464228470751067,18.23118462349811,23.43260549796708,18.262942894132046,1.0
0.5223797259666766,0.8208622179586251,0.4842913856918697,-1.0960968810340719,-1.8717206559747122,3.69978390976442e-05,-0.22271183151635557,5.652428943031856e-07,23.546277746785606,18.15037040149986,23.514521784274564,18.182261661860853,1.0
0.5223746262167883,0.8228083396978946,0.48094427944059964,-1.0995722828859211,-1.8719270611616283,3.515740619993194e-05,-0.22250350278237527,5.473827549589395e-07,23.62820284199108,18.069142467245058,23.596313749167166,18.101166857918923,1.0
0.5223695211783025,0.8247457112731185,0.4775868066594463,-1.103051288836455,-1.872123412584716,3.3509486061920877e-05,-0.2223051214556519,5.947871593156595e-07,23.709957109155958,17.98754911931926,23.67793474795894,18.01970677836623,1.0
0.522364410479364,0.8266743898525524,0.47421904017211053,-1.106534152299218,-1.872309259960448,3.159401428426771e-05,-0.22211777733376045,8.26411443349314e-07,23.791541637083256,17.905592887706277,23.759385859745525,17.93788396289396,1.0
0.5223592935053397,0.8285953779404797,0.4708391923575885,-1.1100212921373072,-1.8724863889360337,3.0071104310196908e-05,-0.22193890150817627,1.0502113118677084e-06,23.872999097352334,17.823230131654842,23.840709740061126,17.855654786796002,1.0
0.5223541699666268,0.8305075052573444,0.46744900653275373,-1.1135121638766639,-1.872654509782284,2.8528847792997516e-05,-0.2217691957416689,3.329651106328935e-07,23.954282358441233,17.740501905313103,23.921859249823623,17.773060311780664,1.0
0.5223490427369797,0.8324105866977609,0.46404728044562554,-1.117006292765465,-1.8728141347473632,2.701961957953818e-05,-0.22160813226940415,9.35062094460339e-07,24.035395372901398,17.657372248606602,24.00283841660458,17.690064502753373,1.0
0.5223439103078817,0.8343036398706919,0.4606351341985212,-1.120503965000821,-1.8729659468435844,2.566952274887761e-05,-0.22145486485919827,9.436533896433238e-07,24.116301250773077,17.57386573655976,24.083610311064014,17.60669197411877,1.0
0.5223387711916199,0.8361889313213996,0.4572129648445136,-1.124006194436537,-1.8731098155346912,2.42146096015349e-05,-0.2213098540158368,4.6212480023058773e-07,24.197062102153374,17.490011310141842,24.164237004461896,17.52297170568327,1.0
0.5223336281195223,0.8380638583719109,0.45378101368343765,-1.1275111197139305,-1.8732468194920966,2.301462844044354e-05,-0.221171596223398,4.265243803047184e-07,24.277601203775,17.40579579110199,24.244641844832977,17.438890447893964,1.0
0.5223284804259659,0.8399295251595986,0.4503374516096519,-1.13101919444517,-1.8733769776442695,2.186342184652369e-05,-0.22104022842009538,5.819563782102907e-07,24.357964472097432,17.32117513288112,24.32487073126046,17.354404171568042,1.0
0.5223233285864494,0.8417858050131928,0.4468831309284288,-1.1345300945850634,-1.8735004557740287,2.0683403578747507e-05,-0.22091571470259092,7.730298663802194e-07,24.438141665028617,17.23617286211304,24.404913434065318,17.26953639092629,1.0
0.5223181708870035,0.8436319693864931,0.44341953500071096,-1.1380449881775,-1.8736181118318955,1.9733303122019766e-05,-0.22079685903870044,5.182325017788051e-07,24.518100379677474,17.150825958608074,24.484737505612852,17.18432413052265,1.0
0.5223130078930801,0.845468898547745,0.43994647815813676,-1.1415634898757543,-1.8737297120931904,1.8724898590718896e-05,-0.22068419986704974,2.78451424812487e-07,24.597867356701993,17.06513590584801,24.564369701322317,17.09876885907764,1.0
0.5223078418051972,0.8472951137569319,0.43646234386564575,-1.1450841000602932,-1.8738357891423205,1.779221448434001e-05,-0.2205770769306899,6.219187681309712e-07,24.677412576277973,16.979044808499452,24.643780058814617,17.012812623812763,1.0
0.5223026697066646,0.8491111720159505,0.4329689192048847,-1.1486088064109625,-1.8739363429083482,1.6800363485473517e-05,-0.22047568035490495,6.052566766888391e-07,24.756738256607314,16.892608315105424,24.722970720150684,16.926511149412008,1.0
0.5222974948133514,0.8509173756595465,0.4294663208044955,-1.152135417362026,-1.874032146054088,1.600211522359238e-05,-0.22037891710099966,7.755489491764743e-07,24.83585214838807,16.805832159731796,24.801949519979686,16.839870085990135,1.0
0.5222923145270434,0.8527132528846628,0.42595322563409094,-1.1556657035569273,-1.8741226826376838,1.5013785954569017e-05,-0.22028778356991632,6.83548825680618e-07,24.914750970227537,16.718674618242346,24.88071310908185,16.75284777723799,1.0
0.5222871301388996,0.8544984658413318,0.4224312978470434,-1.1591987850904213,-1.8742092280164597,1.4357162253229042e-05,-0.2202003669244304,6.662669891514555e-07,24.993412110924208,16.63118093123322,24.959238909961712,16.66548943004567,1.0
0.5222819418390353,0.8562729835614202,0.4188994468000611,-1.162734532401826,-1.8742912356263355,1.3610505017047963e-05,-0.2201176379634823,3.751485858738477e-07,25.071843126969316,16.54331950510195,25.03753448407352,16.5777634458477,1.0
0.5222767499975759,0.8580366840854997,0.41535857051186276,-1.166272693256335,-1.8743693144486024,1.2982994279557515e-05,-0.22003875781728616,7.910160649096058e-07,25.15003355761733,16.455115214657038,25.115589380333965,16.489694689790362,1.0
0.5222715540237517,0.8597896728977223,0.41180880719883395,-1.1698136702544737,-1.8744434123092504,1.2334316237635702e-05,-0.21996392985663432,7.220987786910975e-07,25.227985376611905,16.36657284028788,25.193405557064498,16.401287957685245,1.0
0.5222663539419036,0.861531928332184,0.4082491302432267,-1.1733574468083832,-1.8745136050242353,1.1623753837677138e-05,-0.21989318197115923,3.718184373801591e-07,25.305705914745957,16.277662698983903,25.27099034569346,16.312513565886356,1.0
0.5222611502062344,0.8632623205043803,0.404681405800819,-1.1769037133856313,-1.874580287112635,1.0970920356325202e-05,-0.21982600869660532,5.642351721108016e-07,25.383148236492,16.18842969313734,25.348296822550456,16.22341640492884,1.0
0.522255943321236,0.8649826994429891,0.4011045031826327,-1.1804521261827505,-1.8746441314246736,1.0586284683934253e-05,-0.21976137353256425,5.578139277669467e-07,25.460374280102595,16.09885564866412,25.425386939057933,16.133978287558737,1.0
0.5222507331487992,0.866691112411101,0.3975184087889619,-1.1840027793190726,-1.8747043436342137,9.981135661850988e-06,-0.2197006493617878,6.668322234374702e-07,25.537328019146,16.008925047992193,25.502204665178777,16.04418369980937,1.0
0.5222455186030313,0.8683887396397101,0.39392441827954117,-1.1875564128139675,-1.8747616444745485,9.467240361877067e-06,-0.2196428213741855,8.051496442422412e-07,25.614033366793773,15.918684262375484,25.57877388573703,15.954079041282183,1.0
0.5222403018969239,0.8700741137175209,0.39032190426225205,-1.191111518547219,-1.8748157463654176,8.831630161202866e-06,-0.2195884597738323,8.856440840084538e-07,25.690452971655358,15.828103917516293,25.655057307112862,15.86363487990874,1.0
0.5222350810383799,0.871748599286812,0.3867104139538482,-1.1946694541028442,-1.8748676139171034,8.474852881351825e-06,-0.21953608084835471,3.810241104158123e-07,25.76662960086175,15.737181536972018,25.731097644433053,15.77284879125067,1.0
0.5222298580347243,0.8734107789517515,0.38309136841038194,-1.1982288515192916,-1.874916639170466,8.004733728893976e-06,-0.21948670431820994,9.014085839257511e-07,25.84251147892387,15.64594701934711,25.806843174610268,15.681750621510666,1.0
0.5222246307623866,0.875062069530362,0.3794633319962476,-1.2017911579776275,-1.8749633860875783,7.642495391017942e-06,-0.2194395223378682,5.455458044063571e-07,25.918150486720396,15.554370036042492,25.882345723086814,15.590310097526023,1.0
0.5222194010564362,0.8767010662104668,0.3758277905312425,-1.2053551229058626,-1.8750077511895602,7.268435303459993e-06,-0.219394757225843,4.289935798674017e-07,25.99349471085797,15.462482442158274,25.957553424374314,15.498559026491877,1.0
0.522214168796196,0.8783287673074757,0.3721847676460021,-1.2089208285436586,-1.8750500205359284,6.965355522405933e-06,-0.21935201428394224,7.354608936601339e-07,26.06857267269966,15.370292644956619,26.032494796685523,15.406505818820703,1.0
0.5222089339646105,0.8799441681009368,0.36853324117160907,-1.212488286514085,-1.8750900775987034,6.6156319560275134e-06,-0.21931155220068396,6.025825121644966e-07,26.143363409753448,15.277763474406962,26.107148877083187,15.314113304927172,1.0
0.5222036964749512,0.8815472788867412,0.36487320849176963,-1.2160575559213405,-1.875127801155163,6.134580922569267e-06,-0.21927367697206984,4.012869373015446e-07,26.217867243191375,15.184894931097228,26.18151598447527,15.22138148766328,1.0
0.5221984561520235,0.8831380902143219,0.36120671950830385,-1.219628756157839,-1.8751639063078231,5.834895691455582e-06,-0.21923730066713426,3.993085115119837e-07,26.292068029064417,15.09174586659071,26.25557997033925,15.128369223165821,1.0
0.5221932142330176,0.8847173163610366,0.35753243422926895,-1.2232010440973977,-1.8751984232498236,5.6448017119657155e-06,-0.2192023670403969,6.7147825738595e-07,26.36599666785596,14.998283305337274,26.32937176745569,15.03504350358749,1.0
0.522187968724076,0.8862833954927889,0.3538508361827627,-1.2267757785233713,-1.8752310140408979,5.3477953274673635e-06,-0.21916947971946987,6.679470419667857e-07,26.439604544581634,14.904509020534016,26.402842708790047,14.94140615417555,1.0
0.5221827215708084,0.88783787422405,0.3501624095028818,-1.230351633532524,-1.8752619114977311,5.039846875651617e-06,-0.21913835106042692,6.163231430190842e-07,26.51293234852005,14.810448932769422,26.476033534411577,14.847483044727838,1.0
0.522177472447542,0.8893798014479143,0.3464662255330343,-1.2339288310657344,-1.8752913437098044,4.791614263441514e-06,-0.2191086604186124,2.936784785175929e-07,26.585959938993103,14.716068970663802,26.548924095140414,14.753240112366434,1.0
0.5221722224902945,0.8909089100135945,0.34276197141013853,-1.2375065969443857,-1.8753192758098456,4.5429313199488e-06,-0.2190804973752433,6.118594032005078e-07,26.658682048459756,14.621358082492133,26.621509153091555,14.658666275710278,1.0
0.5221669689211605,0.8924258016116967,0.3390523427376024,-1.2410868242686366,-1.8753457247176308,4.268840068418367e-06,-0.21905389597958508,4.9056706086192e-07,26.731095131436927,14.526398381641997,26.69378509026397,14.5638437206649,1.0
0.5221617142271839,0.893929878642013,0.3353357050143246,-1.244667818155999,-1.8753713751882235,4.254419193907479e-06,-0.21902774865105867,6.148190770909511e-07,26.803194641412798,14.431138280396564,26.765747425070767,14.468720794588538,1.0
0.5221564574590363,0.8954203913643093,0.3316122349759783,-1.248250225559352,-1.8753949762182374,3.847122579234887e-06,-0.2190041334483187,5.559097243087997e-07,26.87495767182512,14.335577035500002,26.837373226167234,14.37329677900783,1.0
0.5221511990981645,0.8968991726231641,0.3278818323638512,-1.2518337183798984,-1.8754176231452624,3.610286025549341e-06,-0.2189813939276799,7.736687897160354e-07,26.94643768579242,14.239725967219076,26.908715969240202,14.27758298162124,1.0
0.5222732546396274,0.8982777878883542,0.3240475829737143,-1.2555453807338623,-1.8754396154403072,3.5829685065668325e-06,-0.21895895414995706,5.52761839947247e-07,27.012511158901678,14.140107251479499,26.981304207023356,14.178106446496027,1.0
0.5223912545396601,0.8996495521491137,0.3202138887782817,-1.2592541635500867,-1.8754598802351785,3.2380501502702643e-06,-0.21893864010464284,6.682559322939624e-07,27.078477356229005,14.04044318913659,27.053573311546096,14.07858445446261,1.0
0.5225051580087329,0.9010148728880459,0.3163821326733001,-1.262959418029363,-1.8754793856457508,3.0671874613990603e-06,-0.21891898243685698,7.154927411730375e-07,27.144338764127347,13.940777034304276,27.125523614665347,13.97906023478172,1.0
0.5226150696795496,0.9023746270178814,0.3125501343999501,-1.2666619915160224,-1.875498106826991,2.9916501686990704e-06,-0.2188999874234046,3.4475821879831497e-07,27.21013511546733,13.841053196504031,27.197200344639025,13.879478229433586,1.0
0.5227211205791925,0.9037262238137981,0.3087181705444887,-1.2703608456834974,-1.8755155819977718,2.7631907543628102e-06,-0.21888243522524772,6.823475657023937e-07,27.27578676378984,13.741259920752128,27.26853065622634,13.779826643659872,1.0
0.5228232901608292,0.9050698136697547,0.3048873882402199,-1.274057332440819,-1.8755321123955089,2.5346270500906964e-06,-0.218865918897772,5.760684394035141e-07,27.34129004896491,13.641431642122003,27.33950986832323,13.680139964320853,1.0
0.5229216456605614,0.906406615654394,0.30105593684871745,-1.2777502720774465,-1.8755480231635355,2.4333965097721694e-06,-0.21884991516888577,4.519999554810687e-07,27.40669296675492,13.541524904013336,27.41018944193381,13.580374689625687,1.0
0.5230162704580781,0.9077344669785129,0.29722460247828636,-1.281439850004256,-1.8755632285610295,2.371552640568746e-06,-0.21883454712222394,4.6743765256565894e-07,27.47192543907637,13.441545896136322,27.480503659374456,13.480537016386998,1.0
0.5231071636146395,0.9090543474991736,0.29339332008693547,-1.2851268708255847,-1.875577604939507,2.2668484314134098e-06,-0.2188200394999076,4.3293429783921e-07,27.53701651204192,13.341500601203055,27.55048154856727,13.380632958138419,1.0
0.5231944153270148,0.9103654990785388,0.2895612846217543,-1.2888099484061948,-1.8755914645612815,2.2542450176008145e-06,-0.21880590712795256,3.9108287016779025e-07,27.60194862838572,13.241360336205734,27.620110208369265,13.280633778774225,1.0
0.5232781303505363,0.9116668642045267,0.2857273439371402,-1.29248957939001,-1.8756040369735596,1.9518149469287775e-06,-0.21879345079045456,7.19971821856434e-07,27.666697867814403,13.141084085991,27.68937120684277,13.180498482165728,1.0
0.523358231256957,0.9129594348339691,0.28189357544434895,-1.2961665658956656,-1.87561671967365,2.043073448445651e-06,-0.21878044110032935,6.364184311188147e-07,27.731279072345195,13.040739510528233,27.75827537416182,13.08029475900862,1.0
0.5234347905881596,0.9142426516563978,0.2780592738525958,-1.2998398472880444,-1.875628204920722,1.8299428425201824e-06,-0.218768961319524,5.629550979149179e-07,27.795680071739653,12.940302315164965,27.82681428690866,12.97999827402127,1.0
0.5235078729042136,0.9155163993457527,0.27422335643731466,-1.3035098816586326,-1.8756392870316696,1.7331491848957853e-06,-0.21875781143018858,8.355477743736969e-07,27.859904541039988,12.839740740047914,27.894995008388587,12.879577284898252,1.0
0.5235775039551569,0.9167796627616583,0.27038677894425484,-1.3071771607774099,-1.875649902318309,1.6811935466080369e-06,-0.2187470743965256,5.620152717154408e-07,27.92391556918477,12.739074704844242,27.962781990801155,12.779051730144694,1.0
0.5236437511206353,0.9180327247414736,0.26654778611222096,-1.310840325719671,-1.8756599233771027,1.595166686979166e-06,-0.21873696696614495,6.288031988841166e-07,27.987733411885888,12.638256203249895,28.030198955729443,12.67837355140096,1.0
0.5237065649472725,0.9192759044705527,0.2627086846390721,-1.3145007874642383,-1.8756693816686505,1.4863458009359453e-06,-0.2187274723678567,3.453093500399743e-07,28.05135106619823,12.53735426598702,28.09723637229112,12.577611833438782,1.0
0.5237660582772209,0.9205075338778239,0.25886780101156487,-1.3181572359277896,-1.8756784573734346,1.4316800880891267e-06,-0.21871831037670098,6.049647498693305e-07,28.114730857985442,12.436308198159892,28.163862407713363,12.4767058311778,1.0
0.523822204777084,0.9217285668235732,0.25502608687010514,-1.3218101014188508,-1.8756872405362917,1.4465070815454325e-06,-0.2187093242129003,5.259493532339447e-07,28.177893891311424,12.335152960481064,28.230096807663173,12.375690521814153,1.0
0.5238750519834088,0.9229389952312016,0.25118246219948553,-1.3254598318618445,-1.8756950279523337,1.1902518520022316e-06,-0.2187016997045252,4.3754651940694726e-07,28.240847322836622,12.233857669400447,28.295949227867524,12.27453503895615,1.0
0.5239246458971449,0.9241382048216766,0.2473364185749839,-1.3291053440668439,-1.8757031647713998,1.3243168176321927e-06,-0.21869327531025778,7.635215960000472e-07,28.303576535756342,12.132403236771689,28.361407411762357,12.173220252964278,1.0
0.5239709782841571,0.9253254141005152,0.24349005709339558,-1.332747500532034,-1.8757102926382077,1.1332775282406154e-06,-0.2186862169128071,7.423924128515847e-07,28.36604339694275,12.030844300957959,28.42643282935054,12.071800835240948,1.0
0.524014070061084,0.9265015575017611,0.2396423644977405,-1.3363867190759287,-1.8757172747862203,1.0780436559266496e-06,-0.2186792063255118,7.227041315884553e-07,28.428282344932274,11.929159140403952,28.49106102724236,11.970255080236,1.0
0.5240539669257089,0.92766596758534,0.23579267568292878,-1.3400215677356697,-1.8757238424386025,9.96281524731304e-07,-0.2186726574228778,7.537302022602851e-07,28.490278450489594,11.827323748983092,28.555279407254403,11.868558926969445,1.0
0.5240906975098519,0.9288177947922653,0.23194113943892303,-1.3436528816531368,-1.8757307136705226,2.0431557689053357e-06,-0.21866677604495238,6.390456754820018e-07,28.552005682368073,11.725336081836627,28.619063465013745,11.766710362573852,1.0
0.5241242344721784,0.9299589040304809,0.22808863575924124,-1.3472807356935883,-1.8757367667598133,1.7515258496516957e-06,-0.21866019213636614,5.275894868936926e-07,28.61351193683406,11.62323601676367,28.68245967214909,11.664749267716154,1.0
0.5241546591745684,0.9310867446440874,0.22423362198263924,-1.3509039646267842,-1.875742479730173,1.5072538858145423e-06,-0.21865408235618142,8.730227652581484e-07,28.67473392643163,11.520959807180713,28.745408944515262,11.562611851177008,1.0
0.5241819607720621,0.9322016864486141,0.22037742330168006,-1.354523924140516,-1.8757476299922482,1.191299433031585e-06,-0.21864882011664993,5.132613748041637e-07,28.73567266327048,11.418548602758515,28.80791177993248,11.460339314558764,1.0
0.5242061333528278,0.9333051379319911,0.21652053720069322,-1.358139445896702,-1.8757527409361836,1.050757742562437e-06,-0.21864355157921733,5.522100367523659e-07,28.79636532402074,11.316027777210651,28.870005001656132,11.35795698682011,1.0
0.5242272239931268,0.9343962549985793,0.212661105985633,-1.361751320546017,-1.8757578503595773,1.051516965144601e-06,-0.21863814802300072,6.639580665150835e-07,28.856800980618228,11.213337599210092,28.93168016978545,11.255405166921037,1.0
0.5242452448398754,0.9354737333574467,0.2088007903651967,-1.3653589439443434,-1.8757620859913102,7.627224594666274e-07,-0.21863404772542053,4.4265930013581175e-07,28.916929353671417,11.110516023146081,28.99288761598319,11.152721786108172,1.0
0.5242602085390752,0.9365385288316821,0.20493863790327124,-1.3689626636471617,-1.8757670289411568,1.5949264818074403e-06,-0.2186297543242874,6.501189529479202e-07,28.97678523060763,11.007543194187896,29.05366280124467,11.04988700286441,1.0
0.5242721183038573,0.937591441269812,0.20107545551681233,-1.3725622357176046,-1.8757714279275686,1.4275133051175501e-06,-0.21862479531761228,5.855202198280695e-07,29.036385646178168,10.904448669750066,29.114022918736122,10.946930365259922,1.0
0.5242810063950443,0.9386302707855958,0.19721100468140007,-1.3761573647216843,-1.8757748749480625,9.649444736315416e-07,-0.2186213704263861,7.207552793133297e-07,29.095669089062607,10.801209140640994,29.17390813017461,10.843828552786087,1.0
0.5242868774246262,0.9396561283677933,0.19334547205776265,-1.379748717887583,-1.8757792274235874,1.907379993089912e-06,-0.2186177950240277,6.034474241260878e-07,29.154665642729455,10.697838333485768,29.23334878538222,10.740595317627136,1.0
0.5242897554260264,0.9406682920861138,0.18947718849518383,-1.383334609474169,-1.8757826387028258,1.4676409855232132e-06,-0.21861392859387563,9.374529924362758e-07,29.213367085502004,10.59428290487406,29.292337852905163,10.637177251797977,1.0
0.5242896409352753,0.9416673699185795,0.18560869892354054,-1.3869169384579103,-1.8757859046949128,1.1480865132577714e-06,-0.21861036149626642,6.315874458352483e-07,29.271771602726776,10.49062087241618,29.350873618819442,10.533652445651976,1.0
0.5242865505747101,0.9426529712355076,0.1817396801738241,-1.3904949499517878,-1.8757891204364336,9.581123795184853e-07,-0.21860688443153553,5.767681131042954e-07,29.329870332520333,10.386840128675342,29.408948060185544,10.430008762835298,1.0
0.5242804975858768,0.9436260904111617,0.17786912538236296,-1.3940688716736318,-1.8757926437668397,1.8133639937876847e-06,-0.2186041726606356,5.678781258656081e-07,29.38769957453821,10.282919522549316,29.46659817673016,10.326225060968778,1.0
0.5242714939346096,0.9445841333287505,0.1739975310113376,-1.3976373955020094,-1.875795173256453,1.2803166192240805e-06,-0.2186013407605663,8.513621656091398e-07,29.44518091818085,10.178853588182028,29.523746132486735,10.222295824086851,1.0
0.5242595543096115,0.9455295152514385,0.17012529445314353,-1.4012018935488169,-1.8757978528812638,1.0089937354189152e-06,-0.21859836753074008,8.722767339251029e-07,29.502380679912243,10.074672457244407,29.580459063384914,10.118251236421186,1.0
0.5242446837921225,0.9464608264545291,0.1662510839598473,-1.4047615302320247,-1.8758006910181246,9.339763942022872e-07,-0.21859513286367754,6.805570078481897e-07,29.55926873941418,9.970327163436671,29.636707082392533,10.014042299663814,1.0
0.5242268993428475,0.9473780424249623,0.16237685319384976,-1.4083164405009763,-1.8758035676418234,1.7192691033949224e-06,-0.218593057283672,5.501463477386768e-07,29.61582923806126,9.865873865081356,29.69247522158094,9.909725177306704,1.0
0.5242062123819993,0.9482810898157057,0.1585025735938855,-1.4118666846746901,-1.8758056103180538,1.2182655904093864e-06,-0.21859068080288616,8.696817189979078e-07,29.672060294155454,9.761311326088505,29.747762197818023,9.805298635570507,1.0
0.5241826351108927,0.9491709013565114,0.15462721990462444,-1.4154123041544153,-1.8758077219302693,9.225281157080275e-07,-0.21858830847191102,7.644335505313972e-07,29.72799660660835,9.65661737348642,29.802603348638392,9.700740503069458,1.0
0.5241561687343013,0.9500464252583617,0.15075074852744916,-1.4189533647077013,-1.8758101758731993,1.6575613889433121e-06,-0.21858666552100278,3.9620908380325207e-07,29.783608533658466,9.551782808435945,29.856969097701736,9.596041583483727,1.0
0.5241268418145553,0.9509080896134731,0.14687474214843188,-1.4224886566538646,-1.875812125209529,1.2721830664706884e-06,-0.21858421406235745,9.151673508119744e-07,29.83889580521156,9.446856607191306,29.910860619829545,9.49125080672896,1.0
0.5240946441490982,0.9517553991582974,0.142997585978443,-1.4260196104754672,-1.8758137864157214,8.951257067700371e-07,-0.21858234205866106,4.133927565360664e-07,29.893857139018557,9.34178862190758,29.964276154888605,9.386318079756949,1.0
0.5240596067688789,0.9525887228543689,0.13912085239191635,-1.429544900434317,-1.8758163386149191,1.7837466359829447e-06,-0.21858026383755036,4.768092491435196e-07,29.94849057879257,9.23662707168262,30.01721531594987,9.281291570881217,1.0
0.5240217248868735,0.9534075405698494,0.13524387798829138,-1.433065860570979,-1.8758178616984196,1.2974144076336756e-06,-0.21857826608110023,6.134858845585974e-07,30.002786671958585,9.131348974707894,30.069668451607658,9.176148349395598,1.0
0.5239810085183373,0.9542121857398298,0.13136619219161091,-1.4365810037589557,-1.875819451448316,9.986412985444983e-07,-0.2185762916879773,7.232870614894801e-07,30.056758703986446,9.02594351191214,30.121649313267017,9.070877539262286,1.0
0.5239374679271669,0.9550018838869259,0.1274889548750394,-1.4400910835577982,-1.8758210916441747,1.6449357286168845e-06,-0.218575662432245,7.256033625094318e-07,30.11037550114676,8.920438187669777,30.173127291948195,8.965506673721897,1.0
0.5238911493375604,0.955778602623258,0.12361223086360668,-1.4435962368439714,-1.8758225314199968,1.26057487168837e-06,-0.21857367488552518,9.16011817175176e-07,30.163692252083752,8.814850118730194,30.224159994928378,8.860052874767065,1.0
0.5238420043794206,0.9565401282703581,0.11973483557189221,-1.4470960625537093,-1.875823944344895,9.899289492312941e-07,-0.21857183879284123,5.590461133236967e-07,30.21665597918865,8.709128315001047,30.274691903807238,8.754465136942123,1.0
0.5237900870141742,0.9572872856463953,0.1158586491805412,-1.4505903128539415,-1.8758256289389967,1.7416134079280438e-06,-0.21857094843426428,4.776540616193412e-07,30.26927483691995,8.603333311185159,30.32473398090414,8.648803985456283,1.0
0.5237353894452779,0.9580200065265734,0.1119826524292557,-1.4540789619399292,-1.8758265349026408,1.1855115017849772e-06,-0.21856966796526486,8.996868151604052e-07,30.321555216425935,8.497435368474067,30.37429220931726,8.543039680512598,1.0
0.523677924064384,0.9587383851638622,0.10810695651298419,-1.4575624279348278,-1.8758276281074608,8.758710514749658e-07,-0.21856825375068112,6.191113904466694e-07,30.373498945826253,8.391438500138134,30.423369080157748,8.437176251398245,1.0
0.5236177124522128,0.9594422640135097,0.10423244165065673,-1.4610404761860063,-1.8758289541321091,1.4809528417030088e-06,-0.21856771437872308,5.996992966966288e-07,30.425094459078636,8.285366904885203,30.471954145135392,8.331237887832353,1.0
0.5235547410814059,0.9601315164809721,0.10035808858589437,-1.4645129698147132,-1.8758301996354327,1.2167965597604546e-06,-0.21856582648430697,4.920874822932128e-07,30.476346624978113,8.17919038531716,30.52005156153138,8.225194387173474,1.0
0.5234890413052536,0.9608057350507708,0.09648555942307789,-1.4679790486311675,-1.8758309480779474,8.19952336586128e-07,-0.21856485299336012,6.569511437198875e-07,30.527230418161018,8.072953701633793,30.567637908003015,8.119090476670575,1.0
0.5234206395182289,0.9614666135826748,0.0926134335103699,-1.4714405219174862,-1.8758323971123818,1.514960306344871e-06,-0.21856392002606728,6.386911355104449e-07,30.577805075624106,7.966629099887498,30.614773868923553,8.012898471683231,1.0
0.5233494942424429,0.9621121699163041,0.08874199404299216,-1.4748951457813266,-1.875833039799339,1.041013381028864e-06,-0.2185629255377577,1.000857968725311e-06,30.62801283746959,7.860209563259002,30.66139943285725,7.906611269436616,1.0
0.523275668338692,0.9627431565623565,0.08487282645603693,-1.4783449781669733,-1.8758337541253705,7.360397661851879e-07,-0.2185619674666944,7.353562793434578e-07,30.677861726378044,7.753746505767657,30.707526010019144,7.800280389489284,1.0
0.523199154231689,0.9633599393290164,0.08100449154288274,-1.481788507053949,-1.8758346790391425,1.2060250659929282e-06,-0.21856173872137752,4.826210203237908e-07,30.727373910315297,7.647201485503487,30.753175261531876,7.693867278597802,1.0
0.5231199129708891,0.963961258554124,0.07713687114765232,-1.4852253113208738,-1.8758354522338525,9.226537026585889e-07,-0.21856054817172083,6.675874027709439e-07,30.776515389471257,7.540561444524601,30.7983111645319,7.58735888939527,1.0
0.5230380352586679,0.9645485860539437,0.07327129169939012,-1.4886566478536476,-1.8758365262936159,1.5970562066974597e-06,-0.21856017080896892,8.373860313177037e-07,30.82531615993735,7.433875920745339,30.84296849887625,7.480804807942868,1.0
0.522953547744784,0.9651217195306556,0.06940865205609724,-1.4920822209994675,-1.8758369899221565,1.1129896924605583e-06,-0.21855929032983826,8.231967574361052e-07,30.873763062614255,7.327169260086596,30.887135485538117,7.374229368836081,1.0
0.5228663759234649,0.9656797826956894,0.06554707969651753,-1.4955024102500394,-1.8758378040165602,9.175279587752921e-07,-0.21855798502387908,3.3247509781029265e-07,30.921847585081803,7.220380894982818,30.93079973664872,7.267572019046337,1.0
0.5227765908205553,0.9662240124813377,0.061687042924096484,-1.4989154196686771,-1.875838720942333,1.5614897313899989e-06,-0.21855778315799226,3.116605282629347e-07,30.969600155168592,7.113533930586106,30.973995319537433,7.160855794929775,1.0
0.5226841372352954,0.966752706380482,0.05782880693831158,-1.502322213860784,-1.8758391912604995,1.135947153619465e-06,-0.21855682417880368,9.126513940425699e-07,31.016971484754105,7.006622861220841,31.01667010097362,7.054075227761386,1.0
0.5225890990058589,0.9672669665838151,0.05397345637601368,-1.5057231599281036,-1.875839595611946,7.934732729002702e-07,-0.21855613562474852,2.448480774231372e-07,31.063982978353316,6.89968742398743,31.058849876769802,6.94727006870394,1.0
0.5224914415768223,0.9677665593635972,0.05011985853820428,-1.5091177464789678,-1.875840265459693,1.296024241757408e-06,-0.21855616229044214,4.444344739418167e-07,31.110637870453793,6.792693289234498,31.100536057667085,6.840405968516465,1.0
0.5223912630553892,0.9682521930800779,0.046269905896471515,-1.5125055351842653,-1.8758409846440585,1.0833834283551805e-06,-0.21855482261661038,6.665342158574516e-07,31.156939622156898,6.685700387534742,31.14173721020475,6.733542840980823,1.0
0.5222884732664286,0.9687230264789775,0.04242164592125895,-1.5158868428338501,-1.8758410130972312,6.244874584791946e-07,-0.21855472897226977,7.284795984639223e-07,31.202881779507866,6.578646093973598,31.182442184472063,6.6266180733175455,1.0
0.522183083121451,0.9691790950315061,0.03857519701561065,-1.5192619398678653,-1.8758416591061193,1.0543860289029773e-06,-0.2185545762940398,7.237778956506429e-07,31.248464447673122,6.471534107138834,31.222651665690762,6.519635374474004,1.0
0.5220752108091029,0.9696213433750935,0.03473254871676267,-1.5226308812751657,-1.8758420258579651,7.748942360184972e-07,-0.21855388015193342,7.686020345539989e-07,31.293696575112584,6.364428959240031,31.262380775118636,6.412659278766206,1.0
0.5219647995914689,0.9700485374354809,0.03089358266193426,-1.525993271082325,-1.8758429787652027,1.4413773607845235e-06,-0.21855330429015468,5.758671920941481e-07,31.338545357065964,6.257317707394092,31.30159373051063,6.30567682814272,1.0
0.5218518272773204,0.9704614761771765,0.027056154621148625,-1.5293485035986951,-1.8758428459712582,8.648083507809502e-07,-0.21855327292229307,4.3021112503465777e-07,31.383051248697004,6.150144927084707,31.3403298052129,6.198632574885373,1.0
0.5217363490074971,0.9708591078847834,0.02322335702920568,-1.5326969232842311,-1.8758439685401265,1.6738432562107996e-06,-0.21855245080250632,7.251251560149505e-07,31.42715887606707,6.042991360116081,31.378536517414123,6.091607273993411,1.0
0.5216183958614471,0.9712436771532666,0.019392303941679106,-1.5360388219762289,-1.8758441770185204,1.2123357993851738e-06,-0.2185517140447713,6.450705918896315e-07,31.470954598528227,5.935791459630175,31.416301860319944,5.984535389788045,1.0
0.5214979326592317,0.9716126878187022,0.015565738767009334,-1.5393734751077883,-1.8758443845721275,8.698060510653985e-07,-0.21855114892377608,7.664977954356381e-07,31.5143465810118,5.828604728123604,31.453532134343,5.877476397010304,1.0
0.5213750340360176,0.9719677275654269,0.011743043359334489,-1.5427022223937346,-1.8758447930958866,1.3818992921141125e-06,-0.21855150524165398,6.763371338746458e-07,31.557383549987282,5.72142569112833,31.490280014013827,5.77042487251187,1.0
0.521249693827274,0.9723092819001036,0.007922984330284568,-1.5460238913048523,-1.875845150361033,1.07990735945607e-06,-0.21855059424673723,4.3776230032174277e-07,31.600089485606226,5.614222687972018,31.526569112715155,5.663349110704976,1.0
0.5212446506737277,0.9725623334048936,0.004062546890485538,-1.5494607236119518,-1.8758448799532688,5.720453542602284e-07,-0.21855085038770444,6.249177948880832e-07,31.63743653922939,5.5051739830391675,31.563784513487846,5.5544320586225995,1.0
0.5212396143457636,0.9728038855178669,0.00020713963867499338,-1.552892904388769,-1.8758455166676116,1.0522833358873012e-06,-0.2185505161282605,8.613207792291279e-07,31.674414456394935,5.396180733607435,31.600630955986535,5.445570283857721,1.0
0.5212345843528559,0.9730339481246159,-0.0036422404055480055,-1.5563207679211586,-1.875845779994338,8.002720032629878e-07,-0.2185498548881749,4.3734610188690906e-07,31.71101577586479,5.287271660659594,31.637100966167853,5.336792520198419,1.0
0.5212295608792394,0.9732533367148966,-0.0074866958185175695,-1.559744188655823,-1.8758461844505727,1.3129971684106181e-06,-0.21855010459341975,7.142654342162179e-07,31.747272502153013,5.178421413814726,31.673226553355352,5.2280734124542745,1.0
0.5212245445968566,0.9734617029864566,-0.011325377251598177,-1.5631627086743451,-1.87584619368905,8.973394298952306e-07,-0.21854974967771523,5.89964724535105e-07,31.783168012190476,5.069651700828542,31.70899111202114,5.119434650839768,1.0
0.5212195363962934,0.9736576507964175,-0.015158484004314321,-1.5665757210560078,-1.875846861370029,1.5890228853945685e-06,-0.21854961977607384,5.838688025146285e-07,31.818663716909278,4.960945947868604,31.744356076346286,5.010859638273481,1.0
0.5212145346039282,0.97384255059771,-0.018985780114710204,-1.569984366348279,-1.8758469693073319,1.1622005649971306e-06,-0.218548967203266,4.956507926976528e-07,31.853797189058838,4.852321564518043,31.77935897538989,4.902365828028874,1.0
0.5212095394085293,0.9740162337695277,-0.022807355623107126,-1.5733885159085048,-1.8758468452816195,7.399016585955295e-07,-0.21854887406597215,5.346265707011447e-07,31.88856427851332,4.743774650715617,31.81399566395396,4.79394931511686,1.0
0.5212045529596391,0.9741779368240735,-0.02662359681524584,-1.5767867048564053,-1.8758471551698428,1.1980170775757222e-06,-0.2185491807007707,5.49316563949904e-07,31.92294601630967,4.635288193071689,31.848247229189806,4.685593030033437,1.0
0.5211995736346543,0.9743290133546496,-0.030434239641318694,-1.5801800389712157,-1.8758474926539472,9.82099118578081e-07,-0.21854827156015483,4.445376882628951e-07,31.95697927132095,4.5268802787102995,31.88215049761201,4.577315102261123,1.0
0.5211946014263852,0.9744673823053714,-0.0342383674355706,-1.5835685231527235,-1.8758478501831726,1.6004140747880898e-06,-0.21854870056863168,6.106745780600935e-07,31.990597105967286,4.4185610689284,31.915638531453006,4.469125693284564,1.0
0.5211896377441475,0.9745944963459836,-0.0380362018325744,-1.5869511969736985,-1.8758478687360718,1.1549874178021393e-06,-0.218548160728883,6.168194395808931e-07,32.023842972859704,4.310335502393949,31.948754820114377,4.361029704981158,1.0
0.5211846817913093,0.974710500567108,-0.041828650904676114,-1.5903286033267605,-1.8758479005313529,8.266510857913956e-07,-0.21854776920278435,8.93675015439116e-07,32.05672811073417,4.202178595015507,31.981510581535805,4.253002174055757,1.0
0.5211797331517914,0.97481441503333,-0.04561466591657347,-1.5937010257634068,-1.8758484834818228,1.4691286302162017e-06,-0.2185476493323023,7.759644393604453e-07,32.089216206286885,4.094112858717012,32.01386949155163,4.14506562329415,1.0
0.5211747925169342,0.9749069420518011,-0.04939338977894244,-1.5970679931457716,-1.8758484347038586,1.0366746244291029e-06,-0.21854726103192662,7.373310067605919e-07,32.12132076873947,3.9861683915241857,32.0458450774311,4.037250132674439,1.0
0.5211698600819707,0.97498793654267,-0.05316687754599505,-1.600429372425506,-1.8758482225050563,6.369391380949164e-07,-0.21854731994194232,5.258858889782133e-07,32.153053602979774,3.878285002295741,32.077449149158674,3.9294955059587258,1.0
0.521029891526948,0.9748679118204635,-0.05703551018288631,-1.6036499234383175,-1.8758486363569205,1.1187392514736508e-06,-0.21854730882285475,6.881932856470247e-07,32.17974686532425,3.762576439924801,32.10401904362161,3.820971407631647,1.0
0.5208941262099249,0.974748883068057,-0.06088723749267344,-1.6068693276836297,-1.8758485839375798,7.714056754464127e-07,-0.21854704152202503,5.850721844400934e-07,32.20635290340137,3.6474748936101973,32.13050175774578,3.7128349160213037,1.0
0.5207623689763011,0.9746296076602821,-0.06472395841396697,-1.6100863050093257,-1.8758491307182217,1.389529110847522e-06,-0.21854691493428532,6.81838304772096e-07,32.2328501574949,3.532910863696687,32.15687578085305,3.605026769634935,1.0
0.5206345772897566,0.9745100236176251,-0.06854497751887907,-1.6133019789326544,-1.8758487940938762,8.570163041910454e-07,-0.21854701533513318,7.421312451893877e-07,32.25923089154988,3.4189026256497903,32.183133333850485,3.4975674217437627,1.0
0.5205106782308658,0.9743901920100665,-0.0723509492222275,-1.6165156213255292,-1.8758494564194808,1.57576143784548e-06,-0.2185467574411378,7.785809558372218e-07,32.28550138899466,3.3054297962849595,32.20928072805844,3.3904403242168257,1.0
0.5203904714224771,0.9742683833471995,-0.07614352134931184,-1.6197268144740533,-1.8758490936543502,9.928584432409252e-07,-0.21854682275409484,5.874606475161615e-07,32.311624251766595,3.1924261750680767,32.23528058141541,3.283589754317698,1.0
0.5202740140346004,0.9741462404492137,-0.07992201770601087,-1.622935966880851,-1.8758495586345103,1.6993984514105693e-06,-0.21854701331708895,7.772886779447123e-07,32.33764092228968,3.07992536852643,32.2611743206971,3.1770463180490647,1.0
0.5201611018535622,0.9740211997670287,-0.08368692155722245,-1.6261428636966337,-1.875849463468619,1.2126625155950935e-06,-0.21854656818963758,3.843168047789646e-07,32.36348100290753,2.967888032783824,32.28689155647725,3.070781341868221,1.0
0.520051704488585,0.9738933781688658,-0.0874378557601731,-1.629346551730346,-1.8758492456117803,7.910729985861717e-07,-0.2185465230891561,9.800001544740935e-07,32.38914441804303,2.8563249709405256,32.31243224969211,2.964807252107299,1.0
0.5199457156308821,0.9737627515399253,-0.09117696196016964,-1.6325481493366794,-1.8758496996579852,1.3847109690503192e-06,-0.21854653240408012,3.418912413571368e-07,32.41464675070119,2.7451715788418256,32.33781194050648,2.8590649522090814,1.0
0.5198430888946646,0.9736285280151753,-0.09490278880502195,-1.6357467141927715,-1.87584967254312,1.0123286174844135e-06,-0.2185460899899943,5.507283003706244e-07,32.43995345783813,2.6344620171937905,32.362996121973524,2.753591060803145,1.0
0.5197437912853518,0.9734911488014251,-0.09861574395181105,-1.6389419585343208,-1.875849647505727,7.311173070164046e-07,-0.218545790200114,5.664958946769589e-07,32.46507995740813,2.5241870280377507,32.38800022307076,2.648378053618465,1.0
0.5196476671834984,0.9733489652203811,-0.10231727535387108,-1.6421333489020975,-1.875849836218721,1.1762239429552623e-06,-0.21854618225493308,4.7036204800584236e-07,32.48998976455936,2.414287933100346,32.41278777938129,2.543375397789754,1.0
0.519554752093174,0.9732031570799662,-0.10600638112147714,-1.6453221089729693,-1.8758497648966364,8.402287976477267e-07,-0.21854589320599088,5.788116020360822e-07,32.514708563795274,2.3048035678033525,32.437384428533846,2.4386200281779145,1.0
0.5194649461992006,0.9730530987461811,-0.10968449132502162,-1.6485076892344117,-1.8758499674741533,1.3504620438277603e-06,-0.21854635050238228,5.783296619870705e-07,32.53922915195165,2.195685224291178,32.46178298841408,2.3340684693802123,1.0
0.5193781808488558,0.9728972771526188,-0.11334991426748843,-1.6516896042454965,-1.8758499907842638,1.020369585787803e-06,-0.21854582900768416,6.981020702728517e-07,32.56349443399347,2.086967744971221,32.48592638258249,2.2297591667943215,1.0
0.5192944366899321,0.9727372107314328,-0.11700499294151637,-1.6548676547602792,-1.8758498699751007,7.046949095191281e-07,-0.21854568143695885,7.092738335433875e-07,32.58756598247135,1.9785950822504488,32.509876191222105,2.125637090848556,1.0
0.5192136618477843,0.9725717025917758,-0.12064790224293132,-1.6580419673216322,-1.8758498851522156,1.0599146935721073e-06,-0.2185463247796745,4.1115753659438175e-07,32.611394763280735,1.8706088330229487,32.533583375380964,2.021746541992136,1.0
0.5191357552003449,0.9724001606276875,-0.124280927542817,-1.6612120536213264,-1.875850259243594,9.5991673921417e-07,-0.21854531460208074,8.158781832820151e-07,32.634981292620026,1.7629359537666078,32.55704846996281,1.918019775044651,1.0
0.5190607137308838,0.972222515940088,-0.12790225276124845,-1.6643782250474388,-1.875850430948287,1.5191581386444178e-06,-0.2185459088753675,8.8156197724947e-07,32.65830902924673,1.655627889965543,32.58025492179698,1.8145083810671312,1.0
0.5189885446007246,0.9720398804073859,-0.13151183402796965,-1.6675413975369078,-1.875850207621297,1.0500005438285844e-06,-0.21854573926974127,6.208048371362623e-07,32.68140923735002,1.5486947122564017,32.60323395998635,1.7112220217134406,1.0
0.5189191385856242,0.9718508559763545,-0.13511137129136278,-1.6706991188160831,-1.8758500412744352,7.158713142165443e-07,-0.21854565308999038,7.51487474077722e-07,32.7042546930063,1.4420736367905311,32.62595845454524,1.608103709728058,1.0
0.5188524401354152,0.9716547424604791,-0.13870076753968003,-1.673852585777339,-1.875850368158647,1.2165371448742508e-06,-0.21854575608338375,9.125973670606911e-07,32.72682422410979,1.3357604334928965,32.64840718751917,1.5051520694907163,1.0
0.5187885103325999,0.9714533794039262,-0.14227812754619662,-1.6770019304358914,-1.8758504482981204,9.578798365862492e-07,-0.2185451837742877,7.443854222032918e-07,32.749155489470915,1.2298254603741994,32.67061781266152,1.4024342648054973,1.0
0.5187272327615903,0.9712452085300738,-0.1458457822119928,-1.6801464730979827,-1.8758505079887133,1.4640116450428426e-06,-0.21854594729474358,7.317762716731855e-07,32.77122167573374,1.1241864030456163,32.69256354265301,1.2998740854393505,1.0
0.518668593648022,0.9710302612588605,-0.14940270027710367,-1.6832867606679187,-1.8758502951788905,1.0212889436976736e-06,-0.21854578015476941,6.52187081094991e-07,32.79301530030999,1.0188726852959875,32.71423687395541,1.1975016533979645,1.0
0.5186125504797628,0.9708081301676051,-0.15294909890575906,-1.686422359205225,-1.8758502252549754,7.443879284919381e-07,-0.21854553771706733,5.981470029111355e-07,32.81452605320038,0.9138736643937025,32.73562751319215,1.0953085621532477,1.0
0.5185590862729361,0.9705792426168569,-0.15648523920081625,-1.6895524868303846,-1.8758507364664934,1.3409969311559995e-06,-0.2185453345069307,8.343405663722874e-07,32.83576794531353,0.8091846491344292,32.75674950122288,0.9932910371890358,1.0
0.5185081828547113,0.9703439793098341,-0.16001100274065833,-1.6926783773845995,-1.8758505774692682,9.54987693536895e-07,-0.2185451224726248,7.551984100123918e-07,32.85675071103711,0.7048114940986708,32.77761252517119,0.8914558346348064,1.0
0.5184597917941063,0.9701016023745807,-0.1635267175103359,-1.6957988341252692,-1.8758507252669232,1.4958973263524093e-06,-0.21854571485239696,6.200929539547781e-07,32.87745542203621,0.6007376179630615,32.798197702545146,0.789788947617217,1.0
0.518413897160421,0.9698521205615936,-0.16703135459311877,-1.6989142613436776,-1.8758507152733488,1.1447663428954495e-06,-0.21854519072063558,6.964305569577254e-07,32.897873975166114,0.4969921504777183,32.818496914713045,0.6883203221496567,1.0
0.5183704435132359,0.9695943284493164,-0.17052505822075345,-1.7020245441611763,-1.8758503445587635,7.124673651666234e-07,-0.2185454147599351,5.33349912686422e-07,32.917972602803374,0.3935599537098071,32.83847639845205,0.5870377192733682,1.0
0.5183294553427635,0.9693308421565755,-0.17400892513394936,-1.7051293218699215,-1.87585098198804,1.3471838677359988e-06,-0.21854495385582604,7.337371492588591e-07,32.93783477101642,0.29043063880502273,32.85821963364803,0.48592948530459634,1.0
0.5182908475788438,0.9690589151368614,-0.17748294202531747,-1.7082293894325755,-1.875850464835739,8.069879975336301e-07,-0.21854535255550586,3.469063529202258e-07,32.957381244842296,0.18758073314865403,32.877647354885816,0.3849765587342662,1.0
0.5182546312149203,0.9687797869533529,-0.18094635259624078,-1.711323474046805,-1.875850664463555,1.2924825244495052e-06,-0.2185457137881828,5.017101201388147e-07,32.976641393507876,0.08504188729423398,32.896788980148834,0.28421006489897593,1.0
0.5182207810888336,0.9684934609639457,-0.18439915536316193,-1.7144119005570781,-1.8758506053180615,9.717921064140463e-07,-0.21854535204895928,4.1970472095787187e-07,32.99561504632825,-0.017186547891548568,32.91564432630853,0.1836306559513612,1.0
0.518189267922126,0.9681996532640463,-0.18784148189886432,-1.7174943459135834,-1.8758508181589608,1.5440833722590684e-06,-0.21854582385989973,6.207667223547378e-07,33.01429482120794,-0.11911141778204402,32.93420602364432,0.08323302753664771,1.0
0.518160069948662,0.9678984676242299,-0.19127324517019695,-1.7205713546187476,-1.8758508884010299,1.2286096636153656e-06,-0.2185451496393762,4.833916384874657e-07,33.03268277204606,-0.22073002795338398,32.95247610519736,-0.01697901035785819,1.0
0.5181331750374671,0.9675906990550129,-0.19469456910052535,-1.723642735356125,-1.8758504916996726,7.74847159174512e-07,-0.21854538945296978,4.6079549622762853e-07,33.0508024505224,-0.3220400671478404,32.970478129976094,-0.11700250578121557,1.0
0.5181085289274379,0.9672739095226243,-0.19810555412092068,-1.7267078479237894,-1.875850986509167,1.3725613215785112e-06,-0.21854520552674717,3.597798371845541e-07,33.06858437798906,-0.42306507474641375,32.9881426438565,-0.21685814058978753,1.0
0.5180861372201722,0.9669502694651261,-0.20150615886982523,-1.7297673011107983,-1.8758508119709416,9.892209285508424e-07,-0.2185450146927237,5.387122508876294e-07,33.0860903289541,-0.5237866950667398,33.005531398026065,-0.3165278748841306,1.0
0.518065974821287,0.9666190836129772,-0.2048956285276577,-1.7328198487423527,-1.8758509304068671,1.5225413069606427e-06,-0.21854564605588905,4.655572803175119e-07,33.10329414108586,-0.6241894521602256,33.02261827788968,-0.41599487478817976,1.0
0.518048020301286,0.966280990175564,-0.208274671958439,-1.7358671312236935,-1.875850843634414,1.1485241370456397e-06,-0.2185452528065847,3.91079433519318e-07,33.12021951340698,-0.7242892610511409,33.03942691963187,-0.5152739993190164,1.0
0.5180322469983711,0.9659350418864331,-0.21164364612000416,-1.7389073400058908,-1.8758507378951128,8.480321114659631e-07,-0.2185450282133386,5.299943639516218e-07,33.136841788453474,-0.8241046009467927,33.055932735067756,-0.6143822663783497,1.0
0.5180186328032282,0.9655806750642548,-0.21500136615168586,-1.7419416241290293,-1.8758510139371019,1.3792715045604466e-06,-0.218545265060733,3.0601638067145374e-07,33.15313525761988,-0.9236064837918779,33.07210997157622,-0.7132895775876029,1.0
0.518007169826082,0.9652201781317351,-0.21834906911944568,-1.7449686937030253,-1.8758506940485211,9.358228998498395e-07,-0.21854532443471483,6.168211647089039e-07,33.169175117421375,-1.022812706238196,33.088033875083546,-0.8120132682581325,1.0
0.5179978273284123,0.9648510601850346,-0.2216845131672601,-1.7479898553194293,-1.875851303821256,1.6567579605733688e-06,-0.21854505732207774,8.78665104061667e-07,33.18487201242483,-1.121679306449368,33.10361504010573,-0.9105078217301399,1.0
0.5179905900547963,0.9644751058370801,-0.2250098036473926,-1.7510048223843129,-1.8758509333530016,1.1338678301493588e-06,-0.2185451068327045,4.925745122097777e-07,33.200293529094864,-1.2202531441736053,33.118921064085775,-1.0088192902797846,1.0
0.5179854391536072,0.9640916595378632,-0.22832510553882812,-1.7540124203615268,-1.8758508216653584,8.390716925343701e-07,-0.2185449017287193,4.652133202793696e-07,33.215421907668485,-1.3185446654671065,33.13393423225301,-1.106957090717586,1.0
0.5179823540293954,0.9637009677221803,-0.23162830450773306,-1.757013365528665,-1.8758512462345447,1.427262280811834e-06,-0.2185448637445935,5.460174321423082e-07,33.23024739674589,-1.4164917781024762,33.148644765769575,-1.2048580829549467,1.0
0.5179813159088771,0.9633035911335394,-0.2349215487542401,-1.7600068829408455,-1.8758508756465524,9.56936041169049e-07,-0.21854499861201718,5.056120170385299e-07,33.24480277869153,-1.5141522934450613,33.16308547668532,-1.3025790685087912,1.0
0.5179823054293322,0.9628980280051984,-0.23820260942889016,-1.762994237262869,-1.875851113483815,1.5155396385175576e-06,-0.21854536887381806,5.707676742016808e-07,33.259027219167784,-1.6114745375503166,33.17719548221778,-1.4000674109415938,1.0
0.5179853037518354,0.9624855487187527,-0.2414726873157331,-1.7659740539801547,-1.8758511903728226,1.229453154357896e-06,-0.21854471127255548,7.296994856785785e-07,33.272966419757765,-1.708483543090107,33.19102053660286,-1.497347106682237,1.0
0.5179902943885246,0.9620654433061809,-0.2447316920019928,-1.7689470878083688,-1.8758509600116462,8.668360385840653e-07,-0.21854468011471337,6.871343888001585e-07,33.28659910299301,-1.8051827419977875,33.204539333461625,-1.5944207557345986,1.0
0.5179972580758074,0.9616382272226783,-0.2479797263297357,-1.7719124878007573,-1.8758511918723375,1.3760356941412175e-06,-0.21854498052590302,5.541733041314536e-07,33.29994067183482,-1.9015715760691783,33.217767308352116,-1.6912867615354452,1.0
0.5180061659068895,0.9612050153140399,-0.25121670490323866,-1.7748706520263708,-1.8758511469769918,1.0681009593012203e-06,-0.21854458371683508,6.061895418444187e-07,33.31302228715512,-1.9976395926803303,33.230735606897646,-1.7879331774704974,1.0
0.5180170180229895,0.960763545495535,-0.25444170552514916,-1.7778211569485096,-1.8758509932079985,7.760189765450804e-07,-0.21854448155752332,4.3665778751933926e-07,33.32577102649404,-2.0933782002553336,33.24337132286253,-1.8843514031127546,1.0
0.518029786399564,0.9603151013352542,-0.2576555961765543,-1.780764750947974,-1.8758509786958781,1.1292329158960573e-06,-0.218545122313792,5.239456381748781e-07,33.33823083918226,-2.188802902864714,33.25571837690964,-1.9805555080243964,1.0
0.5180444488622822,0.9598599662876357,-0.2608575248039072,-1.7837001113613262,-1.8758510202388958,9.138732287524045e-07,-0.21854466757509688,4.4664676135655756e-07,33.35040296158258,-2.28388762460864,33.26777805606832,-2.0765182079055684,1.0
0.5180609858477476,0.9593984115059855,-0.2640484167408697,-1.7866278905176551,-1.8758510497135,1.3483155052119127e-06,-0.21854533633596918,4.934828680956405e-07,33.36230229886365,-2.37865731663941,33.279565240518814,-2.172263457481751,1.0
0.5180793934287873,0.9589292346398508,-0.2672272494683222,-1.7895478584027125,-1.8758509631071107,1.033365184419047e-06,-0.21854502723320277,6.41823964138535e-07,33.373886109314945,-2.4730921931256242,33.291037197361604,-2.267771257070745,1.0
0.5180996380740291,0.9584537264871491,-0.2703949065725664,-1.7924607098313248,-1.8758509977973938,8.374559829890482e-07,-0.21854461979597398,7.071385843733487e-07,33.38519825530221,-2.5672083475699767,33.30223776234656,-2.3630559761005556,1.0
0.5181217152144852,0.9579710786175898,-0.2735506222610166,-1.79536489007048,-1.8758510242496784,1.2306785549745337e-06,-0.21854522702239298,4.362586346356977e-07,33.39620930780093,-2.6609903055449684,33.31313756600547,-2.4581018420381153,1.0
0.5181455993874735,0.9574816433359423,-0.2766942040815407,-1.79826128534983,-1.8758509334996805,9.413290472128594e-07,-0.2185449683976634,7.943395950640408e-07,33.40692772814868,-2.754430424928389,33.323745035727605,-2.5528999172894897,1.0
0.5181712626557388,0.9569860478767253,-0.2798257346994314,-1.8011492193546739,-1.8758513077420582,1.535104696791956e-06,-0.21854505525402612,8.822815231786344e-07,33.417372010358584,-2.8475268956035653,33.33407869143329,-2.6474469072119984,1.0
0.5181986773782876,0.9564846384973704,-0.28294507484031645,-1.804029525663995,-1.8758510930997043,1.1308068527781687e-06,-0.21854491043305532,7.304631762779077e-07,33.42755086838163,-2.940273706015423,33.344147215142065,-2.7417353890312026,1.0
0.5182278633871665,0.9559761360728795,-0.28605324566039747,-1.8069017178661508,-1.8758511456337263,9.268098376359781e-07,-0.21854444763925152,2.1599559700836937e-07,33.43743543971967,-3.032709729799143,33.35392176298849,-2.835805253191165,1.0
0.5182587793124499,0.9554611414785753,-0.28914836074285555,-1.8097651151371432,-1.8758510645872883,1.3062487761968627e-06,-0.21854529122070854,4.4284812074329225e-07,33.44702799205151,-3.124777165627856,33.363404628731324,-2.9295965123394723,1.0
0.5182914126694576,0.9549397344613645,-0.2922312861079836,-1.8126199913865493,-1.8758510693674373,1.049427424239194e-06,-0.21854485240512792,4.885299483113438e-07,33.45633748642143,-3.2165005754414793,33.372604762922336,-3.023133087076823,1.0
0.5183257516315938,0.9544117941451166,-0.2953020528852719,-1.8154661737798459,-1.875850885867182,7.607896105921333e-07,-0.21854481992804933,8.718613947548991e-07,33.46536055390582,-3.307882112536101,33.381518803258594,-3.1164165066058462,1.0
0.5183617503134664,0.9538785940583745,-0.2983615010204698,-1.8183042950690842,-1.8758514465299316,1.3476898984392071e-06,-0.21854443699916867,6.212756238244898e-07,33.47414024360119,-3.3989370734781903,33.39018977459813,-3.2094596960310176,1.0
0.5183994261766528,0.9533382990637048,-0.30140687422019385,-1.8211328422054611,-1.8758509954828964,8.8235219503319e-07,-0.2185447677358611,6.168106469663212e-07,33.482602039428414,-3.4896002902059733,33.39854321882134,-3.3021983410091758,1.0
0.5184386923138947,0.9527938466943496,-0.30444079733440965,-1.8239537200980163,-1.8758514993310569,1.495518659065612e-06,-0.21854456601365663,6.511792327998145e-07,33.49085083204013,-3.5799262923802253,33.40668395361055,-3.394682506697712,1.0
0.5184796141158607,0.952242277759918,-0.30746154453275837,-1.826765130944246,-1.8758510906545443,1.02274593761659e-06,-0.2185447796489398,6.628468393637072e-07,33.498787924750545,-3.669887080953379,33.41451335114742,-3.4868875392628462,1.0
0.5185221478480554,0.9516847188872659,-0.31046998498953604,-1.8295673901929757,-1.8758510328154523,7.988289787912678e-07,-0.2185445495649031,5.880857363008307e-07,33.50645238152667,-3.7594998941238473,33.42207046331523,-3.5788284055856923,1.0
0.5185662755589017,0.9511212409910014,-0.31346607266484444,-1.832360721904847,-1.8758512473475741,1.2414613197775886e-06,-0.21854477219955318,5.559891860446227e-07,33.51384576233985,-3.8487633064345887,33.42935684150235,-3.670502751530889,1.0
0.5186119310532262,0.9505529533533493,-0.31644871423390236,-1.8351454897181343,-1.8758512420946183,1.0011097791916794e-06,-0.21854438463543374,4.933471350345871e-07,33.52099123577064,-3.9376389193763828,33.43639564035964,-3.761868736434068,1.0
0.5186591717102721,0.9499782432210945,-0.3194190515763329,-1.837920450182734,-1.8758508861873657,6.520685514218958e-07,-0.21854467163172073,8.79174843594163e-07,33.52785131351355,-4.026170699638547,33.44314941921379,-3.8529732751528676,1.0
0.5187078798071112,0.9493994438262832,-0.3223759119479748,-1.8406864260369733,-1.8758510283114427,9.945195799416871e-07,-0.2185449044594564,7.034900440012411e-07,33.5344837111422,-4.114309697841069,33.44967586212221,-3.9437613034474253,1.0
0.5187581401718722,0.9488140725268451,-0.32531937646812087,-1.8434425326557264,-1.8758513272061432,1.5532126697172412e-06,-0.21854511293905896,8.379249038201291e-07,33.5408176446918,-4.202075512140883,33.45590421900698,-4.034256814509066,1.0
0.5188098873824791,0.9482235813430067,-0.32825028217066454,-1.8461896975770808,-1.8758511686712152,1.1891589883599757e-06,-0.21854489699336305,4.7466157952442187e-07,33.54690129925701,-4.289482462972531,33.461882639432055,-4.1244707485820085,1.0
0.5188630929482402,0.9476283598433911,-0.3311687360566449,-1.8489267163435537,-1.8758509157137742,8.542471944117211e-07,-0.21854495465463922,7.60235577190738e-07,33.55274658227188,-4.376531318358792,33.46762307696998,-4.214402340036524,1.0
0.5189177472197238,0.9470277184829198,-0.3340725994134134,-1.8516544756252018,-1.8758511020260653,1.2968240140905253e-06,-0.2185452476839508,5.48332731980359e-07,33.55831684129426,-4.463166275604007,33.473088845213425,-4.303995316340243,1.0
0.5189738727074483,0.9464213760595837,-0.33696388055550963,-1.8543723274382822,-1.8758510864402804,1.0493944146078113e-06,-0.21854487145811935,5.805770000299481e-07,33.56361964389621,-4.5494466255745065,33.47828753655641,-4.393310118823536,1.0
0.5190313407821434,0.9458115200670706,-0.339841496645716,-1.857080758047791,-1.875851009801963,8.20916007355596e-07,-0.21854467876234288,4.5458674396530944e-07,33.568709254961405,-4.635327447169175,33.483273397255516,-4.482295129210481,1.0
0.5190902577253507,0.9451958546592735,-0.3427064612759947,-1.8597791950643547,-1.8758513086430832,1.2966346655874676e-06,-0.2185447454574653,6.275589832989478e-07,33.57352758221044,-4.7208530639969215,33.487988356957544,-4.571000198198999,1.0
0.5191505005839744,0.9445761613662572,-0.34555677534390405,-1.8624673785517096,-1.8758511389174035,9.837664268322151e-07,-0.2185446378370531,6.453538613020645e-07,33.57811004724243,-4.805955286841632,33.492467847218855,-4.6593507071699065,1.0
0.519212172027805,0.9439505515722117,-0.34839434859012647,-1.8651454900165763,-1.8758515332433325,1.5657637179119526e-06,-0.21854465015433105,7.180025152898991e-07,33.58241729072948,-4.890701058825568,33.49667250175866,-4.74741896664214,1.0
0.5192750997159655,0.9433218939560679,-0.35121817681366674,-1.8678133359366393,-1.8758512167205659,1.1405351227585126e-06,-0.21854471531734038,6.786414274488459e-07,33.58652377012795,-4.975043544984842,33.50067678544648,-4.835149136230759,1.0
0.5193393591029128,0.9426882048495779,-0.35402718080847617,-1.8704711577565132,-1.8758511024831348,8.839723639975261e-07,-0.21854456581042472,6.891999912501073e-07,33.590363995098855,-5.058965281400429,33.504415198694446,-4.922527700782534,1.0
0.5194049184017527,0.9420502983944392,-0.35682335817131283,-1.8731184327760306,-1.8758513182449779,1.3389705660707573e-06,-0.21854480625016365,5.188094129884979e-07,33.59397691503501,-5.142518088691233,33.507926710918156,-5.009604801283107,1.0
0.5194718028920209,0.9414072406090319,-0.3596056415048776,-1.8757554739178688,-1.8758510994446198,1.0020895119439321e-06,-0.21854477928024782,4.609764553976183e-07,33.59732728546465,-5.225677922767136,33.5111760656589,-5.096357725487171,1.0
0.5195398909935203,0.9407609466830432,-0.362373990162194,-1.8783821238023408,-1.8758509316123615,7.501169764087364e-07,-0.2185447654268754,7.01470572557369e-07,33.60046974289938,-5.3084317789729685,33.514217905456924,-5.182767114944836,1.0
0.5196091981670153,0.9401109216722402,-0.365128447049941,-1.8809974356716928,-1.8758512034095158,1.172384667824984e-06,-0.21854480867741732,8.030828197514103e-07,33.603390335037915,-5.390784351459455,33.51703831427788,-5.268838434754538,1.0
0.5196797150157639,0.9394567989862798,-0.36786783536413703,-1.8836028776201483,-1.8758510973312925,9.185887006113265e-07,-0.21854464472274215,7.281973900268098e-07,33.606069305712275,-5.472704890202777,33.51961747971632,-5.354540500521084,1.0
0.5197514918742167,0.9387980147614823,-0.37059420797725445,-1.8861971614287396,-1.8758514953683547,1.4597319793751588e-06,-0.2185445827167515,4.994096065910839e-07,33.6085064325985,-5.5542554589573125,33.521955228795356,-5.439937954639918,1.0
0.5198243524651722,0.9381367664865436,-0.3733054945640016,-1.8887808869190403,-1.8758511465750756,1.050758727083964e-06,-0.21854475037799348,6.691045451840315e-07,33.61074862881525,-5.635363964367582,33.52409845165663,-5.524949523207135,1.0
0.5198984541561267,0.9374705689816608,-0.3760027120124788,-1.8913530812370853,-1.8758509647978612,7.878349230040588e-07,-0.2185447552161425,6.965458632220011e-07,33.61273238692777,-5.716074923426738,33.525983678131965,-5.609627902189093,1.0
0.5198948110125753,0.9366355492200139,-0.3787192687870158,-1.893835828062429,-1.8758512486942802,1.2304485090004921e-06,-0.21854480291501674,7.793460009138042e-07,33.61001223387582,-5.8006916966068856,33.523168419858884,-5.694149570148109,1.0
0.5198911856616207,0.9358021180480325,-0.38141905902243445,-1.896306449504076,-1.8758509749749537,8.909360836038991e-07,-0.21854490941453975,5.22155910779801e-07,33.607206811722655,-5.884814139668862,33.52026835696501,-5.778177372469377,1.0
0.519887578814398,0.9349697771910789,-0.38410217618749765,-1.8987644609344283,-1.8758512730000412,1.3775416836145525e-06,-0.21854499645750466,5.930103763113471e-07,33.60430252104935,-5.968448821930358,33.517269908595786,-5.861717897034952,1.0
0.5198839897398092,0.9341405278223471,-0.38676764523623786,-1.9012103605854915,-1.8758511766146893,1.095927186905414e-06,-0.2185447575598032,7.685475846443234e-07,33.60134924177906,-6.051552106769032,33.51422293558887,-5.944727488136992,1.0
0.5198804191061874,0.9333119145307467,-0.38941657015360576,-1.9036436929985319,-1.8758510792536107,8.633530846005071e-07,-0.21854460501946615,8.462312391121143e-07,33.59828504186348,-6.134174885898125,33.51106552334294,-6.027257054935746,1.0
0.5198768667827383,0.9324847578039496,-0.3920479949442943,-1.9060645473079068,-1.8758512646957315,1.2816297600915822e-06,-0.2185448592885752,5.366553293286622e-07,33.59512602142889,-6.216283286212907,33.50781376856989,-6.109272720912064,1.0
0.5198733329718278,0.9316587794794834,-0.3946639703606193,-1.9084727856041601,-1.8758511545561154,1.014625372346474e-06,-0.2185446765636728,8.783931166285132e-07,33.5918802032643,-6.297938396101909,33.50447569934153,-6.190835579737297,1.0
0.519869817430256,0.930834857201283,-0.3972625294600053,-1.9108685736245314,-1.8758510044356633,7.749244747274648e-07,-0.21854464317693917,8.463104848619249e-07,33.58855743262364,-6.379076853043302,33.50106115456299,-6.271882262540814,1.0
0.5198663209687565,0.9300125259241226,-0.39984375497134206,-1.9132513588661846,-1.8758511385902368,1.1316382952846094e-06,-0.21854491722980315,7.039555236831962e-07,33.585144979647644,-6.4597046570848775,33.49755742553943,-6.352418790534826,1.0
0.51986284269615,0.9291908994367868,-0.4024086113690834,-1.915621748654409,-1.875851195392315,9.674996768836876e-07,-0.21854449916721322,8.867523526845719e-07,33.58162492599503,-6.5398564533010335,33.493946570665095,-6.432479785529256,1.0
0.5198593836116878,0.9283704717305555,-0.40495721443192745,-1.9179790620146682,-1.8758513213083319,1.38972287210581e-06,-0.21854490659323658,5.303593039519343e-07,33.578012350540824,-6.619531695946582,33.49024369490072,-6.512064727864633,1.0
0.5198559433831322,0.9275511841981811,-0.40748855571596904,-1.9203235253618316,-1.8758509602013425,9.984491579190402e-07,-0.21854513267918485,8.596215648932052e-07,33.57429768977995,-6.698701875842016,33.48643922606808,-6.5911450996883,1.0
0.5198525211762213,0.9267341520074851,-0.4100035729588749,-1.9226557072327857,-1.8758515220753462,1.6237033058265168e-06,-0.21854480715548968,6.774366951507584e-07,33.570520314616715,-6.7773852319054875,33.48257251329286,-6.6697391181397805,1.0
0.5198491193837564,0.9259174264074347,-0.4125014673847151,-1.924973976969736,-1.8758512939512373,1.255238896780783e-06,-0.21854474750195127,7.486349241260642e-07,33.56661796147271,-6.8555740114715675,33.478581355461344,-6.7478390930183565,1.0
0.5198457366641271,0.9251013103427976,-0.41498315701953026,-1.9272792488598516,-1.8758510646347648,9.470544632461482e-07,-0.21854479528145285,5.025704476883489e-07,33.562606519360074,-6.933292240016838,33.4744816065626,-6.825469014777514,1.0
0.519842373344214,0.9242865517755331,-0.4174476530042662,-1.9295713001389454,-1.875851435062192,1.4621188022819779e-06,-0.21854475187188763,5.847452456713722e-07,33.55849974114535,-7.01050566036973,33.470287027996456,-6.902594634778988,1.0
0.5198390289187579,0.923474192826982,-0.41989595466183305,-1.9318504751334429,-1.875851262620379,1.1498850498391387e-06,-0.21854464744437055,8.831027820447587e-07,33.554335376400054,-7.087234846617229,33.466035356144516,-6.979236513919844,1.0
0.5198357039967731,0.9226618998181211,-0.4223270970787234,-1.9341163588093369,-1.8758510359246154,8.633070791359996e-07,-0.21854472549425383,5.941648980272894e-07,33.55003882791445,-7.163470304929413,33.46165200969552,-7.055385174268636,1.0
0.5198323991305024,0.9218503661207047,-0.42474209692385145,-1.9363685748216868,-1.8758512612706024,1.277742946466427e-06,-0.2185448670041866,9.476076235519585e-07,33.545637947952166,-7.2392358190263755,33.45716485532954,-7.131064413961901,1.0
0.5198291137341227,0.9210406734631558,-0.4271399299027729,-1.9386075223999697,-1.875851089177994,9.984287827267427e-07,-0.21854481972244433,1.0015509564346228e-06,33.541155812825934,-7.3144935173048236,33.45259695406623,-7.206236346103277,1.0
0.5198258479528254,0.9202324399639765,-0.4295206222971926,-1.940832654159361,-1.8758514282923802,1.5077535668821068e-06,-0.21854484280515407,6.800410070263002e-07,33.53658165005928,-7.389247137448195,33.447937537219396,-7.280904712166468,1.0
0.5198226014070297,0.9194261349051467,-0.4318850955950374,-1.9430451256564594,-1.8758512712773405,1.2017338913968164e-06,-0.21854471311112372,7.763706531897964e-07,33.53193614264736,-7.463519491403763,33.443207277875125,-7.355092314189687,1.0
0.5198193756977333,0.9186198944220678,-0.4342324479140853,-1.945243397396814,-1.8758511818223487,9.749893743696443e-07,-0.21854455087726313,8.336565950573179e-07,33.52715867031736,-7.537299213230754,33.43834559755508,-7.428787828026624,1.0
0.5198161701155811,0.9178148634423766,-0.4365636364565488,-1.9474279527949974,-1.8758514014155137,1.4148680663214088e-06,-0.21854475540229074,5.757304111181033e-07,33.522289610338596,-7.610604865540325,33.43339285501066,-7.502009797770539,1.0
0.5198129854471563,0.9170116833008856,-0.4388776770984331,-1.9495982558066336,-1.8758513345954448,1.168174727345666e-06,-0.21854450272382533,7.556663354547188e-07,33.517339682417806,-7.683403153855305,33.42835979048257,-7.574724949478218,1.0
0.5198098198118432,0.9162109030054323,-0.44117448177283025,-1.9517555880426483,-1.8758511070047827,8.884511852355255e-07,-0.21854459073727808,8.660500174386699e-07,33.512323990604976,-7.75568728277001,33.423261458926824,-7.646926438650011,1.0
0.5198066750782158,0.9154098069767015,-0.44345510551286965,-1.9538986760982286,-1.8758513773896015,1.315330432320789e-06,-0.21854464577698698,8.99763881695707e-07,33.50717273469687,-7.827508759745847,33.41802810891981,-7.718665821526944,1.0
0.5198035502736696,0.9146116435104843,-0.4457184891961263,-1.9560281827885522,-1.8758513579853122,1.108048117312211e-06,-0.21854434635161163,6.049652643898417e-07,33.501970966438726,-7.898811785921124,33.41274476681667,-7.78988727385723,1.0
0.5198004469615625,0.9138148106031411,-0.44796469681391893,-1.9581430427091824,-1.875851217133872,8.798501089431879e-07,-0.21854430683350184,7.973551443731297e-07,33.49667313691432,-7.969610698983666,33.407365924513044,-7.860605174140554,1.0
0.5197973644992337,0.9130194524611969,-0.4501936826905946,-1.960243693823513,-1.8758511668667996,1.1535400833092243e-06,-0.218544895432939,4.987381662891535e-07,33.49128303580166,-8.039903068620148,33.40189535491012,-7.930817075286771,1.0
0.5197943023451239,0.9122256801256221,-0.45240637095280234,-1.9623305051960733,-1.8758511196623753,9.629781235346774e-07,-0.218544687924428,8.075341606033143e-07,33.485811077770705,-8.10971458373236,33.396343458540294,-8.000548652060115,1.0
0.5197912610134495,0.9114332569332537,-0.45460279232451833,-1.9644031263961022,-1.875851184563137,1.312241121875899e-06,-0.21854511961515927,6.31035998098821e-07,33.48025069277859,-8.179047970223438,33.39070367878447,-8.069802643787483,1.0
0.5197882409196546,0.9106429724657646,-0.45678090119204073,-1.9664612743048522,-1.8758513581016718,1.199517013296731e-06,-0.21854450064130007,8.344584071681381e-07,33.47460856787925,-8.247838284129504,33.38498271354185,-8.138514117350269,1.0
0.5197852416179284,0.9098549259299954,-0.4589427121377861,-1.968505252735528,-1.875850964001353,8.495161452616397e-07,-0.21854488243341466,6.025650870036194e-07,33.468903298860475,-8.316142632960863,33.37919914696222,-8.206740168620776,1.0
0.5197822634017852,0.9090689534376034,-0.461087164669435,-1.9705348616625824,-1.8758511339901534,1.2022159325348809e-06,-0.2185450601970345,4.957268183796891e-07,33.46312188104171,-8.383931827293106,33.3733399820273,-8.27445161583686,1.0
0.5197793065050879,0.9082849220103242,-0.4632142524547871,-1.9725499417121661,-1.8758510632404803,9.997609928534705e-07,-0.2185448918883037,6.278086852918007e-07,33.45726043706741,-8.451206721779974,33.367401347486584,-8.341649319757312,1.0
0.519776370993531,0.9075027566919375,-0.46532494455219925,-1.974550448114297,-1.8758514973674907,1.5152326291542256e-06,-0.218544692908406,7.028075159401023e-07,33.451324381950926,-8.517995741610605,33.3613886600684,-8.408361707286248,1.0
0.5197734573787348,0.9067232359650735,-0.46741726661775623,-1.9765360322076488,-1.8758511079120177,1.1286761504161907e-06,-0.21854499949826714,8.210164692102486e-07,33.445320638753735,-8.584236075594147,33.35530885619021,-8.474525980588794,1.0
0.5197705650501567,0.9059455142521493,-0.4694931183765444,-1.9785071100676621,-1.87585114594488,9.883049603258408e-07,-0.2185446699867359,6.340830383258388e-07,33.439239766186546,-8.649988917498591,33.349152478624355,-8.54020331749457,1.0
0.5197676938569771,0.9051706014950242,-0.4715525056619507,-1.9804637844756514,-1.875851161445424,1.3056610985447645e-06,-0.21854516830758752,6.652701952933366e-07,33.433110821919485,-8.715246543656297,33.34294858110376,-8.605385990398744,1.0
0.5197648462239791,0.9043976252598512,-0.47359344205998855,-1.9824044029787529,-1.8758513026304409,1.1899868348574914e-06,-0.21854462499234428,6.751654276395591e-07,33.426893180537036,-8.779958674348123,33.33665660151252,-8.670023782881781,1.0
0.5197620181489572,0.9036279065532951,-0.47561780524429914,-1.9843316930192028,-1.8758509279582047,8.600387385329111e-07,-0.2185449925258945,4.342790346281746e-07,33.42063951630276,-8.844168980260848,33.330329109635564,-8.734160261151828,1.0
0.5197592136130752,0.9028610500368457,-0.47762465190820086,-1.9862429414943803,-1.8758513018319483,1.2916651223588554e-06,-0.21854479905240384,6.586516087576535e-07,33.414331042646744,-8.90785339957775,33.32394742283231,-8.797771467321494,1.0
0.519756429995258,0.9020969081546838,-0.4796138909155796,-1.9881399346271438,-1.8758512363563693,1.089356645043413e-06,-0.21854461916249415,5.896749897802333e-07,33.40796283791111,-8.971010501773128,33.317506551021026,-8.860855902441221,1.0
0.5197536698982711,0.9013345643727115,-0.48158659089104855,-1.9900208986723085,-1.8758508609981979,7.767001148861219e-07,-0.21854501596605488,6.042250150410647e-07,33.4015168857347,-9.033678117022582,33.31098854578644,-8.923451464632493,1.0
0.5197509308127625,0.9005758281814601,-0.4835405986954451,-1.9918875437152448,-1.8758509998634116,1.071332021101676e-06,-0.21854517193363796,5.472072156252766e-07,33.39502836916846,-9.095780278153512,33.304428524672176,-8.985482121215407,1.0
0.5197482151434739,0.8998198528741194,-0.48547796170519647,-1.9937382309609382,-1.8758511423155715,9.951365200366347e-07,-0.21854469217213557,4.945998870824187e-07,33.38848893084979,-9.157382390260466,33.297818193092084,-9.047013340060932,1.0
0.5197455212822842,0.8990671537177134,-0.4873976278947439,-1.995574056319514,-1.8758512241508212,1.3247343162244874e-06,-0.2185450482195966,4.569813987398139e-07,33.381905167339795,-9.218450223720218,33.29116410562682,-9.108010849565417,1.0
0.5197428499736291,0.8983174458848965,-0.4892995710795969,-1.997394512469376,-1.875850918206145,1.017961952225597e-06,-0.2185452829181343,6.746896387616624e-07,33.375268677360275,-9.278985243036859,33.28445788043188,-9.16847613366664,1.0
0.5197402010637405,0.8975717498322558,-0.4911847217210974,-1.9991997042010687,-1.8758510925198857,9.662805245730883e-07,-0.2185447660753164,5.9725913785492e-07,33.3686160479595,-9.339006204577709,33.27773610054138,-9.228427944717769,1.0
0.5197375756166903,0.8968286791274545,-0.4930511249708657,-2.000988906365896,-1.875851194633473,1.2892159041543054e-06,-0.2185450606875817,6.023738072029795e-07,33.36189215059811,-9.398467771897204,33.27094366519383,-9.287820974051112,1.0
0.5197349725849868,0.8960895602938156,-0.49490067550299555,-2.002762832813437,-1.8758512898392212,1.1704400550759962e-06,-0.21854462545945558,5.403955375461156e-07,33.35514991383472,-9.457414020811955,33.26413347560282,-9.346699270138235,1.0
0.519732392849102,0.895353072009157,-0.49673241078252384,-2.0045208835154815,-1.8758508973378138,8.496101679552808e-07,-0.21854505065189045,5.7280490108141e-07,33.34834383863852,-9.51582761622986,33.25726005572246,-9.40504552087199,1.0
0.5197298355502662,0.894621475887856,-0.49854621457155884,-2.0062636437104753,-1.8758512287289564,1.2350960921895893e-06,-0.21854488668176764,3.0421119856278775e-07,33.34153799608622,-9.573687551315393,33.25038745421108,-9.46283869699844,1.0
0.5197273023361305,0.8938931933512545,-0.5003421424258069,-2.0079899905492797,-1.8758509927128586,9.79465428402082e-07,-0.21854503491488778,6.003851796657443e-07,33.3346874447698,-9.631007740189956,33.243470772673014,-9.520092755651357,1.0
0.5197247914132163,0.8931688079444519,-0.5021210743037882,-2.0097011462603054,-1.8758513501983036,1.4083915132722861e-06,-0.2185448788443803,6.300401556005321e-07,33.32781584698313,-9.687808924490431,33.2365336265829,-9.576828391648386,1.0
0.5197223046201661,0.8924486753416997,-0.5038810596122297,-2.0113958578365767,-1.875851086946156,1.1223412875788538e-06,-0.21854504392751173,7.393335628695921e-07,33.32091814470431,-9.744032262460975,33.22957100591709,-9.632986811231934,1.0
0.5197198408454697,0.8917321501531351,-0.5056239899696507,-2.0130748827554217,-1.8758512905283233,1.0804132838748513e-06,-0.21854447170436947,5.565735595400901e-07,33.31399059441839,-9.799737156791167,33.22257913814436,-9.688627388075314,1.0
0.5197174003819167,0.8910201167108138,-0.5073488898847099,-2.014738021485218,-1.8758510125603245,8.291603362134571e-07,-0.21854473261111257,4.5839208641832534e-07,33.30705096813353,-9.854888666333713,33.21557580291622,-9.743715188674582,1.0
0.5197149845029669,0.8903111210816821,-0.5090557219588494,-2.016384406182467,-1.8758511072664286,1.091062949378408e-06,-0.21854494021376072,8.839236132673847e-07,33.30005718384164,-9.909497065885896,33.208518951468584,-9.798260521071024,1.0
0.5197125909567968,0.889607910346673,-0.5107453958594678,-2.018015571430669,-1.8758510181793118,9.252976622456719e-07,-0.218544880894071,5.756549884398456e-07,33.29309529714362,-9.963567042996821,33.20149458061791,-9.852268014029296,1.0
0.5197102222708965,0.8889096084894293,-0.5124159494155346,-2.0196297947836976,-1.875851063378361,1.1849487410301573e-06,-0.21854520902062025,5.947059100949533e-07,33.286124765550724,-10.017049042851445,33.19446221385625,-9.905688178715154,1.0
0.5197078773093357,0.8882145851652741,-0.5140693050806139,-2.0212278503608387,-1.8758509853312668,1.0168009995976928e-06,-0.2185451158769221,8.53780625060862e-07,33.27911379172826,-10.070011054195463,33.18739002419514,-9.95858897422053,1.0
0.5197055554535145,0.8875250330250519,-0.5157034153465354,-2.0228101597284422,-1.8758509966258239,9.083489531584703e-07,-0.21854490520816333,6.592936506507659e-07,33.27210936434926,-10.122377122496047,33.18032498415892,-10.010894429863887,1.0
0.51970325905544,0.8868401398043236,-0.5173202965528935,-2.024375120029534,-1.8758513688318346,1.3031354858731946e-06,-0.21854465478962315,7.754308522335377e-07,33.265103876962826,-10.174211492730539,33.173259548696436,-10.062668852022329,1.0
0.5197009857468295,0.8861596967638782,-0.5189188943790598,-2.025924345212657,-1.8758509903289609,9.912306961159714e-07,-0.21854506114730649,6.88641222497675e-07,33.25808311757377,-10.225485538783682,33.166179443987865,-10.113883552755956,1.0
0.5196987377764279,0.8854849238471235,-0.5205001771031864,-2.027456302792463,-1.8758511815502812,1.3200927000558606e-06,-0.2185451474938415,4.0542850536073325e-07,33.25108966967345,-10.2762175107597,33.15912731222864,-10.164556840873072,1.0
0.5196965136698088,0.8848143081239305,-0.5220620882817062,-2.0289719975680676,-1.8758512230469981,1.1980032054297543e-06,-0.21854483743455422,6.399800214042082e-07,33.244064008010916,-10.326360177698847,33.152043589677525,-10.214641446923636,1.0
0.5196943149504667,0.8841493212601632,-0.5236056460651581,-2.0304703913012543,-1.8758509921713384,9.681963065714584e-07,-0.2185450176510062,7.406817584014639e-07,33.23705634695667,-10.375931263834229,33.14497853047624,-10.26415513491198,1.0
0.5196921391931814,0.8834907746354189,-0.5251317448414168,-2.0319531367425725,-1.875851106982789,1.2494543952623773e-06,-0.21854521147603767,5.907169568153835e-07,33.230097016141976,-10.424950151261083,33.13796240094504,-10.313117223622331,1.0
0.5196899896085143,0.8828355642260836,-0.5266394025287949,-2.0334180459432964,-1.875851284348101,1.1998560768238641e-06,-0.21854468994972578,5.265553289242634e-07,33.22308911939992,-10.473412851881532,33.13089838872958,-10.361523808769366,1.0
0.519687864602713,0.8821872232882371,-0.5281285958141482,-2.034866205021445,-1.87585097894647,9.406080781864858e-07,-0.2185450045044313,5.396456161146336e-07,33.216133995292935,-10.52129109325703,33.12388779078693,-10.40934657630921,1.0
0.5196857641124923,0.881543759363935,-0.5295982449368701,-2.0362976571049116,-1.8758512351068568,1.2709750965861858e-06,-0.21854493192271227,5.702533467296111e-07,33.209165959701046,-10.568569433829175,33.11686492134507,-10.456570083031384,1.0
0.5196836888992089,0.8809069069434128,-0.5310513498461422,-2.037711883340732,-1.8758511794437556,1.1191915485457368e-06,-0.21854481265106632,4.377691996726432e-07,33.20225828194319,-10.615320485537733,33.10990306959834,-10.50326696075107,1.0
0.5196816383143851,0.8802748742326474,-0.532484855940884,-2.039109325656608,-1.8758512470438884,1.0395916430402229e-06,-0.21854451005626202,6.215949111176546e-07,33.195335610490794,-10.661470512553066,33.10292686708949,-10.549363456709948,1.0
0.5196796137721085,0.8796491724317536,-0.5338997623880534,-2.0404890203732897,-1.875851256211612,9.427480391644027e-07,-0.21854432304561258,6.502236538702127e-07,33.188449148941835,-10.707036385249083,33.09598755433162,-10.594876478197058,1.0
0.5196776137347808,0.8790293161129087,-0.5352960213204122,-2.041852015340573,-1.8758512189883347,1.131859773383594e-06,-0.21854473539749905,7.403882955462631e-07,33.18158459417881,-10.752020543528204,33.08907078806783,-10.639808424975415,1.0
0.5196756398087432,0.878415749747038,-0.5366745915143342,-2.0431972158615253,-1.8758512711095794,1.048130271653189e-06,-0.21854446406622713,9.320078480086254e-07,33.17476218674849,-10.796447034788047,33.08219685077884,-10.684183386376594,1.0
0.5196736903384458,0.8778080277658046,-0.5380334358193944,-2.0445257501681353,-1.8758512559680045,9.431394189140362e-07,-0.21854432426908363,6.792183616935751e-07,33.16795321702274,-10.84026084078248,33.075336989617966,-10.727946300935894,1.0
0.5196717677815226,0.8772063090449985,-0.5393745717010291,-2.0458359434202826,-1.8758511629881238,1.0992975402182564e-06,-0.21854481944054377,5.46849302266959e-07,33.16117798741801,-10.883518644693687,33.068511571158815,-10.771153915992684,1.0
0.5196698696360083,0.8766124355125904,-0.5406969115897502,-2.0471295006692047,-1.8758508220859458,8.463561122623395e-07,-0.21854523252419247,4.534847108781412e-07,33.15448093873584,-10.92617483379306,33.06176497088848,-10.813760553503894,1.0
0.5196679982872486,0.8760235870997048,-0.5419994278091543,-2.048404796338036,-1.875851218022434,1.1965957264911312e-06,-0.21854484872267363,4.421427193132373e-07,33.147772986633704,-10.968221902813266,33.05500816673452,-10.855758770472269,1.0
0.5196661529949127,0.8754410122990098,-0.5432841205101526,-2.049662334951066,-1.8758511574185852,1.0638039091256918e-06,-0.21854477192307917,7.865917636148984e-07,33.14110564269082,-11.00970755975691,33.0482926509496,-10.897196255573883,1.0
0.5196643329536592,0.8748659772065283,-0.5445499360419143,-2.050902665336193,-1.8758510268959556,9.121868923058618e-07,-0.21854483793295765,4.6489413737092616e-07,33.1345070482163,-11.050591646235478,33.041646543819205,-10.938032829396569,1.0
0.5196625390350695,0.8742981797902777,-0.5457968549442832,-2.052125193523854,-1.8758510200482534,1.0878590589781506e-06,-0.21854515226405605,7.642012594104546e-07,33.12796835970016,-11.090875952956823,33.0350610245862,-10.978270305401047,1.0
0.5196607717636429,0.8737364342741197,-0.5470248166332996,-2.0533295620759193,-1.8758513633653318,1.1496559057757613e-06,-0.2185444085573863,8.727342856284786e-07,33.12145502854731,-11.130568003747483,33.028501558347685,-11.017916221106043,1.0
0.5196590297967236,0.8731821943886507,-0.5482338417737703,-2.0545166859917,-1.8758510403121027,9.083881761243526e-07,-0.2185447987361175,3.511080878398334e-07,33.115008993266606,-11.169657042819606,33.022010048562144,-11.056959785673328,1.0
0.5196573161674289,0.8726334219471213,-0.5494238886895915,-2.0556844982481026,-1.875851099337318,1.1050455818861755e-06,-0.21854498581637485,7.008455047524335e-07,33.10857133257906,-11.208157769578625,33.01552765313091,-11.095415777688654,1.0
0.5196556269588505,0.8720934442662366,-0.5505948921588448,-2.056835668158435,-1.8758509045256713,9.282178668577179e-07,-0.21854516703747953,6.094766485148657e-07,33.10223717111512,-11.246042344670743,33.0091493944325,-11.133256255546303,1.0
0.5196539661105258,0.8715599158531003,-0.5517468349506309,-2.057967510987912,-1.875851433691096,1.3338800272295876e-06,-0.21854454765800188,8.996312633058108e-07,33.095938938802504,-11.283328560889245,33.002807805237296,-11.170499114882226,1.0
0.5196523304997904,0.8710338963297615,-0.552879719719514,-2.0590821547848375,-1.8758510938413393,1.0766428480580762e-06,-0.21854495168328492,5.648099019103573e-07,33.08970713471531,-11.320008249572172,32.99653330310143,-11.207136105516481,1.0
0.5196507223754858,0.8705156148818737,-0.5539934810355229,-2.060178066997896,-1.8758511554516264,1.021494977895327e-06,-0.21854470485761968,8.141781519131303e-07,33.083547798963195,-11.356077709274018,32.990331986841156,-11.243163584710166,1.0
0.5196491402382657,0.8700045783317949,-0.5550881130913068,-2.0612562694088368,-1.875850932987248,8.440443109718877e-07,-0.2185449541451827,4.182842405704585e-07,33.077446734838084,-11.391540648619685,32.98418962060756,-11.278585221947349,1.0
0.5196475864311484,0.8695009845842877,-0.5561625708771407,-2.062315165286305,-1.8758512736831208,1.14008226652409e-06,-0.21854461388629712,8.939365603168484e-07,33.07140142299657,-11.426365468400139,32.97810374622235,-11.313369479184109,1.0
0.5196460594050585,0.8690053590530133,-0.5572188576730712,-2.0633558103016356,-1.875850999866962,9.339328057553464e-07,-0.21854494000624777,1.0301327579104321e-06,33.065442639011685,-11.460605629829168,32.97210509881954,-11.347569777195211,1.0
0.5196445580212504,0.868517978291037,-0.5582558959272022,-2.0643787688885538,-1.87585121241116,1.182221347995718e-06,-0.21854483594380514,4.3901531155982335e-07,33.059569913955094,-11.494228029223203,32.96619317974354,-11.381152982569835,1.0
0.5196445580201546,0.8675370863486096,-0.5592862173156402,-2.0643787696353257,-1.8758511477177482,1.0697849703061419e-06,-0.21854480470326967,4.300233641999549e-07,33.03944766201246,-11.531496868366677,32.946070927772304,-11.418421821684703,1.0
0.5196430384491852,0.8670901265693101,-0.5602826204039635,-2.065414334099594,-1.875851140629687,9.9263114152005e-07,-0.21854469098147733,4.087309404368118e-07,33.03441868322042,-11.563636087711206,32.94100228018022,-11.450521372229188,1.0
0.5196415507962159,0.8666493757712813,-0.5612598447217041,-2.0664281469331223,-1.8758508852622875,1.03125586299461e-06,-0.21854538840177662,5.193004985561078e-07,33.02941773815165,-11.595175384596576,32.935962499539194,-11.482021833542305,1.0
0.5196400933696212,0.8662164050389697,-0.5622187770001855,-2.0674213609527827,-1.8758511914378249,1.0997432055622344e-06,-0.21854474822033557,2.2842617054198437e-07,33.02449691356901,-11.626127969459215,32.93100362845177,-11.512936371900159,1.0
0.5196386676300818,0.8657897155962329,-0.5631574649044725,-2.0683929807271038,-1.8758510718192263,9.744823508868446e-07,-0.21854483051293078,3.444741942207816e-07,33.01959786490974,-11.656449456559825,32.92606736048663,-11.543220639694896,1.0
0.5196386076801859,0.8649165180808748,-0.564085409019702,-2.0684338356678076,-1.8758511914825047,1.1694505483780975e-06,-0.21854486683718047,3.4736835552067526e-07,33.001769875165905,-11.689936004423782,32.90823780573498,-11.576705622551044,1.0
0.5196371771583675,0.8645275623495841,-0.5649845590847894,-2.0694087144923414,-1.8758510087756028,1.0145069216602607e-06,-0.21854505459305684,4.837562914041873e-07,32.997645765139154,-11.718826667057359,32.9040763515597,-11.6055589410361,1.0
0.519635780286689,0.8641442132725644,-0.5658644075501558,-2.0703606612593113,-1.8758509926581968,9.454089773909533e-07,-0.21854497603759343,7.413301737569318e-07,32.99353139126888,-11.747118564111176,32.89992551198666,-11.633814372387151,1.0
0.5196344175012698,0.8637683198321726,-0.5667239332261879,-2.071289378759851,-1.8758511285044368,1.134739904176308e-06,-0.2185449631591764,6.308985506293963e-07,32.989471876763346,-11.774767894831363,32.895830421609126,-11.661428127235343,1.0
0.5196330878926164,0.8633991897634438,-0.5675641017977242,-2.072195486799965,-1.8758510446047278,1.0306774745228404e-06,-0.21854499376578393,4.2356538955115283e-07,32.98545489504078,-11.801807825994722,32.891778730102764,-11.688433348614906,1.0
0.5196317926413785,0.8630364194361169,-0.5683848860351292,-2.073078180784836,-1.8758509712464833,9.390558801568291e-07,-0.21854501855615333,6.129639536835493e-07,32.98146861987789,-11.828240715999357,32.88775864206545,-11.71483242574512,1.0
0.5196305307390547,0.8626813493024894,-0.5691852404206861,-2.07393814799278,-1.8758512041826376,1.1625038669574997e-06,-0.21854482324815658,7.158648302104727e-07,32.97754339420057,-11.85402606044134,32.88380047409589,-11.740584827894864,1.0
0.5196293019569831,0.862333056141851,-0.5699661563708139,-2.0747755442535305,-1.8758510670265194,1.0377958992766563e-06,-0.2185449499477661,7.364778472233889e-07,32.973660449276366,-11.879199562509891,32.87988545149234,-11.76572625228407,1.0
0.5196281059179416,0.8619916661494129,-0.5707275825997092,-2.0755906266380957,-1.8758510893813485,9.926492996638236e-07,-0.21854481808250825,3.7296349075842206e-07,32.969823011910925,-11.90375876674142,32.876016791212976,-11.790254233601676,1.0
0.5196269432512313,0.8616579638105489,-0.5714685155127179,-2.076382966287472,-1.8758510493087004,1.091076926530292e-06,-0.21854508579611256,4.0272793993290774e-07,32.9660457599475,-11.927668699194363,32.87220918752911,-11.814133814334179,1.0
0.5196258138411152,0.861332986878651,-0.5721898938671698,-2.0771526420745317,-1.8758512350997387,1.1197821942340594e-06,-0.21854467404605268,6.231707592377888e-07,32.962365845775075,-11.950948214161215,32.86849978980839,-11.837383845752736,1.0
0.5196257397706383,0.8606671016547147,-0.5728960818192614,-2.0772031199760392,-1.8758511882121367,1.0440409070671781e-06,-0.2185446606715501,6.268616882643689e-07,32.94875992117841,-11.976443475180435,32.85489193158243,-11.862877173142664,1.0
0.519624623313932,0.8603747894935583,-0.5735768431556681,-2.077963968211663,-1.8758513092669051,1.048755650948327e-06,-0.21854436910382288,3.7921761157119544e-07,32.9457006210968,-11.998300558240022,32.85180348610469,-11.884705110806129,1.0
0.5196235428199153,0.8600892790429212,-0.5742370627030671,-2.0787003084222366,-1.875851064652915,8.909694587962392e-07,-0.21854470457780212,8.221889039821671e-07,32.94267563531788,-12.019513869905856,32.84875029374513,-11.905890215891317,1.0
0.5196224978698684,0.8598117114883473,-0.5748786694962609,-2.0794124259589664,-1.875851313218023,1.0929325309426924e-06,-0.21854443484301347,6.89150993592014e-07,32.93973283578354,-12.040129907802688,32.84578021551482,-11.926478975092186,1.0
0.5196214867123113,0.8595416810673115,-0.5754986651951944,-2.08010151442864,-1.8758512248278898,1.0061809057433198e-06,-0.2185445049360452,9.602432106842535e-07,32.936837139502494,-12.060065732610456,32.84285812269966,-11.946388403365834,1.0
0.5196205098114673,0.8592790293799287,-0.5760990280405214,-2.080767257470328,-1.8758509205263738,8.274144848208628e-07,-0.21854495355715609,6.552487822100801e-07,32.933999457977215,-12.079379406794654,32.83999493892077,-11.96567657529642,1.0
0.5196195677371118,0.8590245614879172,-0.5766797022358137,-2.0814092667907076,-1.875851101072215,9.844559525430573e-07,-0.21854477556237958,5.249385462602818e-07,32.93124247298511,-12.098063024110225,32.83721336082969,-11.984335599513024,1.0
0.5196186601358583,0.8587773964389521,-0.5772386856632308,-2.0820277832172054,-1.875851296997825,1.1595768828543099e-06,-0.2185445901178079,7.959789856275357e-07,32.92852522278135,-12.116065962198412,32.83447241745637,-12.002314844431648,1.0
0.5196177861541252,0.8585398243590013,-0.5777779664176379,-2.082623388452806,-1.8758511504288067,1.0502543467710356e-06,-0.21854476598927192,7.799053308128524e-07,32.92592905359226,-12.133427435851264,32.83185343274414,-12.019653502561363,1.0
0.5196169461856122,0.858309710367958,-0.5782974918767417,-2.0831958141971834,-1.875851381166616,1.115822183026916e-06,-0.21854430591481527,6.66111107058433e-07,32.923392217213845,-12.150162623157392,32.82929466876664,-12.036366762268413,1.0
0.5196161401331578,0.8580880868158346,-0.5787952967974306,-2.0837451266642297,-1.8758510244889302,9.170795573624686e-07,-0.21854484948576172,7.488479669301518e-07,32.92092900143884,-12.166206995405243,32.826810410780205,-12.052390092304824,1.0
0.5196153685201649,0.8578757750718299,-0.5792732958016028,-2.084270969163048,-1.8758513634113785,1.1384545243799364e-06,-0.2185443895822188,5.259981687348307e-07,32.91857796651088,-12.181609124551493,32.824439232692,-12.067772078290837,1.0
0.5196152993941756,0.8574435968527591,-0.5797318048193743,-2.084318077471566,-1.8758513230719063,1.084151664188371e-06,-0.21854439609792847,5.17286789730132e-07,32.909749141237164,-12.19816160778222,32.81560860286614,-12.084322756969422,1.0
0.5196145610392221,0.857260023053604,-0.5801690549079738,-2.0848212551232366,-1.8758511302593253,9.646022834039902e-07,-0.21854466906360626,4.001783779204851e-07,32.907904586073734,-12.212167950900291,32.813744772752344,-12.098309825137127,1.0
0.5196138590987223,0.8570840876261402,-0.5805844882049739,-2.0852996168794853,-1.875851257932615,1.0852858158262016e-06,-0.21854456026078267,7.600410619272515e-07,32.90610838305165,-12.225487343723689,32.81193024538879,-12.111610893619055,1.0
0.5196137696064065,0.8567199139263174,-0.5809800213816679,-2.0853606045292388,-1.8758512244836019,1.0405522227332683e-06,-0.2185445658855748,7.729079097316612e-07,32.89874095577292,-12.239699149779133,32.8045604818896,-12.125820363454045,1.0
0.5196131068314425,0.8565727037775985,-0.5813546708690707,-2.0858122755695723,-1.875851027590571,9.251001520714713e-07,-0.21854485575631002,7.448095393001403e-07,32.89745051411731,-12.251621774769639,32.80325273831914,-12.137725686529699,1.0
0.5196124810978632,0.8564319175333899,-0.5817074598160956,-2.086238703470506,-1.8758512957894433,1.0969802087461929e-06,-0.218544486528152,9.087785849449999e-07,32.896173182260384,-12.262865681478996,32.801959071522454,-12.1489532582993,1.0
0.5196123782553438,0.8561353547468941,-0.5820400357708465,-2.086308789080584,-1.8758512579206823,1.0547629933657642e-06,-0.21854450729592467,9.170729070102128e-07,32.89025589107188,-12.274740326620213,32.79603909560292,-12.160825218709489,1.0
0.5196117992274166,0.8560207268655329,-0.5823520158614465,-2.086703387791164,-1.8758512148694335,1.0126708440564678e-06,-0.21854454110130878,9.761193418384532e-07,32.88941028096445,-12.284606720604488,32.79517836981908,-12.17067649701735,1.0
0.5196112576455865,0.8559143843805938,-0.5826421102474407,-2.087072467557208,-1.8758513895181204,1.0707362500500818e-06,-0.2185442067371714,7.331362941077931e-07,32.888631051472686,-12.29377911013232,32.79438500219112,-12.179834748408982,1.0
0.5196111475011631,0.8556823688146916,-0.5829107375507966,-2.087147529303592,-1.8758513509412673,1.0335528975761324e-06,-0.21854423794165614,7.250837481790138e-07,32.884068043973436,-12.30331198879945,32.78981911934271,-12.189364751726957,1.0
0.5196110231182358,0.8554762154398129,-0.5831593635817532,-2.087232294373531,-1.875851314995188,9.996868871569932e-07,-0.2185442683079325,7.289679488400052e-07,32.880091760534505,-12.312068214754621,32.785839588854735,-12.198117730633077,1.0
0.5196105546653881,0.855409062536307,-0.5833856608181682,-2.0875515378521663,-1.8758513508591534,1.0510154436826323e-06,-0.21854427004576307,6.492233619612086e-07,32.8799384808694,-12.319100440624522,32.78567408010476,-12.205137727418112,1.0
0.5196104251402318,0.8552466957162201,-0.5835913181516414,-2.0876398072727866,-1.8758513092413502,1.0175034524548533e-06,-0.21854431487976203,6.458660263556065e-07,32.876884112864275,-12.326279924408167,32.78261633081135,-12.212313829913468,1.0
0.5196100169701533,0.8552010801662646,-0.5837757456437491,-2.0879179689626115,-1.8758512706499273,9.873297202761866e-07,-0.2185443578915951,7.344970646922115e-07,32.87702132455854,-12.331940120331296,32.7827428871183,-12.217963370449285,1.0
0.5196096470511653,0.8551634751106977,-0.5839372476535205,-2.088170063117084,-1.8758513027351633,1.0263344920291125e-06,-0.21854434793443395,1.0242594229416589e-06,32.87720887296,-12.336878580302796,32.78292077868723,-12.222892173588255,1.0
0.5196093149954326,0.8551349980535736,-0.5840788141561406,-2.0883963249505584,-1.875851265404899,9.998289081271119e-07,-0.21854439359816086,4.7385593464666694e-07,32.87750224840924,-12.341172464356195,32.78320548573419,-12.227177389239367,1.0
0.5196090215193736,0.8551144342524141,-0.5841984367509412,-2.088596324413567,-1.8758512949150912,1.0312799335911288e-06,-0.21854437729736123,7.227655148397976e-07,32.87785083784501,-12.344773566682631,32.783546413900204,-12.230770830296052,1.0
0.519608765309509,0.8551032156794428,-0.5842961069395579,-2.08877092753288,-1.8758512610203495,1.0093846260510932e-06,-0.21854442251531234,6.811990379529189e-07,32.87829572829835,-12.347670461564975,32.7839846159276,-12.233661036752453,1.0
0.5196085460697357,0.8551014429669134,-0.5843718179565914,-2.0889203360981488,-1.875851229835175,9.904107494101594e-07,-0.21854446600118227,8.33914231955637e-07,32.878839761139325,-12.349862171485896,32.784522925456606,-12.235847023361398,1.0
0.5196083644780506,0.8551078856307053,-0.5844265646146242,-2.0890440880649175,-1.8758512542583532,1.0090789829457038e-06,-0.2185444407569733,7.680308914151311e-07,32.87945535834877,-12.351386888987486,32.78513378216733,-12.23736700036426,1.0
0.5196082201539746,0.8551236729706816,-0.5844593419832804,-2.089142442723887,-1.875851225525468,9.94297185812638e-07,-0.21854448513406716,1.1836291867551445e-06,32.88016710742311,-12.352206918258595,32.78584176362369,-12.238183262017385,1.0
0.5196081119938821,0.8551491788338189,-0.584470146010608,-2.089216149604825,-1.8758512460534922,1.0043119923152103e-06,-0.21854445466750946,7.570183727814631e-07,32.8809857304897,-12.35231923362745,32.78665756314259,-12.238292753838564,1.0
0.5196080249378064,0.8551785248232419,-0.5844699678781102,-2.0892754769940582,-1.8758512187001861,9.925085997903012e-07,-0.21854450061123618,7.570392247303417e-07,32.881828509141144,-12.352085752290863,32.78749806917227,-12.238056999880213,1.0
0.5196079422345091,0.8552067849379827,-0.5848079829973778,-2.089331838031166,-1.8798169512817418,0.0001793025091117591,-0.21475705727890262,7.570256999412677e-07,32.88528487823606,-12.361576135448038,32.79095227927585,-12.247545224046046,1.0
0.5196078636663999,0.8552342193314317,-0.5857117944874997,-2.089385381000583,-1.8902800908365964,0.000635174196531303,-0.20474981932315536,7.570442203094454e-07,32.89314228741781,-12.387326807762364,32.79880763741644,-12.273293845319204,1.0
0.5196077890266946,0.8552606610037531,-0.5870358606598136,-2.0894362468225873,-1.9050976152319332,0.001226290737998689,-0.19052343988539006,7.570609349402776e-07,32.90425773438533,-12.425158036066318,32.80992113589481,-12.311123125134008,1.0
0.5196077181189731,0.8552859731857393,-0.5886296126260788,-2.089484569354453,-1.9221271407793088,0.0018169029347741613,-0.17408455353008956,7.570760198963891e-07,32.91744976875681,-12.470745432336454,32.82311131920156,-12.356708670339415,1.0
0.5196076507566364,0.8553100231453518,-0.5903121006618602,-2.0895304757606006,-1.9392138554197689,0.002309874069843554,-0.15749083567023406,7.570896340636571e-07,32.93129946123003,-12.518891813293957,32.83695925316325,-12.404853292785392,1.0
0.5196075867624154,0.8553326741919974,-0.5918593650869938,-2.089574086847237,-1.9541777701893774,0.002658895442265453,-0.14287596663630647,7.571019208566949e-07,32.944051407541686,-12.56316446063146,32.84970952888892,-12.449124269536917,1.0
0.5196075259679044,0.8553537915544303,-0.5930054408722212,-2.0896155173802673,-1.964805013466286,0.0028590817237440077,-0.13244893278597303,7.571130096860458e-07,32.95362175366734,-12.59592393488914,32.85927828795787,-12.481882156737887,1.0
0.519607468213118,0.855373259020075,-0.5934586537626397,-2.0896548763873066,-1.9688531306424282,0.00292254625555333,-0.12846430212948234,7.571230173545781e-07,32.95772611779656,-12.608792091365213,32.86338114438319,-12.494748805510064,1.0
0.51960741334607,0.8553914018804247,-0.5934667349786606,-2.0896922674445957,-1.9688620014806115,0.002920795579593493,-0.12845370150378968,7.571320492757659e-07,32.95831123127883,-12.60888307360552,32.86396482554673,-12.494838355431643,1.0
0.5196073612223736,0.8554086370367673,-0.5934744124299165,-2.0897277889495687,-1.9688704294367823,0.002919133770040138,-0.12844363158209407,7.571402005866265e-07,32.95886707529105,-12.608969519594954,32.864519308856146,-12.494923440718264,0.0
0.5196073117048613,0.8554250099182364,-0.5934817062569634,-2.0897615343797935,-1.9688784365926,0.0029175562577192843,-0.1284340657657828,7.571475571440577e-07,32.95939511419547,-12.609051654435653,32.865046055092876,-12.495004282891273,0.0
0.5196072646632239,0.8554405636787655,-0.593488635598921,-2.0897935925389635,-1.9688860439316727,0.002916058714064154,-0.12842497879229128,7.571541964384459e-07,32.95989673907244,-12.609129692164274,32.86554645193552,-12.49508109258557,0.0
0.5196072199736678,0.8554553393111856,-0.593495218642952,-2.0898240477905916,-1.968893271393868,0.002914637037895021,-0.1284163466677015,7.571601884016061e-07,32.96037327138959,-12.609203836285618,32.866021817620044,-12.49515407007429,0.0
0.5196071775185889,0.855469375755586,-0.5935014726713277,-2.089852980280019,-1.9689001379269693,0.0029132873429779326,-0.12840814660276956,7.571655961482032e-07,32.960825966487086,-12.60927428028157,32.86647340441653,-12.495223405769238,0.0
0.5196071371862634,0.8554827100022302,-0.5935074141061943,-2.0898804661453223,-1.968906661535799,0.0029120059463115903,-0.12840035695220578,7.571704766398411e-07,32.96125601688824,-12.609341208096358,32.866902401931725,-12.495289280698058,0.0
0.5196070988705538,0.8554953771892979,-0.5935130585521501,-2.089906577717678,-1.9689128593289358,0.0029107893570953095,-0.12839295715703866,7.571748812836618e-07,32.96166455544425,-12.609404794599154,32.867309940246045,-12.49535186695917,0.0
0.5196070624706292,0.8555074106957183,-0.5935184208367367,-2.089931383711707,-1.9689187475631367,0.002909634266334518,-0.1283859276899039,7.571788564755707e-07,32.962052658321305,-12.609465206024975,32.867697092893486,-12.495411328155381,0.0
0.5196070278907005,0.85551884222934,-0.5935235150489465,-2.0899549494063,-1.968924341685577,0.0029085375370433144,-0.12837925000310804,7.571824440854006e-07,32.96242134783812,-12.609522600394858,32.86806487969216,-12.495467819807123,0.0
0.5196069950397678,0.8555297019106731,-0.5935283545758396,-2.0899773368164065,-1.9689296563740135,0.0029074961950065403,-0.12837290647932398,7.571856819044749e-07,32.96277159516127,-12.609577127916179,32.86841426943308,-12.495521489746201,0.0
0.5196069638313815,0.8555400183524268,-0.593532952137362,-2.0899986048562305,-1.9689347055749689,0.0029065074200664257,-0.1283668803847834,7.571886040339917e-07,32.96310432286556,-12.60962893136402,32.86874618243423,-12.495572478490903,0.0
0.5196069341834142,0.8555498187350546,-0.5935373198194517,-2.0900188094942678,-1.9689395025400367,0.002905568537901394,-0.12836115582483765,7.571912412573473e-07,32.96342040736606,-12.609678146444413,32.869061492966736,-12.495620919603306,0.0
0.519606906017845,0.8555591288785088,-0.5935414691055154,-2.0900380039005904,-1.968944059860396,0.0029046770122667853,-0.1283557177017667,7.571936213521457e-07,32.96372068122842,-12.609724902140274,32.8693610315595,-12.495666940029569,0.0
0.5196068792605539,0.8555679733103925,-0.5935454109063548,-2.0900562385867687,-1.9689483894996218,0.0029038304376693682,-0.12835055167472043,7.571957693862393e-07,32.964005935363474,-12.60976932104081,32.86964558718842,-12.495710660423981,0.0
0.5196068538411273,0.8555763753306941,-0.5935491555886174,-2.0900735615387958,-1.968952502824877,0.002903026532449386,-0.1283456441216835,7.571977079881228e-07,32.96427692111187,-12.609811519655155,32.869915909355996,-12.495752195457502,0.0
0.5196068296926717,0.8555843570732737,-0.5935527130018436,-2.0900900183433664,-1.9689564106365622,0.0029022631322457543,-0.12834098210336117,7.571994575751424e-07,32.964534352224405,-12.609851608710935,32.87017271006674,-12.495791654111494,0.0
0.5196068067516387,0.8555919395642658,-0.5935560925041784,-2.0901056523078414,-1.9689601231965002,0.0029015381838214537,-0.12833655332888727,7.572010365782254e-07,32.964778906743135,-12.609889693438474,32.870416665703765,-12.49582913995733,0.0
0.5196067849576572,0.8555991427775531,-0.5935593029868126,-2.090120504574215,-1.9689636502547259,0.002900849739227954,-0.12833234612326203,7.57202461628696e-07,32.96501122878833,-12.609925873841293,32.870648418811335,-12.495864751422527,0.0
0.5196067642533746,0.8556059856874587,-0.5935623528972162,-2.0901346142273827,-1.9689670010749507,0.002900195950288563,-0.12832834939643212,7.572037477362723e-07,32.965231930255946,-12.609960244953538,32.8708685797882,-12.495898582044024,0.0
0.519606744584306,0.8556124863187967,-0.5935652502612214,-2.0901480183979957,-1.9689701844587657,0.0028995750633822397,-0.12832455261392853,7.572049084485613e-07,32.96544159243013,-12.609992897084934,32.871077728496175,-12.495930720709207,0.0
0.5196067258986906,0.8556186617944135,-0.5935680027040137,-2.0901607523601737,-1.9689732087686451,0.002898985414510315,-0.1283209457689841,7.572059559918195e-07,32.96564076751499,-12.610023916053883,32.87127641578813,-12.49596125188525,0.0
0.5196067081473559,0.8556245283803466,-0.5935706174700819,-2.090172849624331,-1.9689760819498108,0.0028984254246298734,-0.1283175193560548,7.572069013990593e-07,32.96582998008969,-12.610053383409207,32.87146516495956,-12.495990255837311,0.0
0.5196066912835878,0.85563010152872,-0.593573101442181,-2.0901843420253616,-1.9689788115510105,0.002897893595238425,-0.1283142643456745,7.572077546295549e-07,32.96600972849068,-12.610081376641125,32.87164447312745,-12.496017808836125,0.0
0.5196066752630081,0.8556353959184895,-0.593575461159354,-2.0901952598064155,-1.968981404744268,0.002897388504195627,-0.12831117216057483,7.57208524669954e-07,32.96618048612482,-12.61010796938193,32.87181481254014,-12.496043983355479,0.0
0.5196066600434571,0.8556404254941469,-0.5935777028340596,-2.090205631698486,-1.9689838683436496,0.002896908801768545,-0.12830823465300661,7.57209219631413e-07,32.96634270271665,-12.610133231596887,32.87197663182158,-12.496068848260053,0.0
0.5196066455848837,0.8556452035024849,-0.5935798323684509,-2.0902154849960173,-1.9689862088231025,0.0028964532068878677,-0.1283054440832016,7.572098468338142e-07,32.96649680549335,-12.610157229765786,32.87213035715341,-12.496092468984088,0.0
0.5196066318492388,0.85564974252752,-0.5935818553698448,-2.090224845628731,-1.9689884323334044,0.002896020503603226,-0.1283027930989174,7.572104128837727e-07,32.966643200310315,-12.610180027055621,32.87227639339775,-12.4961149077013,0.0
0.5196066188003762,0.8556540545236662,-0.5935837771654238,-2.0902337382298644,-1.9689905447182718,0.0028956095377265347,-0.12830027471601044,7.572109237446256e-07,32.96678227272045,-12.61020168348481,32.87241512516389,-12.496136223486493,0.0
0.5196066064039565,0.8556581508472463,-0.5935856028162072,-2.0902421862009914,-1.9689925515296687,0.00289521921365281,-0.12829788229998532,7.572113847956664e-07,32.96691438898991,-12.610222256079345,32.87254691782156,-12.496156472469231,0.0
0.5196065946273578,0.8556620422864262,-0.5935873371303277,-2.0902502117736095,-1.9689944580423524,0.002894848491348793,-0.12829560954847072,7.572118008956593e-07,32.96703989706305,-12.61024179902129,32.872672118463484,-12.496175707979967,0.0
0.519606583439589,0.8556657390896488,-0.5935889846756479,-2.0902578360676403,-1.9689962692676979,0.00289449638349996,-0.12829345047457597,7.572121764245012e-07,32.967159127479015,-12.610260363789974,32.8727910568198,-12.496193980689,0.0
0.5196065728112085,0.8556692509926447,-0.5935905497917493,-2.09026507914701,-1.9689979899668328,0.002894161952807394,-0.12829139939108306,7.572125153416087e-07,32.96727239424254,-12.610277999296233,32.872904046126656,-12.49621133873859,0.0
0.519606562714247,0.8556725872440895,-0.5935920366013246,-2.0902719600724486,-1.9689996246631203,0.002893844309426203,-0.12828945089543248,7.572128212123551e-07,32.96737999565114,-12.610294752010045,32.87301138395142,-12.496227827868564,0.0
0.5196065531221336,0.8556757566299776,-0.5935934490210039,-2.09027849695165,-1.969001177654019,0.0028935426085378666,-0.12828759985546243,7.572130972599504e-07,32.9674822150809,-12.610310666081869,32.87311335297653,-12.496243491535742,0.0
0.5196065440096257,0.8556787674967749,-0.5935947907716403,-2.090284706986924,-1.969002653022355,0.0028932560480492,-0.12828584139586405,7.572133463924604e-07,32.96757932173294,-12.610325783458002,32.87321022174415,-12.496258371027459,0.0
0.5196065353527431,0.8556816277734115,-0.5935960653880853,-2.090290606520465,-1.96900405464703,0.002892983866411126,-0.12828417088531607,7.572135712364749e-07,32.967671571342564,-12.61034014399024,32.87330224536358,-12.4962725055695,0.0
0.5196065271287047,0.8556843449921753,-0.5935972762284754,-2.090296211077357,-1.9690053862131975,0.0028927253405507903,-0.12828258392426495,7.572137741588932e-07,32.9677592068529,-12.610353785540115,32.87338966618322,-12.49628593242869,0.0
0.5196065193158681,0.8556869263085577,-0.5935984264830573,-2.09030153540643,-1.9690066512219329,0.0028924797839109243,-0.12828107633331784,7.572139572951407e-07,32.96784245905481,-12.610366744077986,32.873472714428985,-12.496298687010407,0.0
0.5196065118936734,0.8556893785201073,-0.593599519182573,-2.0903065935190743,-1.9690078529994193,0.0028922465445907603,-0.12827964414221785,7.572141225755833e-07,32.96792154719486,-12.610379053777221,32.87355160881069,-12.496310802951294,0.0
0.5196065048425883,0.8556917080843389,-0.593600557206227,-2.090311398726109,-1.9690089947056788,0.002892025003583048,-0.12827828357937202,7.572142717416522e-07,32.96799667955278,-12.610390747103715,32.873626557098184,-12.496322312207356,0.0
0.5196064981440575,0.8556939211357464,-0.5936015432892553,-2.090315963672813,-1.9690100793428658,0.0028918145731020605,-0.1282769910619044,7.572144063647019e-07,32.968068053990095,-12.61040185490098,32.873697756668584,-12.496333245137711,0.0
0.5196064917804532,0.8556960235019642,-0.5936024800301193,-2.090320300372202,-1.9690111097631486,0.0028916146949978083,-0.12827576318620756,7.572145278616248e-07,32.96813585847126,-12.610412406471013,32.87376539502618,-12.496343630584178,0.0
0.519606485735029,0.8556980207191197,-0.5936033698973382,-2.09032442023664,-1.969012088676198,0.00289142483925185,-0.12827459671896804,7.57214637512585e-07,32.96820027155877,-12.61042242965115,32.87382965029631,-12.496353495946927,0.0
0.519606479991876,0.8556999180464175,-0.5936042152359826,-2.0903283341078733,-1.9690130186563013,0.002891244502550425,-0.12827348858864135,7.572147364719962e-07,32.96826146288348,-12.610431950887111,32.873890691694506,-12.49636286725637,0.0
0.5196064745358807,0.8557017204799936,-0.5936050182738433,-2.0903320522855613,-1.969013902149123,0.002891073206930828,-0.12827243587735424,7.572148257826698e-07,32.96831959359138,-12.61044099530242,32.87394867997221,-12.496371769241485,0.0
0.5196064693526852,0.8557034327660761,-0.5936057811272921,-2.09033558455438,-1.9690147414781276,0.002890910498497222,-0.12827143581321268,7.572149063862438e-07,32.968374816768026,-12.61044958676437,32.874003767840165,-12.496380225394748,0.0
0.5196064644286493,0.8557050594134875,-0.593606505806851,-2.0903389402097723,-1.9690155388506816,0.0028907559462021458,-0.12827048576299538,7.57214979131791e-07,32.96842727784174,-12.610457747946713,32.87405610037063,-12.496388258033841,0.0
0.5196064597508153,0.8557066047055217,-0.5936071942224823,-2.090342128082408,-1.9690162963638522,0.0028906091406904334,-0.12826958322521317,7.572150447836793e-07,32.96847711496667,-12.61046550038924,32.874105815379465,-12.496395888360281,0.0
0.519606455306873,0.855708072711226,-0.5936078481886155,-2.0903451565614244,-1.969017016009916,0.0028904696932021577,-0.12826872582351606,7.572151040355754e-07,32.9685244593866,-12.610472864554394,32.874153043789114,-12.496403136515148,0.0
0.5196064510851277,0.8557094672961186,-0.5936084694289224,-2.0903480336165017,-1.9690176996815933,0.0028903372345316027,-0.12826791130043072,7.572151575096036e-07,32.96856943578069,-12.610479859881051,32.874197909973425,-12.496410021632036,0.0
0.5196064470744697,0.855710792132371,-0.5936090595808551,-2.090350766818836,-1.9690183491770197,0.0028902114140393503,-0.12826713751141133,7.57215205768446e-07,32.96861216259176,-12.610486504835656,32.87424053208522,-12.496416561887358,0.0
0.5196064432643446,0.8557120507084789,-0.5936096201999557,-2.090353363361064,-1.969018966204472,0.0028900918987146227,-0.12826640241918866,7.572152493231231e-07,32.96865275233833,-12.610492816960784,32.87428102236746,-12.496422774548167,0.0
0.5196064396447256,0.8557132463384511,-0.5936101527639521,-2.09035583007619,-1.9690195523868563,0.002889978372285475,-0.12826570408840177,7.572152886321938e-07,32.96869131191088,-12.610498812921302,32.87431948744891,-12.49642867601758,0.0
0.5196064362060877,0.8557143821705376,-0.5936106586766489,-2.090358173455569,-1.9690201092659732,0.0028898705343741735,-0.12826504068049893,7.572153241075048e-07,32.968727942853405,-12.610504508548214,32.87435602862489,-12.496434281877944,0.0
0.5196064329393816,0.8557154611955212,-0.5936111392716229,-2.090360399665988,-1.969020638306569,0.0028897680996955253,-0.12826441044889353,7.572153561232932e-07,32.968762741630854,-12.610509918880343,32.87439074212411,-12.496439606931851,0.0
0.5196064298360108,0.8557164862545944,-0.5936115958157359,-2.0903625145658937,-1.9690211409001859,0.00288967079729594,-0.12826381173436266,7.572153850193178e-07,32.968795799883154,-12.61051505820391,32.874423719362106,-12.496444665241107,0.0
0.5196064268878086,0.8557174600468421,-0.5936120295124699,-2.0903645237208117,-1.9690216183688192,0.0028895783698310936,-0.12826324296067595,7.572154110958443e-07,32.96882720466659,-12.610519940090164,32.87445504718195,-12.496449470163764,0.0
0.5196064240870164,0.8557183851363501,-0.5936124415050977,-2.090366432417991,-1.9690220719683917,0.0028894905728802313,-0.1282627026304434,7.57215434632387e-07,32.96885703868305,-12.610524577431114,32.87448480808299,-12.496454034389298,0.0
0.5196064214262639,0.8557192639589576,-0.5936128328796932,-2.090368245680318,-1.9690225028920556,0.002889407174295245,-0.12826218932117078,7.572154558735064e-07,32.96888538049785,-12.6105289824735,32.87451308043815,-12.49645836997204,0.0
0.519606418898549,0.8557200988286722,-0.5936132046679926,-2.090369968279535,-1.9690229122733285,0.002889327953582698,-0.12826170168151285,7.572154750427546e-07,32.968912304746645,-12.610533166851047,32.87453993870027,-12.496462488362923,0.0
0.5196064164972197,0.8557208919437641,-0.5936135578501118,-2.0903716047487975,-1.9690233011890732,0.0028892527013171646,-0.12826123842771378,7.572154923433249e-07,32.96893788233196,-12.610537141615126,32.87456545359825,-12.49646640043967,0.0
0.519606414215957,0.855721645392555,-0.5936138933571283,-2.090373159394602,-1.9690236706623288,0.0028891812185842343,-0.12826079834022586,7.572155079569938e-07,32.968962180609935,-12.610540917263878,32.87458969232327,-12.496470116535457,0.0
0.5196064120487573,0.8557223611589178,-0.5936142120735343,-2.090374636308122,-1.9690240216650001,0.0028891133164516756,-0.12826038026049744,7.572155220483719e-07,32.96898526356774,-12.610544503769884,32.874612718705755,-12.496473646466146,0.0
0.5196064099899177,0.8557230411275006,-0.5936145148395664,-2.0903760393759705,-1.9690243551204134,0.002889048815467362,-0.1282599830879217,7.572155347663465e-07,32.96900719199203,-12.610547910606453,32.8746345933835,-12.496476999556165,0.0
0.51960640803402,0.8557236750707623,-0.5931646490993949,-2.0903773722904315,-1.9649799023007368,0.002826329166468291,-0.13224171700322984,7.572155462442684e-07,32.965507231381444,-12.597619489054335,32.87113458171369,-12.483548526944825,0.0
0.5196064061759172,0.8557242595613427,-0.5919913968376976,-2.090378638559174,-1.9543277771482137,0.0026508249231425992,-0.14271833861982644,7.572155566004133e-07,32.95634856801258,-12.563910412930758,32.86197586983857,-12.449839402314986,0.0
0.5196064044107196,0.8557248058063075,-0.590382663896767,-2.0903798415144834,-1.9393147896976852,0.002364385590456518,-0.15744488740969814,7.572155659460414e-07,32.94378310601192,-12.517691391348459,32.84941036175696,-12.403620334651738,0.0
0.5196064027337818,0.8557253231036331,-0.5886188232493369,-2.0903809843220316,-1.9221760645752806,0.0019716283780907102,-0.1741908559581647,7.572155743811064e-07,32.93000378352162,-12.467016748305195,32.83563099548976,-12.352945647831572,0.0
0.5196064011406909,0.8557258185048667,-0.586945825403423,-2.090382069989206,-1.9051113284596883,0.001501381527781699,-0.19078534582995435,7.572155819903969e-07,32.91693427156213,-12.418951956199068,32.822561441942206,-12.304880814137388,0.0
0.5196063996272545,0.8557262969678969,-0.5855649596755073,-2.090383101373025,-1.8902831541630742,0.001020323488177583,-0.2051324626631454,7.572155888693976e-07,32.90614890592853,-12.37927950226736,32.811776036799955,-12.265208320697026,0.0
0.51960639818949,0.8557267618205577,-0.5846376467305038,-2.090384081187657,-1.879828934349105,0.0006346586667362239,-0.21520101820304538,7.572155950707306e-07,32.898910180799575,-12.352636562349241,32.80453727413778,-12.238565343245686,0.0
0.5196063968236136,0.8557272153950386,-0.5843035784865768,-2.0903850120115597,-1.8758778690239364,0.00047588857822039094,-0.21899331395970156,7.572156006693385e-07,32.89631063100002,-12.34303610888149,32.80193768868166,-12.228964854121374,0.0
