0.000000, 0.000000, 1.000000, 0.000000, 1.000000, 0.000000, -1.000000, 0.000000, 0.000000, 0.000000, 0.000000, 0.500000, 0
-0.000007, 0.000000, 1.000000, 0.000000, 1.000000, 0.000000, -1.000000, 0.000000, -0.000007, 0.000014, 0.000013, 0.499998, 0
-0.000027, 0.000000, 1.000000, 0.000000, 1.000000, 0.000000, -1.000000, 0.000000, -0.000027, 0.000055, 0.000051, 0.499991, 0
-0.000060, 0.000000, 1.000000, 0.000000, 1.000000, 0.000000, -1.000000, 0.000000, -0.000060, 0.000125, 0.000114, 0.499980, 0
-0.000106, 0.000000, 1.000000, 0.000000, 1.000000, 0.000000, -1.000000, 0.000000, -0.000106, 0.000221, 0.000202, 0.499964, 0
-0.000165, 0.000000, 1.000000, 0.000000, 1.000000, 0.000000, -1.000000, 0.000000, -0.000165, 0.000345, 0.000315, 0.499944, 0
-0.000237, 0.000000, 1.000000, 0.000000, 1.000000, 0.000000, -1.000000, 0.000000, -0.000237, 0.000496, 0.000453, 0.499919, 0
-0.000323, 0.000000, 1.000000, 0.000000, 1.000000, 0.000000, -1.000000, 0.000000, -0.000323, 0.000675, 0.000616, 0.499890, 0
-0.000421, 0.000000, 1.000000, 0.000000, 1.000000, 0.000000, -1.000000, 0.000000, -0.000421, 0.000880, 0.000804, 0.499857, 0
-0.000532, 0.000000, 1.000000, 0.000000, 1.000000, 0.000000, -1.000000, 0.000000, -0.000532, 0.001112, 0.001016, 0.499819, 0
-0.000656, 0.000000, 1.000000, 0.000000, 1.000000, 0.000000, -1.000000, 0.000000, -0.000656, 0.001371, 0.001253, 0.499777, 0
-0.000793, 0.000000, 1.000000, 0.000000, 1.000000, 0.000000, -1.000000, 0.000000, -0.000793, 0.001657, 0.001514, 0.499730, 0
-0.000942, 0.000000, 1.000000, 0.000000, 1.000000, 0.000000, -1.000000, 0.000000, -0.000942, 0.001969, 0.001799, 0.499679, 0
-0.001104, 0.000000, 0.999999, 0.000000, 1.000000, 0.000000, -0.999999, 0.000000, -0.001104, 0.002308, 0.002108, 0.499624, 0
-0.001278, 0.000000, 0.999999, 0.000000, 1.000000, 0.000000, -0.999999, 0.000000, -0.001278, 0.002673, 0.002442, 0.499564, 0
-0.001466, 0.000000, 0.999999, 0.000000, 1.000000, 0.000000, -0.999999, 0.000000, -0.001466, 0.003064, 0.002799, 0.499500, 0
-0.001665, 0.000000, 0.999999, 0.000000, 1.000000, 0.000000, -0.999999, 0.000000, -0.001665, 0.003481, 0.003180, 0.499431, 0
-0.001877, 0.000000, 0.999998, 0.000000, 1.000000, 0.000000, -0.999998, 0.000000, -0.001877, 0.003925, 0.003585, 0.499359, 0
-0.002102, 0.000000, 0.999998, 0.000000, 1.000000, 0.000000, -0.999998, 0.000000, -0.002102, 0.004394, 0.004014, 0.499281, 0
-0.002338, 0.000000, 0.999997, 0.000000, 1.000000, 0.000000, -0.999997, 0.000000, -0.002338, 0.004888, 0.004466, 0.499200, 0
-0.002587, 0.000000, 0.999997, 0.000000, 1.000000, 0.000000, -0.999997, 0.000000, -0.002587, 0.005409, 0.004941, 0.499114, 0
-0.002848, 0.000000, 0.999996, 0.000000, 1.000000, 0.000000, -0.999996, 0.000000, -0.002848, 0.005955, 0.005440, 0.499024, 0
-0.003122, 0.000000, 0.999995, 0.000000, 1.000000, 0.000000, -0.999995, 0.000000, -0.003122, 0.006526, 0.005962, 0.498929, 0
-0.003407, 0.000000, 0.999994, 0.000000, 1.000000, 0.000000, -0.999994, 0.000000, -0.003407, 0.007122, 0.006507, 0.498830, 0
-0.003705, 0.000000, 0.999993, 0.000000, 1.000000, 0.000000, -0.999993, 0.000000, -0.003705, 0.007744, 0.007075, 0.498727, 0
-0.004014, 0.000000, 0.999992, 0.000000, 1.000000, 0.000000, -0.999992, 0.000000, -0.004014, 0.008391, 0.007666, 0.498620, 0
-0.004335, 0.000000, 0.999991, 0.000000, 1.000000, 0.000000, -0.999991, 0.000000, -0.004335, 0.009062, 0.008280, 0.498508, 0
-0.004669, 0.000000, 0.999989, 0.000000, 1.000000, 0.000000, -0.999989, 0.000000, -0.004669, 0.009758, 0.008916, 0.498391, 0
-0.005014, 0.000000, 0.999987, 0.000000, 1.000000, 0.000000, -0.999987, 0.000000, -0.005014, 0.010479, 0.009575, 0.498271, 0
-0.005370, 0.000000, 0.999986, 0.000000, 1.000000, 0.000000, -0.999986, 0.000000, -0.005370, 0.011225, 0.010257, 0.498145, 0
-0.005739, 0.000000, 0.999984, 0.000000, 1.000000, 0.000000, -0.999984, 0.000000, -0.005739, 0.011995, 0.010961, 0.498016, 0
-0.006119, 0.000000, 0.999981, 0.000000, 1.000000, 0.000000, -0.999981, 0.000000, -0.006119, 0.012789, 0.011687, 0.497882, 0
-0.006511, 0.000000, 0.999979, 0.000000, 1.000000, 0.000000, -0.999979, 0.000000, -0.006511, 0.013608, 0.012435, 0.497744, 0
-0.006914, 0.000000, 0.999976, 0.000000, 1.000000, 0.000000, -0.999976, 0.000000, -0.006914, 0.014450, 0.013206, 0.497601, 0
-0.007329, 0.000000, 0.999973, 0.000000, 1.000000, 0.000000, -0.999973, 0.000000, -0.007329, 0.015316, 0.013998, 0.497454, 0
-0.007756, 0.000000, 0.999970, 0.000000, 1.000000, 0.000000, -0.999970, 0.000000, -0.007756, 0.016207, 0.014812, 0.497302, 0
-0.008193, 0.000000, 0.999966, 0.000000, 1.000000, 0.000000, -0.999966, 0.000000, -0.008193, 0.017121, 0.015648, 0.497146, 0
-0.008642, 0.000000, 0.999963, 0.000000, 1.000000, 0.000000, -0.999963, 0.000000, -0.008642, 0.018058, 0.016506, 0.496986, 0
-0.009102, 0.000000, 0.999959, 0.000000, 1.000000, 0.000000, -0.999959, 0.000000, -0.009102, 0.019019, 0.017385, 0.496821, 0
-0.009574, 0.000000, 0.999954, 0.000000, 1.000000, 0.000000, -0.999954, 0.000000, -0.009574, 0.020004, 0.018285, 0.496652, 0
-0.010057, 0.000000, 0.999949, 0.000000, 1.000000, 0.000000, -0.999949, 0.000000, -0.010057, 0.021011, 0.019207, 0.496478, 0
-0.010550, 0.000000, 0.999944, 0.000000, 1.000000, 0.000000, -0.999944, 0.000000, -0.010550, 0.022042, 0.020150, 0.496300, 0
-0.011055, 0.000000, 0.999939, 0.000000, 1.000000, 0.000000, -0.999939, 0.000000, -0.011055, 0.023096, 0.021114, 0.496117, 0
-0.011571, 0.000000, 0.999933, 0.000000, 1.000000, 0.000000, -0.999933, 0.000000, -0.011571, 0.024173, 0.022099, 0.495929, 0
-0.012098, 0.000000, 0.999927, 0.000000, 1.000000, 0.000000, -0.999927, 0.000000, -0.012098, 0.025272, 0.023106, 0.495737, 0
-0.012635, 0.000000, 0.999920, 0.000000, 1.000000, 0.000000, -0.999920, 0.000000, -0.012635, 0.026394, 0.024133, 0.495541, 0
-0.013184, 0.000000, 0.999913, 0.000000, 1.000000, 0.000000, -0.999913, 0.000000, -0.013184, 0.027538, 0.025180, 0.495340, 0
-0.013743, 0.000000, 0.999906, 0.000000, 1.000000, 0.000000, -0.999906, 0.000000, -0.013743, 0.028705, 0.026248, 0.495134, 0
-0.014313, 0.000000, 0.999898, 0.000000, 1.000000, 0.000000, -0.999898, 0.000000, -0.014313, 0.029894, 0.027337, 0.494923, 0
-0.014894, 0.000000, 0.999889, 0.000000, 1.000000, 0.000000, -0.999889, 0.000000, -0.014894, 0.031106, 0.028446, 0.494708, 0
-0.015485, 0.000000, 0.999880, 0.000000, 1.000000, 0.000000, -0.999880, 0.000000, -0.015485, 0.032339, 0.029575, 0.494489, 0
-0.016087, 0.000000, 0.999871, 0.000000, 1.000000, 0.000000, -0.999871, 0.000000, -0.016087, 0.033594, 0.030725, 0.494265, 0
-0.016699, 0.000000, 0.999861, 0.000000, 1.000000, 0.000000, -0.999861, 0.000000, -0.016699, 0.034871, 0.031895, 0.494036, 0
-0.017322, 0.000000, 0.999850, 0.000000, 1.000000, 0.000000, -0.999850, 0.000000, -0.017322, 0.036170, 0.033084, 0.493802, 0
-0.017955, 0.000000, 0.999839, 0.000000, 1.000000, 0.000000, -0.999839, 0.000000, -0.017955, 0.037490, 0.034294, 0.493563, 0
-0.018599, 0.000000, 0.999827, 0.000000, 1.000000, 0.000000, -0.999827, 0.000000, -0.018599, 0.038831, 0.035523, 0.493320, 0
-0.019252, 0.000000, 0.999815, 0.000000, 1.000000, 0.000000, -0.999815, 0.000000, -0.019252, 0.040194, 0.036772, 0.493072, 0
-0.019916, 0.000000, 0.999802, 0.000000, 1.000000, 0.000000, -0.999802, 0.000000, -0.019916, 0.041578, 0.038040, 0.492819, 0
-0.020591, 0.000000, 0.999788, 0.000000, 1.000000, 0.000000, -0.999788, 0.000000, -0.020591, 0.042983, 0.039328, 0.492562, 0
-0.021275, 0.000000, 0.999774, 0.000000, 1.000000, 0.000000, -0.999774, 0.000000, -0.021275, 0.044409, 0.040635, 0.492299, 0
-0.021969, 0.000000, 0.999759, 0.000000, 1.000000, 0.000000, -0.999759, 0.000000, -0.021969, 0.045856, 0.041961, 0.492032, 0
-0.022674, 0.000000, 0.999743, 0.000000, 1.000000, 0.000000, -0.999743, 0.000000, -0.022674, 0.047324, 0.043307, 0.491760, 0
-0.023388, 0.000000, 0.999726, 0.000000, 1.000000, 0.000000, -0.999726, 0.000000, -0.023388, 0.048812, 0.044671, 0.491483, 0
-0.024112, 0.000000, 0.999709, 0.000000, 1.000000, 0.000000, -0.999709, 0.000000, -0.024112, 0.050320, 0.046055, 0.491201, 0
-0.024846, 0.000000, 0.999691, 0.000000, 1.000000, 0.000000, -0.999691, 0.000000, -0.024846, 0.051849, 0.047457, 0.490914, 0
-0.025590, 0.000000, 0.999673, 0.000000, 1.000000, 0.000000, -0.999673, 0.000000, -0.025590, 0.053398, 0.048878, 0.490622, 0
-0.026343, 0.000000, 0.999653, 0.000000, 1.000000, 0.000000, -0.999653, 0.000000, -0.026343, 0.054967, 0.050318, 0.490325, 0
-0.027107, 0.000000, 0.999633, 0.000000, 1.000000, 0.000000, -0.999633, 0.000000, -0.027107, 0.056556, 0.051776, 0.490023, 0
-0.027879, 0.000000, 0.999611, 0.000000, 1.000000, 0.000000, -0.999611, 0.000000, -0.027879, 0.058164, 0.053253, 0.489716, 0
-0.028662, 0.000000, 0.999589, 0.000000, 1.000000, 0.000000, -0.999589, 0.000000, -0.028662, 0.059793, 0.054747, 0.489404, 0
-0.029454, 0.000000, 0.999566, 0.000000, 1.000000, 0.000000, -0.999566, 0.000000, -0.029454, 0.061441, 0.056260, 0.489087, 0
-0.030255, 0.000000, 0.999542, 0.000000, 1.000000, 0.000000, -0.999542, 0.000000, -0.030255, 0.063108, 0.057791, 0.488765, 0
-0.031066, 0.000000, 0.999517, 0.000000, 1.000000, 0.000000, -0.999517, 0.000000, -0.031066, 0.064795, 0.059341, 0.488437, 0
-0.031886, 0.000000, 0.999492, 0.000000, 1.000000, 0.000000, -0.999492, 0.000000, -0.031886, 0.066501, 0.060907, 0.488105, 0
-0.032715, 0.000000, 0.999465, 0.000000, 1.000000, 0.000000, -0.999465, 0.000000, -0.032715, 0.068226, 0.062492, 0.487767, 0
-0.033554, 0.000000, 0.999437, 0.000000, 1.000000, 0.000000, -0.999437, 0.000000, -0.033554, 0.069970, 0.064095, 0.487424, 0
-0.034401, 0.000000, 0.999408, 0.000000, 1.000000, 0.000000, -0.999408, 0.000000, -0.034401, 0.071733, 0.065715, 0.487076, 0
-0.035258, 0.000000, 0.999378, 0.000000, 1.000000, 0.000000, -0.999378, 0.000000, -0.035258, 0.073514, 0.067352, 0.486722, 0
-0.036124, 0.000000, 0.999347, 0.000000, 1.000000, 0.000000, -0.999347, 0.000000, -0.036124, 0.075314, 0.069007, 0.486363, 0
-0.036999, 0.000000, 0.999315, 0.000000, 1.000000, 0.000000, -0.999315, 0.000000, -0.036999, 0.077133, 0.070679, 0.485999, 0
-0.037883, 0.000000, 0.999282, 0.000000, 1.000000, 0.000000, -0.999282, 0.000000, -0.037883, 0.078970, 0.072368, 0.485630, 0
-0.038775, 0.000000, 0.999248, 0.000000, 1.000000, 0.000000, -0.999248, 0.000000, -0.038775, 0.080825, 0.074074, 0.485255, 0
-0.039677, 0.000000, 0.999213, 0.000000, 1.000000, 0.000000, -0.999213, 0.000000, -0.039677, 0.082698, 0.075797, 0.484875, 0
-0.040587, 0.000000, 0.999176, 0.000000, 1.000000, 0.000000, -0.999176, 0.000000, -0.040587, 0.084589, 0.077537, 0.484489, 0
-0.041506, 0.000000, 0.999138, 0.000000, 1.000000, 0.000000, -0.999138, 0.000000, -0.041506, 0.086498, 0.079294, 0.484098, 0
-0.042434, 0.000000, 0.999099, 0.000000, 1.000000, 0.000000, -0.999099, 0.000000, -0.042434, 0.088424, 0.081067, 0.483701, 0
-0.043370, 0.000000, 0.999059, 0.000000, 1.000000, 0.000000, -0.999059, 0.000000, -0.043370, 0.090369, 0.082857, 0.483299, 0
-0.044315, 0.000000, 0.999018, 0.000000, 1.000000, 0.000000, -0.999018, 0.000000, -0.044315, 0.092330, 0.084663, 0.482891, 0
-0.045268, 0.000000, 0.998975, 0.000000, 1.000000, 0.000000, -0.998975, 0.000000, -0.045268, 0.094309, 0.086486, 0.482478, 0
-0.046230, 0.000000, 0.998931, 0.000000, 1.000000, 0.000000, -0.998931, 0.000000, -0.046230, 0.096305, 0.088324, 0.482059, 0
-0.047200, 0.000000, 0.998885, 0.000000, 1.000000, 0.000000, -0.998885, 0.000000, -0.047200, 0.098318, 0.090179, 0.481635, 0
-0.048179, 0.000000, 0.998839, 0.000000, 1.000000, 0.000000, -0.998839, 0.000000, -0.048179, 0.100348, 0.092050, 0.481205, 0
-0.049165, 0.000000, 0.998791, 0.000000, 1.000000, 0.000000, -0.998791, 0.000000, -0.049165, 0.102395, 0.093937, 0.480769, 0
-0.050160, 0.000000, 0.998741, 0.000000, 1.000000, 0.000000, -0.998741, 0.000000, -0.050160, 0.104459, 0.095839, 0.480328, 0
-0.051163, 0.000000, 0.998690, 0.000000, 1.000000, 0.000000, -0.998690, 0.000000, -0.051163, 0.106539, 0.097758, 0.479881, 0
-0.052175, 0.000000, 0.998638, 0.000000, 1.000000, 0.000000, -0.998638, 0.000000, -0.052175, 0.108636, 0.099691, 0.479428, 0
-0.053194, 0.000000, 0.998584, 0.000000, 1.000000, 0.000000, -0.998584, 0.000000, -0.053194, 0.110749, 0.101641, 0.478969, 0
-0.054221, 0.000000, 0.998529, 0.000000, 1.000000, 0.000000, -0.998529, 0.000000, -0.054221, 0.112878, 0.103605, 0.478505, 0
-0.055256, 0.000000, 0.998472, 0.000000, 1.000000, 0.000000, -0.998472, 0.000000, -0.055256, 0.115023, 0.105585, 0.478034, 0
-0.056299, 0.000000, 0.998414, 0.000000, 1.000000, 0.000000, -0.998414, 0.000000, -0.056299, 0.117184, 0.107580, 0.477558, 0
-0.057350, 0.000000, 0.998354, 0.000000, 1.000000, 0.000000, -0.998354, 0.000000, -0.057350, 0.119361, 0.109590, 0.477076, 0
-0.058408, 0.000000, 0.998293, 0.000000, 1.000000, 0.000000, -0.998293, 0.000000, -0.058408, 0.121553, 0.111615, 0.476588, 0
-0.059475, 0.000000, 0.998230, 0.000000, 1.000000, 0.000000, -0.998230, 0.000000, -0.059475, 0.123761, 0.113655, 0.476094, 0
-0.060548, 0.000000, 0.998165, 0.000000, 1.000000, 0.000000, -0.998165, 0.000000, -0.060548, 0.125985, 0.115710, 0.475595, 0
-0.061630, 0.000000, 0.998099, 0.000000, 1.000000, 0.000000, -0.998099, 0.000000, -0.061630, 0.128224, 0.117779, 0.475089, 0
-0.062719, 0.000000, 0.998031, 0.000000, 1.000000, 0.000000, -0.998031, 0.000000, -0.062719, 0.130478, 0.119863, 0.474577, 0
-0.063815, 0.000000, 0.997962, 0.000000, 1.000000, 0.000000, -0.997962, 0.000000, -0.063815, 0.132747, 0.121961, 0.474059, 0
-0.064919, 0.000000, 0.997891, 0.000000, 1.000000, 0.000000, -0.997891, 0.000000, -0.064919, 0.135031, 0.124074, 0.473535, 0
-0.066030, 0.000000, 0.997818, 0.000000, 1.000000, 0.000000, -0.997818, 0.000000, -0.066030, 0.137330, 0.126200, 0.473005, 0
-0.067149, 0.000000, 0.997743, 0.000000, 1.000000, 0.000000, -0.997743, 0.000000, -0.067149, 0.139643, 0.128341, 0.472469, 0
-0.068274, 0.000000, 0.997667, 0.000000, 1.000000, 0.000000, -0.997667, 0.000000, -0.068274, 0.141971, 0.130496, 0.471927, 0
-0.069407, 0.000000, 0.997588, 0.000000, 1.000000, 0.000000, -0.997588, 0.000000, -0.069407, 0.144313, 0.132665, 0.471379, 0
-0.070547, 0.000000, 0.997508, 0.000000, 1.000000, 0.000000, -0.997508, 0.000000, -0.070547, 0.146670, 0.134847, 0.470824, 0
-0.071694, 0.000000, 0.997427, 0.000000, 1.000000, 0.000000, -0.997427, 0.000000, -0.071694, 0.149040, 0.137044, 0.470264, 0
-0.072848, 0.000000, 0.997343, 0.000000, 1.000000, 0.000000, -0.997343, 0.000000, -0.072848, 0.151425, 0.139253, 0.469697, 0
-0.074009, 0.000000, 0.997258, 0.000000, 1.000000, 0.000000, -0.997258, 0.000000, -0.074009, 0.153824, 0.141477, 0.469124, 0
-0.075177, 0.000000, 0.997170, 0.000000, 1.000000, 0.000000, -0.997170, 0.000000, -0.075177, 0.156236, 0.143714, 0.468544, 0
-0.076352, 0.000000, 0.997081, 0.000000, 1.000000, 0.000000, -0.997081, 0.000000, -0.076352, 0.158662, 0.145964, 0.467959, 0
-0.077533, 0.000000, 0.996990, 0.000000, 1.000000, 0.000000, -0.996990, 0.000000, -0.077533, 0.161102, 0.148227, 0.467367, 0
-0.078722, 0.000000, 0.996897, 0.000000, 1.000000, 0.000000, -0.996897, 0.000000, -0.078722, 0.163555, 0.150503, 0.466768, 0
-0.079916, 0.000000, 0.996802, 0.000000, 1.000000, 0.000000, -0.996802, 0.000000, -0.079916, 0.166021, 0.152792, 0.466163, 0
-0.081118, 0.000000, 0.996705, 0.000000, 1.000000, 0.000000, -0.996705, 0.000000, -0.081118, 0.168500, 0.155094, 0.465552, 0
-0.082326, 0.000000, 0.996605, 0.000000, 1.000000, 0.000000, -0.996605, 0.000000, -0.082326, 0.170992, 0.157409, 0.464935, 0
-0.083540, 0.000000, 0.996504, 0.000000, 1.000000, 0.000000, -0.996504, 0.000000, -0.083540, 0.173497, 0.159736, 0.464311, 0
-0.084761, 0.000000, 0.996401, 0.000000, 1.000000, 0.000000, -0.996401, 0.000000, -0.084761, 0.176015, 0.162076, 0.463681, 0
-0.085988, 0.000000, 0.996296, 0.000000, 1.000000, 0.000000, -0.996296, 0.000000, -0.085988, 0.178546, 0.164429, 0.463044, 0
-0.087222, 0.000000, 0.996189, 0.000000, 1.000000, 0.000000, -0.996189, 0.000000, -0.087222, 0.181089, 0.166794, 0.462401, 0
-0.088462, 0.000000, 0.996080, 0.000000, 1.000000, 0.000000, -0.996080, 0.000000, -0.088462, 0.183644, 0.169171, 0.461751, 0
-0.089708, 0.000000, 0.995968, 0.000000, 1.000000, 0.000000, -0.995968, 0.000000, -0.089708, 0.186212, 0.171560, 0.461095, 0
-0.090960, 0.000000, 0.995855, 0.000000, 1.000000, 0.000000, -0.995855, 0.000000, -0.090960, 0.188791, 0.173961, 0.460432, 0
-0.092218, 0.000000, 0.995739, 0.000000, 1.000000, 0.000000, -0.995739, 0.000000, -0.092218, 0.191383, 0.176374, 0.459762, 0
-0.093482, 0.000000, 0.995621, 0.000000, 1.000000, 0.000000, -0.995621, 0.000000, -0.093482, 0.193986, 0.178799, 0.459086, 0
-0.094752, 0.000000, 0.995501, 0.000000, 1.000000, 0.000000, -0.995501, 0.000000, -0.094752, 0.196601, 0.181236, 0.458404, 0
-0.096028, 0.000000, 0.995379, 0.000000, 1.000000, 0.000000, -0.995379, 0.000000, -0.096028, 0.199228, 0.183684, 0.457715, 0
-0.097310, 0.000000, 0.995254, 0.000000, 1.000000, 0.000000, -0.995254, 0.000000, -0.097310, 0.201866, 0.186143, 0.457019, 0
-0.098598, 0.000000, 0.995127, 0.000000, 1.000000, 0.000000, -0.995127, 0.000000, -0.098598, 0.204515, 0.188615, 0.456316, 0
-0.099891, 0.000000, 0.994998, 0.000000, 1.000000, 0.000000, -0.994998, 0.000000, -0.099891, 0.207176, 0.191097, 0.455607, 0
-0.101190, 0.000000, 0.994867, 0.000000, 1.000000, 0.000000, -0.994867, 0.000000, -0.101190, 0.209848, 0.193590, 0.454891, 0
-0.102495, 0.000000, 0.994734, 0.000000, 1.000000, 0.000000, -0.994734, 0.000000, -0.102495, 0.212530, 0.196095, 0.454169, 0
-0.103805, 0.000000, 0.994598, 0.000000, 1.000000, 0.000000, -0.994598, 0.000000, -0.103805, 0.215224, 0.198611, 0.453440, 0
-0.105121, 0.000000, 0.994459, 0.000000, 1.000000, 0.000000, -0.994459, 0.000000, -0.105121, 0.217928, 0.201137, 0.452704, 0
-0.106442, 0.000000, 0.994319, 0.000000, 1.000000, 0.000000, -0.994319, 0.000000, -0.106442, 0.220642, 0.203675, 0.451961, 0
-0.107768, 0.000000, 0.994176, 0.000000, 1.000000, 0.000000, -0.994176, 0.000000, -0.107768, 0.223367, 0.206222, 0.451212, 0
-0.109100, 0.000000, 0.994031, 0.000000, 1.000000, 0.000000, -0.994031, 0.000000, -0.109100, 0.226103, 0.208781, 0.450456, 0
-0.110437, 0.000000, 0.993883, 0.000000, 1.000000, 0.000000, -0.993883, 0.000000, -0.110437, 0.228848, 0.211350, 0.449693, 0
-0.111779, 0.000000, 0.993733, 0.000000, 1.000000, 0.000000, -0.993733, 0.000000, -0.111779, 0.231604, 0.213929, 0.448923, 0
-0.113126, 0.000000, 0.993581, 0.000000, 1.000000, 0.000000, -0.993581, 0.000000, -0.113126, 0.234369, 0.216519, 0.448147, 0
-0.114479, 0.000000, 0.993426, 0.000000, 1.000000, 0.000000, -0.993426, 0.000000, -0.114479, 0.237144, 0.219118, 0.447363, 0
-0.115836, 0.000000, 0.993268, 0.000000, 1.000000, 0.000000, -0.993268, 0.000000, -0.115836, 0.239929, 0.221728, 0.446573, 0
-0.117198, 0.000000, 0.993109, 0.000000, 1.000000, 0.000000, -0.993109, 0.000000, -0.117198, 0.242723, 0.224348, 0.445776, 0
-0.118565, 0.000000, 0.992946, 0.000000, 1.000000, 0.000000, -0.992946, 0.000000, -0.118565, 0.245527, 0.226977, 0.444972, 0
-0.119937, 0.000000, 0.992781, 0.000000, 1.000000, 0.000000, -0.992781, 0.000000, -0.119937, 0.248340, 0.229616, 0.444162, 0
-0.121314, 0.000000, 0.992614, 0.000000, 1.000000, 0.000000, -0.992614, 0.000000, -0.121314, 0.251162, 0.232265, 0.443344, 0
-0.122696, 0.000000, 0.992444, 0.000000, 1.000000, 0.000000, -0.992444, 0.000000, -0.122696, 0.253993, 0.234924, 0.442520, 0
-0.124082, 0.000000, 0.992272, 0.000000, 1.000000, 0.000000, -0.992272, 0.000000, -0.124082, 0.256833, 0.237591, 0.441688, 0
-0.125473, 0.000000, 0.992097, 0.000000, 1.000000, 0.000000, -0.992097, 0.000000, -0.125473, 0.259682, 0.240268, 0.440850, 0
-0.126868, 0.000000, 0.991920, 0.000000, 1.000000, 0.000000, -0.991920, 0.000000, -0.126868, 0.262539, 0.242955, 0.440005, 0
-0.128268, 0.000000, 0.991740, 0.000000, 1.000000, 0.000000, -0.991740, 0.000000, -0.128268, 0.265405, 0.245650, 0.439153, 0
-0.129672, 0.000000, 0.991557, 0.000000, 1.000000, 0.000000, -0.991557, 0.000000, -0.129672, 0.268279, 0.248354, 0.438294, 0
-0.131080, 0.000000, 0.991372, 0.000000, 1.000000, 0.000000, -0.991372, 0.000000, -0.131080, 0.271161, 0.251067, 0.437429, 0
-0.132493, 0.000000, 0.991184, 0.000000, 1.000000, 0.000000, -0.991184, 0.000000, -0.132493, 0.274051, 0.253789, 0.436556, 0
-0.133910, 0.000000, 0.990993, 0.000000, 1.000000, 0.000000, -0.990993, 0.000000, -0.133910, 0.276950, 0.256520, 0.435676, 0
-0.135331, 0.000000, 0.990800, 0.000000, 1.000000, 0.000000, -0.990800, 0.000000, -0.135331, 0.279856, 0.259259, 0.434790, 0
-0.136757, 0.000000, 0.990605, 0.000000, 1.000000, 0.000000, -0.990605, 0.000000, -0.136757, 0.282770, 0.262007, 0.433896, 0
-0.138186, 0.000000, 0.990406, 0.000000, 1.000000, 0.000000, -0.990406, 0.000000, -0.138186, 0.285691, 0.264763, 0.432996, 0
-0.139619, 0.000000, 0.990205, 0.000000, 1.000000, 0.000000, -0.990205, 0.000000, -0.139619, 0.288620, 0.267527, 0.432089, 0
-0.141057, 0.000000, 0.990002, 0.000000, 1.000000, 0.000000, -0.990002, 0.000000, -0.141057, 0.291556, 0.270300, 0.431174, 0
-0.142498, 0.000000, 0.989795, 0.000000, 1.000000, 0.000000, -0.989795, 0.000000, -0.142498, 0.294500, 0.273080, 0.430253, 0
-0.143943, 0.000000, 0.989586, 0.000000, 1.000000, 0.000000, -0.989586, 0.000000, -0.143943, 0.297450, 0.275869, 0.429325, 0
-0.145392, 0.000000, 0.989374, 0.000000, 1.000000, 0.000000, -0.989374, 0.000000, -0.145392, 0.300408, 0.278665, 0.428390, 0
-0.146844, 0.000000, 0.989160, 0.000000, 1.000000, 0.000000, -0.989160, 0.000000, -0.146844, 0.303372, 0.281469, 0.427448, 0
-0.148300, 0.000000, 0.988942, 0.000000, 1.000000, 0.000000, -0.988942, 0.000000, -0.148300, 0.306343, 0.284281, 0.426499, 0
-0.149760, 0.000000, 0.988722, 0.000000, 1.000000, 0.000000, -0.988722, 0.000000, -0.149760, 0.309320, 0.287100, 0.425543, 0
-0.151223, 0.000000, 0.988500, 0.000000, 1.000000, 0.000000, -0.988500, 0.000000, -0.151223, 0.312304, 0.289927, 0.424580, 0
-0.152689, 0.000000, 0.988274, 0.000000, 1.000000, 0.000000, -0.988274, 0.000000, -0.152689, 0.315294, 0.292761, 0.423611, 0
-0.154160, 0.000000, 0.988046, 0.000000, 1.000000, 0.000000, -0.988046, 0.000000, -0.154160, 0.318291, 0.295602, 0.422634, 0
-0.155633, 0.000000, 0.987815, 0.000000, 1.000000, 0.000000, -0.987815, 0.000000, -0.155633, 0.321293, 0.298450, 0.421651, 0
-0.157109, 0.000000, 0.987581, 0.000000, 1.000000, 0.000000, -0.987581, 0.000000, -0.157109, 0.324301, 0.301305, 0.420660, 0
-0.158589, 0.000000, 0.987345, 0.000000, 1.000000, 0.000000, -0.987345, 0.000000, -0.158589, 0.327315, 0.304167, 0.419663, 0
-0.160072, 0.000000, 0.987105, 0.000000, 1.000000, 0.000000, -0.987105, 0.000000, -0.160072, 0.330335, 0.307036, 0.418658, 0
-0.161558, 0.000000, 0.986863, 0.000000, 1.000000, 0.000000, -0.986863, 0.000000, -0.161558, 0.333360, 0.309912, 0.417647, 0
-0.163048, 0.000000, 0.986618, 0.000000, 1.000000, 0.000000, -0.986618, 0.000000, -0.163048, 0.336391, 0.312794, 0.416629, 0
-0.164540, 0.000000, 0.986370, 0.000000, 1.000000, 0.000000, -0.986370, 0.000000, -0.164540, 0.339426, 0.315683, 0.415604, 0
-0.166035, 0.000000, 0.986120, 0.000000, 1.000000, 0.000000, -0.986120, 0.000000, -0.166035, 0.342467, 0.318578, 0.414573, 0
-0.167533, 0.000000, 0.985867, 0.000000, 1.000000, 0.000000, -0.985867, 0.000000, -0.167533, 0.345513, 0.321480, 0.413534, 0
-0.169033, 0.000000, 0.985610, 0.000000, 1.000000, 0.000000, -0.985610, 0.000000, -0.169033, 0.348564, 0.324387, 0.412488, 0
-0.170537, 0.000000, 0.985351, 0.000000, 1.000000, 0.000000, -0.985351, 0.000000, -0.170537, 0.351620, 0.327301, 0.411436, 0
-0.172043, 0.000000, 0.985089, 0.000000, 1.000000, 0.000000, -0.985089, 0.000000, -0.172043, 0.354680, 0.330220, 0.410377, 0
-0.173551, 0.000000, 0.984825, 0.000000, 1.000000, 0.000000, -0.984825, 0.000000, -0.173551, 0.357745, 0.333146, 0.409311, 0
-0.175063, 0.000000, 0.984557, 0.000000, 1.000000, 0.000000, -0.984557, 0.000000, -0.175063, 0.360814, 0.336077, 0.408238, 0
-0.176576, 0.000000, 0.984287, 0.000000, 1.000000, 0.000000, -0.984287, 0.000000, -0.176576, 0.363888, 0.339014, 0.407159, 0
-0.178093, 0.000000, 0.984014, 0.000000, 1.000000, 0.000000, -0.984014, 0.000000, -0.178093, 0.366965, 0.341956, 0.406072, 0
-0.179611, 0.000000, 0.983738, 0.000000, 1.000000, 0.000000, -0.983738, 0.000000, -0.179611, 0.370047, 0.344904, 0.404979, 0
-0.181132, 0.000000, 0.983459, 0.000000, 1.000000, 0.000000, -0.983459, 0.000000, -0.181132, 0.373133, 0.347857, 0.403879, 0
-0.182655, 0.000000, 0.983177, 0.000000, 1.000000, 0.000000, -0.983177, 0.000000, -0.182655, 0.376222, 0.350815, 0.402773, 0
-0.184181, 0.000000, 0.982892, 0.000000, 1.000000, 0.000000, -0.982892, 0.000000, -0.184181, 0.379315, 0.353779, 0.401659, 0
-0.185708, 0.000000, 0.982605, 0.000000, 1.000000, 0.000000, -0.982605, 0.000000, -0.185708, 0.382411, 0.356747, 0.400539, 0
-0.187238, 0.000000, 0.982315, 0.000000, 1.000000, 0.000000, -0.982315, 0.000000, -0.187238, 0.385511, 0.359721, 0.399413, 0
-0.188769, 0.000000, 0.982021, 0.000000, 1.000000, 0.000000, -0.982021, 0.000000, -0.188769, 0.388614, 0.362699, 0.398279, 0
-0.190303, 0.000000, 0.981725, 0.000000, 1.000000, 0.000000, -0.981725, 0.000000, -0.190303, 0.391720, 0.365682, 0.397139, 0
-0.191838, 0.000000, 0.981427, 0.000000, 1.000000, 0.000000, -0.981427, 0.000000, -0.191838, 0.394829, 0.368669, 0.395993, 0
-0.193375, 0.000000, 0.981125, 0.000000, 1.000000, 0.000000, -0.981125, 0.000000, -0.193375, 0.397941, 0.371661, 0.394840, 0
-0.194914, 0.000000, 0.980820, 0.000000, 1.000000, 0.000000, -0.980820, 0.000000, -0.194914, 0.401056, 0.374658, 0.393680, 0
-0.196455, 0.000000, 0.980513, 0.000000, 1.000000, 0.000000, -0.980513, 0.000000, -0.196455, 0.404173, 0.377658, 0.392514, 0
-0.197998, 0.000000, 0.980202, 0.000000, 1.000000, 0.000000, -0.980202, 0.000000, -0.197998, 0.407293, 0.380663, 0.391341, 0
-0.199542, 0.000000, 0.979889, 0.000000, 1.000000, 0.000000, -0.979889, 0.000000, -0.199542, 0.410415, 0.383672, 0.390161, 0
-0.201087, 0.000000, 0.979573, 0.000000, 1.000000, 0.000000, -0.979573, 0.000000, -0.201087, 0.413540, 0.386685, 0.388976, 0
-0.202634, 0.000000, 0.979254, 0.000000, 1.000000, 0.000000, -0.979254, 0.000000, -0.202634, 0.416666, 0.389702, 0.387783, 0
-0.204183, 0.000000, 0.978933, 0.000000, 1.000000, 0.000000, -0.978933, 0.000000, -0.204183, 0.419795, 0.392722, 0.386585, 0
-0.205733, 0.000000, 0.978608, 0.000000, 1.000000, 0.000000, -0.978608, 0.000000, -0.205733, 0.422925, 0.395747, 0.385379, 0
-0.207284, 0.000000, 0.978281, 0.000000, 1.000000, 0.000000, -0.978281, 0.000000, -0.207284, 0.426058, 0.398774, 0.384168, 0
-0.208836, 0.000000, 0.977951, 0.000000, 1.000000, 0.000000, -0.977951, 0.000000, -0.208836, 0.429192, 0.401805, 0.382950, 0
-0.210390, 0.000000, 0.977618, 0.000000, 1.000000, 0.000000, -0.977618, 0.000000, -0.210390, 0.432327, 0.404840, 0.381726, 0
-0.211945, 0.000000, 0.977282, 0.000000, 1.000000, 0.000000, -0.977282, 0.000000, -0.211945, 0.435464, 0.407878, 0.380495, 0
-0.213500, 0.000000, 0.976943, 0.000000, 1.000000, 0.000000, -0.976943, 0.000000, -0.213500, 0.438602, 0.410919, 0.379259, 0
-0.215057, 0.000000, 0.976601, 0.000000, 1.000000, 0.000000, -0.976601, 0.000000, -0.215057, 0.441741, 0.413963, 0.378016, 0
-0.216615, 0.000000, 0.976257, 0.000000, 1.000000, 0.000000, -0.976257, 0.000000, -0.216615, 0.444882, 0.417010, 0.376766, 0
-0.218174, 0.000000, 0.975910, 0.000000, 1.000000, 0.000000, -0.975910, 0.000000, -0.218174, 0.448023, 0.420059, 0.375511, 0
-0.219733, 0.000000, 0.975560, 0.000000, 1.000000, 0.000000, -0.975560, 0.000000, -0.219733, 0.451165, 0.423112, 0.374250, 0
-0.221293, 0.000000, 0.975207, 0.000000, 1.000000, 0.000000, -0.975207, 0.000000, -0.221293, 0.454307, 0.426167, 0.372982, 0
-0.222854, 0.000000, 0.974852, 0.000000, 1.000000, 0.000000, -0.974852, 0.000000, -0.222854, 0.457451, 0.429224, 0.371708, 0
-0.224416, 0.000000, 0.974493, 0.000000, 1.000000, 0.000000, -0.974493, 0.000000, -0.224416, 0.460594, 0.432284, 0.370429, 0
-0.225978, 0.000000, 0.974132, 0.000000, 1.000000, 0.000000, -0.974132, 0.000000, -0.225978, 0.463738, 0.435347, 0.369143, 0
-0.227541, 0.000000, 0.973769, 0.000000, 1.000000, 0.000000, -0.973769, 0.000000, -0.227541, 0.466882, 0.438411, 0.367851, 0
-0.229104, 0.000000, 0.973402, 0.000000, 1.000000, 0.000000, -0.973402, 0.000000, -0.229104, 0.470027, 0.441478, 0.366554, 0
-0.230668, 0.000000, 0.973033, 0.000000, 1.000000, 0.000000, -0.973033, 0.000000, -0.230668, 0.473171, 0.444546, 0.365250, 0
-0.232232, 0.000000, 0.972661, 0.000000, 1.000000, 0.000000, -0.972661, 0.000000, -0.232232, 0.476315, 0.447616, 0.363941, 0
-0.233796, 0.000000, 0.972286, 0.000000, 1.000000, 0.000000, -0.972286, 0.000000, -0.233796, 0.479458, 0.450689, 0.362625, 0
-0.235361, 0.000000, 0.971908, 0.000000, 1.000000, 0.000000, -0.971908, 0.000000, -0.235361, 0.482602, 0.453763, 0.361305, 0
-0.236925, 0.000000, 0.971528, 0.000000, 1.000000, 0.000000, -0.971528, 0.000000, -0.236925, 0.485744, 0.456838, 0.359978, 0
-0.238490, 0.000000, 0.971145, 0.000000, 1.000000, 0.000000, -0.971145, 0.000000, -0.238490, 0.488887, 0.459915, 0.358645, 0
-0.240055, 0.000000, 0.970759, 0.000000, 1.000000, 0.000000, -0.970759, 0.000000, -0.240055, 0.492028, 0.462993, 0.357307, 0
-0.241620, 0.000000, 0.970371, 0.000000, 1.000000, 0.000000, -0.970371, 0.000000, -0.241620, 0.495168, 0.466073, 0.355964, 0
-0.243185, 0.000000, 0.969980, 0.000000, 1.000000, 0.000000, -0.969980, 0.000000, -0.243185, 0.498308, 0.469153, 0.354615, 0
-0.244750, 0.000000, 0.969586, 0.000000, 1.000000, 0.000000, -0.969586, 0.000000, -0.244750, 0.501446, 0.472235, 0.353260, 0
-0.246314, 0.000000, 0.969190, 0.000000, 1.000000, 0.000000, -0.969190, 0.000000, -0.246314, 0.504583, 0.475318, 0.351900, 0
-0.247879, 0.000000, 0.968791, 0.000000, 1.000000, 0.000000, -0.968791, 0.000000, -0.247879, 0.507719, 0.478401, 0.350534, 0
-0.249443, 0.000000, 0.968389, 0.000000, 1.000000, 0.000000, -0.968389, 0.000000, -0.249443, 0.510853, 0.481485, 0.349163, 0
-0.251007, 0.000000, 0.967985, 0.000000, 1.000000, 0.000000, -0.967985, 0.000000, -0.251007, 0.513986, 0.484570, 0.347787, 0
-0.252570, 0.000000, 0.967579, 0.000000, 1.000000, 0.000000, -0.967579, 0.000000, -0.252570, 0.517117, 0.487655, 0.346405, 0
-0.254133, 0.000000, 0.967169, 0.000000, 1.000000, 0.000000, -0.967169, 0.000000, -0.254133, 0.520246, 0.490741, 0.345018, 0
-0.255696, 0.000000, 0.966757, 0.000000, 1.000000, 0.000000, -0.966757, 0.000000, -0.255696, 0.523374, 0.493827, 0.343626, 0
-0.257258, 0.000000, 0.966343, 0.000000, 1.000000, 0.000000, -0.966343, 0.000000, -0.257258, 0.526499, 0.496914, 0.342229, 0
-0.258819, 0.000000, 0.965926, 0.000000, 1.000000, 0.000000, -0.965926, 0.000000, -0.258819, 0.529622, 0.500000, 0.340826, 0
-0.260380, 0.000000, 0.965506, 0.000000, 1.000000, 0.000000, -0.965506, 0.000000, -0.260380, 0.532743, 0.503086, 0.339419, 0
-0.261940, 0.000000, 0.965084, 0.000000, 1.000000, 0.000000, -0.965084, 0.000000, -0.261940, 0.535861, 0.506173, 0.338006, 0
-0.263499, 0.000000, 0.964660, 0.000000, 1.000000, 0.000000, -0.964660, 0.000000, -0.263499, 0.538977, 0.509259, 0.336589, 0
-0.265057, 0.000000, 0.964233, 0.000000, 1.000000, 0.000000, -0.964233, 0.000000, -0.265057, 0.542090, 0.512345, 0.335167, 0
-0.266614, 0.000000, 0.963803, 0.000000, 1.000000, 0.000000, -0.963803, 0.000000, -0.266614, 0.545201, 0.515430, 0.333740, 0
-0.268171, 0.000000, 0.963371, 0.000000, 1.000000, 0.000000, -0.963371, 0.000000, -0.268171, 0.548309, 0.518515, 0.332308, 0
-0.269726, 0.000000, 0.962937, 0.000000, 1.000000, 0.000000, -0.962937, 0.000000, -0.269726, 0.551413, 0.521599, 0.330871, 0
-0.271280, 0.000000, 0.962500, 0.000000, 1.000000, 0.000000, -0.962500, 0.000000, -0.271280, 0.554515, 0.524682, 0.329430, 0
-0.272834, 0.000000, 0.962061, 0.000000, 1.000000, 0.000000, -0.962061, 0.000000, -0.272834, 0.557614, 0.527765, 0.327984, 0
-0.274386, 0.000000, 0.961620, 0.000000, 1.000000, 0.000000, -0.961620, 0.000000, -0.274386, 0.560709, 0.530847, 0.326534, 0
-0.275936, 0.000000, 0.961176, 0.000000, 1.000000, 0.000000, -0.961176, 0.000000, -0.275936, 0.563801, 0.533927, 0.325079, 0
-0.277486, 0.000000, 0.960730, 0.000000, 1.000000, 0.000000, -0.960730, 0.000000, -0.277486, 0.566889, 0.537007, 0.323620, 0
-0.279034, 0.000000, 0.960281, 0.000000, 1.000000, 0.000000, -0.960281, 0.000000, -0.279034, 0.569974, 0.540085, 0.322156, 0
-0.280581, 0.000000, 0.959830, 0.000000, 1.000000, 0.000000, -0.959830, 0.000000, -0.280581, 0.573055, 0.543162, 0.320688, 0
-0.282126, 0.000000, 0.959377, 0.000000, 1.000000, 0.000000, -0.959377, 0.000000, -0.282126, 0.576132, 0.546237, 0.319216, 0
-0.283670, 0.000000, 0.958922, 0.000000, 1.000000, 0.000000, -0.958922, 0.000000, -0.283670, 0.579206, 0.549311, 0.317739, 0
-0.285212, 0.000000, 0.958465, 0.000000, 1.000000, 0.000000, -0.958465, 0.000000, -0.285212, 0.582275, 0.552384, 0.316259, 0
-0.286752, 0.000000, 0.958005, 0.000000, 1.000000, 0.000000, -0.958005, 0.000000, -0.286752, 0.585340, 0.555454, 0.314774, 0
-0.288291, 0.000000, 0.957543, 0.000000, 1.000000, 0.000000, -0.957543, 0.000000, -0.288291, 0.588401, 0.558522, 0.313285, 0
-0.289828, 0.000000, 0.957079, 0.000000, 1.000000, 0.000000, -0.957079, 0.000000, -0.289828, 0.591457, 0.561589, 0.311793, 0
-0.291363, 0.000000, 0.956612, 0.000000, 1.000000, 0.000000, -0.956612, 0.000000, -0.291363, 0.594509, 0.564653, 0.310296, 0
-0.292897, 0.000000, 0.956144, 0.000000, 1.000000, 0.000000, -0.956144, 0.000000, -0.292897, 0.597557, 0.567716, 0.308796, 0
-0.294428, 0.000000, 0.955674, 0.000000, 1.000000, 0.000000, -0.955674, 0.000000, -0.294428, 0.600599, 0.570776, 0.307291, 0
-0.295958, 0.000000, 0.955201, 0.000000, 1.000000, 0.000000, -0.955201, 0.000000, -0.295958, 0.603637, 0.573833, 0.305784, 0
-0.297486, 0.000000, 0.954726, 0.000000, 1.000000, 0.000000, -0.954726, 0.000000, -0.297486, 0.606670, 0.576888, 0.304272, 0
-0.299011, 0.000000, 0.954250, 0.000000, 1.000000, 0.000000, -0.954250, 0.000000, -0.299011, 0.609698, 0.579941, 0.302757, 0
-0.300535, 0.000000, 0.953771, 0.000000, 1.000000, 0.000000, -0.953771, 0.000000, -0.300535, 0.612721, 0.582990, 0.301239, 0
-0.302056, 0.000000, 0.953290, 0.000000, 1.000000, 0.000000, -0.953290, 0.000000, -0.302056, 0.615738, 0.586037, 0.299717, 0
-0.303575, 0.000000, 0.952808, 0.000000, 1.000000, 0.000000, -0.952808, 0.000000, -0.303575, 0.618751, 0.589081, 0.298192, 0
-0.305091, 0.000000, 0.952323, 0.000000, 1.000000, 0.000000, -0.952323, 0.000000, -0.305091, 0.621758, 0.592122, 0.296663, 0
-0.306606, 0.000000, 0.951837, 0.000000, 1.000000, 0.000000, -0.951837, 0.000000, -0.306606, 0.624759, 0.595160, 0.295132, 0
-0.308118, 0.000000, 0.951348, 0.000000, 1.000000, 0.000000, -0.951348, 0.000000, -0.308118, 0.627755, 0.598195, 0.293597, 0
-0.309627, 0.000000, 0.950858, 0.000000, 1.000000, 0.000000, -0.950858, 0.000000, -0.309627, 0.630744, 0.601226, 0.292059, 0
-0.311134, 0.000000, 0.950366, 0.000000, 1.000000, 0.000000, -0.950366, 0.000000, -0.311134, 0.633729, 0.604253, 0.290518, 0
-0.312639, 0.000000, 0.949872, 0.000000, 1.000000, 0.000000, -0.949872, 0.000000, -0.312639, 0.636707, 0.607278, 0.288974, 0
-0.314141, 0.000000, 0.949376, 0.000000, 1.000000, 0.000000, -0.949376, 0.000000, -0.314141, 0.639679, 0.610298, 0.287428, 0
-0.315640, 0.000000, 0.948879, 0.000000, 1.000000, 0.000000, -0.948879, 0.000000, -0.315640, 0.642645, 0.613315, 0.285878, 0
-0.317136, 0.000000, 0.948380, 0.000000, 1.000000, 0.000000, -0.948380, 0.000000, -0.317136, 0.645604, 0.616328, 0.284326, 0
-0.318630, 0.000000, 0.947879, 0.000000, 1.000000, 0.000000, -0.947879, 0.000000, -0.318630, 0.648558, 0.619337, 0.282772, 0
-0.320121, 0.000000, 0.947377, 0.000000, 1.000000, 0.000000, -0.947377, 0.000000, -0.320121, 0.651505, 0.622342, 0.281214, 0
-0.321609, 0.000000, 0.946872, 0.000000, 1.000000, 0.000000, -0.946872, 0.000000, -0.321609, 0.654445, 0.625342, 0.279655, 0
-0.323094, 0.000000, 0.946367, 0.000000, 1.000000, 0.000000, -0.946367, 0.000000, -0.323094, 0.657379, 0.628339, 0.278093, 0
-0.324577, 0.000000, 0.945859, 0.000000, 1.000000, 0.000000, -0.945859, 0.000000, -0.324577, 0.660306, 0.631331, 0.276528, 0
-0.326056, 0.000000, 0.945351, 0.000000, 1.000000, 0.000000, -0.945351, 0.000000, -0.326056, 0.663226, 0.634318, 0.274962, 0
-0.327532, 0.000000, 0.944840, 0.000000, 1.000000, 0.000000, -0.944840, 0.000000, -0.327532, 0.666139, 0.637301, 0.273393, 0
-0.329005, 0.000000, 0.944328, 0.000000, 1.000000, 0.000000, -0.944328, 0.000000, -0.329005, 0.669045, 0.640279, 0.271822, 0
-0.330475, 0.000000, 0.943815, 0.000000, 1.000000, 0.000000, -0.943815, 0.000000, -0.330475, 0.671944, 0.643253, 0.270249, 0
-0.331941, 0.000000, 0.943300, 0.000000, 1.000000, 0.000000, -0.943300, 0.000000, -0.331941, 0.674836, 0.646221, 0.268675, 0
-0.333404, 0.000000, 0.942784, 0.000000, 1.000000, 0.000000, -0.942784, 0.000000, -0.333404, 0.677720, 0.649185, 0.267098, 0
-0.334864, 0.000000, 0.942266, 0.000000, 1.000000, 0.000000, -0.942266, 0.000000, -0.334864, 0.680597, 0.652143, 0.265520, 0
-0.336321, 0.000000, 0.941747, 0.000000, 1.000000, 0.000000, -0.941747, 0.000000, -0.336321, 0.683467, 0.655096, 0.263940, 0
-0.337774, 0.000000, 0.941227, 0.000000, 1.000000, 0.000000, -0.941227, 0.000000, -0.337774, 0.686329, 0.658044, 0.262359, 0
-0.339224, 0.000000, 0.940706, 0.000000, 1.000000, 0.000000, -0.940706, 0.000000, -0.339224, 0.689183, 0.660986, 0.260776, 0
-0.340670, 0.000000, 0.940183, 0.000000, 1.000000, 0.000000, -0.940183, 0.000000, -0.340670, 0.692029, 0.663923, 0.259192, 0
-0.342112, 0.000000, 0.939659, 0.000000, 1.000000, 0.000000, -0.939659, 0.000000, -0.342112, 0.694867, 0.666854, 0.257606, 0
-0.343551, 0.000000, 0.939134, 0.000000, 1.000000, 0.000000, -0.939134, 0.000000, -0.343551, 0.697698, 0.669780, 0.256019, 0
-0.344987, 0.000000, 0.938608, 0.000000, 1.000000, 0.000000, -0.938608, 0.000000, -0.344987, 0.700520, 0.672699, 0.254431, 0
-0.346418, 0.000000, 0.938080, 0.000000, 1.000000, 0.000000, -0.938080, 0.000000, -0.346418, 0.703334, 0.675613, 0.252842, 0
-0.347846, 0.000000, 0.937552, 0.000000, 1.000000, 0.000000, -0.937552, 0.000000, -0.347846, 0.706140, 0.678520, 0.251252, 0
-0.349270, 0.000000, 0.937022, 0.000000, 1.000000, 0.000000, -0.937022, 0.000000, -0.349270, 0.708938, 0.681422, 0.249661, 0
-0.350690, 0.000000, 0.936492, 0.000000, 1.000000, 0.000000, -0.936492, 0.000000, -0.350690, 0.711727, 0.684317, 0.248069, 0
-0.352106, 0.000000, 0.935960, 0.000000, 1.000000, 0.000000, -0.935960, 0.000000, -0.352106, 0.714507, 0.687206, 0.246477, 0
-0.353518, 0.000000, 0.935428, 0.000000, 1.000000, 0.000000, -0.935428, 0.000000, -0.353518, 0.717279, 0.690088, 0.244884, 0
-0.354926, 0.000000, 0.934894, 0.000000, 1.000000, 0.000000, -0.934894, 0.000000, -0.354926, 0.720042, 0.692964, 0.243290, 0
-0.356330, 0.000000, 0.934360, 0.000000, 1.000000, 0.000000, -0.934360, 0.000000, -0.356330, 0.722796, 0.695833, 0.241696, 0
-0.357730, 0.000000, 0.933825, 0.000000, 1.000000, 0.000000, -0.933825, 0.000000, -0.357730, 0.725542, 0.698695, 0.240102, 0
-0.359125, 0.000000, 0.933289, 0.000000, 1.000000, 0.000000, -0.933289, 0.000000, -0.359125, 0.728278, 0.701550, 0.238507, 0
-0.360517, 0.000000, 0.932753, 0.000000, 1.000000, 0.000000, -0.932753, 0.000000, -0.360517, 0.731005, 0.704398, 0.236912, 0
-0.361904, 0.000000, 0.932215, 0.000000, 1.000000, 0.000000, -0.932215, 0.000000, -0.361904, 0.733723, 0.707239, 0.235318, 0
-0.363287, 0.000000, 0.931677, 0.000000, 1.000000, 0.000000, -0.931677, 0.000000, -0.363287, 0.736432, 0.710073, 0.233723, 0
-0.364665, 0.000000, 0.931139, 0.000000, 1.000000, 0.000000, -0.931139, 0.000000, -0.364665, 0.739132, 0.712900, 0.232128, 0
-0.366040, 0.000000, 0.930599, 0.000000, 1.000000, 0.000000, -0.930599, 0.000000, -0.366040, 0.741822, 0.715719, 0.230534, 0
-0.367409, 0.000000, 0.930059, 0.000000, 1.000000, 0.000000, -0.930059, 0.000000, -0.367409, 0.744502, 0.718531, 0.228939, 0
-0.368774, 0.000000, 0.929519, 0.000000, 1.000000, 0.000000, -0.929519, 0.000000, -0.368774, 0.747173, 0.721335, 0.227346, 0
-0.370135, 0.000000, 0.928978, 0.000000, 1.000000, 0.000000, -0.928978, 0.000000, -0.370135, 0.749834, 0.724131, 0.225752, 0
-0.371491, 0.000000, 0.928437, 0.000000, 1.000000, 0.000000, -0.928437, 0.000000, -0.371491, 0.752486, 0.726920, 0.224159, 0
-0.372842, 0.000000, 0.927895, 0.000000, 1.000000, 0.000000, -0.927895, 0.000000, -0.372842, 0.755127, 0.729700, 0.222567, 0
-0.374189, 0.000000, 0.927353, 0.000000, 1.000000, 0.000000, -0.927353, 0.000000, -0.374189, 0.757759, 0.732473, 0.220976, 0
-0.375531, 0.000000, 0.926810, 0.000000, 1.000000, 0.000000, -0.926810, 0.000000, -0.375531, 0.760380, 0.735237, 0.219386, 0
-0.376868, 0.000000, 0.926267, 0.000000, 1.000000, 0.000000, -0.926267, 0.000000, -0.376868, 0.762992, 0.737993, 0.217796, 0
-0.378200, 0.000000, 0.925724, 0.000000, 1.000000, 0.000000, -0.925724, 0.000000, -0.378200, 0.765593, 0.740741, 0.216208, 0
-0.379527, 0.000000, 0.925181, 0.000000, 1.000000, 0.000000, -0.925181, 0.000000, -0.379527, 0.768184, 0.743480, 0.214621, 0
-0.380850, 0.000000, 0.924637, 0.000000, 1.000000, 0.000000, -0.924637, 0.000000, -0.380850, 0.770765, 0.746211, 0.213035, 0
-0.382167, 0.000000, 0.924093, 0.000000, 1.000000, 0.000000, -0.924093, 0.000000, -0.382167, 0.773335, 0.748933, 0.211451, 0
-0.383479, 0.000000, 0.923549, 0.000000, 1.000000, 0.000000, -0.923549, 0.000000, -0.383479, 0.775894, 0.751646, 0.209868, 0
-0.384787, 0.000000, 0.923005, 0.000000, 1.000000, 0.000000, -0.923005, 0.000000, -0.384787, 0.778443, 0.754350, 0.208286, 0
-0.386089, 0.000000, 0.922462, 0.000000, 1.000000, 0.000000, -0.922462, 0.000000, -0.386089, 0.780981, 0.757045, 0.206706, 0
-0.387386, 0.000000, 0.921918, 0.000000, 1.000000, 0.000000, -0.921918, 0.000000, -0.387386, 0.783509, 0.759732, 0.205128, 0
-0.388678, 0.000000, 0.921374, 0.000000, 1.000000, 0.000000, -0.921374, 0.000000, -0.388678, 0.786025, 0.762409, 0.203552, 0
-0.389965, 0.000000, 0.920830, 0.000000, 1.000000, 0.000000, -0.920830, 0.000000, -0.389965, 0.788531, 0.765076, 0.201978, 0
-0.391246, 0.000000, 0.920286, 0.000000, 1.000000, 0.000000, -0.920286, 0.000000, -0.391246, 0.791025, 0.767735, 0.200406, 0
-0.392522, 0.000000, 0.919743, 0.000000, 1.000000, 0.000000, -0.919743, 0.000000, -0.392522, 0.793509, 0.770384, 0.198836, 0
-0.393792, 0.000000, 0.919199, 0.000000, 1.000000, 0.000000, -0.919199, 0.000000, -0.393792, 0.795981, 0.773023, 0.197268, 0
-0.395058, 0.000000, 0.918656, 0.000000, 1.000000, 0.000000, -0.918656, 0.000000, -0.395058, 0.798442, 0.775652, 0.195703, 0
-0.396317, 0.000000, 0.918114, 0.000000, 1.000000, 0.000000, -0.918114, 0.000000, -0.396317, 0.800892, 0.778272, 0.194140, 0
-0.397571, 0.000000, 0.917571, 0.000000, 1.000000, 0.000000, -0.917571, 0.000000, -0.397571, 0.803330, 0.780882, 0.192580, 0
-0.398820, 0.000000, 0.917029, 0.000000, 1.000000, 0.000000, -0.917029, 0.000000, -0.398820, 0.805757, 0.783481, 0.191022, 0
-0.400063, 0.000000, 0.916488, 0.000000, 1.000000, 0.000000, -0.916488, 0.000000, -0.400063, 0.808172, 0.786071, 0.189467, 0
-0.401300, 0.000000, 0.915946, 0.000000, 1.000000, 0.000000, -0.915946, 0.000000, -0.401300, 0.810576, 0.788650, 0.187916, 0
-0.402532, 0.000000, 0.915406, 0.000000, 1.000000, 0.000000, -0.915406, 0.000000, -0.402532, 0.812967, 0.791219, 0.186367, 0
-0.403758, 0.000000, 0.914866, 0.000000, 1.000000, 0.000000, -0.914866, 0.000000, -0.403758, 0.815347, 0.793778, 0.184821, 0
-0.404978, 0.000000, 0.914326, 0.000000, 1.000000, 0.000000, -0.914326, 0.000000, -0.404978, 0.817715, 0.796325, 0.183278, 0
-0.406193, 0.000000, 0.913787, 0.000000, 1.000000, 0.000000, -0.913787, 0.000000, -0.406193, 0.820072, 0.798863, 0.181739, 0
-0.407401, 0.000000, 0.913249, 0.000000, 1.000000, 0.000000, -0.913249, 0.000000, -0.407401, 0.822416, 0.801389, 0.180203, 0
-0.408604, 0.000000, 0.912712, 0.000000, 1.000000, 0.000000, -0.912712, 0.000000, -0.408604, 0.824748, 0.803905, 0.178671, 0
-0.409800, 0.000000, 0.912175, 0.000000, 1.000000, 0.000000, -0.912175, 0.000000, -0.409800, 0.827068, 0.806410, 0.177143, 0
-0.410991, 0.000000, 0.911639, 0.000000, 1.000000, 0.000000, -0.911639, 0.000000, -0.410991, 0.829375, 0.808903, 0.175618, 0
-0.412175, 0.000000, 0.911105, 0.000000, 1.000000, 0.000000, -0.911105, 0.000000, -0.412175, 0.831670, 0.811385, 0.174097, 0
-0.413354, 0.000000, 0.910570, 0.000000, 1.000000, 0.000000, -0.910570, 0.000000, -0.413354, 0.833953, 0.813857, 0.172580, 0
-0.414526, 0.000000, 0.910037, 0.000000, 1.000000, 0.000000, -0.910037, 0.000000, -0.414526, 0.836224, 0.816316, 0.171066, 0
-0.415692, 0.000000, 0.909505, 0.000000, 1.000000, 0.000000, -0.909505, 0.000000, -0.415692, 0.838481, 0.818764, 0.169558, 0
-0.416852, 0.000000, 0.908974, 0.000000, 1.000000, 0.000000, -0.908974, 0.000000, -0.416852, 0.840727, 0.821201, 0.168053, 0
-0.418006, 0.000000, 0.908444, 0.000000, 1.000000, 0.000000, -0.908444, 0.000000, -0.418006, 0.842959, 0.823626, 0.166553, 0
-0.419154, 0.000000, 0.907915, 0.000000, 1.000000, 0.000000, -0.907915, 0.000000, -0.419154, 0.845179, 0.826039, 0.165057, 0
-0.420295, 0.000000, 0.907388, 0.000000, 1.000000, 0.000000, -0.907388, 0.000000, -0.420295, 0.847386, 0.828440, 0.163566, 0
-0.421430, 0.000000, 0.906861, 0.000000, 1.000000, 0.000000, -0.906861, 0.000000, -0.421430, 0.849580, 0.830829, 0.162080, 0
-0.422558, 0.000000, 0.906336, 0.000000, 1.000000, 0.000000, -0.906336, 0.000000, -0.422558, 0.851761, 0.833206, 0.160598, 0
-0.423680, 0.000000, 0.905812, 0.000000, 1.000000, 0.000000, -0.905812, 0.000000, -0.423680, 0.853929, 0.835571, 0.159122, 0
-0.424795, 0.000000, 0.905289, 0.000000, 1.000000, 0.000000, -0.905289, 0.000000, -0.424795, 0.856083, 0.837924, 0.157650, 0
-0.425904, 0.000000, 0.904768, 0.000000, 1.000000, 0.000000, -0.904768, 0.000000, -0.425904, 0.858225, 0.840264, 0.156184, 0
-0.427006, 0.000000, 0.904249, 0.000000, 1.000000, 0.000000, -0.904249, 0.000000, -0.427006, 0.860353, 0.842591, 0.154722, 0
-0.428102, 0.000000, 0.903730, 0.000000, 1.000000, 0.000000, -0.903730, 0.000000, -0.428102, 0.862468, 0.844906, 0.153267, 0
-0.429191, 0.000000, 0.903214, 0.000000, 1.000000, 0.000000, -0.903214, 0.000000, -0.429191, 0.864570, 0.847208, 0.151816, 0
-0.430273, 0.000000, 0.902699, 0.000000, 1.000000, 0.000000, -0.902699, 0.000000, -0.430273, 0.866658, 0.849497, 0.150372, 0
-0.431349, 0.000000, 0.902185, 0.000000, 1.000000, 0.000000, -0.902185, 0.000000, -0.431349, 0.868733, 0.851773, 0.148933, 0
-0.432418, 0.000000, 0.901673, 0.000000, 1.000000, 0.000000, -0.901673, 0.000000, -0.432418, 0.870794, 0.854036, 0.147499, 0
-0.433480, 0.000000, 0.901163, 0.000000, 1.000000, 0.000000, -0.901163, 0.000000, -0.433480, 0.872841, 0.856286, 0.146072, 0
-0.434535, 0.000000, 0.900655, 0.000000, 1.000000, 0.000000, -0.900655, 0.000000, -0.434535, 0.874875, 0.858523, 0.144651, 0
-0.435583, 0.000000, 0.900149, 0.000000, 1.000000, 0.000000, -0.900149, 0.000000, -0.435583, 0.876894, 0.860747, 0.143236, 0
-0.436624, 0.000000, 0.899644, 0.000000, 1.000000, 0.000000, -0.899644, 0.000000, -0.436624, 0.878900, 0.862956, 0.141827, 0
-0.437659, 0.000000, 0.899141, 0.000000, 1.000000, 0.000000, -0.899141, 0.000000, -0.437659, 0.880892, 0.865153, 0.140424, 0
-0.438686, 0.000000, 0.898641, 0.000000, 1.000000, 0.000000, -0.898641, 0.000000, -0.438686, 0.882870, 0.867335, 0.139028, 0
-0.439706, 0.000000, 0.898142, 0.000000, 1.000000, 0.000000, -0.898142, 0.000000, -0.439706, 0.884834, 0.869504, 0.137639, 0
-0.440719, 0.000000, 0.897645, 0.000000, 1.000000, 0.000000, -0.897645, 0.000000, -0.440719, 0.886784, 0.871659, 0.136256, 0
-0.441725, 0.000000, 0.897151, 0.000000, 1.000000, 0.000000, -0.897151, 0.000000, -0.441725, 0.888719, 0.873800, 0.134880, 0
-0.442724, 0.000000, 0.896658, 0.000000, 1.000000, 0.000000, -0.896658, 0.000000, -0.442724, 0.890640, 0.875926, 0.133511, 0
-0.443715, 0.000000, 0.896168, 0.000000, 1.000000, 0.000000, -0.896168, 0.000000, -0.443715, 0.892547, 0.878039, 0.132149, 0
-0.444700, 0.000000, 0.895680, 0.000000, 1.000000, 0.000000, -0.895680, 0.000000, -0.444700, 0.894439, 0.880137, 0.130794, 0
-0.445677, 0.000000, 0.895194, 0.000000, 1.000000, 0.000000, -0.895194, 0.000000, -0.445677, 0.896317, 0.882221, 0.129447, 0
-0.446646, 0.000000, 0.894711, 0.000000, 1.000000, 0.000000, -0.894711, 0.000000, -0.446646, 0.898180, 0.884290, 0.128107, 0
-0.447608, 0.000000, 0.894230, 0.000000, 1.000000, 0.000000, -0.894230, 0.000000, -0.447608, 0.900029, 0.886345, 0.126774, 0
-0.448563, 0.000000, 0.893751, 0.000000, 1.000000, 0.000000, -0.893751, 0.000000, -0.448563, 0.901863, 0.888385, 0.125449, 0
-0.449511, 0.000000, 0.893275, 0.000000, 1.000000, 0.000000, -0.893275, 0.000000, -0.449511, 0.903683, 0.890410, 0.124131, 0
-0.450451, 0.000000, 0.892801, 0.000000, 1.000000, 0.000000, -0.892801, 0.000000, -0.450451, 0.905487, 0.892420, 0.122822, 0
-0.451383, 0.000000, 0.892330, 0.000000, 1.000000, 0.000000, -0.892330, 0.000000, -0.451383, 0.907277, 0.894415, 0.121520, 0
-0.452308, 0.000000, 0.891862, 0.000000, 1.000000, 0.000000, -0.891862, 0.000000, -0.452308, 0.909051, 0.896395, 0.120226, 0
-0.453225, 0.000000, 0.891396, 0.000000, 1.000000, 0.000000, -0.891396, 0.000000, -0.453225, 0.910811, 0.898359, 0.118941, 0
-0.454134, 0.000000, 0.890933, 0.000000, 1.000000, 0.000000, -0.890933, 0.000000, -0.454134, 0.912555, 0.900309, 0.117664, 0
-0.455036, 0.000000, 0.890473, 0.000000, 1.000000, 0.000000, -0.890473, 0.000000, -0.455036, 0.914285, 0.902242, 0.116395, 0
-0.455930, 0.000000, 0.890015, 0.000000, 1.000000, 0.000000, -0.890015, 0.000000, -0.455930, 0.915999, 0.904161, 0.115135, 0
-0.456817, 0.000000, 0.889561, 0.000000, 1.000000, 0.000000, -0.889561, 0.000000, -0.456817, 0.917698, 0.906063, 0.113883, 0
-0.457695, 0.000000, 0.889109, 0.000000, 1.000000, 0.000000, -0.889109, 0.000000, -0.457695, 0.919382, 0.907950, 0.112640, 0
-0.458566, 0.000000, 0.888660, 0.000000, 1.000000, 0.000000, -0.888660, 0.000000, -0.458566, 0.921050, 0.909821, 0.111406, 0
-0.459429, 0.000000, 0.888215, 0.000000, 1.000000, 0.000000, -0.888215, 0.000000, -0.459429, 0.922703, 0.911676, 0.110180, 0
-0.460284, 0.000000, 0.887772, 0.000000, 1.000000, 0.000000, -0.887772, 0.000000, -0.460284, 0.924340, 0.913514, 0.108964, 0
-0.461131, 0.000000, 0.887332, 0.000000, 1.000000, 0.000000, -0.887332, 0.000000, -0.461131, 0.925962, 0.915337, 0.107757, 0
-0.461970, 0.000000, 0.886896, 0.000000, 1.000000, 0.000000, -0.886896, 0.000000, -0.461970, 0.927568, 0.917143, 0.106559, 0
-0.462801, 0.000000, 0.886462, 0.000000, 1.000000, 0.000000, -0.886462, 0.000000, -0.462801, 0.929158, 0.918933, 0.105371, 0
-0.463624, 0.000000, 0.886032, 0.000000, 1.000000, 0.000000, -0.886032, 0.000000, -0.463624, 0.930733, 0.920706, 0.104192, 0
-0.464438, 0.000000, 0.885605, 0.000000, 1.000000, 0.000000, -0.885605, 0.000000, -0.464438, 0.932291, 0.922463, 0.103023, 0
-0.465245, 0.000000, 0.885182, 0.000000, 1.000000, 0.000000, -0.885182, 0.000000, -0.465245, 0.933834, 0.924203, 0.101863, 0
-0.466044, 0.000000, 0.884762, 0.000000, 1.000000, 0.000000, -0.884762, 0.000000, -0.466044, 0.935361, 0.925926, 0.100714, 0
-0.466834, 0.000000, 0.884345, 0.000000, 1.000000, 0.000000, -0.884345, 0.000000, -0.466834, 0.936872, 0.927632, 0.099574, 0
-0.467616, 0.000000, 0.883932, 0.000000, 1.000000, 0.000000, -0.883932, 0.000000, -0.467616, 0.938367, 0.929321, 0.098444, 0
-0.468389, 0.000000, 0.883522, 0.000000, 1.000000, 0.000000, -0.883522, 0.000000, -0.468389, 0.939845, 0.930993, 0.097325, 0
-0.469155, 0.000000, 0.883116, 0.000000, 1.000000, 0.000000, -0.883116, 0.000000, -0.469155, 0.941308, 0.932648, 0.096215, 0
-0.469912, 0.000000, 0.882713, 0.000000, 1.000000, 0.000000, -0.882713, 0.000000, -0.469912, 0.942754, 0.934285, 0.095116, 0
-0.470660, 0.000000, 0.882315, 0.000000, 1.000000, 0.000000, -0.882315, 0.000000, -0.470660, 0.944183, 0.935905, 0.094028, 0
-0.471400, 0.000000, 0.881919, 0.000000, 1.000000, 0.000000, -0.881919, 0.000000, -0.471400, 0.945597, 0.937508, 0.092950, 0
-0.472132, 0.000000, 0.881528, 0.000000, 1.000000, 0.000000, -0.881528, 0.000000, -0.472132, 0.946994, 0.939093, 0.091883, 0
-0.472855, 0.000000, 0.881140, 0.000000, 1.000000, 0.000000, -0.881140, 0.000000, -0.472855, 0.948374, 0.940659, 0.090827, 0
-0.473570, 0.000000, 0.880756, 0.000000, 1.000000, 0.000000, -0.880756, 0.000000, -0.473570, 0.949738, 0.942209, 0.089782, 0
-0.474276, 0.000000, 0.880376, 0.000000, 1.000000, 0.000000, -0.880376, 0.000000, -0.474276, 0.951085, 0.943740, 0.088747, 0
-0.474973, 0.000000, 0.880000, 0.000000, 1.000000, 0.000000, -0.880000, 0.000000, -0.474973, 0.952415, 0.945253, 0.087724, 0
-0.475661, 0.000000, 0.879628, 0.000000, 1.000000, 0.000000, -0.879628, 0.000000, -0.475661, 0.953729, 0.946747, 0.086712, 0
-0.476341, 0.000000, 0.879260, 0.000000, 1.000000, 0.000000, -0.879260, 0.000000, -0.476341, 0.955025, 0.948224, 0.085712, 0
-0.477012, 0.000000, 0.878897, 0.000000, 1.000000, 0.000000, -0.878897, 0.000000, -0.477012, 0.956305, 0.949682, 0.084723, 0
-0.477675, 0.000000, 0.878537, 0.000000, 1.000000, 0.000000, -0.878537, 0.000000, -0.477675, 0.957568, 0.951122, 0.083746, 0
-0.478328, 0.000000, 0.878181, 0.000000, 1.000000, 0.000000, -0.878181, 0.000000, -0.478328, 0.958813, 0.952543, 0.082780, 0
-0.478973, 0.000000, 0.877830, 0.000000, 1.000000, 0.000000, -0.877830, 0.000000, -0.478973, 0.960042, 0.953945, 0.081826, 0
-0.479609, 0.000000, 0.877482, 0.000000, 1.000000, 0.000000, -0.877482, 0.000000, -0.479609, 0.961254, 0.955329, 0.080884, 0
-0.480236, 0.000000, 0.877140, 0.000000, 1.000000, 0.000000, -0.877140, 0.000000, -0.480236, 0.962448, 0.956693, 0.079954, 0
-0.480853, 0.000000, 0.876801, 0.000000, 1.000000, 0.000000, -0.876801, 0.000000, -0.480853, 0.963625, 0.958039, 0.079036, 0
-0.481462, 0.000000, 0.876467, 0.000000, 1.000000, 0.000000, -0.876467, 0.000000, -0.481462, 0.964784, 0.959365, 0.078131, 0
-0.482062, 0.000000, 0.876137, 0.000000, 1.000000, 0.000000, -0.876137, 0.000000, -0.482062, 0.965926, 0.960672, 0.077237, 0
-0.482653, 0.000000, 0.875812, 0.000000, 1.000000, 0.000000, -0.875812, 0.000000, -0.482653, 0.967051, 0.961960, 0.076357, 0
-0.483234, 0.000000, 0.875491, 0.000000, 1.000000, 0.000000, -0.875491, 0.000000, -0.483234, 0.968158, 0.963228, 0.075488, 0
-0.483807, 0.000000, 0.875175, 0.000000, 1.000000, 0.000000, -0.875175, 0.000000, -0.483807, 0.969248, 0.964477, 0.074633, 0
-0.484370, 0.000000, 0.874863, 0.000000, 1.000000, 0.000000, -0.874863, 0.000000, -0.484370, 0.970319, 0.965706, 0.073790, 0
-0.484924, 0.000000, 0.874556, 0.000000, 1.000000, 0.000000, -0.874556, 0.000000, -0.484924, 0.971373, 0.966916, 0.072960, 0
-0.485468, 0.000000, 0.874254, 0.000000, 1.000000, 0.000000, -0.874254, 0.000000, -0.485468, 0.972409, 0.968105, 0.072143, 0
-0.486004, 0.000000, 0.873957, 0.000000, 1.000000, 0.000000, -0.873957, 0.000000, -0.486004, 0.973428, 0.969275, 0.071339, 0
-0.486530, 0.000000, 0.873664, 0.000000, 1.000000, 0.000000, -0.873664, 0.000000, -0.486530, 0.974428, 0.970425, 0.070549, 0
-0.487046, 0.000000, 0.873376, 0.000000, 1.000000, 0.000000, -0.873376, 0.000000, -0.487046, 0.975410, 0.971554, 0.069771, 0
-0.487553, 0.000000, 0.873093, 0.000000, 1.000000, 0.000000, -0.873093, 0.000000, -0.487553, 0.976375, 0.972663, 0.069007, 0
-0.488051, 0.000000, 0.872815, 0.000000, 1.000000, 0.000000, -0.872815, 0.000000, -0.488051, 0.977321, 0.973752, 0.068257, 0
-0.488539, 0.000000, 0.872542, 0.000000, 1.000000, 0.000000, -0.872542, 0.000000, -0.488539, 0.978248, 0.974820, 0.067520, 0
-0.489017, 0.000000, 0.872274, 0.000000, 1.000000, 0.000000, -0.872274, 0.000000, -0.489017, 0.979158, 0.975867, 0.066797, 0
-0.489486, 0.000000, 0.872011, 0.000000, 1.000000, 0.000000, -0.872011, 0.000000, -0.489486, 0.980049, 0.976894, 0.066087, 0
-0.489946, 0.000000, 0.871753, 0.000000, 1.000000, 0.000000, -0.871753, 0.000000, -0.489946, 0.980922, 0.977901, 0.065392, 0
-0.490395, 0.000000, 0.871500, 0.000000, 1.000000, 0.000000, -0.871500, 0.000000, -0.490395, 0.981776, 0.978886, 0.064710, 0
-0.490835, 0.000000, 0.871252, 0.000000, 1.000000, 0.000000, -0.871252, 0.000000, -0.490835, 0.982612, 0.979850, 0.064043, 0
-0.491265, 0.000000, 0.871010, 0.000000, 1.000000, 0.000000, -0.871010, 0.000000, -0.491265, 0.983429, 0.980793, 0.063390, 0
-0.491686, 0.000000, 0.870773, 0.000000, 1.000000, 0.000000, -0.870773, 0.000000, -0.491686, 0.984227, 0.981715, 0.062751, 0
-0.492096, 0.000000, 0.870541, 0.000000, 1.000000, 0.000000, -0.870541, 0.000000, -0.492096, 0.985007, 0.982615, 0.062127, 0
-0.492497, 0.000000, 0.870314, 0.000000, 1.000000, 0.000000, -0.870314, 0.000000, -0.492497, 0.985768, 0.983494, 0.061517, 0
-0.492888, 0.000000, 0.870093, 0.000000, 1.000000, 0.000000, -0.870093, 0.000000, -0.492888, 0.986510, 0.984352, 0.060921, 0
-0.493268, 0.000000, 0.869877, 0.000000, 1.000000, 0.000000, -0.869877, 0.000000, -0.493268, 0.987233, 0.985188, 0.060341, 0
-0.493639, 0.000000, 0.869667, 0.000000, 1.000000, 0.000000, -0.869667, 0.000000, -0.493639, 0.987937, 0.986002, 0.059775, 0
-0.494000, 0.000000, 0.869462, 0.000000, 1.000000, 0.000000, -0.869462, 0.000000, -0.494000, 0.988621, 0.986794, 0.059224, 0
-0.494351, 0.000000, 0.869263, 0.000000, 1.000000, 0.000000, -0.869263, 0.000000, -0.494351, 0.989287, 0.987565, 0.058688, 0
-0.494691, 0.000000, 0.869069, 0.000000, 1.000000, 0.000000, -0.869069, 0.000000, -0.494691, 0.989933, 0.988313, 0.058167, 0
-0.495022, 0.000000, 0.868881, 0.000000, 1.000000, 0.000000, -0.868881, 0.000000, -0.495022, 0.990560, 0.989039, 0.057662, 0
-0.495342, 0.000000, 0.868698, 0.000000, 1.000000, 0.000000, -0.868698, 0.000000, -0.495342, 0.991168, 0.989743, 0.057171, 0
-0.495652, 0.000000, 0.868521, 0.000000, 1.000000, 0.000000, -0.868521, 0.000000, -0.495652, 0.991756, 0.990425, 0.056696, 0
-0.495951, 0.000000, 0.868350, 0.000000, 1.000000, 0.000000, -0.868350, 0.000000, -0.495951, 0.992324, 0.991084, 0.056237, 0
-0.496241, 0.000000, 0.868185, 0.000000, 1.000000, 0.000000, -0.868185, 0.000000, -0.496241, 0.992873, 0.991720, 0.055793, 0
-0.496520, 0.000000, 0.868025, 0.000000, 1.000000, 0.000000, -0.868025, 0.000000, -0.496520, 0.993402, 0.992334, 0.055364, 0
-0.496788, 0.000000, 0.867872, 0.000000, 1.000000, 0.000000, -0.867872, 0.000000, -0.496788, 0.993912, 0.992925, 0.054952, 0
-0.497047, 0.000000, 0.867724, 0.000000, 1.000000, 0.000000, -0.867724, 0.000000, -0.497047, 0.994401, 0.993493, 0.054555, 0
-0.497294, 0.000000, 0.867582, 0.000000, 1.000000, 0.000000, -0.867582, 0.000000, -0.497294, 0.994871, 0.994038, 0.054174, 0
-0.497531, 0.000000, 0.867446, 0.000000, 1.000000, 0.000000, -0.867446, 0.000000, -0.497531, 0.995320, 0.994560, 0.053809, 0
-0.497758, 0.000000, 0.867316, 0.000000, 1.000000, 0.000000, -0.867316, 0.000000, -0.497758, 0.995750, 0.995059, 0.053461, 0
-0.497974, 0.000000, 0.867192, 0.000000, 1.000000, 0.000000, -0.867192, 0.000000, -0.497974, 0.996159, 0.995534, 0.053128, 0
-0.498179, 0.000000, 0.867074, 0.000000, 1.000000, 0.000000, -0.867074, 0.000000, -0.498179, 0.996548, 0.995986, 0.052812, 0
-0.498373, 0.000000, 0.866962, 0.000000, 1.000000, 0.000000, -0.866962, 0.000000, -0.498373, 0.996917, 0.996415, 0.052512, 0
-0.498557, 0.000000, 0.866857, 0.000000, 1.000000, 0.000000, -0.866857, 0.000000, -0.498557, 0.997266, 0.996820, 0.052229, 0
-0.498730, 0.000000, 0.866757, 0.000000, 1.000000, 0.000000, -0.866757, 0.000000, -0.498730, 0.997594, 0.997201, 0.051962, 0
-0.498892, 0.000000, 0.866664, 0.000000, 1.000000, 0.000000, -0.866664, 0.000000, -0.498892, 0.997901, 0.997558, 0.051711, 0
-0.499044, 0.000000, 0.866577, 0.000000, 1.000000, 0.000000, -0.866577, 0.000000, -0.499044, 0.998188, 0.997892, 0.051478, 0
-0.499184, 0.000000, 0.866496, 0.000000, 1.000000, 0.000000, -0.866496, 0.000000, -0.499184, 0.998454, 0.998201, 0.051261, 0
-0.499313, 0.000000, 0.866421, 0.000000, 1.000000, 0.000000, -0.866421, 0.000000, -0.499313, 0.998699, 0.998486, 0.051061, 0
-0.499432, 0.000000, 0.866353, 0.000000, 1.000000, 0.000000, -0.866353, 0.000000, -0.499432, 0.998923, 0.998747, 0.050878, 0
-0.499539, 0.000000, 0.866291, 0.000000, 1.000000, 0.000000, -0.866291, 0.000000, -0.499539, 0.999127, 0.998984, 0.050713, 0
-0.499635, 0.000000, 0.866236, 0.000000, 1.000000, 0.000000, -0.866236, 0.000000, -0.499635, 0.999309, 0.999196, 0.050564, 0
-0.499720, 0.000000, 0.866187, 0.000000, 1.000000, 0.000000, -0.866187, 0.000000, -0.499720, 0.999470, 0.999384, 0.050432, 0
-0.499794, 0.000000, 0.866144, 0.000000, 1.000000, 0.000000, -0.866144, 0.000000, -0.499794, 0.999610, 0.999547, 0.050318, 0
-0.499857, 0.000000, 0.866108, 0.000000, 1.000000, 0.000000, -0.866108, 0.000000, -0.499857, 0.999729, 0.999685, 0.050221, 0
-0.499908, 0.000000, 0.866078, 0.000000, 1.000000, 0.000000, -0.866078, 0.000000, -0.499908, 0.999826, 0.999798, 0.050142, 0
-0.499948, 0.000000, 0.866055, 0.000000, 1.000000, 0.000000, -0.866055, 0.000000, -0.499948, 0.999902, 0.999886, 0.050080, 0
-0.499977, 0.000000, 0.866039, 0.000000, 1.000000, 0.000000, -0.866039, 0.000000, -0.499977, 0.999956, 0.999949, 0.050036, 0
-0.499994, 0.000000, 0.866029, 0.000000, 1.000000, 0.000000, -0.866029, 0.000000, -0.499994, 0.999989, 0.999987, 0.050009, 0
-0.500000, 0.000000, 0.866025, 0.000000, 1.000000, 0.000000, -0.866025, 0.000000, -0.500000, 1.000000, 1.000000, 0.050000, 0
-0.500000, 0.000000, 0.866025, 0.000000, 1.000000, 0.000000, -0.866025, 0.000000, -0.500000, 1.000000, 1.000000, 0.050000, 0
-0.500000, 0.000000, 0.866025, 0.000000, 1.000000, 0.000000, -0.866025, 0.000000, -0.500000, 1.000000, 1.000000, 0.048926, 0
-0.500000, 0.000000, 0.866025, 0.000000, 1.000000, 0.000000, -0.866025, 0.000000, -0.500000, 1.000000, 1.000000, 0.046094, 0
-0.500000, 0.000000, 0.866025, 0.000000, 1.000000, 0.000000, -0.866025, 0.000000, -0.500000, 1.000000, 1.000000, 0.042090, 0
-0.500000, 0.000000, 0.866025, 0.000000, 1.000000, 0.000000, -0.866025, 0.000000, -0.500000, 1.000000, 1.000000, 0.037500, 0
-0.500000, 0.000000, 0.866025, 0.000000, 1.000000, 0.000000, -0.866025, 0.000000, -0.500000, 1.000000, 1.000000, 0.032910, 0
-0.500000, 0.000000, 0.866025, 0.000000, 1.000000, 0.000000, -0.866025, 0.000000, -0.500000, 1.000000, 1.000000, 0.028906, 0
-0.500000, 0.000000, 0.866025, 0.000000, 1.000000, 0.000000, -0.866025, 0.000000, -0.500000, 1.000000, 1.000000, 0.026074, 0
-0.500000, 0.000000, 0.866025, 0.000000, 1.000000, 0.000000, -0.866025, 0.000000, -0.500000, 1.000000, 1.000000, 0.025000, 0
-0.500000, 0.000000, 0.866025, 0.000000, 1.000000, 0.000000, -0.866025, 0.000000, -0.500000, 1.000000, 1.000000, 0.025000, 1
-0.500000, 0.000000, 0.866025, 0.000000, 1.000000, 0.000000, -0.866025, 0.000000, -0.500000, 1.000000, 1.000000, 0.025000, 1
-0.500000, 0.000000, 0.866025, 0.000000, 1.000000, 0.000000, -0.866025, 0.000000, -0.500000, 1.000000, 1.000000, 0.025000, 1
-0.500000, 0.000000, 0.866025, 0.000000, 1.000000, 0.000000, -0.866025, 0.000000, -0.500000, 1.000000, 1.000000, 0.025000, 1
-0.500000, 0.000000, 0.866025, 0.000000, 1.000000, 0.000000, -0.866025, 0.000000, -0.500000, 1.000000, 1.000000, 0.025000, 1
-0.500000, 0.000000, 0.866025, 0.000000, 1.000000, 0.000000, -0.866025, 0.000000, -0.500000, 1.000000, 1.000000, 0.025000, 1
-0.500000, 0.000000, 0.866025, 0.000000, 1.000000, 0.000000, -0.866025, 0.000000, -0.500000, 1.000000, 1.000000, 0.025000, 1
-0.500000, 0.000000, 0.866025, 0.000000, 1.000000, 0.000000, -0.866025, 0.000000, -0.500000, 1.000000, 1.000000, 0.025000, 1
-0.500000, 0.000000, 0.866025, 0.000000, 1.000000, 0.000000, -0.866025, 0.000000, -0.500000, 1.000000, 1.000000, 0.025000, 1
-0.500000, 0.000000, 0.866025, 0.000000, 1.000000, 0.000000, -0.866025, 0.000000, -0.500000, 1.000000, 1.000000, 0.025000, 1
-0.500000, 0.000000, 0.866025, 0.000000, 1.000000, 0.000000, -0.866025, 0.000000, -0.500000, 1.000000, 1.000000, 0.025000, 1
-0.500000, 0.000000, 0.866025, 0.000000, 1.000000, 0.000000, -0.866025, 0.000000, -0.500000, 1.000000, 1.000000, 0.025000, 1
-0.500000, 0.000000, 0.866025, 0.000000, 1.000000, 0.000000, -0.866025, 0.000000, -0.500000, 1.000000, 1.000000, 0.025000, 1
-0.500000, 0.000000, 0.866025, 0.000000, 1.000000, 0.000000, -0.866025, 0.000000, -0.500000, 1.000000, 1.000000, 0.025000, 1
-0.500000, 0.000000, 0.866025, 0.000000, 1.000000, 0.000000, -0.866025, 0.000000, -0.500000, 1.000000, 1.000000, 0.025000, 1
-0.500000, 0.000000, 0.866025, 0.000000, 1.000000, 0.000000, -0.866025, 0.000000, -0.500000, 1.000000, 1.000000, 0.025000, 1
-0.500000, 0.000000, 0.866025, 0.000000, 1.000000, 0.000000, -0.866025, 0.000000, -0.500000, 1.000000, 1.000000, 0.025000, 1
-0.500000, 0.000000, 0.866025, 0.000000, 1.000000, 0.000000, -0.866025, 0.000000, -0.500000, 1.000000, 1.000000, 0.025000, 1
-0.500000, 0.000000, 0.866025, 0.000000, 1.000000, 0.000000, -0.866025, 0.000000, -0.500000, 1.000000, 1.000000, 0.025000, 1
-0.500000, 0.000000, 0.866025, 0.000000, 1.000000, 0.000000, -0.866025, 0.000000, -0.500000, 1.000000, 1.000000, 0.025000, 1
-0.500000, 0.000000, 0.866025, 0.000000, 1.000000, 0.000000, -0.866025, 0.000000, -0.500000, 1.000000, 1.000000, 0.025000, 1
-0.500000, 0.000000, 0.866025, 0.000000, 1.000000, 0.000000, -0.866025, 0.000000, -0.500000, 1.000000, 1.000000, 0.025000, 1
-0.500000, 0.000000, 0.866025, 0.000000, 1.000000, 0.000000, -0.866025, 0.000000, -0.500000, 1.000000, 1.000000, 0.025000, 1
-0.500000, 0.000000, 0.866025, 0.000000, 1.000000, 0.000000, -0.866025, 0.000000, -0.500000, 1.000000, 1.000000, 0.025000, 1
-0.500000, 0.000000, 0.866025, 0.000000, 1.000000, 0.000000, -0.866025, 0.000000, -0.500000, 1.000000, 1.000000, 0.025000, 1
-0.500000, 0.000000, 0.866025, 0.000000, 1.000000, 0.000000, -0.866025, 0.000000, -0.500000, 1.000000, 1.000000, 0.025000, 1
-0.500000, 0.000000, 0.866025, 0.000000, 1.000000, 0.000000, -0.866025, 0.000000, -0.500000, 1.000000, 1.000000, 0.025000, 1
-0.500000, 0.000000, 0.866025, 0.000000, 1.000000, 0.000000, -0.866025, 0.000000, -0.500000, 1.000000, 1.000000, 0.025000, 1
-0.500000, 0.000000, 0.866025, 0.000000, 1.000000, 0.000000, -0.866025, 0.000000, -0.500000, 1.000000, 1.000000, 0.025000, 1
-0.500000, 0.000000, 0.866025, 0.000000, 1.000000, 0.000000, -0.866025, 0.000000, -0.500000, 1.000000, 1.000000, 0.025000, 1
-0.500000, 0.000000, 0.866025, 0.000000, 1.000000, 0.000000, -0.866025, 0.000000, -0.500000, 1.000000, 1.000000, 0.025000, 1
-0.500000, 0.000000, 0.866025, 0.000000, 1.000000, 0.000000, -0.866025, 0.000000, -0.500000, 1.000000, 1.000000, 0.025000, 1
-0.500000, 0.000000, 0.866025, 0.000000, 1.000000, 0.000000, -0.866025, 0.000000, -0.500000, 1.000000, 1.000000, 0.025000, 1
-0.500000, 0.000000, 0.866025, 0.000000, 1.000000, 0.000000, -0.866025, 0.000000, -0.500000, 1.000000, 1.000000, 0.025000, 1
-0.500000, 0.000000, 0.866025, 0.000000, 1.000000, 0.000000, -0.866025, 0.000000, -0.500000, 1.000000, 1.000000, 0.025000, 1
-0.500000, 0.000000, 0.866025, 0.000000, 1.000000, 0.000000, -0.866025, 0.000000, -0.500000, 1.000000, 1.000000, 0.025000, 1
-0.500000, 0.000000, 0.866025, 0.000000, 1.000000, 0.000000, -0.866025, 0.000000, -0.500000, 1.000000, 1.000000, 0.025000, 1
-0.500000, 0.000000, 0.866025, 0.000000, 1.000000, 0.000000, -0.866025, 0.000000, -0.500000, 1.000000, 1.000000, 0.025000, 1
-0.500000, 0.000000, 0.866025, 0.000000, 1.000000, 0.000000, -0.866025, 0.000000, -0.500000, 1.000000, 1.000000, 0.025000, 1
-0.500000, 0.000000, 0.866025, 0.000000, 1.000000, 0.000000, -0.866025, 0.000000, -0.500000, 1.000000, 1.000000, 0.025000, 1
-0.500000, 0.000000, 0.866025, 0.000000, 1.000000, 0.000000, -0.866025, 0.000000, -0.500000, 1.000000, 1.000000, 0.025000, 1
-0.500000, 0.000000, 0.866025, 0.000000, 1.000000, 0.000000, -0.866025, 0.000000, -0.500000, 1.000000, 1.000000, 0.025000, 1
-0.500000, 0.000000, 0.866025, 0.000000, 1.000000, 0.000000, -0.866025, 0.000000, -0.500000, 1.000000, 1.000000, 0.025000, 1
-0.500000, 0.000000, 0.866025, 0.000000, 1.000000, 0.000000, -0.866025, 0.000000, -0.500000, 1.000000, 1.000000, 0.025000, 1
-0.500000, 0.000000, 0.866025, 0.000000, 1.000000, 0.000000, -0.866025, 0.000000, -0.500000, 1.000000, 1.000000, 0.025000, 1
-0.500000, 0.000000, 0.866025, 0.000000, 1.000000, 0.000000, -0.866025, 0.000000, -0.500000, 1.000000, 1.000000, 0.025000, 1
-0.500000, 0.000000, 0.866025, 0.000000, 1.000000, 0.000000, -0.866025, 0.000000, -0.500000, 1.000000, 1.000000, 0.025000, 1
-0.500000, 0.000000, 0.866025, 0.000000, 1.000000, 0.000000, -0.866025, 0.000000, -0.500000, 1.000000, 1.000000, 0.025000, 1
-0.500000, 0.000000, 0.866025, 0.000000, 1.000000, 0.000000, -0.866025, 0.000000, -0.500000, 1.000000, 1.000000, 0.025000, 1
-0.500000, 0.000000, 0.866025, 0.000000, 1.000000, 0.000000, -0.866025, 0.000000, -0.500000, 1.000000, 1.000000, 0.025000, 1
-0.500000, 0.000000, 0.866025, 0.000000, 1.000000, 0.000000, -0.866025, 0.000000, -0.500000, 1.000000, 1.000000, 0.025000, 1
-0.500000, 0.000000, 0.866025, 0.000000, 1.000000, 0.000000, -0.866025, 0.000000, -0.500000, 1.000000, 1.000000, 0.025000, 1
-0.500000, 0.000000, 0.866025, 0.000000, 1.000000, 0.000000, -0.866025, 0.000000, -0.500000, 1.000000, 1.000000, 0.025000, 1
-0.500000, 0.000000, 0.866025, 0.000000, 1.000000, 0.000000, -0.866025, 0.000000, -0.500000, 1.000000, 1.000000, 0.025000, 1
-0.500000, 0.000000, 0.866025, 0.000000, 1.000000, 0.000000, -0.866025, 0.000000, -0.500000, 1.000000, 1.000000, 0.025000, 1
-0.500000, 0.000000, 0.866025, 0.000000, 1.000000, 0.000000, -0.866025, 0.000000, -0.500000, 1.000000, 1.000000, 0.025000, 1
-0.500000, 0.000000, 0.866025, 0.000000, 1.000000, 0.000000, -0.866025, 0.000000, -0.500000, 1.000000, 1.000000, 0.025000, 1
-0.500000, 0.000000, 0.866025, 0.000000, 1.000000, 0.000000, -0.866025, 0.000000, -0.500000, 1.000000, 1.000000, 0.025000, 1
-0.500000, 0.000000, 0.866025, 0.000000, 1.000000, 0.000000, -0.866025, 0.000000, -0.500000, 1.000000, 1.000000, 0.025000, 1
-0.500000, 0.000000, 0.866025, 0.000000, 1.000000, 0.000000, -0.866025, 0.000000, -0.500000, 1.000000, 1.000000, 0.025000, 1
-0.500000, 0.000000, 0.866025, 0.000000, 1.000000, 0.000000, -0.866025, 0.000000, -0.500000, 1.000000, 1.000000, 0.025000, 1
-0.500000, 0.000000, 0.866025, 0.000000, 1.000000, 0.000000, -0.866025, 0.000000, -0.500000, 1.000000, 1.000000, 0.025000, 1
-0.500000, 0.000000, 0.866025, 0.000000, 1.000000, 0.000000, -0.866025, 0.000000, -0.500000, 1.000000, 1.000000, 0.025000, 1
-0.500000, 0.000000, 0.866025, 0.000000, 1.000000, 0.000000, -0.866025, 0.000000, -0.500000, 1.000000, 1.000000, 0.025000, 1
-0.500000, 0.000000, 0.866025, 0.000000, 1.000000, 0.000000, -0.866025, 0.000000, -0.500000, 1.000000, 1.000000, 0.025000, 1
-0.500000, 0.000000, 0.866025, 0.000000, 1.000000, 0.000000, -0.866025, 0.000000, -0.500000, 1.000000, 1.000000, 0.026074, 1
-0.500000, 0.000000, 0.866025, 0.000000, 1.000000, 0.000000, -0.866025, 0.000000, -0.500000, 1.000000, 1.000000, 0.028906, 1
-0.500000, 0.000000, 0.866025, 0.000000, 1.000000, 0.000000, -0.866025, 0.000000, -0.500000, 1.000000, 1.000000, 0.032910, 1
-0.500000, 0.000000, 0.866025, 0.000000, 1.000000, 0.000000, -0.866025, 0.000000, -0.500000, 1.000000, 1.000000, 0.037500, 1
-0.500000, 0.000000, 0.866025, 0.000000, 1.000000, 0.000000, -0.866025, 0.000000, -0.500000, 1.000000, 1.000000, 0.042090, 1
-0.500000, 0.000000, 0.866025, 0.000000, 1.000000, 0.000000, -0.866025, 0.000000, -0.500000, 1.000000, 1.000000, 0.046094, 1
-0.500000, 0.000000, 0.866025, 0.000000, 1.000000, 0.000000, -0.866025, 0.000000, -0.500000, 1.000000, 1.000000, 0.048926, 1
-0.500000, 0.000000, 0.866025, 0.000000, 1.000000, 0.000000, -0.866025, 0.000000, -0.500000, 1.000000, 1.000000, 0.050000, 1
-0.500000, 0.000000, 0.866025, 0.000000, 1.000000, 0.000000, -0.866025, 0.000000, -0.500000, 1.000000, 1.000000, 0.050000, 1
-0.500000, 0.000011, 0.866025, 0.000005, 1.000000, -0.000010, -0.866025, -0.000000, -0.500000, 1.000011, 0.999989, 0.050000, 1
-0.500000, 0.000044, 0.866025, 0.000022, 1.000000, -0.000038, -0.866025, -0.000000, -0.500000, 1.000044, 0.999956, 0.050000, 1
-0.500000, 0.000099, 0.866025, 0.000049, 1.000000, -0.000085, -0.866025, -0.000000, -0.500000, 1.000099, 0.999901, 0.050000, 1
-0.500000, 0.000175, 0.866025, 0.000088, 1.000000, -0.000152, -0.866025, -0.000000, -0.500000, 1.000175, 0.999825, 0.050000, 1
-0.500000, 0.000273, 0.866025, 0.000137, 1.000000, -0.000237, -0.866025, -0.000000, -0.500000, 1.000273, 0.999727, 0.050000, 1
-0.500000, 0.000393, 0.866025, 0.000197, 1.000000, -0.000340, -0.866025, -0.000000, -0.500000, 1.000393, 0.999607, 0.050000, 1
-0.500000, 0.000534, 0.866025, 0.000267, 1.000000, -0.000463, -0.866025, -0.000000, -0.500000, 1.000534, 0.999465, 0.050000, 1
-0.500000, 0.000697, 0.866025, 0.000349, 1.000000, -0.000604, -0.866025, 0.000000, -0.500000, 1.000697, 0.999303, 0.050000, 1
-0.500000, 0.000882, 0.866025, 0.000441, 1.000000, -0.000763, -0.866025, -0.000000, -0.500000, 1.000881, 0.999118, 0.050000, 1
-0.500000, 0.001087, 0.866025, 0.000544, 0.999999, -0.000942, -0.866025, -0.000000, -0.500000, 1.001087, 0.998912, 0.050000, 1
-0.500000, 0.001314, 0.866025, 0.000657, 0.999999, -0.001138, -0.866025, 0.000000, -0.500000, 1.001313, 0.998685, 0.050000, 1
-0.499999, 0.001562, 0.866024, 0.000781, 0.999999, -0.001353, -0.866025, -0.000000, -0.500000, 1.001561, 0.998436, 0.050000, 1
-0.499999, 0.001832, 0.866024, 0.000916, 0.999998, -0.001586, -0.866025, -0.000000, -0.500000, 1.001830, 0.998167, 0.050000, 1
-0.499999, 0.002122, 0.866023, 0.001061, 0.999998, -0.001838, -0.866025, 0.000000, -0.500000, 1.002120, 0.997876, 0.050000, 1
-0.499999, 0.002434, 0.866023, 0.001217, 0.999997, -0.002108, -0.866025, -0.000000, -0.500000, 1.002431, 0.997563, 0.050000, 1
-0.499998, 0.002766, 0.866022, 0.001383, 0.999996, -0.002396, -0.866025, -0.000000, -0.500000, 1.002762, 0.997230, 0.050000, 1
-0.499998, 0.003119, 0.866021, 0.001560, 0.999995, -0.002702, -0.866025, -0.000000, -0.500000, 1.003115, 0.996876, 0.050000, 1
-0.499997, 0.003494, 0.866020, 0.001747, 0.999994, -0.003026, -0.866025, -0.000000, -0.500000, 1.003487, 0.996500, 0.050000, 1
-0.499996, 0.003889, 0.866019, 0.001944, 0.999992, -0.003368, -0.866025, -0.000000, -0.500000, 1.003881, 0.996104, 0.050000, 1
-0.499995, 0.004304, 0.866017, 0.002152, 0.999991, -0.003727, -0.866025, -0.000000, -0.500000, 1.004295, 0.995687, 0.050000, 1
-0.499994, 0.004740, 0.866016, 0.002370, 0.999989, -0.004105, -0.866025, -0.000000, -0.500000, 1.004729, 0.995248, 0.050000, 1
-0.499993, 0.005197, 0.866014, 0.002599, 0.999986, -0.004501, -0.866025, -0.000000, -0.500000, 1.005184, 0.994789, 0.050000, 1
-0.499992, 0.005674, 0.866011, 0.002837, 0.999984, -0.004914, -0.866025, -0.000000, -0.500000, 1.005658, 0.994309, 0.050000, 1
-0.499990, 0.006172, 0.866009, 0.003086, 0.999981, -0.005345, -0.866025, -0.000000, -0.500000, 1.006153, 0.993809, 0.050000, 1
-0.499989, 0.006690, 0.866006, 0.003345, 0.999978, -0.005794, -0.866025, -0.000000, -0.500000, 1.006668, 0.993287, 0.050000, 1
-0.499987, 0.007229, 0.866003, 0.003614, 0.999974, -0.006260, -0.866025, -0.000000, -0.500000, 1.007202, 0.992745, 0.050000, 1
-0.499985, 0.007787, 0.865999, 0.003894, 0.999970, -0.006744, -0.866025, -0.000000, -0.500000, 1.007757, 0.992183, 0.050000, 1
-0.499983, 0.008366, 0.865995, 0.004183, 0.999965, -0.007245, -0.866025, -0.000000, -0.500000, 1.008331, 0.991599, 0.050000, 1
-0.499980, 0.008965, 0.865991, 0.004482, 0.999960, -0.007764, -0.866025, -0.000000, -0.500000, 1.008925, 0.990995, 0.050000, 1
-0.499977, 0.009584, 0.865986, 0.004792, 0.999954, -0.008300, -0.866025, -0.000000, -0.500000, 1.009538, 0.990371, 0.050000, 1
-0.499974, 0.010222, 0.865980, 0.005111, 0.999948, -0.008853, -0.866025, -0.000000, -0.500000, 1.010170, 0.989725, 0.050000, 1
-0.499970, 0.010881, 0.865974, 0.005441, 0.999941, -0.009423, -0.866025, -0.000000, -0.500000, 1.010822, 0.989060, 0.050000, 1
-0.499967, 0.011560, 0.865968, 0.005780, 0.999933, -0.010011, -0.866025, 0.000000, -0.500000, 1.011493, 0.988374, 0.050000, 1
-0.499962, 0.012258, 0.865960, 0.006129, 0.999925, -0.010616, -0.866025, -0.000000, -0.500000, 1.012183, 0.987667, 0.050000, 1
-0.499958, 0.012976, 0.865952, 0.006488, 0.999916, -0.011237, -0.866025, -0.000000, -0.500000, 1.012891, 0.986940, 0.050000, 1
-0.499953, 0.013713, 0.865944, 0.006857, 0.999906, -0.011876, -0.866025, -0.000000, -0.500000, 1.013619, 0.986193, 0.050000, 1
-0.499948, 0.014470, 0.865935, 0.007235, 0.999895, -0.012532, -0.866025, -0.000000, -0.500000, 1.014366, 0.985425, 0.050000, 1
-0.499942, 0.015247, 0.865925, 0.007623, 0.999884, -0.013204, -0.866025, 0.000000, -0.500000, 1.015131, 0.984637, 0.050000, 1
-0.499936, 0.016043, 0.865914, 0.008021, 0.999871, -0.013893, -0.866025, -0.000000, -0.500000, 1.015914, 0.983829, 0.050000, 1
-0.499929, 0.016858, 0.865902, 0.008429, 0.999858, -0.014599, -0.866025, -0.000000, -0.500000, 1.016716, 0.983000, 0.050000, 1
-0.499922, 0.017693, 0.865890, 0.008846, 0.999843, -0.015322, -0.866025, -0.000000, -0.500000, 1.017536, 0.982151, 0.050000, 1
-0.499914, 0.018546, 0.865876, 0.009273, 0.999828, -0.016062, -0.866025, 0.000000, -0.500000, 1.018374, 0.981282, 0.050000, 1
-0.499906, 0.019419, 0.865862, 0.009710, 0.999811, -0.016818, -0.866025, 0.000000, -0.500000, 1.019231, 0.980392, 0.050000, 1
-0.499897, 0.020311, 0.865847, 0.010156, 0.999794, -0.017590, -0.866025, -0.000000, -0.500000, 1.020105, 0.979482, 0.050000, 1
-0.499887, 0.021222, 0.865830, 0.010611, 0.999775, -0.018379, -0.866025, -0.000000, -0.500000, 1.020997, 0.978553, 0.050000, 1
-0.499877, 0.022152, 0.865813, 0.011076, 0.999755, -0.019184, -0.866025, -0.000000, -0.500000, 1.021907, 0.977603, 0.050000, 1
-0.499867, 0.023101, 0.865794, 0.011550, 0.999733, -0.020006, -0.866025, -0.000000, -0.500000, 1.022834, 0.976632, 0.050000, 1
-0.499855, 0.024068, 0.865775, 0.012034, 0.999710, -0.020844, -0.866025, -0.000000, -0.500000, 1.023779, 0.975642, 0.050000, 1
-0.499843, 0.025055, 0.865754, 0.012527, 0.999686, -0.021698, -0.866025, -0.000000, -0.500000, 1.024741, 0.974632, 0.050000, 1
-0.499830, 0.026059, 0.865731, 0.013030, 0.999660, -0.022568, -0.866025, -0.000000, -0.500000, 1.025720, 0.973601, 0.050000, 1
-0.499817, 0.027083, 0.865708, 0.013541, 0.999633, -0.023455, -0.866025, -0.000000, -0.500000, 1.026716, 0.972550, 0.050000, 1
-0.499802, 0.028125, 0.865683, 0.014062, 0.999604, -0.024357, -0.866025, -0.000000, -0.500000, 1.027729, 0.971479, 0.050000, 1
-0.499787, 0.029185, 0.865656, 0.014593, 0.999574, -0.025275, -0.866025, -0.000000, -0.500000, 1.028759, 0.970389, 0.050000, 1
-0.499771, 0.030264, 0.865629, 0.015132, 0.999542, -0.026210, -0.866025, -0.000000, -0.500000, 1.029806, 0.969278, 0.050000, 1
-0.499754, 0.031361, 0.865599, 0.015681, 0.999508, -0.027160, -0.866025, -0.000000, -0.500000, 1.030869, 0.968147, 0.050000, 1
-0.499736, 0.032477, 0.865569, 0.016238, 0.999472, -0.028126, -0.866025, -0.000000, -0.500000, 1.031949, 0.966996, 0.050000, 1
-0.499718, 0.033610, 0.865536, 0.016805, 0.999435, -0.029107, -0.866025, -0.000000, -0.500000, 1.033045, 0.965825, 0.050000, 1
-0.499698, 0.034762, 0.865502, 0.017381, 0.999396, -0.030105, -0.866025, -0.000000, -0.500000, 1.034157, 0.964634, 0.050000, 1
-0.499677, 0.035931, 0.865466, 0.017966, 0.999354, -0.031117, -0.866025, -0.000000, -0.500000, 1.035286, 0.963423, 0.050000, 1
-0.499655, 0.037119, 0.865429, 0.018559, 0.999311, -0.032146, -0.866025, 0.000000, -0.500000, 1.036430, 0.962192, 0.050000, 1
-0.499633, 0.038324, 0.865389, 0.019162, 0.999265, -0.033190, -0.866025, 0.000000, -0.500000, 1.037590, 0.960941, 0.050000, 1
-0.499609, 0.039548, 0.865348, 0.019774, 0.999218, -0.034249, -0.866025, -0.000000, -0.500000, 1.038765, 0.959670, 0.050000, 1
-0.499584, 0.040789, 0.865305, 0.020394, 0.999168, -0.035324, -0.866025, -0.000000, -0.500000, 1.039956, 0.958379, 0.050000, 1
-0.499558, 0.042047, 0.865260, 0.021024, 0.999116, -0.036414, -0.866025, -0.000000, -0.500000, 1.041163, 0.957068, 0.050000, 1
-0.499531, 0.043323, 0.865212, 0.021662, 0.999061, -0.037519, -0.866025, -0.000000, -0.500000, 1.042385, 0.955738, 0.050000, 1
-0.499502, 0.044617, 0.865163, 0.022309, 0.999004, -0.038640, -0.866025, -0.000000, -0.500000, 1.043621, 0.954387, 0.050000, 1
-0.499472, 0.045928, 0.865112, 0.022964, 0.998945, -0.039775, -0.866025, -0.000000, -0.500000, 1.044873, 0.953016, 0.050000, 1
-0.499441, 0.047257, 0.865058, 0.023628, 0.998883, -0.040926, -0.866025, -0.000000, -0.500000, 1.046140, 0.951626, 0.050000, 1
-0.499409, 0.048603, 0.865002, 0.024301, 0.998818, -0.042091, -0.866025, -0.000000, -0.500000, 1.047421, 0.950215, 0.050000, 1
-0.499375, 0.049966, 0.864944, 0.024983, 0.998751, -0.043272, -0.866025, -0.000000, -0.500000, 1.048717, 0.948785, 0.050000, 1
-0.499340, 0.051346, 0.864883, 0.025673, 0.998681, -0.044467, -0.866025, -0.000000, -0.500000, 1.050027, 0.947335, 0.050000, 1
-0.499304, 0.052744, 0.864820, 0.026372, 0.998608, -0.045677, -0.866025, -0.000000, -0.500000, 1.051352, 0.945865, 0.050000, 1
-0.499266, 0.054158, 0.864754, 0.027079, 0.998532, -0.046902, -0.866025, 0.000000, -0.500000, 1.052690, 0.944374, 0.050000, 1
-0.499227, 0.055589, 0.864686, 0.027795, 0.998454, -0.048142, -0.866025, -0.000000, -0.500000, 1.054043, 0.942865, 0.050000, 1
-0.499186, 0.057037, 0.864616, 0.028519, 0.998372, -0.049396, -0.866025, -0.000000, -0.500000, 1.055409, 0.941335, 0.050000, 1
-0.499144, 0.058502, 0.864542, 0.029251, 0.998287, -0.050664, -0.866025, -0.000000, -0.500000, 1.056790, 0.939785, 0.050000, 1
-0.499100, 0.059984, 0.864466, 0.029992, 0.998199, -0.051948, -0.866025, -0.000000, -0.500000, 1.058183, 0.938215, 0.050000, 1
-0.499054, 0.061482, 0.864387, 0.030741, 0.998108, -0.053245, -0.866025, -0.000000, -0.500000, 1.059590, 0.936626, 0.050000, 1
-0.499007, 0.062997, 0.864305, 0.031499, 0.998014, -0.054557, -0.866025, -0.000000, -0.500000, 1.061011, 0.935017, 0.050000, 1
-0.498958, 0.064528, 0.864220, 0.032264, 0.997916, -0.055883, -0.866025, -0.000000, -0.500000, 1.062444, 0.933387, 0.050000, 1
-0.498907, 0.066076, 0.864133, 0.033038, 0.997815, -0.057224, -0.866025, -0.000000, -0.500000, 1.063891, 0.931738, 0.050000, 1
-0.498855, 0.067640, 0.864042, 0.033820, 0.997710, -0.058578, -0.866025, 0.000000, -0.500000, 1.065350, 0.930069, 0.050000, 1
-0.498801, 0.069221, 0.863948, 0.034610, 0.997601, -0.059947, -0.866025, -0.000000, -0.500000, 1.066822, 0.928381, 0.050000, 1
-0.498745, 0.070817, 0.863851, 0.035409, 0.997489, -0.061330, -0.866025, -0.000000, -0.500000, 1.068307, 0.926672, 0.050000, 1
-0.498687, 0.072430, 0.863751, 0.036215, 0.997374, -0.062726, -0.866025, -0.000000, -0.500000, 1.069803, 0.924944, 0.050000, 1
-0.498627, 0.074059, 0.863647, 0.037029, 0.997254, -0.064137, -0.866025, -0.000000, -0.500000, 1.071312, 0.923195, 0.050000, 1
-0.498565, 0.075703, 0.863540, 0.037852, 0.997130, -0.065561, -0.866025, 0.000000, -0.500000, 1.072834, 0.921427, 0.050000, 1
-0.498501, 0.077364, 0.863430, 0.038682, 0.997003, -0.066999, -0.866025, -0.000000, -0.500000, 1.074367, 0.919639, 0.050000, 1
-0.498436, 0.079040, 0.863316, 0.039520, 0.996871, -0.068451, -0.866025, -0.000000, -0.500000, 1.075912, 0.917831, 0.050000, 1
-0.498368, 0.080732, 0.863199, 0.040366, 0.996736, -0.069916, -0.866025, -0.000000, -0.500000, 1.077468, 0.916004, 0.050000, 1
-0.498298, 0.082440, 0.863077, 0.041220, 0.996596, -0.071395, -0.866025, 0.000000, -0.500000, 1.079036, 0.914156, 0.050000, 1
-0.498226, 0.084163, 0.862953, 0.042082, 0.996452, -0.072887, -0.866025, -0.000000, -0.500000, 1.080615, 0.912289, 0.050000, 1
-0.498152, 0.085902, 0.862824, 0.042951, 0.996304, -0.074393, -0.866025, -0.000000, -0.500000, 1.082205, 0.910402, 0.050000, 1
-0.498075, 0.087656, 0.862692, 0.043828, 0.996151, -0.075912, -0.866025, -0.000000, -0.500000, 1.083807, 0.908495, 0.050000, 1
-0.497997, 0.089425, 0.862556, 0.044713, 0.995994, -0.077445, -0.866025, -0.000000, -0.500000, 1.085419, 0.906568, 0.050000, 1
-0.497916, 0.091210, 0.862416, 0.045605, 0.995832, -0.078990, -0.866025, -0.000000, -0.500000, 1.087042, 0.904622, 0.050000, 1
-0.497833, 0.093010, 0.862271, 0.046505, 0.995665, -0.080549, -0.866025, -0.000000, -0.500000, 1.088675, 0.902655, 0.050000, 1
-0.497747, 0.094825, 0.862123, 0.047413, 0.995494, -0.082121, -0.866025, -0.000000, -0.500000, 1.090319, 0.900669, 0.050000, 1
-0.497659, 0.096655, 0.861971, 0.048328, 0.995318, -0.083706, -0.866025, -0.000000, -0.500000, 1.091973, 0.898663, 0.050000, 1
-0.497569, 0.098500, 0.861814, 0.049250, 0.995137, -0.085303, -0.866025, -0.000000, -0.500000, 1.093637, 0.896637, 0.050000, 1
-0.497476, 0.100360, 0.861653, 0.050180, 0.994951, -0.086914, -0.866025, -0.000000, -0.500000, 1.095311, 0.894592, 0.050000, 1
-0.497380, 0.102234, 0.861488, 0.051117, 0.994760, -0.088537, -0.866025, -0.000000, -0.500000, 1.096995, 0.892526, 0.050000, 1
-0.497282, 0.104123, 0.861318, 0.052062, 0.994564, -0.090174, -0.866025, -0.000000, -0.500000, 1.098688, 0.890441, 0.050000, 1
-0.497182, 0.106027, 0.861144, 0.053014, 0.994363, -0.091822, -0.866025, -0.000000, -0.500000, 1.100390, 0.888336, 0.050000, 1
-0.497078, 0.107946, 0.860965, 0.053973, 0.994157, -0.093484, -0.866025, -0.000000, -0.500000, 1.102102, 0.886211, 0.050000, 1
-0.496973, 0.109878, 0.860782, 0.054939, 0.993945, -0.095157, -0.866025, -0.000000, -0.500000, 1.103823, 0.884067, 0.050000, 1
-0.496864, 0.111825, 0.860594, 0.055913, 0.993728, -0.096844, -0.866025, -0.000000, -0.500000, 1.105553, 0.881902, 0.050000, 1
-0.496753, 0.113787, 0.860401, 0.056893, 0.993505, -0.098542, -0.866025, -0.000000, -0.500000, 1.107292, 0.879718, 0.050000, 1
-0.496638, 0.115762, 0.860203, 0.057881, 0.993277, -0.100253, -0.866025, -0.000000, -0.500000, 1.109039, 0.877515, 0.050000, 1
-0.496522, 0.117752, 0.860001, 0.058876, 0.993043, -0.101976, -0.866025, -0.000000, -0.500000, 1.110795, 0.875291, 0.050000, 1
-0.496402, 0.119756, 0.859793, 0.059878, 0.992803, -0.103711, -0.866025, -0.000000, -0.500000, 1.112559, 0.873048, 0.050000, 1
-0.496279, 0.121773, 0.859580, 0.060887, 0.992558, -0.105459, -0.866025, -0.000000, -0.500000, 1.114331, 0.870785, 0.050000, 1
-0.496153, 0.123805, 0.859363, 0.061902, 0.992307, -0.107218, -0.866025, -0.000000, -0.500000, 1.116111, 0.868502, 0.050000, 1
-0.496025, 0.125850, 0.859140, 0.062925, 0.992049, -0.108989, -0.866025, -0.000000, -0.500000, 1.117899, 0.866200, 0.050000, 1
-0.495893, 0.127909, 0.858912, 0.063954, 0.991786, -0.110772, -0.866025, 0.000000, -0.500000, 1.119695, 0.863877, 0.050000, 1
-0.495758, 0.129981, 0.858678, 0.064991, 0.991516, -0.112567, -0.866025, -0.000000, -0.500000, 1.121498, 0.861535, 0.050000, 1
-0.495620, 0.132067, 0.858440, 0.066033, 0.991241, -0.114373, -0.866025, -0.000000, -0.500000, 1.123308, 0.859174, 0.050000, 1
-0.495479, 0.134166, 0.858196, 0.067083, 0.990959, -0.116191, -0.866025, -0.000000, -0.500000, 1.125125, 0.856793, 0.050000, 1
-0.495335, 0.136279, 0.857946, 0.068139, 0.990671, -0.118021, -0.866025, -0.000000, -0.500000, 1.126949, 0.854392, 0.050000, 1
-0.495188, 0.138405, 0.857691, 0.069202, 0.990376, -0.119862, -0.866025, -0.000000, -0.500000, 1.128781, 0.851971, 0.050000, 1
-0.495037, 0.140544, 0.857430, 0.070272, 0.990074, -0.121715, -0.866025, -0.000000, -0.500000, 1.130618, 0.849531, 0.050000, 1
-0.494883, 0.142696, 0.857163, 0.071348, 0.989767, -0.123578, -0.866025, -0.000000, -0.500000, 1.132462, 0.847071, 0.050000, 1
-0.494726, 0.144861, 0.856891, 0.072430, 0.989452, -0.125453, -0.866025, -0.000000, -0.500000, 1.134313, 0.844591, 0.050000, 1
-0.494565, 0.147039, 0.856612, 0.073519, 0.989131, -0.127339, -0.866025, 0.000000, -0.500000, 1.136170, 0.842092, 0.050000, 1
-0.494401, 0.149230, 0.856328, 0.074615, 0.988803, -0.129237, -0.866025, 0.000000, -0.500000, 1.138032, 0.839573, 0.050000, 1
-0.494234, 0.151433, 0.856038, 0.075716, 0.988468, -0.131145, -0.866025, 0.000000, -0.500000, 1.139900, 0.837035, 0.050000, 1
-0.494063, 0.153649, 0.855742, 0.076824, 0.988125, -0.133064, -0.866025, -0.000000, -0.500000, 1.141774, 0.834477, 0.050000, 1
-0.493888, 0.155877, 0.855439, 0.077939, 0.987776, -0.134994, -0.866025, -0.000000, -0.500000, 1.143654, 0.831899, 0.050000, 1
-0.493710, 0.158118, 0.855131, 0.079059, 0.987420, -0.136935, -0.866025, -0.000000, -0.500000, 1.145539, 0.829302, 0.050000, 1
-0.493528, 0.160372, 0.854816, 0.080186, 0.987057, -0.138886, -0.866025, -0.000000, -0.500000, 1.147428, 0.826685, 0.050000, 1
-0.493343, 0.162637, 0.854495, 0.081319, 0.986686, -0.140848, -0.866025, 0.000000, -0.500000, 1.149323, 0.824049, 0.050000, 1
-0.493154, 0.164915, 0.854168, 0.082457, 0.986308, -0.142820, -0.866025, -0.000000, -0.500000, 1.151223, 0.821393, 0.050000, 1
-0.492961, 0.167204, 0.853834, 0.083602, 0.985922, -0.144803, -0.866025, 0.000000, -0.500000, 1.153127, 0.818718, 0.050000, 1
-0.492765, 0.169506, 0.853493, 0.084753, 0.985529, -0.146797, -0.866025, -0.000000, -0.500000, 1.155035, 0.816023, 0.050000, 1
-0.492564, 0.171820, 0.853146, 0.085910, 0.985128, -0.148800, -0.866025, 0.000000, -0.500000, 1.156948, 0.813309, 0.050000, 1
-0.492360, 0.174145, 0.852793, 0.087072, 0.984720, -0.150814, -0.866025, -0.000000, -0.500000, 1.158865, 0.810575, 0.050000, 1
-0.492152, 0.176482, 0.852432, 0.088241, 0.984304, -0.152838, -0.866025, -0.000000, -0.500000, 1.160786, 0.807822, 0.050000, 1
-0.491940, 0.178830, 0.852065, 0.089415, 0.983880, -0.154872, -0.866025, -0.000000, -0.500000, 1.162710, 0.805050, 0.050000, 1
-0.491724, 0.181190, 0.851691, 0.090595, 0.983448, -0.156916, -0.866025, 0.000000, -0.500000, 1.164638, 0.802258, 0.050000, 1
-0.491504, 0.183562, 0.851310, 0.091781, 0.983008, -0.158969, -0.866025, -0.000000, -0.500000, 1.166570, 0.799446, 0.050000, 1
-0.491280, 0.185944, 0.850922, 0.092972, 0.982560, -0.161033, -0.866025, -0.000000, -0.500000, 1.168505, 0.796616, 0.050000, 1
-0.491052, 0.188338, 0.850527, 0.094169, 0.982104, -0.163106, -0.866025, -0.000000, -0.500000, 1.170443, 0.793766, 0.050000, 1
-0.490820, 0.190743, 0.850125, 0.095372, 0.981640, -0.165189, -0.866025, -0.000000, -0.500000, 1.172383, 0.790897, 0.050000, 1
-0.490584, 0.193159, 0.849716, 0.096580, 0.981167, -0.167281, -0.866025, -0.000000, -0.500000, 1.174327, 0.788008, 0.050000, 1
-0.490343, 0.195586, 0.849299, 0.097793, 0.980687, -0.169383, -0.866025, -0.000000, -0.500000, 1.176273, 0.785100, 0.050000, 1
-0.490099, 0.198024, 0.848876, 0.099012, 0.980197, -0.171494, -0.866025, -0.000000, -0.500000, 1.178221, 0.782173, 0.050000, 1
-0.489850, 0.200472, 0.848445, 0.100236, 0.979699, -0.173614, -0.866025, -0.000000, -0.500000, 1.180172, 0.779227, 0.050000, 1
-0.489596, 0.202931, 0.848006, 0.101466, 0.979193, -0.175744, -0.866025, 0.000000, -0.500000, 1.182124, 0.776262, 0.050000, 1
-0.489339, 0.205401, 0.847560, 0.102700, 0.978678, -0.177882, -0.866025, -0.000000, -0.500000, 1.184079, 0.773277, 0.050000, 1
-0.489077, 0.207881, 0.847106, 0.103940, 0.978154, -0.180030, -0.866025, -0.000000, -0.500000, 1.186035, 0.770274, 0.050000, 1
-0.488811, 0.210371, 0.846645, 0.105185, 0.977622, -0.182186, -0.866025, -0.000000, -0.500000, 1.187992, 0.767251, 0.050000, 1
-0.488540, 0.212871, 0.846176, 0.106436, 0.977080, -0.184352, -0.866025, -0.000000, -0.500000, 1.189951, 0.764209, 0.050000, 1
-0.488265, 0.215382, 0.845700, 0.107691, 0.976530, -0.186526, -0.866025, -0.000000, -0.500000, 1.191912, 0.761148, 0.050000, 1
-0.487985, 0.217902, 0.845215, 0.108951, 0.975971, -0.188709, -0.866025, -0.000000, -0.500000, 1.193873, 0.758068, 0.050000, 1
-0.487701, 0.220433, 0.844723, 0.110216, 0.975402, -0.190900, -0.866025, 0.000000, -0.500000, 1.195835, 0.754970, 0.050000, 1
-0.487412, 0.222973, 0.844223, 0.111486, 0.974825, -0.193100, -0.866025, -0.000000, -0.500000, 1.197797, 0.751852, 0.050000, 1
-0.487119, 0.225523, 0.843715, 0.112761, 0.974238, -0.195308, -0.866025, -0.000000, -0.500000, 1.199761, 0.748715, 0.050000, 1
-0.486821, 0.228082, 0.843199, 0.114041, 0.973642, -0.197525, -0.866025, -0.000000, -0.500000, 1.201724, 0.745560, 0.050000, 1
-0.486518, 0.230651, 0.842674, 0.115326, 0.973037, -0.199750, -0.866025, -0.000000, -0.500000, 1.203688, 0.742385, 0.050000, 1
-0.486211, 0.233230, 0.842142, 0.116615, 0.972422, -0.201983, -0.866025, -0.000000, -0.500000, 1.205651, 0.739192, 0.050000, 1
-0.485899, 0.235817, 0.841601, 0.117909, 0.971797, -0.204224, -0.866025, -0.000000, -0.500000, 1.207615, 0.735980, 0.050000, 1
-0.485582, 0.238414, 0.841052, 0.119207, 0.971164, -0.206473, -0.866025, -0.000000, -0.500000, 1.209578, 0.732750, 0.050000, 1
-0.485260, 0.241020, 0.840495, 0.120510, 0.970520, -0.208729, -0.866025, -0.000000, -0.500000, 1.211540, 0.729500, 0.050000, 1
-0.484934, 0.243635, 0.839930, 0.121817, 0.969867, -0.210994, -0.866025, -0.000000, -0.500000, 1.213502, 0.726232, 0.050000, 1
-0.484602, 0.246258, 0.839355, 0.123129, 0.969204, -0.213266, -0.866025, -0.000000, -0.500000, 1.215463, 0.722946, 0.050000, 1
-0.484266, 0.248891, 0.838773, 0.124445, 0.968532, -0.215546, -0.866025, -0.000000, -0.500000, 1.217422, 0.719641, 0.050000, 1
-0.483924, 0.251532, 0.838182, 0.125766, 0.967849, -0.217833, -0.866025, -0.000000, -0.500000, 1.219381, 0.716317, 0.050000, 1
-0.483578, 0.254182, 0.837582, 0.127091, 0.967156, -0.220128, -0.866025, -0.000000, -0.500000, 1.221338, 0.712975, 0.050000, 1
-0.483227, 0.256840, 0.836974, 0.128420, 0.966454, -0.222430, -0.866025, -0.000000, -0.500000, 1.223294, 0.709614, 0.050000, 1
-0.482871, 0.259506, 0.836357, 0.129753, 0.965741, -0.224739, -0.866025, -0.000000, -0.500000, 1.225248, 0.706235, 0.050000, 1
-0.482509, 0.262181, 0.835731, 0.131090, 0.965019, -0.227055, -0.866025, -0.000000, -0.500000, 1.227200, 0.702838, 0.050000, 1
-0.482143, 0.264864, 0.835096, 0.132432, 0.964286, -0.229379, -0.866025, -0.000000, -0.500000, 1.229149, 0.699422, 0.050000, 1
-0.481771, 0.267554, 0.834453, 0.133777, 0.963543, -0.231709, -0.866025, -0.000000, -0.500000, 1.231097, 0.695989, 0.050000, 1
-0.481395, 0.270253, 0.833800, 0.135126, 0.962789, -0.234046, -0.866025, -0.000000, -0.500000, 1.233042, 0.692536, 0.050000, 1
-0.481013, 0.272959, 0.833139, 0.136480, 0.962026, -0.236390, -0.866025, -0.000000, -0.500000, 1.234985, 0.689066, 0.050000, 1
-0.480626, 0.275673, 0.832468, 0.137837, 0.961251, -0.238740, -0.866025, -0.000000, -0.500000, 1.236925, 0.685578, 0.050000, 1
-0.480233, 0.278395, 0.831789, 0.139198, 0.960467, -0.241097, -0.866025, -0.000000, -0.500000, 1.238862, 0.682072, 0.050000, 1
-0.479836, 0.281124, 0.831100, 0.140562, 0.959671, -0.243461, -0.866025, -0.000000, -0.500000, 1.240796, 0.678547, 0.050000, 1
-0.479433, 0.283861, 0.830402, 0.141930, 0.958866, -0.245831, -0.866025, -0.000000, -0.500000, 1.242726, 0.675005, 0.050000, 1
-0.479025, 0.286604, 0.829695, 0.143302, 0.958049, -0.248207, -0.866025, -0.000000, -0.500000, 1.244653, 0.671445, 0.050000, 1
-0.478611, 0.289355, 0.828978, 0.144678, 0.957222, -0.250589, -0.866025, 0.000000, -0.500000, 1.246577, 0.667867, 0.050000, 1
-0.478192, 0.292113, 0.828253, 0.146056, 0.956384, -0.252977, -0.866025, -0.000000, -0.500000, 1.248497, 0.664271, 0.050000, 1
-0.477768, 0.294878, 0.827518, 0.147439, 0.955535, -0.255372, -0.866025, -0.000000, -0.500000, 1.250413, 0.660657, 0.050000, 1
-0.477338, 0.297649, 0.826773, 0.148825, 0.954675, -0.257772, -0.866025, -0.000000, -0.500000, 1.252325, 0.657026, 0.050000, 1
-0.476902, 0.300427, 0.826019, 0.150214, 0.953805, -0.260178, -0.866025, -0.000000, -0.500000, 1.254232, 0.653377, 0.050000, 1
-0.476462, 0.303212, 0.825256, 0.151606, 0.952923, -0.262589, -0.866025, 0.000000, -0.500000, 1.256135, 0.649711, 0.050000, 1
-0.476015, 0.306003, 0.824483, 0.153002, 0.952030, -0.265007, -0.866025, -0.000000, -0.500000, 1.258034, 0.646027, 0.050000, 1
-0.475563, 0.308801, 0.823700, 0.154400, 0.951127, -0.267429, -0.866025, 0.000000, -0.500000, 1.259928, 0.642326, 0.050000, 1
-0.475106, 0.311605, 0.822908, 0.155802, 0.950212, -0.269857, -0.866025, -0.000000, -0.500000, 1.261816, 0.638607, 0.050000, 1
-0.474643, 0.314414, 0.822106, 0.157207, 0.949286, -0.272291, -0.866025, -0.000000, -0.500000, 1.263700, 0.634871, 0.050000, 1
-0.474174, 0.317230, 0.821294, 0.158615, 0.948349, -0.274730, -0.866025, -0.000000, -0.500000, 1.265579, 0.631118, 0.050000, 1
-0.473700, 0.320052, 0.820472, 0.160026, 0.947400, -0.277173, -0.866025, -0.000000, -0.500000, 1.267452, 0.627348, 0.050000, 1
-0.473220, 0.322880, 0.819641, 0.161440, 0.946440, -0.279622, -0.866025, -0.000000, -0.500000, 1.269320, 0.623561, 0.050000, 1
-0.472734, 0.325713, 0.818800, 0.162856, 0.945469, -0.282075, -0.866025, -0.000000, -0.500000, 1.271181, 0.619756, 0.050000, 1
-0.472243, 0.328551, 0.817949, 0.164276, 0.944486, -0.284534, -0.866025, -0.000000, -0.500000, 1.273037, 0.615935, 0.050000, 1
-0.471746, 0.331395, 0.817088, 0.165698, 0.943492, -0.286997, -0.866025, -0.000000, -0.500000, 1.274887, 0.612096, 0.050000, 1
-0.471243, 0.334245, 0.816217, 0.167122, 0.942486, -0.289465, -0.866025, -0.000000, -0.500000, 1.276731, 0.608241, 0.050000, 1
-0.470735, 0.337100, 0.815336, 0.168550, 0.941469, -0.291937, -0.866025, -0.000000, -0.500000, 1.278569, 0.604370, 0.050000, 1
-0.470220, 0.339959, 0.814445, 0.169980, 0.940440, -0.294413, -0.866025, -0.000000, -0.500000, 1.280399, 0.600481, 0.050000, 1
-0.469700, 0.342824, 0.813544, 0.171412, 0.939400, -0.296894, -0.866025, -0.000000, -0.500000, 1.282224, 0.596576, 0.050000, 1
-0.469174, 0.345693, 0.812633, 0.172847, 0.938348, -0.299379, -0.866025, -0.000000, -0.500000, 1.284041, 0.592654, 0.050000, 1
-0.468642, 0.348568, 0.811711, 0.174284, 0.937284, -0.301868, -0.866025, -0.000000, -0.500000, 1.285851, 0.588716, 0.050000, 1
-0.468104, 0.351446, 0.810780, 0.175723, 0.936208, -0.304361, -0.866025, 0.000000, -0.500000, 1.287654, 0.584762, 0.050000, 1
-0.467560, 0.354330, 0.809838, 0.177165, 0.935121, -0.306858, -0.866025, -0.000000, -0.500000, 1.289450, 0.580791, 0.050000, 1
-0.467011, 0.357217, 0.808886, 0.178609, 0.934021, -0.309359, -0.866025, -0.000000, -0.500000, 1.291239, 0.576804, 0.050000, 1
-0.466455, 0.360109, 0.807924, 0.180055, 0.932910, -0.311864, -0.866025, -0.000000, -0.500000, 1.293019, 0.572801, 0.050000, 1
-0.465894, 0.363005, 0.806951, 0.181503, 0.931787, -0.314372, -0.866025, -0.000000, -0.500000, 1.294792, 0.568782, 0.050000, 1
-0.465326, 0.365905, 0.805968, 0.182953, 0.930652, -0.316883, -0.866025, -0.000000, -0.500000, 1.296557, 0.564747, 0.050000, 1
-0.464753, 0.368809, 0.804975, 0.184405, 0.929505, -0.319398, -0.866025, -0.000000, -0.500000, 1.298314, 0.560696, 0.050000, 1
-0.464173, 0.371717, 0.803971, 0.185859, 0.928346, -0.321916, -0.866025, -0.000000, -0.500000, 1.300063, 0.556629, 0.050000, 1
-0.463587, 0.374629, 0.802957, 0.187314, 0.927175, -0.324438, -0.866025, -0.000000, -0.500000, 1.301804, 0.552546, 0.050000, 1
-0.462996, 0.377544, 0.801932, 0.188772, 0.925992, -0.326962, -0.866025, -0.000000, -0.500000, 1.303535, 0.548448, 0.050000, 1
-0.462398, 0.380462, 0.800897, 0.190231, 0.924797, -0.329490, -0.866025, -0.000000, -0.500000, 1.305259, 0.544335, 0.050000, 1
-0.461795, 0.383384, 0.799852, 0.191692, 0.923589, -0.332020, -0.866025, 0.000000, -0.500000, 1.306973, 0.540206, 0.050000, 1
-0.461185, 0.386309, 0.798796, 0.193154, 0.922370, -0.334553, -0.866025, -0.000000, -0.500000, 1.308678, 0.536061, 0.050000, 1
-0.460569, 0.389237, 0.797729, 0.194618, 0.921138, -0.337089, -0.866025, -0.000000, -0.500000, 1.310374, 0.531901, 0.050000, 1
-0.459947, 0.392167, 0.796651, 0.196084, 0.919894, -0.339627, -0.866025, -0.000000, -0.500000, 1.312061, 0.527726, 0.050000, 1
-0.459319, 0.395101, 0.795563, 0.197551, 0.918638, -0.342168, -0.866025, -0.000000, -0.500000, 1.313739, 0.523536, 0.050000, 1
-0.458685, 0.398038, 0.794465, 0.199019, 0.917369, -0.344711, -0.866025, -0.000000, -0.500000, 1.315407, 0.519331, 0.050000, 1
-0.458044, 0.400977, 0.793356, 0.200488, 0.916088, -0.347256, -0.866025, -0.000000, -0.500000, 1.317065, 0.515111, 0.050000, 1
-0.457398, 0.403918, 0.792236, 0.201959, 0.914795, -0.349804, -0.866025, -0.000000, -0.500000, 1.318713, 0.510877, 0.050000, 1
-0.456745, 0.406862, 0.791105, 0.203431, 0.913490, -0.352353, -0.866025, -0.000000, -0.500000, 1.320352, 0.506627, 0.050000, 1
-0.456086, 0.409808, 0.789964, 0.204904, 0.912172, -0.354904, -0.866025, -0.000000, -0.500000, 1.321980, 0.502363, 0.050000, 1
-0.455421, 0.412757, 0.788812, 0.206378, 0.910841, -0.357458, -0.866025, -0.000000, -0.500000, 1.323598, 0.498085, 0.050000, 1
-0.454749, 0.415707, 0.787649, 0.207853, 0.909499, -0.360013, -0.866025, 0.000000, -0.500000, 1.325206, 0.493792, 0.050000, 1
-0.454072, 0.418659, 0.786475, 0.209330, 0.908144, -0.362569, -0.866025, -0.000000, -0.500000, 1.326803, 0.489484, 0.050000, 1
-0.453388, 0.421613, 0.785291, 0.210806, 0.906776, -0.365127, -0.866025, -0.000000, -0.500000, 1.328389, 0.485163, 0.050000, 1
-0.452698, 0.424568, 0.784096, 0.212284, 0.905396, -0.367687, -0.866025, -0.000000, -0.500000, 1.329964, 0.480827, 0.050000, 1
-0.452002, 0.427525, 0.782890, 0.213763, 0.904003, -0.370248, -0.866025, -0.000000, -0.500000, 1.331529, 0.476478, 0.050000, 1
-0.451299, 0.430484, 0.781673, 0.215242, 0.902598, -0.372810, -0.866025, -0.000000, -0.500000, 1.333082, 0.472114, 0.050000, 1
-0.450590, 0.433444, 0.780445, 0.216722, 0.901181, -0.375373, -0.866025, -0.000000, -0.500000, 1.334624, 0.467737, 0.050000, 1
-0.449875, 0.436404, 0.779207, 0.218202, 0.899751, -0.377937, -0.866025, -0.000000, -0.500000, 1.336155, 0.463346, 0.050000, 1
-0.449154, 0.439366, 0.777958, 0.219683, 0.898308, -0.380502, -0.866025, 0.000000, -0.500000, 1.337674, 0.458942, 0.050000, 1
-0.448426, 0.442329, 0.776697, 0.221165, 0.896853, -0.383068, -0.866025, -0.000000, -0.500000, 1.339182, 0.454524, 0.050000, 1
-0.447693, 0.445293, 0.775426, 0.222646, 0.895385, -0.385635, -0.866025, -0.000000, -0.500000, 1.340678, 0.450092, 0.050000, 1
-0.446952, 0.448257, 0.774144, 0.224129, 0.893905, -0.388202, -0.866025, -0.000000, -0.500000, 1.342162, 0.445648, 0.050000, 1
-0.446206, 0.451222, 0.772851, 0.225611, 0.892412, -0.390770, -0.866025, -0.000000, -0.500000, 1.343634, 0.441190, 0.050000, 1
-0.445453, 0.454187, 0.771547, 0.227094, 0.890906, -0.393338, -0.866025, -0.000000, -0.500000, 1.345093, 0.436719, 0.050000, 1
-0.444694, 0.457153, 0.770233, 0.228576, 0.889388, -0.395906, -0.866025, -0.000000, -0.500000, 1.346541, 0.432235, 0.050000, 1
-0.443929, 0.460119, 0.768907, 0.230059, 0.887857, -0.398474, -0.866025, -0.000000, -0.500000, 1.347976, 0.427739, 0.050000, 1
-0.443157, 0.463085, 0.767571, 0.231542, 0.886314, -0.401043, -0.866025, -0.000000, -0.500000, 1.349399, 0.423230, 0.050000, 1
-0.442379, 0.466050, 0.766223, 0.233025, 0.884758, -0.403611, -0.866025, -0.000000, -0.500000, 1.350809, 0.418708, 0.050000, 1
-0.441595, 0.469016, 0.764865, 0.234508, 0.883190, -0.406180, -0.866025, -0.000000, -0.500000, 1.352206, 0.414174, 0.050000, 1
-0.440804, 0.471981, 0.763495, 0.235991, 0.881609, -0.408748, -0.866025, 0.000000, -0.500000, 1.353590, 0.409627, 0.050000, 1
-0.440007, 0.474946, 0.762115, 0.237473, 0.880015, -0.411316, -0.866025, -0.000000, -0.500000, 1.354961, 0.405068, 0.050000, 1
-0.439204, 0.477911, 0.760724, 0.238955, 0.878408, -0.413883, -0.866025, -0.000000, -0.500000, 1.356319, 0.400498, 0.050000, 1
-0.438395, 0.480875, 0.759322, 0.240437, 0.876789, -0.416450, -0.866025, -0.000000, -0.500000, 1.357664, 0.395915, 0.050000, 1
-0.437579, 0.483838, 0.757909, 0.241919, 0.875158, -0.419016, -0.866025, -0.000000, -0.500000, 1.358995, 0.391320, 0.050000, 1
-0.436757, 0.486800, 0.756485, 0.243400, 0.873514, -0.421581, -0.866025, -0.000000, -0.500000, 1.360313, 0.386714, 0.050000, 1
-0.435928, 0.489761, 0.755050, 0.244881, 0.871857, -0.424146, -0.866025, -0.000000, -0.500000, 1.361618, 0.382096, 0.050000, 1
-0.435094, 0.492721, 0.753604, 0.246361, 0.870187, -0.426709, -0.866025, 0.000000, -0.500000, 1.362908, 0.377466, 0.050000, 1
-0.434253, 0.495680, 0.752148, 0.247840, 0.868505, -0.429271, -0.866025, -0.000000, -0.500000, 1.364185, 0.372825, 0.050000, 1
-0.433405, 0.498638, 0.750680, 0.249319, 0.866811, -0.431833, -0.866025, -0.000000, -0.500000, 1.365448, 0.368173, 0.050000, 1
-0.432552, 0.501594, 0.749202, 0.250797, 0.865103, -0.434393, -0.866025, -0.000000, -0.500000, 1.366697, 0.363510, 0.050000, 1
-0.431692, 0.504548, 0.747712, 0.252274, 0.863384, -0.436951, -0.866025, -0.000000, -0.500000, 1.367932, 0.358836, 0.050000, 1
-0.430826, 0.507501, 0.746212, 0.253750, 0.861651, -0.439508, -0.866025, 0.000000, -0.500000, 1.369152, 0.354151, 0.050000, 1
-0.429953, 0.510452, 0.744701, 0.255226, 0.859906, -0.442064, -0.866025, -0.000000, -0.500000, 1.370358, 0.349455, 0.050000, 1
-0.429075, 0.513401, 0.743179, 0.256700, 0.858149, -0.444618, -0.866025, -0.000000, -0.500000, 1.371550, 0.344749, 0.050000, 1
-0.428190, 0.516347, 0.741646, 0.258174, 0.856379, -0.447170, -0.866025, -0.000000, -0.500000, 1.372727, 0.340032, 0.050000, 1
-0.427298, 0.519292, 0.740103, 0.259646, 0.854597, -0.449720, -0.866025, -0.000000, -0.500000, 1.373889, 0.335305, 0.050000, 1
-0.426401, 0.522235, 0.738548, 0.261117, 0.852802, -0.452268, -0.866025, -0.000000, -0.500000, 1.375036, 0.330567, 0.050000, 1
-0.425497, 0.525175, 0.736983, 0.262587, 0.850994, -0.454815, -0.866025, -0.000000, -0.500000, 1.376169, 0.325820, 0.050000, 1
-0.424587, 0.528112, 0.735407, 0.264056, 0.849175, -0.457359, -0.866025, -0.000000, -0.500000, 1.377287, 0.321063, 0.050000, 1
-0.423671, 0.531047, 0.733820, 0.265523, 0.847342, -0.459900, -0.866025, -0.000000, -0.500000, 1.378389, 0.316295, 0.050000, 1
-0.422749, 0.533979, 0.732222, 0.266990, 0.845498, -0.462439, -0.866025, -0.000000, -0.500000, 1.379477, 0.311519, 0.050000, 1
-0.421820, 0.536908, 0.730614, 0.268454, 0.843641, -0.464976, -0.866025, -0.000000, -0.500000, 1.380549, 0.306732, 0.050000, 1
-0.420886, 0.539835, 0.728995, 0.269917, 0.841771, -0.467510, -0.866025, -0.000000, -0.500000, 1.381606, 0.301937, 0.050000, 1
-0.419945, 0.542758, 0.727365, 0.271379, 0.839889, -0.470042, -0.866025, 0.000000, -0.500000, 1.382647, 0.297132, 0.050000, 1
-0.418998, 0.545678, 0.725725, 0.272839, 0.837995, -0.472571, -0.866025, -0.000000, -0.500000, 1.383673, 0.292317, 0.050000, 1
-0.418044, 0.548594, 0.724074, 0.274297, 0.836089, -0.475097, -0.866025, -0.000000, -0.500000, 1.384683, 0.287494, 0.050000, 1
-0.417085, 0.551507, 0.722412, 0.275754, 0.834170, -0.477619, -0.866025, -0.000000, -0.500000, 1.385677, 0.282663, 0.050000, 1
-0.416119, 0.554417, 0.720740, 0.277209, 0.832239, -0.480139, -0.866025, -0.000000, -0.500000, 1.386656, 0.277822, 0.050000, 1
-0.415148, 0.557323, 0.719057, 0.278661, 0.830296, -0.482656, -0.866025, -0.000000, -0.500000, 1.387619, 0.272973, 0.050000, 1
-0.414170, 0.560225, 0.717364, 0.280113, 0.828340, -0.485169, -0.866025, -0.000000, -0.500000, 1.388566, 0.268115, 0.050000, 1
-0.413186, 0.563123, 0.715660, 0.281562, 0.826373, -0.487679, -0.866025, 0.000000, -0.500000, 1.389496, 0.263249, 0.050000, 1
-0.412197, 0.566018, 0.713945, 0.283009, 0.824393, -0.490186, -0.866025, -0.000000, -0.500000, 1.390411, 0.258375, 0.050000, 1
-0.411201, 0.568908, 0.712220, 0.284454, 0.822401, -0.492689, -0.866025, -0.000000, -0.500000, 1.391309, 0.253494, 0.050000, 1
-0.410199, 0.571794, 0.710485, 0.285897, 0.820397, -0.495188, -0.866025, -0.000000, -0.500000, 1.392191, 0.248604, 0.050000, 1
-0.409191, 0.574675, 0.708739, 0.287338, 0.818382, -0.497683, -0.866025, -0.000000, -0.500000, 1.393057, 0.243706, 0.050000, 1
-0.408177, 0.577552, 0.706983, 0.288776, 0.816354, -0.500175, -0.866025, 0.000000, -0.500000, 1.393906, 0.238801, 0.050000, 1
-0.407157, 0.580425, 0.705216, 0.290212, 0.814314, -0.502663, -0.866025, -0.000000, -0.500000, 1.394739, 0.233889, 0.050000, 1
-0.406131, 0.583293, 0.703440, 0.291646, 0.812262, -0.505146, -0.866025, -0.000000, -0.500000, 1.395555, 0.228969, 0.050000, 1
-0.405099, 0.586156, 0.701652, 0.293078, 0.810198, -0.507626, -0.866025, 0.000000, -0.500000, 1.396354, 0.224042, 0.050000, 1
-0.404061, 0.589014, 0.699855, 0.294507, 0.808123, -0.510101, -0.866025, -0.000000, -0.500000, 1.397137, 0.219109, 0.050000, 1
-0.403018, 0.591867, 0.698047, 0.295934, 0.806035, -0.512572, -0.866025, 0.000000, -0.500000, 1.397903, 0.214168, 0.050000, 1
-0.401968, 0.594715, 0.696229, 0.297358, 0.803936, -0.515039, -0.866025, -0.000000, -0.500000, 1.398652, 0.209221, 0.050000, 1
-0.400913, 0.597558, 0.694401, 0.298779, 0.801825, -0.517501, -0.866025, -0.000000, -0.500000, 1.399384, 0.204267, 0.050000, 1
-0.399851, 0.600396, 0.692563, 0.300198, 0.799703, -0.519958, -0.866025, 0.000000, -0.500000, 1.400099, 0.199307, 0.050000, 1
-0.398784, 0.603228, 0.690715, 0.301614, 0.797569, -0.522411, -0.866025, 0.000000, -0.500000, 1.400797, 0.194341, 0.050000, 1
-0.397712, 0.606055, 0.688857, 0.303027, 0.795423, -0.524859, -0.866025, -0.000000, -0.500000, 1.401478, 0.189368, 0.050000, 1
-0.396633, 0.608876, 0.686988, 0.304438, 0.793266, -0.527302, -0.866025, -0.000000, -0.500000, 1.402141, 0.184390, 0.050000, 1
-0.395548, 0.611691, 0.685110, 0.305845, 0.791097, -0.529740, -0.866025, 0.000000, -0.500000, 1.402788, 0.179406, 0.050000, 1
-0.394458, 0.614500, 0.683222, 0.307250, 0.788917, -0.532173, -0.866025, -0.000000, -0.500000, 1.403417, 0.174416, 0.050000, 1
-0.393362, 0.617304, 0.681324, 0.308652, 0.786725, -0.534601, -0.866025, -0.000000, -0.500000, 1.404029, 0.169421, 0.050000, 1
-0.392261, 0.620101, 0.679416, 0.310051, 0.784522, -0.537023, -0.866025, -0.000000, -0.500000, 1.404623, 0.164421, 0.050000, 1
-0.391154, 0.622892, 0.677498, 0.311446, 0.782308, -0.539441, -0.866025, -0.000000, -0.500000, 1.405200, 0.159415, 0.050000, 1
-0.390041, 0.625677, 0.675571, 0.312839, 0.780082, -0.541852, -0.866025, -0.000000, -0.500000, 1.405759, 0.154405, 0.050000, 1
-0.388923, 0.628456, 0.673634, 0.314228, 0.777845, -0.544259, -0.866025, 0.000000, -0.500000, 1.406301, 0.149389, 0.050000, 1
-0.387799, 0.631228, 0.671687, 0.315614, 0.775597, -0.546660, -0.866025, -0.000000, -0.500000, 1.406825, 0.144369, 0.050000, 1
-0.386669, 0.633994, 0.669731, 0.316997, 0.773338, -0.549055, -0.866025, 0.000000, -0.500000, 1.407332, 0.139345, 0.050000, 1
-0.385534, 0.636753, 0.667765, 0.318376, 0.771068, -0.551444, -0.866025, -0.000000, -0.500000, 1.407821, 0.134316, 0.050000, 1
-0.384394, 0.639505, 0.665789, 0.319752, 0.768787, -0.553827, -0.866025, -0.000000, -0.500000, 1.408292, 0.129282, 0.050000, 1
-0.383248, 0.642250, 0.663804, 0.321125, 0.766495, -0.556205, -0.866025, -0.000000, -0.500000, 1.408745, 0.124245, 0.050000, 1
-0.382096, 0.644988, 0.661810, 0.322494, 0.764192, -0.558576, -0.866025, -0.000000, -0.500000, 1.409181, 0.119204, 0.050000, 1
-0.380939, 0.647720, 0.659806, 0.323860, 0.761879, -0.560942, -0.866025, -0.000000, -0.500000, 1.409598, 0.114159, 0.050000, 1
-0.379777, 0.650444, 0.657793, 0.325222, 0.759554, -0.563301, -0.866025, -0.000000, -0.500000, 1.409998, 0.109111, 0.050000, 1
-0.378610, 0.653161, 0.655771, 0.326580, 0.757219, -0.565654, -0.866025, -0.000000, -0.500000, 1.410380, 0.104059, 0.050000, 1
-0.377437, 0.655870, 0.653740, 0.327935, 0.754874, -0.568000, -0.866025, -0.000000, -0.500000, 1.410744, 0.099003, 0.050000, 1
-0.376259, 0.658572, 0.651699, 0.329286, 0.752517, -0.570340, -0.866025, -0.000000, -0.500000, 1.411090, 0.093945, 0.050000, 1
-0.375075, 0.661267, 0.649650, 0.330633, 0.750151, -0.572674, -0.866025, -0.000000, -0.500000, 1.411418, 0.088884, 0.050000, 1
-0.373887, 0.663954, 0.647591, 0.331977, 0.747774, -0.575001, -0.866025, -0.000000, -0.500000, 1.411727, 0.083820, 0.050000, 1
-0.372693, 0.666633, 0.645523, 0.333317, 0.745386, -0.577321, -0.866025, -0.000000, -0.500000, 1.412019, 0.078753, 0.050000, 1
-0.371494, 0.669304, 0.643447, 0.334652, 0.742988, -0.579635, -0.866025, -0.000000, -0.500000, 1.412293, 0.073684, 0.050000, 1
-0.370290, 0.671968, 0.641361, 0.335984, 0.740580, -0.581941, -0.866025, -0.000000, -0.500000, 1.412548, 0.068612, 0.050000, 1
-0.369081, 0.674623, 0.639267, 0.337312, 0.738162, -0.584241, -0.866025, -0.000000, -0.500000, 1.412785, 0.063539, 0.050000, 1
-0.367867, 0.677271, 0.637164, 0.338635, 0.735734, -0.586534, -0.866025, -0.000000, -0.500000, 1.413005, 0.058463, 0.050000, 1
-0.366648, 0.679910, 0.635053, 0.339955, 0.733295, -0.588819, -0.866025, -0.000000, -0.500000, 1.413206, 0.053385, 0.050000, 1
-0.365424, 0.682541, 0.632932, 0.341271, 0.730847, -0.591098, -0.866025, -0.000000, -0.500000, 1.413388, 0.048306, 0.050000, 1
-0.364195, 0.685164, 0.630803, 0.342582, 0.728389, -0.593369, -0.866025, -0.000000, -0.500000, 1.413553, 0.043225, 0.050000, 1
-0.362961, 0.687778, 0.628666, 0.343889, 0.725921, -0.595633, -0.866025, -0.000000, -0.500000, 1.413699, 0.038143, 0.050000, 1
-0.361722, 0.690384, 0.626520, 0.345192, 0.723443, -0.597890, -0.866025, -0.000000, -0.500000, 1.413827, 0.033060, 0.050000, 1
-0.360478, 0.692981, 0.624366, 0.346490, 0.720956, -0.600139, -0.866025, -0.000000, -0.500000, 1.413937, 0.027976, 0.050000, 1
-0.359230, 0.695569, 0.622204, 0.347785, 0.718459, -0.602380, -0.866025, -0.000000, -0.500000, 1.414028, 0.022890, 0.050000, 1
-0.357976, 0.698149, 0.620033, 0.349074, 0.715953, -0.604614, -0.866025, -0.000000, -0.500000, 1.414101, 0.017804, 0.050000, 1
-0.356719, 0.700719, 0.617855, 0.350360, 0.713437, -0.606841, -0.866025, -0.000000, -0.500000, 1.414156, 0.012718, 0.050000, 1
-0.355456, 0.703281, 0.615668, 0.351641, 0.710912, -0.609059, -0.866025, 0.000000, -0.500000, 1.414193, 0.007631, 0.050000, 1
-0.354189, 0.705834, 0.613473, 0.352917, 0.708377, -0.611270, -0.866025, -0.000000, -0.500000, 1.414211, 0.002544, 0.050000, 1
-0.352917, 0.708377, 0.611270, 0.354189, 0.705834, -0.613473, -0.866025, -0.000000, -0.500000, 1.414211, -0.002544, 0.050000, 1
-0.351641, 0.710912, 0.609059, 0.355456, 0.703281, -0.615668, -0.866025, 0.000000, -0.500000, 1.414193, -0.007631, 0.050000, 1
-0.350360, 0.713437, 0.606841, 0.356719, 0.700719, -0.617855, -0.866025, -0.000000, -0.500000, 1.414156, -0.012718, 0.050000, 1
-0.349074, 0.715953, 0.604614, 0.357976, 0.698149, -0.620033, -0.866025, -0.000000, -0.500000, 1.414101, -0.017804, 0.050000, 1
-0.347785, 0.718459, 0.602380, 0.359230, 0.695569, -0.622204, -0.866025, 0.000000, -0.500000, 1.414028, -0.022890, 0.050000, 1
-0.346490, 0.720956, 0.600139, 0.360478, 0.692981, -0.624366, -0.866025, -0.000000, -0.500000, 1.413937, -0.027976, 0.050000, 1
-0.345192, 0.723443, 0.597890, 0.361722, 0.690384, -0.626520, -0.866025, 0.000000, -0.500000, 1.413827, -0.033060, 0.050000, 1
-0.343889, 0.725921, 0.595633, 0.362961, 0.687778, -0.628666, -0.866025, -0.000000, -0.500000, 1.413699, -0.038143, 0.050000, 1
-0.342582, 0.728389, 0.593369, 0.364195, 0.685164, -0.630803, -0.866025, 0.000000, -0.500000, 1.413553, -0.043225, 0.050000, 1
-0.341271, 0.730847, 0.591098, 0.365424, 0.682541, -0.632932, -0.866025, -0.000000, -0.500000, 1.413388, -0.048306, 0.050000, 1
-0.339955, 0.733295, 0.588819, 0.366648, 0.679910, -0.635053, -0.866025, 0.000000, -0.500000, 1.413206, -0.053385, 0.050000, 1
-0.338635, 0.735734, 0.586534, 0.367867, 0.677271, -0.637164, -0.866025, 0.000000, -0.500000, 1.413005, -0.058463, 0.050000, 1
-0.337312, 0.738162, 0.584241, 0.369081, 0.674623, -0.639267, -0.866025, -0.000000, -0.500000, 1.412785, -0.063539, 0.050000, 1
-0.335984, 0.740580, 0.581941, 0.370290, 0.671968, -0.641361, -0.866025, -0.000000, -0.500000, 1.412548, -0.068612, 0.050000, 1
-0.334652, 0.742988, 0.579635, 0.371494, 0.669304, -0.643447, -0.866025, -0.000000, -0.500000, 1.412293, -0.073684, 0.050000, 1
-0.333317, 0.745386, 0.577321, 0.372693, 0.666633, -0.645523, -0.866025, -0.000000, -0.500000, 1.412019, -0.078753, 0.050000, 1
-0.331977, 0.747774, 0.575001, 0.373887, 0.663954, -0.647591, -0.866025, -0.000000, -0.500000, 1.411727, -0.083820, 0.050000, 1
-0.330633, 0.750151, 0.572674, 0.375075, 0.661267, -0.649650, -0.866025, 0.000000, -0.500000, 1.411418, -0.088884, 0.050000, 1
-0.329286, 0.752517, 0.570340, 0.376259, 0.658572, -0.651699, -0.866025, -0.000000, -0.500000, 1.411090, -0.093945, 0.050000, 1
-0.327935, 0.754874, 0.568000, 0.377437, 0.655870, -0.653740, -0.866025, -0.000000, -0.500000, 1.410744, -0.099003, 0.050000, 1
-0.326580, 0.757219, 0.565654, 0.378610, 0.653161, -0.655771, -0.866025, -0.000000, -0.500000, 1.410380, -0.104059, 0.050000, 1
-0.325222, 0.759554, 0.563301, 0.379777, 0.650444, -0.657793, -0.866025, -0.000000, -0.500000, 1.409998, -0.109111, 0.050000, 1
-0.323860, 0.761879, 0.560942, 0.380939, 0.647720, -0.659806, -0.866025, -0.000000, -0.500000, 1.409598, -0.114159, 0.050000, 1
-0.322494, 0.764192, 0.558576, 0.382096, 0.644988, -0.661810, -0.866025, -0.000000, -0.500000, 1.409181, -0.119204, 0.050000, 1
-0.321125, 0.766495, 0.556205, 0.383248, 0.642250, -0.663804, -0.866025, -0.000000, -0.500000, 1.408745, -0.124245, 0.050000, 1
-0.319752, 0.768787, 0.553827, 0.384394, 0.639505, -0.665789, -0.866025, -0.000000, -0.500000, 1.408292, -0.129282, 0.050000, 1
-0.318376, 0.771068, 0.551444, 0.385534, 0.636753, -0.667765, -0.866025, -0.000000, -0.500000, 1.407821, -0.134316, 0.050000, 1
-0.316997, 0.773338, 0.549055, 0.386669, 0.633994, -0.669731, -0.866025, -0.000000, -0.500000, 1.407332, -0.139345, 0.050000, 1
-0.315614, 0.775597, 0.546660, 0.387799, 0.631228, -0.671687, -0.866025, -0.000000, -0.500000, 1.406825, -0.144369, 0.050000, 1
-0.314228, 0.777845, 0.544259, 0.388923, 0.628456, -0.673634, -0.866025, -0.000000, -0.500000, 1.406301, -0.149389, 0.050000, 1
-0.312839, 0.780082, 0.541852, 0.390041, 0.625677, -0.675571, -0.866025, -0.000000, -0.500000, 1.405759, -0.154405, 0.050000, 1
-0.311446, 0.782308, 0.539441, 0.391154, 0.622892, -0.677498, -0.866025, -0.000000, -0.500000, 1.405200, -0.159415, 0.050000, 1
-0.310051, 0.784522, 0.537023, 0.392261, 0.620101, -0.679416, -0.866025, -0.000000, -0.500000, 1.404623, -0.164421, 0.050000, 1
-0.308652, 0.786725, 0.534601, 0.393362, 0.617304, -0.681324, -0.866025, -0.000000, -0.500000, 1.404029, -0.169421, 0.050000, 1
-0.307250, 0.788917, 0.532173, 0.394458, 0.614500, -0.683222, -0.866025, -0.000000, -0.500000, 1.403417, -0.174416, 0.050000, 1
-0.305845, 0.791097, 0.529740, 0.395548, 0.611691, -0.685110, -0.866025, -0.000000, -0.500000, 1.402788, -0.179406, 0.050000, 1
-0.304438, 0.793266, 0.527302, 0.396633, 0.608876, -0.686988, -0.866025, 0.000000, -0.500000, 1.402141, -0.184390, 0.050000, 1
-0.303027, 0.795423, 0.524859, 0.397712, 0.606055, -0.688857, -0.866025, -0.000000, -0.500000, 1.401478, -0.189368, 0.050000, 1
-0.301614, 0.797569, 0.522411, 0.398784, 0.603228, -0.690715, -0.866025, -0.000000, -0.500000, 1.400797, -0.194341, 0.050000, 1
-0.300198, 0.799703, 0.519958, 0.399851, 0.600396, -0.692563, -0.866025, -0.000000, -0.500000, 1.400099, -0.199307, 0.050000, 1
-0.298779, 0.801825, 0.517501, 0.400913, 0.597558, -0.694401, -0.866025, -0.000000, -0.500000, 1.399384, -0.204267, 0.050000, 1
-0.297358, 0.803936, 0.515039, 0.401968, 0.594715, -0.696229, -0.866025, 0.000000, -0.500000, 1.398652, -0.209221, 0.050000, 1
-0.295934, 0.806035, 0.512572, 0.403018, 0.591867, -0.698047, -0.866025, -0.000000, -0.500000, 1.397903, -0.214168, 0.050000, 1
-0.294507, 0.808123, 0.510101, 0.404061, 0.589014, -0.699855, -0.866025, -0.000000, -0.500000, 1.397137, -0.219109, 0.050000, 1
-0.293078, 0.810198, 0.507626, 0.405099, 0.586156, -0.701652, -0.866025, -0.000000, -0.500000, 1.396354, -0.224042, 0.050000, 1
-0.291646, 0.812262, 0.505146, 0.406131, 0.583293, -0.703440, -0.866025, -0.000000, -0.500000, 1.395555, -0.228969, 0.050000, 1
-0.290212, 0.814314, 0.502663, 0.407157, 0.580425, -0.705216, -0.866025, -0.000000, -0.500000, 1.394739, -0.233889, 0.050000, 1
-0.288776, 0.816354, 0.500175, 0.408177, 0.577552, -0.706983, -0.866025, -0.000000, -0.500000, 1.393906, -0.238801, 0.050000, 1
-0.287338, 0.818382, 0.497683, 0.409191, 0.574675, -0.708739, -0.866025, -0.000000, -0.500000, 1.393057, -0.243706, 0.050000, 1
-0.285897, 0.820397, 0.495188, 0.410199, 0.571794, -0.710485, -0.866025, -0.000000, -0.500000, 1.392191, -0.248604, 0.050000, 1
-0.284454, 0.822401, 0.492689, 0.411201, 0.568908, -0.712220, -0.866025, -0.000000, -0.500000, 1.391309, -0.253494, 0.050000, 1
-0.283009, 0.824393, 0.490186, 0.412197, 0.566018, -0.713945, -0.866025, -0.000000, -0.500000, 1.390411, -0.258375, 0.050000, 1
-0.281562, 0.826373, 0.487679, 0.413186, 0.563123, -0.715660, -0.866025, -0.000000, -0.500000, 1.389496, -0.263249, 0.050000, 1
-0.280113, 0.828340, 0.485169, 0.414170, 0.560225, -0.717364, -0.866025, -0.000000, -0.500000, 1.388566, -0.268115, 0.050000, 1
-0.278661, 0.830296, 0.482656, 0.415148, 0.557323, -0.719057, -0.866025, -0.000000, -0.500000, 1.387619, -0.272973, 0.050000, 1
-0.277209, 0.832239, 0.480139, 0.416119, 0.554417, -0.720740, -0.866025, -0.000000, -0.500000, 1.386656, -0.277822, 0.050000, 1
-0.275754, 0.834170, 0.477619, 0.417085, 0.551507, -0.722412, -0.866025, -0.000000, -0.500000, 1.385677, -0.282663, 0.050000, 1
-0.274297, 0.836089, 0.475097, 0.418044, 0.548594, -0.724074, -0.866025, -0.000000, -0.500000, 1.384683, -0.287494, 0.050000, 1
-0.272839, 0.837995, 0.472571, 0.418998, 0.545678, -0.725725, -0.866025, -0.000000, -0.500000, 1.383673, -0.292317, 0.050000, 1
-0.271379, 0.839889, 0.470042, 0.419945, 0.542758, -0.727365, -0.866025, -0.000000, -0.500000, 1.382647, -0.297132, 0.050000, 1
-0.269917, 0.841771, 0.467510, 0.420886, 0.539835, -0.728995, -0.866025, -0.000000, -0.500000, 1.381606, -0.301937, 0.050000, 1
-0.268454, 0.843641, 0.464976, 0.421820, 0.536908, -0.730614, -0.866025, 0.000000, -0.500000, 1.380549, -0.306732, 0.050000, 1
-0.266990, 0.845498, 0.462439, 0.422749, 0.533979, -0.732222, -0.866025, -0.000000, -0.500000, 1.379477, -0.311519, 0.050000, 1
-0.265523, 0.847342, 0.459900, 0.423671, 0.531047, -0.733820, -0.866025, -0.000000, -0.500000, 1.378389, -0.316295, 0.050000, 1
-0.264056, 0.849175, 0.457359, 0.424587, 0.528112, -0.735407, -0.866025, -0.000000, -0.500000, 1.377287, -0.321063, 0.050000, 1
-0.262587, 0.850994, 0.454815, 0.425497, 0.525175, -0.736983, -0.866025, -0.000000, -0.500000, 1.376169, -0.325820, 0.050000, 1
-0.261117, 0.852802, 0.452268, 0.426401, 0.522235, -0.738548, -0.866025, -0.000000, -0.500000, 1.375036, -0.330567, 0.050000, 1
-0.259646, 0.854597, 0.449720, 0.427298, 0.519292, -0.740103, -0.866025, -0.000000, -0.500000, 1.373889, -0.335305, 0.050000, 1
-0.258174, 0.856379, 0.447170, 0.428190, 0.516347, -0.741646, -0.866025, -0.000000, -0.500000, 1.372727, -0.340032, 0.050000, 1
-0.256700, 0.858149, 0.444618, 0.429075, 0.513401, -0.743179, -0.866025, -0.000000, -0.500000, 1.371550, -0.344749, 0.050000, 1
-0.255226, 0.859906, 0.442064, 0.429953, 0.510452, -0.744701, -0.866025, -0.000000, -0.500000, 1.370358, -0.349455, 0.050000, 1
-0.253750, 0.861651, 0.439508, 0.430826, 0.507501, -0.746212, -0.866025, -0.000000, -0.500000, 1.369152, -0.354151, 0.050000, 1
-0.252274, 0.863384, 0.436951, 0.431692, 0.504548, -0.747712, -0.866025, -0.000000, -0.500000, 1.367932, -0.358836, 0.050000, 1
-0.250797, 0.865103, 0.434393, 0.432552, 0.501594, -0.749202, -0.866025, -0.000000, -0.500000, 1.366697, -0.363510, 0.050000, 1
-0.249319, 0.866811, 0.431833, 0.433405, 0.498638, -0.750680, -0.866025, -0.000000, -0.500000, 1.365448, -0.368173, 0.050000, 1
-0.247840, 0.868505, 0.429271, 0.434253, 0.495680, -0.752148, -0.866025, -0.000000, -0.500000, 1.364185, -0.372825, 0.050000, 1
-0.246361, 0.870187, 0.426709, 0.435094, 0.492721, -0.753604, -0.866025, -0.000000, -0.500000, 1.362908, -0.377466, 0.050000, 1
-0.244881, 0.871857, 0.424146, 0.435928, 0.489761, -0.755050, -0.866025, -0.000000, -0.500000, 1.361618, -0.382096, 0.050000, 1
-0.243400, 0.873514, 0.421581, 0.436757, 0.486800, -0.756485, -0.866025, -0.000000, -0.500000, 1.360313, -0.386714, 0.050000, 1
-0.241919, 0.875158, 0.419016, 0.437579, 0.483838, -0.757909, -0.866025, -0.000000, -0.500000, 1.358995, -0.391320, 0.050000, 1
-0.240437, 0.876789, 0.416450, 0.438395, 0.480875, -0.759322, -0.866025, -0.000000, -0.500000, 1.357664, -0.395915, 0.050000, 1
-0.238955, 0.878408, 0.413883, 0.439204, 0.477911, -0.760724, -0.866025, -0.000000, -0.500000, 1.356319, -0.400498, 0.050000, 1
-0.237473, 0.880015, 0.411316, 0.440007, 0.474946, -0.762115, -0.866025, -0.000000, -0.500000, 1.354961, -0.405068, 0.050000, 1
-0.235991, 0.881609, 0.408748, 0.440804, 0.471981, -0.763495, -0.866025, -0.000000, -0.500000, 1.353590, -0.409627, 0.050000, 1
-0.234508, 0.883190, 0.406180, 0.441595, 0.469016, -0.764865, -0.866025, -0.000000, -0.500000, 1.352206, -0.414174, 0.050000, 1
-0.233025, 0.884758, 0.403611, 0.442379, 0.466050, -0.766223, -0.866025, -0.000000, -0.500000, 1.350809, -0.418708, 0.050000, 1
-0.231542, 0.886314, 0.401043, 0.443157, 0.463085, -0.767571, -0.866025, -0.000000, -0.500000, 1.349399, -0.423230, 0.050000, 1
-0.230059, 0.887857, 0.398474, 0.443929, 0.460119, -0.768907, -0.866025, -0.000000, -0.500000, 1.347976, -0.427739, 0.050000, 1
-0.228576, 0.889388, 0.395906, 0.444694, 0.457153, -0.770233, -0.866025, -0.000000, -0.500000, 1.346541, -0.432235, 0.050000, 1
-0.227094, 0.890906, 0.393338, 0.445453, 0.454187, -0.771547, -0.866025, -0.000000, -0.500000, 1.345093, -0.436719, 0.050000, 1
-0.225611, 0.892412, 0.390770, 0.446206, 0.451222, -0.772851, -0.866025, -0.000000, -0.500000, 1.343634, -0.441190, 0.050000, 1
-0.224129, 0.893905, 0.388202, 0.446952, 0.448257, -0.774144, -0.866025, -0.000000, -0.500000, 1.342162, -0.445648, 0.050000, 1
-0.222646, 0.895385, 0.385635, 0.447693, 0.445293, -0.775426, -0.866025, -0.000000, -0.500000, 1.340678, -0.450092, 0.050000, 1
-0.221165, 0.896853, 0.383068, 0.448426, 0.442329, -0.776697, -0.866025, -0.000000, -0.500000, 1.339182, -0.454524, 0.050000, 1
-0.219683, 0.898308, 0.380502, 0.449154, 0.439366, -0.777958, -0.866025, -0.000000, -0.500000, 1.337674, -0.458942, 0.050000, 1
-0.218202, 0.899751, 0.377937, 0.449875, 0.436404, -0.779207, -0.866025, -0.000000, -0.500000, 1.336155, -0.463346, 0.050000, 1
-0.216722, 0.901181, 0.375373, 0.450590, 0.433444, -0.780445, -0.866025, -0.000000, -0.500000, 1.334624, -0.467737, 0.050000, 1
-0.215242, 0.902598, 0.372810, 0.451299, 0.430484, -0.781673, -0.866025, -0.000000, -0.500000, 1.333082, -0.472114, 0.050000, 1
-0.213763, 0.904003, 0.370248, 0.452002, 0.427525, -0.782890, -0.866025, -0.000000, -0.500000, 1.331529, -0.476478, 0.050000, 1
-0.212284, 0.905396, 0.367687, 0.452698, 0.424568, -0.784096, -0.866025, -0.000000, -0.500000, 1.329964, -0.480827, 0.050000, 1
-0.210806, 0.906776, 0.365127, 0.453388, 0.421613, -0.785291, -0.866025, -0.000000, -0.500000, 1.328389, -0.485163, 0.050000, 1
-0.209330, 0.908144, 0.362569, 0.454072, 0.418659, -0.786475, -0.866025, -0.000000, -0.500000, 1.326803, -0.489484, 0.050000, 1
-0.207853, 0.909499, 0.360013, 0.454749, 0.415707, -0.787649, -0.866025, -0.000000, -0.500000, 1.325206, -0.493792, 0.050000, 1
-0.206378, 0.910841, 0.357458, 0.455421, 0.412757, -0.788812, -0.866025, -0.000000, -0.500000, 1.323598, -0.498085, 0.050000, 1
-0.204904, 0.912172, 0.354904, 0.456086, 0.409808, -0.789964, -0.866025, -0.000000, -0.500000, 1.321980, -0.502363, 0.050000, 1
-0.203431, 0.913490, 0.352353, 0.456745, 0.406862, -0.791105, -0.866025, -0.000000, -0.500000, 1.320352, -0.506627, 0.050000, 1
-0.201959, 0.914795, 0.349804, 0.457398, 0.403918, -0.792236, -0.866025, -0.000000, -0.500000, 1.318713, -0.510877, 0.050000, 1
-0.200488, 0.916088, 0.347256, 0.458044, 0.400977, -0.793356, -0.866025, -0.000000, -0.500000, 1.317065, -0.515111, 0.050000, 1
-0.199019, 0.917369, 0.344711, 0.458685, 0.398038, -0.794465, -0.866025, 0.000000, -0.500000, 1.315407, -0.519331, 0.050000, 1
-0.197551, 0.918638, 0.342168, 0.459319, 0.395101, -0.795563, -0.866025, -0.000000, -0.500000, 1.313739, -0.523536, 0.050000, 1
-0.196084, 0.919894, 0.339627, 0.459947, 0.392167, -0.796651, -0.866025, -0.000000, -0.500000, 1.312061, -0.527726, 0.050000, 1
-0.194618, 0.921138, 0.337089, 0.460569, 0.389237, -0.797729, -0.866025, -0.000000, -0.500000, 1.310374, -0.531901, 0.050000, 1
-0.193154, 0.922370, 0.334553, 0.461185, 0.386309, -0.798796, -0.866025, -0.000000, -0.500000, 1.308678, -0.536061, 0.050000, 1
-0.191692, 0.923589, 0.332020, 0.461795, 0.383384, -0.799852, -0.866025, -0.000000, -0.500000, 1.306973, -0.540206, 0.050000, 1
-0.190231, 0.924797, 0.329490, 0.462398, 0.380462, -0.800897, -0.866025, -0.000000, -0.500000, 1.305259, -0.544335, 0.050000, 1
-0.188772, 0.925992, 0.326962, 0.462996, 0.377544, -0.801932, -0.866025, -0.000000, -0.500000, 1.303535, -0.548448, 0.050000, 1
-0.187314, 0.927175, 0.324438, 0.463587, 0.374629, -0.802957, -0.866025, 0.000000, -0.500000, 1.301804, -0.552546, 0.050000, 1
-0.185859, 0.928346, 0.321916, 0.464173, 0.371717, -0.803971, -0.866025, -0.000000, -0.500000, 1.300063, -0.556629, 0.050000, 1
-0.184405, 0.929505, 0.319398, 0.464753, 0.368809, -0.804975, -0.866025, -0.000000, -0.500000, 1.298314, -0.560696, 0.050000, 1
-0.182953, 0.930652, 0.316883, 0.465326, 0.365905, -0.805968, -0.866025, -0.000000, -0.500000, 1.296557, -0.564747, 0.050000, 1
-0.181503, 0.931787, 0.314372, 0.465894, 0.363005, -0.806951, -0.866025, 0.000000, -0.500000, 1.294792, -0.568782, 0.050000, 1
-0.180055, 0.932910, 0.311864, 0.466455, 0.360109, -0.807924, -0.866025, -0.000000, -0.500000, 1.293019, -0.572801, 0.050000, 1
-0.178609, 0.934021, 0.309359, 0.467011, 0.357217, -0.808886, -0.866025, -0.000000, -0.500000, 1.291239, -0.576804, 0.050000, 1
-0.177165, 0.935121, 0.306858, 0.467560, 0.354330, -0.809838, -0.866025, 0.000000, -0.500000, 1.289450, -0.580791, 0.050000, 1
-0.175723, 0.936208, 0.304361, 0.468104, 0.351446, -0.810780, -0.866025, -0.000000, -0.500000, 1.287654, -0.584762, 0.050000, 1
-0.174284, 0.937284, 0.301868, 0.468642, 0.348568, -0.811711, -0.866025, -0.000000, -0.500000, 1.285851, -0.588716, 0.050000, 1
-0.172847, 0.938348, 0.299379, 0.469174, 0.345693, -0.812633, -0.866025, -0.000000, -0.500000, 1.284041, -0.592654, 0.050000, 1
-0.171412, 0.939400, 0.296894, 0.469700, 0.342824, -0.813544, -0.866025, 0.000000, -0.500000, 1.282224, -0.596576, 0.050000, 1
-0.169980, 0.940440, 0.294413, 0.470220, 0.339959, -0.814445, -0.866025, 0.000000, -0.500000, 1.280399, -0.600481, 0.050000, 1
-0.168550, 0.941469, 0.291937, 0.470735, 0.337100, -0.815336, -0.866025, -0.000000, -0.500000, 1.278569, -0.604370, 0.050000, 1
-0.167122, 0.942486, 0.289465, 0.471243, 0.334245, -0.816217, -0.866025, -0.000000, -0.500000, 1.276731, -0.608241, 0.050000, 1
-0.165698, 0.943492, 0.286997, 0.471746, 0.331395, -0.817088, -0.866025, -0.000000, -0.500000, 1.274887, -0.612096, 0.050000, 1
-0.164276, 0.944486, 0.284534, 0.472243, 0.328551, -0.817949, -0.866025, -0.000000, -0.500000, 1.273037, -0.615935, 0.050000, 1
-0.162856, 0.945469, 0.282075, 0.472734, 0.325713, -0.818800, -0.866025, 0.000000, -0.500000, 1.271181, -0.619756, 0.050000, 1
-0.161440, 0.946440, 0.279622, 0.473220, 0.322880, -0.819641, -0.866025, -0.000000, -0.500000, 1.269320, -0.623561, 0.050000, 1
-0.160026, 0.947400, 0.277173, 0.473700, 0.320052, -0.820472, -0.866025, -0.000000, -0.500000, 1.267452, -0.627348, 0.050000, 1
-0.158615, 0.948349, 0.274730, 0.474174, 0.317230, -0.821294, -0.866025, -0.000000, -0.500000, 1.265579, -0.631118, 0.050000, 1
-0.157207, 0.949286, 0.272291, 0.474643, 0.314414, -0.822106, -0.866025, -0.000000, -0.500000, 1.263700, -0.634871, 0.050000, 1
-0.155802, 0.950212, 0.269857, 0.475106, 0.311605, -0.822908, -0.866025, -0.000000, -0.500000, 1.261816, -0.638607, 0.050000, 1
-0.154400, 0.951127, 0.267429, 0.475563, 0.308801, -0.823700, -0.866025, 0.000000, -0.500000, 1.259928, -0.642326, 0.050000, 1
-0.153002, 0.952030, 0.265007, 0.476015, 0.306003, -0.824483, -0.866025, -0.000000, -0.500000, 1.258034, -0.646027, 0.050000, 1
-0.151606, 0.952923, 0.262589, 0.476462, 0.303212, -0.825256, -0.866025, 0.000000, -0.500000, 1.256135, -0.649711, 0.050000, 1
-0.150214, 0.953805, 0.260178, 0.476902, 0.300427, -0.826019, -0.866025, -0.000000, -0.500000, 1.254232, -0.653377, 0.050000, 1
-0.148825, 0.954675, 0.257772, 0.477338, 0.297649, -0.826773, -0.866025, 0.000000, -0.500000, 1.252325, -0.657026, 0.050000, 1
-0.147439, 0.955535, 0.255372, 0.477768, 0.294878, -0.827518, -0.866025, 0.000000, -0.500000, 1.250413, -0.660657, 0.050000, 1
-0.146056, 0.956384, 0.252977, 0.478192, 0.292113, -0.828253, -0.866025, -0.000000, -0.500000, 1.248497, -0.664271, 0.050000, 1
-0.144678, 0.957222, 0.250589, 0.478611, 0.289355, -0.828978, -0.866025, -0.000000, -0.500000, 1.246577, -0.667867, 0.050000, 1
-0.143302, 0.958049, 0.248207, 0.479025, 0.286604, -0.829695, -0.866025, -0.000000, -0.500000, 1.244653, -0.671445, 0.050000, 1
-0.141930, 0.958866, 0.245831, 0.479433, 0.283861, -0.830402, -0.866025, -0.000000, -0.500000, 1.242726, -0.675005, 0.050000, 1
-0.140562, 0.959671, 0.243461, 0.479836, 0.281124, -0.831100, -0.866025, -0.000000, -0.500000, 1.240796, -0.678547, 0.050000, 1
-0.139198, 0.960467, 0.241097, 0.480233, 0.278395, -0.831789, -0.866025, -0.000000, -0.500000, 1.238862, -0.682072, 0.050000, 1
-0.137837, 0.961251, 0.238740, 0.480626, 0.275673, -0.832468, -0.866025, -0.000000, -0.500000, 1.236925, -0.685578, 0.050000, 1
-0.136480, 0.962026, 0.236390, 0.481013, 0.272959, -0.833139, -0.866025, -0.000000, -0.500000, 1.234985, -0.689066, 0.050000, 1
-0.135126, 0.962789, 0.234046, 0.481395, 0.270253, -0.833800, -0.866025, -0.000000, -0.500000, 1.233042, -0.692536, 0.050000, 1
-0.133777, 0.963543, 0.231709, 0.481771, 0.267554, -0.834453, -0.866025, -0.000000, -0.500000, 1.231097, -0.695989, 0.050000, 1
-0.132432, 0.964286, 0.229379, 0.482143, 0.264864, -0.835096, -0.866025, -0.000000, -0.500000, 1.229149, -0.699422, 0.050000, 1
-0.131090, 0.965019, 0.227055, 0.482509, 0.262181, -0.835731, -0.866025, -0.000000, -0.500000, 1.227200, -0.702838, 0.050000, 1
-0.129753, 0.965741, 0.224739, 0.482871, 0.259506, -0.836357, -0.866025, -0.000000, -0.500000, 1.225248, -0.706235, 0.050000, 1
-0.128420, 0.966454, 0.222430, 0.483227, 0.256840, -0.836974, -0.866025, -0.000000, -0.500000, 1.223294, -0.709614, 0.050000, 1
-0.127091, 0.967156, 0.220128, 0.483578, 0.254182, -0.837582, -0.866025, -0.000000, -0.500000, 1.221338, -0.712975, 0.050000, 1
-0.125766, 0.967849, 0.217833, 0.483924, 0.251532, -0.838182, -0.866025, -0.000000, -0.500000, 1.219381, -0.716317, 0.050000, 1
-0.124445, 0.968532, 0.215546, 0.484266, 0.248891, -0.838773, -0.866025, -0.000000, -0.500000, 1.217422, -0.719641, 0.050000, 1
-0.123129, 0.969204, 0.213266, 0.484602, 0.246258, -0.839355, -0.866025, -0.000000, -0.500000, 1.215463, -0.722946, 0.050000, 1
-0.121817, 0.969867, 0.210994, 0.484934, 0.243635, -0.839930, -0.866025, -0.000000, -0.500000, 1.213502, -0.726232, 0.050000, 1
-0.120510, 0.970520, 0.208729, 0.485260, 0.241020, -0.840495, -0.866025, -0.000000, -0.500000, 1.211540, -0.729500, 0.050000, 1
-0.119207, 0.971164, 0.206473, 0.485582, 0.238414, -0.841052, -0.866025, -0.000000, -0.500000, 1.209578, -0.732750, 0.050000, 1
-0.117909, 0.971797, 0.204224, 0.485899, 0.235817, -0.841601, -0.866025, -0.000000, -0.500000, 1.207615, -0.735980, 0.050000, 1
-0.116615, 0.972422, 0.201983, 0.486211, 0.233230, -0.842142, -0.866025, 0.000000, -0.500000, 1.205651, -0.739192, 0.050000, 1
-0.115326, 0.973037, 0.199750, 0.486518, 0.230651, -0.842674, -0.866025, -0.000000, -0.500000, 1.203688, -0.742385, 0.050000, 1
-0.114041, 0.973642, 0.197525, 0.486821, 0.228082, -0.843199, -0.866025, 0.000000, -0.500000, 1.201724, -0.745560, 0.050000, 1
-0.112761, 0.974238, 0.195308, 0.487119, 0.225523, -0.843715, -0.866025, 0.000000, -0.500000, 1.199761, -0.748715, 0.050000, 1
-0.111486, 0.974825, 0.193100, 0.487412, 0.222973, -0.844223, -0.866025, -0.000000, -0.500000, 1.197797, -0.751852, 0.050000, 1
-0.110216, 0.975402, 0.190900, 0.487701, 0.220433, -0.844723, -0.866025, -0.000000, -0.500000, 1.195835, -0.754970, 0.050000, 1
-0.108951, 0.975971, 0.188709, 0.487985, 0.217902, -0.845215, -0.866025, -0.000000, -0.500000, 1.193873, -0.758068, 0.050000, 1
-0.107691, 0.976530, 0.186526, 0.488265, 0.215382, -0.845700, -0.866025, -0.000000, -0.500000, 1.191912, -0.761148, 0.050000, 1
-0.106436, 0.977080, 0.184352, 0.488540, 0.212871, -0.846176, -0.866025, -0.000000, -0.500000, 1.189951, -0.764209, 0.050000, 1
-0.105185, 0.977622, 0.182186, 0.488811, 0.210371, -0.846645, -0.866025, -0.000000, -0.500000, 1.187992, -0.767251, 0.050000, 1
-0.103940, 0.978154, 0.180030, 0.489077, 0.207881, -0.847106, -0.866025, 0.000000, -0.500000, 1.186035, -0.770274, 0.050000, 1
-0.102700, 0.978678, 0.177882, 0.489339, 0.205401, -0.847560, -0.866025, -0.000000, -0.500000, 1.184079, -0.773277, 0.050000, 1
-0.101466, 0.979193, 0.175744, 0.489596, 0.202931, -0.848006, -0.866025, -0.000000, -0.500000, 1.182124, -0.776262, 0.050000, 1
-0.100236, 0.979699, 0.173614, 0.489850, 0.200472, -0.848445, -0.866025, -0.000000, -0.500000, 1.180172, -0.779227, 0.050000, 1
-0.099012, 0.980197, 0.171494, 0.490099, 0.198024, -0.848876, -0.866025, -0.000000, -0.500000, 1.178221, -0.782173, 0.050000, 1
-0.097793, 0.980687, 0.169383, 0.490343, 0.195586, -0.849299, -0.866025, -0.000000, -0.500000, 1.176273, -0.785100, 0.050000, 1
-0.096580, 0.981167, 0.167281, 0.490584, 0.193159, -0.849716, -0.866025, -0.000000, -0.500000, 1.174327, -0.788008, 0.050000, 1
-0.095372, 0.981640, 0.165189, 0.490820, 0.190743, -0.850125, -0.866025, 0.000000, -0.500000, 1.172383, -0.790897, 0.050000, 1
-0.094169, 0.982104, 0.163106, 0.491052, 0.188338, -0.850527, -0.866025, -0.000000, -0.500000, 1.170443, -0.793766, 0.050000, 1
-0.092972, 0.982560, 0.161033, 0.491280, 0.185944, -0.850922, -0.866025, 0.000000, -0.500000, 1.168505, -0.796616, 0.050000, 1
-0.091781, 0.983008, 0.158969, 0.491504, 0.183562, -0.851310, -0.866025, -0.000000, -0.500000, 1.166570, -0.799446, 0.050000, 1
-0.090595, 0.983448, 0.156916, 0.491724, 0.181190, -0.851691, -0.866025, -0.000000, -0.500000, 1.164638, -0.802258, 0.050000, 1
-0.089415, 0.983880, 0.154872, 0.491940, 0.178830, -0.852065, -0.866025, 0.000000, -0.500000, 1.162710, -0.805050, 0.050000, 1
-0.088241, 0.984304, 0.152838, 0.492152, 0.176482, -0.852432, -0.866025, -0.000000, -0.500000, 1.160786, -0.807822, 0.050000, 1
-0.087072, 0.984720, 0.150814, 0.492360, 0.174145, -0.852793, -0.866025, 0.000000, -0.500000, 1.158865, -0.810575, 0.050000, 1
-0.085910, 0.985128, 0.148800, 0.492564, 0.171820, -0.853146, -0.866025, -0.000000, -0.500000, 1.156948, -0.813309, 0.050000, 1
-0.084753, 0.985529, 0.146797, 0.492765, 0.169506, -0.853493, -0.866025, 0.000000, -0.500000, 1.155035, -0.816023, 0.050000, 1
-0.083602, 0.985922, 0.144803, 0.492961, 0.167204, -0.853834, -0.866025, -0.000000, -0.500000, 1.153127, -0.818718, 0.050000, 1
-0.082457, 0.986308, 0.142820, 0.493154, 0.164915, -0.854168, -0.866025, -0.000000, -0.500000, 1.151223, -0.821393, 0.050000, 1
-0.081319, 0.986686, 0.140848, 0.493343, 0.162637, -0.854495, -0.866025, -0.000000, -0.500000, 1.149323, -0.824049, 0.050000, 1
-0.080186, 0.987057, 0.138886, 0.493528, 0.160372, -0.854816, -0.866025, -0.000000, -0.500000, 1.147428, -0.826685, 0.050000, 1
-0.079059, 0.987420, 0.136935, 0.493710, 0.158118, -0.855131, -0.866025, -0.000000, -0.500000, 1.145539, -0.829302, 0.050000, 1
-0.077939, 0.987776, 0.134994, 0.493888, 0.155877, -0.855439, -0.866025, -0.000000, -0.500000, 1.143654, -0.831899, 0.050000, 1
-0.076824, 0.988125, 0.133064, 0.494063, 0.153649, -0.855742, -0.866025, -0.000000, -0.500000, 1.141774, -0.834477, 0.050000, 1
-0.075716, 0.988468, 0.131145, 0.494234, 0.151433, -0.856038, -0.866025, -0.000000, -0.500000, 1.139900, -0.837035, 0.050000, 1
-0.074615, 0.988803, 0.129237, 0.494401, 0.149230, -0.856328, -0.866025, 0.000000, -0.500000, 1.138032, -0.839573, 0.050000, 1
-0.073519, 0.989131, 0.127339, 0.494565, 0.147039, -0.856612, -0.866025, -0.000000, -0.500000, 1.136170, -0.842092, 0.050000, 1
-0.072430, 0.989452, 0.125453, 0.494726, 0.144861, -0.856891, -0.866025, -0.000000, -0.500000, 1.134313, -0.844591, 0.050000, 1
-0.071348, 0.989767, 0.123578, 0.494883, 0.142696, -0.857163, -0.866025, -0.000000, -0.500000, 1.132462, -0.847071, 0.050000, 1
-0.070272, 0.990074, 0.121715, 0.495037, 0.140544, -0.857430, -0.866025, -0.000000, -0.500000, 1.130618, -0.849531, 0.050000, 1
-0.069202, 0.990376, 0.119862, 0.495188, 0.138405, -0.857691, -0.866025, -0.000000, -0.500000, 1.128781, -0.851971, 0.050000, 1
-0.068139, 0.990671, 0.118021, 0.495335, 0.136279, -0.857946, -0.866025, -0.000000, -0.500000, 1.126949, -0.854392, 0.050000, 1
-0.067083, 0.990959, 0.116191, 0.495479, 0.134166, -0.858196, -0.866025, -0.000000, -0.500000, 1.125125, -0.856793, 0.050000, 1
-0.066033, 0.991241, 0.114373, 0.495620, 0.132067, -0.858440, -0.866025, -0.000000, -0.500000, 1.123308, -0.859174, 0.050000, 1
-0.064991, 0.991516, 0.112567, 0.495758, 0.129981, -0.858678, -0.866025, -0.000000, -0.500000, 1.121498, -0.861535, 0.050000, 1
-0.063954, 0.991786, 0.110772, 0.495893, 0.127909, -0.858912, -0.866025, -0.000000, -0.500000, 1.119695, -0.863877, 0.050000, 1
-0.062925, 0.992049, 0.108989, 0.496025, 0.125850, -0.859140, -0.866025, -0.000000, -0.500000, 1.117899, -0.866200, 0.050000, 1
-0.061902, 0.992307, 0.107218, 0.496153, 0.123805, -0.859363, -0.866025, -0.000000, -0.500000, 1.116111, -0.868502, 0.050000, 1
-0.060887, 0.992558, 0.105459, 0.496279, 0.121773, -0.859580, -0.866025, -0.000000, -0.500000, 1.114331, -0.870785, 0.050000, 1
-0.059878, 0.992803, 0.103711, 0.496402, 0.119756, -0.859793, -0.866025, -0.000000, -0.500000, 1.112559, -0.873048, 0.050000, 1
-0.058876, 0.993043, 0.101976, 0.496522, 0.117752, -0.860001, -0.866025, -0.000000, -0.500000, 1.110795, -0.875291, 0.050000, 1
-0.057881, 0.993277, 0.100253, 0.496638, 0.115762, -0.860203, -0.866025, -0.000000, -0.500000, 1.109039, -0.877515, 0.050000, 1
-0.056893, 0.993505, 0.098542, 0.496753, 0.113787, -0.860401, -0.866025, -0.000000, -0.500000, 1.107292, -0.879718, 0.050000, 1
-0.055913, 0.993728, 0.096844, 0.496864, 0.111825, -0.860594, -0.866025, -0.000000, -0.500000, 1.105553, -0.881902, 0.050000, 1
-0.054939, 0.993945, 0.095157, 0.496973, 0.109878, -0.860782, -0.866025, -0.000000, -0.500000, 1.103823, -0.884067, 0.050000, 1
-0.053973, 0.994157, 0.093484, 0.497078, 0.107946, -0.860965, -0.866025, -0.000000, -0.500000, 1.102102, -0.886211, 0.050000, 1
-0.053014, 0.994363, 0.091822, 0.497182, 0.106027, -0.861144, -0.866025, -0.000000, -0.500000, 1.100390, -0.888336, 0.050000, 1
-0.052062, 0.994564, 0.090174, 0.497282, 0.104123, -0.861318, -0.866025, -0.000000, -0.500000, 1.098688, -0.890441, 0.050000, 1
-0.051117, 0.994760, 0.088537, 0.497380, 0.102234, -0.861488, -0.866025, 0.000000, -0.500000, 1.096995, -0.892526, 0.050000, 1
-0.050180, 0.994951, 0.086914, 0.497476, 0.100360, -0.861653, -0.866025, -0.000000, -0.500000, 1.095311, -0.894592, 0.050000, 1
-0.049250, 0.995137, 0.085303, 0.497569, 0.098500, -0.861814, -0.866025, -0.000000, -0.500000, 1.093637, -0.896637, 0.050000, 1
-0.048328, 0.995318, 0.083706, 0.497659, 0.096655, -0.861971, -0.866025, -0.000000, -0.500000, 1.091973, -0.898663, 0.050000, 1
-0.047413, 0.995494, 0.082121, 0.497747, 0.094825, -0.862123, -0.866025, 0.000000, -0.500000, 1.090319, -0.900669, 0.050000, 1
-0.046505, 0.995665, 0.080549, 0.497833, 0.093010, -0.862271, -0.866025, 0.000000, -0.500000, 1.088675, -0.902655, 0.050000, 1
-0.045605, 0.995832, 0.078990, 0.497916, 0.091210, -0.862416, -0.866025, -0.000000, -0.500000, 1.087042, -0.904622, 0.050000, 1
-0.044713, 0.995994, 0.077445, 0.497997, 0.089425, -0.862556, -0.866025, -0.000000, -0.500000, 1.085419, -0.906568, 0.050000, 1
-0.043828, 0.996151, 0.075912, 0.498075, 0.087656, -0.862692, -0.866025, -0.000000, -0.500000, 1.083807, -0.908495, 0.050000, 1
-0.042951, 0.996304, 0.074393, 0.498152, 0.085902, -0.862824, -0.866025, -0.000000, -0.500000, 1.082205, -0.910402, 0.050000, 1
-0.042082, 0.996452, 0.072887, 0.498226, 0.084163, -0.862953, -0.866025, 0.000000, -0.500000, 1.080615, -0.912289, 0.050000, 1
-0.041220, 0.996596, 0.071395, 0.498298, 0.082440, -0.863077, -0.866025, -0.000000, -0.500000, 1.079036, -0.914156, 0.050000, 1
-0.040366, 0.996736, 0.069916, 0.498368, 0.080732, -0.863199, -0.866025, -0.000000, -0.500000, 1.077468, -0.916004, 0.050000, 1
-0.039520, 0.996871, 0.068451, 0.498436, 0.079040, -0.863316, -0.866025, -0.000000, -0.500000, 1.075912, -0.917831, 0.050000, 1
-0.038682, 0.997003, 0.066999, 0.498501, 0.077364, -0.863430, -0.866025, -0.000000, -0.500000, 1.074367, -0.919639, 0.050000, 1
-0.037852, 0.997130, 0.065561, 0.498565, 0.075703, -0.863540, -0.866025, -0.000000, -0.500000, 1.072834, -0.921427, 0.050000, 1
-0.037029, 0.997254, 0.064137, 0.498627, 0.074059, -0.863647, -0.866025, -0.000000, -0.500000, 1.071312, -0.923195, 0.050000, 1
-0.036215, 0.997374, 0.062726, 0.498687, 0.072430, -0.863751, -0.866025, -0.000000, -0.500000, 1.069803, -0.924944, 0.050000, 1
-0.035409, 0.997489, 0.061330, 0.498745, 0.070817, -0.863851, -0.866025, -0.000000, -0.500000, 1.068307, -0.926672, 0.050000, 1
-0.034610, 0.997601, 0.059947, 0.498801, 0.069221, -0.863948, -0.866025, -0.000000, -0.500000, 1.066822, -0.928381, 0.050000, 1
-0.033820, 0.997710, 0.058578, 0.498855, 0.067640, -0.864042, -0.866025, -0.000000, -0.500000, 1.065350, -0.930069, 0.050000, 1
-0.033038, 0.997815, 0.057224, 0.498907, 0.066076, -0.864133, -0.866025, -0.000000, -0.500000, 1.063891, -0.931738, 0.050000, 1
-0.032264, 0.997916, 0.055883, 0.498958, 0.064528, -0.864220, -0.866025, -0.000000, -0.500000, 1.062444, -0.933387, 0.050000, 1
-0.031499, 0.998014, 0.054557, 0.499007, 0.062997, -0.864305, -0.866025, -0.000000, -0.500000, 1.061011, -0.935017, 0.050000, 1
-0.030741, 0.998108, 0.053245, 0.499054, 0.061482, -0.864387, -0.866025, -0.000000, -0.500000, 1.059590, -0.936626, 0.050000, 1
-0.029992, 0.998199, 0.051948, 0.499100, 0.059984, -0.864466, -0.866025, -0.000000, -0.500000, 1.058183, -0.938215, 0.050000, 1
-0.029251, 0.998287, 0.050664, 0.499144, 0.058502, -0.864542, -0.866025, -0.000000, -0.500000, 1.056790, -0.939785, 0.050000, 1
-0.028519, 0.998372, 0.049396, 0.499186, 0.057037, -0.864616, -0.866025, -0.000000, -0.500000, 1.055409, -0.941335, 0.050000, 1
-0.027795, 0.998454, 0.048142, 0.499227, 0.055589, -0.864686, -0.866025, -0.000000, -0.500000, 1.054043, -0.942865, 0.050000, 1
-0.027079, 0.998532, 0.046902, 0.499266, 0.054158, -0.864754, -0.866025, 0.000000, -0.500000, 1.052690, -0.944374, 0.050000, 1
-0.026372, 0.998608, 0.045677, 0.499304, 0.052744, -0.864820, -0.866025, -0.000000, -0.500000, 1.051352, -0.945865, 0.050000, 1
-0.025673, 0.998681, 0.044467, 0.499340, 0.051346, -0.864883, -0.866025, -0.000000, -0.500000, 1.050027, -0.947335, 0.050000, 1
-0.024983, 0.998751, 0.043272, 0.499375, 0.049966, -0.864944, -0.866025, 0.000000, -0.500000, 1.048717, -0.948785, 0.050000, 1
-0.024301, 0.998818, 0.042091, 0.499409, 0.048603, -0.865002, -0.866025, -0.000000, -0.500000, 1.047421, -0.950215, 0.050000, 1
-0.023628, 0.998883, 0.040926, 0.499441, 0.047257, -0.865058, -0.866025, -0.000000, -0.500000, 1.046140, -0.951626, 0.050000, 1
-0.022964, 0.998945, 0.039775, 0.499472, 0.045928, -0.865112, -0.866025, -0.000000, -0.500000, 1.044873, -0.953016, 0.050000, 1
-0.022309, 0.999004, 0.038640, 0.499502, 0.044617, -0.865163, -0.866025, -0.000000, -0.500000, 1.043621, -0.954387, 0.050000, 1
-0.021662, 0.999061, 0.037519, 0.499531, 0.043323, -0.865212, -0.866025, -0.000000, -0.500000, 1.042385, -0.955738, 0.050000, 1
-0.021024, 0.999116, 0.036414, 0.499558, 0.042047, -0.865260, -0.866025, -0.000000, -0.500000, 1.041163, -0.957068, 0.050000, 1
-0.020394, 0.999168, 0.035324, 0.499584, 0.040789, -0.865305, -0.866025, -0.000000, -0.500000, 1.039956, -0.958379, 0.050000, 1
-0.019774, 0.999218, 0.034249, 0.499609, 0.039548, -0.865348, -0.866025, -0.000000, -0.500000, 1.038765, -0.959670, 0.050000, 1
-0.019162, 0.999265, 0.033190, 0.499633, 0.038324, -0.865389, -0.866025, 0.000000, -0.500000, 1.037590, -0.960941, 0.050000, 1
-0.018559, 0.999311, 0.032146, 0.499655, 0.037119, -0.865429, -0.866025, -0.000000, -0.500000, 1.036430, -0.962192, 0.050000, 1
-0.017966, 0.999354, 0.031117, 0.499677, 0.035931, -0.865466, -0.866025, -0.000000, -0.500000, 1.035286, -0.963423, 0.050000, 1
-0.017381, 0.999396, 0.030105, 0.499698, 0.034762, -0.865502, -0.866025, -0.000000, -0.500000, 1.034157, -0.964634, 0.050000, 1
-0.016805, 0.999435, 0.029107, 0.499718, 0.033610, -0.865536, -0.866025, -0.000000, -0.500000, 1.033045, -0.965825, 0.050000, 1
-0.016238, 0.999472, 0.028126, 0.499736, 0.032477, -0.865569, -0.866025, -0.000000, -0.500000, 1.031949, -0.966996, 0.050000, 1
-0.015681, 0.999508, 0.027160, 0.499754, 0.031361, -0.865599, -0.866025, -0.000000, -0.500000, 1.030869, -0.968147, 0.050000, 1
-0.015132, 0.999542, 0.026210, 0.499771, 0.030264, -0.865629, -0.866025, -0.000000, -0.500000, 1.029806, -0.969278, 0.050000, 1
-0.014593, 0.999574, 0.025275, 0.499787, 0.029185, -0.865656, -0.866025, 0.000000, -0.500000, 1.028759, -0.970389, 0.050000, 1
-0.014062, 0.999604, 0.024357, 0.499802, 0.028125, -0.865683, -0.866025, -0.000000, -0.500000, 1.027729, -0.971479, 0.050000, 1
-0.013541, 0.999633, 0.023455, 0.499817, 0.027083, -0.865708, -0.866025, -0.000000, -0.500000, 1.026716, -0.972550, 0.050000, 1
-0.013030, 0.999660, 0.022568, 0.499830, 0.026059, -0.865731, -0.866025, -0.000000, -0.500000, 1.025720, -0.973601, 0.050000, 1
-0.012527, 0.999686, 0.021698, 0.499843, 0.025055, -0.865754, -0.866025, -0.000000, -0.500000, 1.024741, -0.974632, 0.050000, 1
-0.012034, 0.999710, 0.020844, 0.499855, 0.024068, -0.865775, -0.866025, -0.000000, -0.500000, 1.023779, -0.975642, 0.050000, 1
-0.011550, 0.999733, 0.020006, 0.499867, 0.023101, -0.865794, -0.866025, -0.000000, -0.500000, 1.022834, -0.976632, 0.050000, 1
-0.011076, 0.999755, 0.019184, 0.499877, 0.022152, -0.865813, -0.866025, -0.000000, -0.500000, 1.021907, -0.977603, 0.050000, 1
-0.010611, 0.999775, 0.018379, 0.499887, 0.021222, -0.865830, -0.866025, 0.000000, -0.500000, 1.020997, -0.978553, 0.050000, 1
-0.010156, 0.999794, 0.017590, 0.499897, 0.020311, -0.865847, -0.866025, -0.000000, -0.500000, 1.020105, -0.979482, 0.050000, 1
-0.009710, 0.999811, 0.016818, 0.499906, 0.019419, -0.865862, -0.866025, -0.000000, -0.500000, 1.019231, -0.980392, 0.050000, 1
-0.009273, 0.999828, 0.016062, 0.499914, 0.018546, -0.865876, -0.866025, -0.000000, -0.500000, 1.018374, -0.981282, 0.050000, 1
-0.008846, 0.999843, 0.015322, 0.499922, 0.017693, -0.865890, -0.866025, -0.000000, -0.500000, 1.017536, -0.982151, 0.050000, 1
-0.008429, 0.999858, 0.014599, 0.499929, 0.016858, -0.865902, -0.866025, -0.000000, -0.500000, 1.016716, -0.983000, 0.050000, 1
-0.008021, 0.999871, 0.013893, 0.499936, 0.016043, -0.865914, -0.866025, 0.000000, -0.500000, 1.015914, -0.983829, 0.050000, 1
-0.007623, 0.999884, 0.013204, 0.499942, 0.015247, -0.865925, -0.866025, -0.000000, -0.500000, 1.015131, -0.984637, 0.050000, 1
-0.007235, 0.999895, 0.012532, 0.499948, 0.014470, -0.865935, -0.866025, -0.000000, -0.500000, 1.014366, -0.985425, 0.050000, 1
-0.006857, 0.999906, 0.011876, 0.499953, 0.013713, -0.865944, -0.866025, 0.000000, -0.500000, 1.013619, -0.986193, 0.050000, 1
-0.006488, 0.999916, 0.011237, 0.499958, 0.012976, -0.865952, -0.866025, -0.000000, -0.500000, 1.012891, -0.986940, 0.050000, 1
-0.006129, 0.999925, 0.010616, 0.499962, 0.012258, -0.865960, -0.866025, -0.000000, -0.500000, 1.012183, -0.987667, 0.050000, 1
-0.005780, 0.999933, 0.010011, 0.499967, 0.011560, -0.865968, -0.866025, -0.000000, -0.500000, 1.011493, -0.988374, 0.050000, 1
-0.005441, 0.999941, 0.009423, 0.499970, 0.010881, -0.865974, -0.866025, -0.000000, -0.500000, 1.010822, -0.989060, 0.050000, 1
-0.005111, 0.999948, 0.008853, 0.499974, 0.010222, -0.865980, -0.866025, -0.000000, -0.500000, 1.010170, -0.989725, 0.050000, 1
-0.004792, 0.999954, 0.008300, 0.499977, 0.009584, -0.865986, -0.866025, -0.000000, -0.500000, 1.009538, -0.990371, 0.050000, 1
-0.004482, 0.999960, 0.007764, 0.499980, 0.008965, -0.865991, -0.866025, -0.000000, -0.500000, 1.008925, -0.990995, 0.050000, 1
-0.004183, 0.999965, 0.007245, 0.499983, 0.008366, -0.865995, -0.866025, -0.000000, -0.500000, 1.008331, -0.991599, 0.050000, 1
-0.003894, 0.999970, 0.006744, 0.499985, 0.007787, -0.865999, -0.866025, -0.000000, -0.500000, 1.007757, -0.992183, 0.050000, 1
-0.003614, 0.999974, 0.006260, 0.499987, 0.007229, -0.866003, -0.866025, -0.000000, -0.500000, 1.007202, -0.992745, 0.050000, 1
-0.003345, 0.999978, 0.005794, 0.499989, 0.006690, -0.866006, -0.866025, 0.000000, -0.500000, 1.006668, -0.993287, 0.050000, 1
-0.003086, 0.999981, 0.005345, 0.499990, 0.006172, -0.866009, -0.866025, 0.000000, -0.500000, 1.006153, -0.993809, 0.050000, 1
-0.002837, 0.999984, 0.004914, 0.499992, 0.005674, -0.866011, -0.866025, 0.000000, -0.500000, 1.005658, -0.994309, 0.050000, 1
-0.002599, 0.999986, 0.004501, 0.499993, 0.005197, -0.866014, -0.866025, -0.000000, -0.500000, 1.005184, -0.994789, 0.050000, 1
-0.002370, 0.999989, 0.004105, 0.499994, 0.004740, -0.866016, -0.866025, -0.000000, -0.500000, 1.004729, -0.995248, 0.050000, 1
-0.002152, 0.999991, 0.003727, 0.499995, 0.004304, -0.866017, -0.866025, -0.000000, -0.500000, 1.004295, -0.995687, 0.050000, 1
-0.001944, 0.999992, 0.003368, 0.499996, 0.003889, -0.866019, -0.866025, -0.000000, -0.500000, 1.003881, -0.996104, 0.050000, 1
-0.001747, 0.999994, 0.003026, 0.499997, 0.003494, -0.866020, -0.866025, -0.000000, -0.500000, 1.003487, -0.996500, 0.050000, 1
-0.001560, 0.999995, 0.002702, 0.499998, 0.003119, -0.866021, -0.866025, -0.000000, -0.500000, 1.003115, -0.996876, 0.050000, 1
-0.001383, 0.999996, 0.002396, 0.499998, 0.002766, -0.866022, -0.866025, 0.000000, -0.500000, 1.002762, -0.997230, 0.050000, 1
-0.001217, 0.999997, 0.002108, 0.499999, 0.002434, -0.866023, -0.866025, -0.000000, -0.500000, 1.002431, -0.997563, 0.050000, 1
-0.001061, 0.999998, 0.001838, 0.499999, 0.002122, -0.866023, -0.866025, -0.000000, -0.500000, 1.002120, -0.997876, 0.050000, 1
-0.000916, 0.999998, 0.001586, 0.499999, 0.001832, -0.866024, -0.866025, -0.000000, -0.500000, 1.001830, -0.998167, 0.050000, 1
-0.000781, 0.999999, 0.001353, 0.499999, 0.001562, -0.866024, -0.866025, 0.000000, -0.500000, 1.001561, -0.998436, 0.050000, 1
-0.000657, 0.999999, 0.001138, 0.500000, 0.001314, -0.866025, -0.866025, -0.000000, -0.500000, 1.001313, -0.998685, 0.050000, 1
-0.000544, 0.999999, 0.000942, 0.500000, 0.001087, -0.866025, -0.866025, 0.000000, -0.500000, 1.001087, -0.998912, 0.050000, 1
-0.000441, 1.000000, 0.000763, 0.500000, 0.000882, -0.866025, -0.866025, -0.000000, -0.500000, 1.000881, -0.999118, 0.050000, 1
-0.000349, 1.000000, 0.000604, 0.500000, 0.000697, -0.866025, -0.866025, -0.000000, -0.500000, 1.000697, -0.999303, 0.050000, 1
-0.000267, 1.000000, 0.000463, 0.500000, 0.000534, -0.866025, -0.866025, -0.000000, -0.500000, 1.000534, -0.999465, 0.050000, 1
-0.000197, 1.000000, 0.000340, 0.500000, 0.000393, -0.866025, -0.866025, 0.000000, -0.500000, 1.000393, -0.999607, 0.050000, 1
-0.000137, 1.000000, 0.000237, 0.500000, 0.000273, -0.866025, -0.866025, -0.000000, -0.500000, 1.000273, -0.999727, 0.050000, 1
-0.000088, 1.000000, 0.000152, 0.500000, 0.000175, -0.866025, -0.866025, -0.000000, -0.500000, 1.000175, -0.999825, 0.050000, 1
-0.000049, 1.000000, 0.000085, 0.500000, 0.000099, -0.866025, -0.866025, -0.000000, -0.500000, 1.000099, -0.999901, 0.050000, 1
-0.000022, 1.000000, 0.000038, 0.500000, 0.000044, -0.866025, -0.866025, -0.000000, -0.500000, 1.000044, -0.999956, 0.050000, 1
-0.000005, 1.000000, 0.000010, 0.500000, 0.000011, -0.866025, -0.866025, -0.000000, -0.500000, 1.000011, -0.999989, 0.050000, 1
-0.000000, 1.000000, 0.000000, 0.500000, 0.000000, -0.866025, -0.866025, -0.000000, -0.500000, 1.000000, -1.000000, 0.050000, 1
0.000000, 1.000000, 0.000000, 0.500000, 0.000000, -0.866025, -0.866025, 0.000000, -0.500000, 1.000000, -1.000000, 0.050000, 1
0.000000, 1.000000, 0.000000, 0.500000, 0.000000, -0.866025, -0.866025, 0.000000, -0.500000, 1.000000, -1.000000, 0.048926, 1
0.000000, 1.000000, 0.000000, 0.500000, 0.000000, -0.866025, -0.866025, 0.000000, -0.500000, 1.000000, -1.000000, 0.046094, 1
0.000000, 1.000000, 0.000000, 0.500000, 0.000000, -0.866025, -0.866025, 0.000000, -0.500000, 1.000000, -1.000000, 0.042090, 1
0.000000, 1.000000, 0.000000, 0.500000, 0.000000, -0.866025, -0.866025, 0.000000, -0.500000, 1.000000, -1.000000, 0.037500, 1
0.000000, 1.000000, 0.000000, 0.500000, 0.000000, -0.866025, -0.866025, 0.000000, -0.500000, 1.000000, -1.000000, 0.032910, 1
0.000000, 1.000000, 0.000000, 0.500000, 0.000000, -0.866025, -0.866025, 0.000000, -0.500000, 1.000000, -1.000000, 0.028906, 1
0.000000, 1.000000, 0.000000, 0.500000, 0.000000, -0.866025, -0.866025, 0.000000, -0.500000, 1.000000, -1.000000, 0.026074, 1
0.000000, 1.000000, 0.000000, 0.500000, 0.000000, -0.866025, -0.866025, 0.000000, -0.500000, 1.000000, -1.000000, 0.025000, 1
0.000000, 1.000000, 0.000000, 0.500000, 0.000000, -0.866025, -0.866025, 0.000000, -0.500000, 1.000000, -1.000000, 0.025000, 0
0.000000, 1.000000, 0.000000, 0.500000, 0.000000, -0.866025, -0.866025, 0.000000, -0.500000, 1.000000, -1.000000, 0.025000, 0
0.000000, 1.000000, 0.000000, 0.500000, 0.000000, -0.866025, -0.866025, 0.000000, -0.500000, 1.000000, -1.000000, 0.025000, 0
0.000000, 1.000000, 0.000000, 0.500000, 0.000000, -0.866025, -0.866025, 0.000000, -0.500000, 1.000000, -1.000000, 0.025000, 0
0.000000, 1.000000, 0.000000, 0.500000, 0.000000, -0.866025, -0.866025, 0.000000, -0.500000, 1.000000, -1.000000, 0.025000, 0
0.000000, 1.000000, 0.000000, 0.500000, 0.000000, -0.866025, -0.866025, 0.000000, -0.500000, 1.000000, -1.000000, 0.025000, 0
0.000000, 1.000000, 0.000000, 0.500000, 0.000000, -0.866025, -0.866025, 0.000000, -0.500000, 1.000000, -1.000000, 0.025000, 0
0.000000, 1.000000, 0.000000, 0.500000, 0.000000, -0.866025, -0.866025, 0.000000, -0.500000, 1.000000, -1.000000, 0.025000, 0
0.000000, 1.000000, 0.000000, 0.500000, 0.000000, -0.866025, -0.866025, 0.000000, -0.500000, 1.000000, -1.000000, 0.025000, 0
0.000000, 1.000000, 0.000000, 0.500000, 0.000000, -0.866025, -0.866025, 0.000000, -0.500000, 1.000000, -1.000000, 0.025000, 0
0.000000, 1.000000, 0.000000, 0.500000, 0.000000, -0.866025, -0.866025, 0.000000, -0.500000, 1.000000, -1.000000, 0.025000, 0
0.000000, 1.000000, 0.000000, 0.500000, 0.000000, -0.866025, -0.866025, 0.000000, -0.500000, 1.000000, -1.000000, 0.025000, 0
0.000000, 1.000000, 0.000000, 0.500000, 0.000000, -0.866025, -0.866025, 0.000000, -0.500000, 1.000000, -1.000000, 0.025000, 0
0.000000, 1.000000, 0.000000, 0.500000, 0.000000, -0.866025, -0.866025, 0.000000, -0.500000, 1.000000, -1.000000, 0.025000, 0
0.000000, 1.000000, 0.000000, 0.500000, 0.000000, -0.866025, -0.866025, 0.000000, -0.500000, 1.000000, -1.000000, 0.025000, 0
0.000000, 1.000000, 0.000000, 0.500000, 0.000000, -0.866025, -0.866025, 0.000000, -0.500000, 1.000000, -1.000000, 0.025000, 0
0.000000, 1.000000, 0.000000, 0.500000, 0.000000, -0.866025, -0.866025, 0.000000, -0.500000, 1.000000, -1.000000, 0.025000, 0
0.000000, 1.000000, 0.000000, 0.500000, 0.000000, -0.866025, -0.866025, 0.000000, -0.500000, 1.000000, -1.000000, 0.025000, 0
0.000000, 1.000000, 0.000000, 0.500000, 0.000000, -0.866025, -0.866025, 0.000000, -0.500000, 1.000000, -1.000000, 0.025000, 0
0.000000, 1.000000, 0.000000, 0.500000, 0.000000, -0.866025, -0.866025, 0.000000, -0.500000, 1.000000, -1.000000, 0.025000, 0
0.000000, 1.000000, 0.000000, 0.500000, 0.000000, -0.866025, -0.866025, 0.000000, -0.500000, 1.000000, -1.000000, 0.025000, 0
0.000000, 1.000000, 0.000000, 0.500000, 0.000000, -0.866025, -0.866025, 0.000000, -0.500000, 1.000000, -1.000000, 0.025000, 0
0.000000, 1.000000, 0.000000, 0.500000, 0.000000, -0.866025, -0.866025, 0.000000, -0.500000, 1.000000, -1.000000, 0.025000, 0
0.000000, 1.000000, 0.000000, 0.500000, 0.000000, -0.866025, -0.866025, 0.000000, -0.500000, 1.000000, -1.000000, 0.025000, 0
0.000000, 1.000000, 0.000000, 0.500000, 0.000000, -0.866025, -0.866025, 0.000000, -0.500000, 1.000000, -1.000000, 0.025000, 0
0.000000, 1.000000, 0.000000, 0.500000, 0.000000, -0.866025, -0.866025, 0.000000, -0.500000, 1.000000, -1.000000, 0.025000, 0
0.000000, 1.000000, 0.000000, 0.500000, 0.000000, -0.866025, -0.866025, 0.000000, -0.500000, 1.000000, -1.000000, 0.025000, 0
0.000000, 1.000000, 0.000000, 0.500000, 0.000000, -0.866025, -0.866025, 0.000000, -0.500000, 1.000000, -1.000000, 0.025000, 0
0.000000, 1.000000, 0.000000, 0.500000, 0.000000, -0.866025, -0.866025, 0.000000, -0.500000, 1.000000, -1.000000, 0.025000, 0
0.000000, 1.000000, 0.000000, 0.500000, 0.000000, -0.866025, -0.866025, 0.000000, -0.500000, 1.000000, -1.000000, 0.025000, 0
0.000000, 1.000000, 0.000000, 0.500000, 0.000000, -0.866025, -0.866025, 0.000000, -0.500000, 1.000000, -1.000000, 0.025000, 0
0.000000, 1.000000, 0.000000, 0.500000, 0.000000, -0.866025, -0.866025, 0.000000, -0.500000, 1.000000, -1.000000, 0.025000, 0
0.000000, 1.000000, 0.000000, 0.500000, 0.000000, -0.866025, -0.866025, 0.000000, -0.500000, 1.000000, -1.000000, 0.025000, 0
0.000000, 1.000000, 0.000000, 0.500000, 0.000000, -0.866025, -0.866025, 0.000000, -0.500000, 1.000000, -1.000000, 0.025000, 0
0.000000, 1.000000, 0.000000, 0.500000, 0.000000, -0.866025, -0.866025, 0.000000, -0.500000, 1.000000, -1.000000, 0.025000, 0
0.000000, 1.000000, 0.000000, 0.500000, 0.000000, -0.866025, -0.866025, 0.000000, -0.500000, 1.000000, -1.000000, 0.025000, 0
0.000000, 1.000000, 0.000000, 0.500000, 0.000000, -0.866025, -0.866025, 0.000000, -0.500000, 1.000000, -1.000000, 0.025000, 0
0.000000, 1.000000, 0.000000, 0.500000, 0.000000, -0.866025, -0.866025, 0.000000, -0.500000, 1.000000, -1.000000, 0.025000, 0
0.000000, 1.000000, 0.000000, 0.500000, 0.000000, -0.866025, -0.866025, 0.000000, -0.500000, 1.000000, -1.000000, 0.025000, 0
0.000000, 1.000000, 0.000000, 0.500000, 0.000000, -0.866025, -0.866025, 0.000000, -0.500000, 1.000000, -1.000000, 0.025000, 0
0.000000, 1.000000, 0.000000, 0.500000, 0.000000, -0.866025, -0.866025, 0.000000, -0.500000, 1.000000, -1.000000, 0.025000, 0
0.000000, 1.000000, 0.000000, 0.500000, 0.000000, -0.866025, -0.866025, 0.000000, -0.500000, 1.000000, -1.000000, 0.025000, 0
0.000000, 1.000000, 0.000000, 0.500000, 0.000000, -0.866025, -0.866025, 0.000000, -0.500000, 1.000000, -1.000000, 0.025000, 0
0.000000, 1.000000, 0.000000, 0.500000, 0.000000, -0.866025, -0.866025, 0.000000, -0.500000, 1.000000, -1.000000, 0.025000, 0
0.000000, 1.000000, 0.000000, 0.500000, 0.000000, -0.866025, -0.866025, 0.000000, -0.500000, 1.000000, -1.000000, 0.025000, 0
0.000000, 1.000000, 0.000000, 0.500000, 0.000000, -0.866025, -0.866025, 0.000000, -0.500000, 1.000000, -1.000000, 0.025000, 0
0.000000, 1.000000, 0.000000, 0.500000, 0.000000, -0.866025, -0.866025, 0.000000, -0.500000, 1.000000, -1.000000, 0.025000, 0
0.000000, 1.000000, 0.000000, 0.500000, 0.000000, -0.866025, -0.866025, 0.000000, -0.500000, 1.000000, -1.000000, 0.025000, 0
0.000000, 1.000000, 0.000000, 0.500000, 0.000000, -0.866025, -0.866025, 0.000000, -0.500000, 1.000000, -1.000000, 0.025000, 0
0.000000, 1.000000, 0.000000, 0.500000, 0.000000, -0.866025, -0.866025, 0.000000, -0.500000, 1.000000, -1.000000, 0.025000, 0
0.000000, 1.000000, 0.000000, 0.500000, 0.000000, -0.866025, -0.866025, 0.000000, -0.500000, 1.000000, -1.000000, 0.025000, 0
0.000000, 1.000000, 0.000000, 0.500000, 0.000000, -0.866025, -0.866025, 0.000000, -0.500000, 1.000000, -1.000000, 0.025000, 0
0.000000, 1.000000, 0.000000, 0.500000, 0.000000, -0.866025, -0.866025, 0.000000, -0.500000, 1.000000, -1.000000, 0.025000, 0
0.000000, 1.000000, 0.000000, 0.500000, 0.000000, -0.866025, -0.866025, 0.000000, -0.500000, 1.000000, -1.000000, 0.025000, 0
0.000000, 1.000000, 0.000000, 0.500000, 0.000000, -0.866025, -0.866025, 0.000000, -0.500000, 1.000000, -1.000000, 0.025000, 0
0.000000, 1.000000, 0.000000, 0.500000, 0.000000, -0.866025, -0.866025, 0.000000, -0.500000, 1.000000, -1.000000, 0.025000, 0
0.000000, 1.000000, 0.000000, 0.500000, 0.000000, -0.866025, -0.866025, 0.000000, -0.500000, 1.000000, -1.000000, 0.025000, 0
0.000000, 1.000000, 0.000000, 0.500000, 0.000000, -0.866025, -0.866025, 0.000000, -0.500000, 1.000000, -1.000000, 0.025000, 0
0.000000, 1.000000, 0.000000, 0.500000, 0.000000, -0.866025, -0.866025, 0.000000, -0.500000, 1.000000, -1.000000, 0.025000, 0
0.000000, 1.000000, 0.000000, 0.500000, 0.000000, -0.866025, -0.866025, 0.000000, -0.500000, 1.000000, -1.000000, 0.025000, 0
0.000000, 1.000000, 0.000000, 0.500000, 0.000000, -0.866025, -0.866025, 0.000000, -0.500000, 1.000000, -1.000000, 0.025000, 0
0.000000, 1.000000, 0.000000, 0.500000, 0.000000, -0.866025, -0.866025, 0.000000, -0.500000, 1.000000, -1.000000, 0.025000, 0
0.000000, 1.000000, 0.000000, 0.500000, 0.000000, -0.866025, -0.866025, 0.000000, -0.500000, 1.000000, -1.000000, 0.025000, 0
0.000000, 1.000000, 0.000000, 0.500000, 0.000000, -0.866025, -0.866025, 0.000000, -0.500000, 1.000000, -1.000000, 0.025000, 0
0.000000, 1.000000, 0.000000, 0.500000, 0.000000, -0.866025, -0.866025, 0.000000, -0.500000, 1.000000, -1.000000, 0.025000, 0
0.000000, 1.000000, 0.000000, 0.500000, 0.000000, -0.866025, -0.866025, 0.000000, -0.500000, 1.000000, -1.000000, 0.026074, 0
0.000000, 1.000000, 0.000000, 0.500000, 0.000000, -0.866025, -0.866025, 0.000000, -0.500000, 1.000000, -1.000000, 0.028906, 0
0.000000, 1.000000, 0.000000, 0.500000, 0.000000, -0.866025, -0.866025, 0.000000, -0.500000, 1.000000, -1.000000, 0.032910, 0
0.000000, 1.000000, 0.000000, 0.500000, 0.000000, -0.866025, -0.866025, 0.000000, -0.500000, 1.000000, -1.000000, 0.037500, 0
0.000000, 1.000000, 0.000000, 0.500000, 0.000000, -0.866025, -0.866025, 0.000000, -0.500000, 1.000000, -1.000000, 0.042090, 0
0.000000, 1.000000, 0.000000, 0.500000, 0.000000, -0.866025, -0.866025, 0.000000, -0.500000, 1.000000, -1.000000, 0.046094, 0
0.000000, 1.000000, 0.000000, 0.500000, 0.000000, -0.866025, -0.866025, 0.000000, -0.500000, 1.000000, -1.000000, 0.048926, 0
0.000000, 1.000000, 0.000000, 0.500000, 0.000000, -0.866025, -0.866025, 0.000000, -0.500000, 1.000000, -1.000000, 0.050000, 0
