0.0,0.17095526139897996,0.0,0.03678531665273126,0.0,-0.39221024903354623
0.5235516297516318,-0.03195166776873902,0.00856456488523966,0.031954599895541114,-0.2388623500150432,-0.3573716423031344
0.5128183555394737,-0.0313608328705368,0.008419216249275956,0.031050961038685945,-0.2339556095979889,-0.34987296577293164
0.5020431732511619,-0.030756264568650743,0.008275532664761153,0.030237670847776635,-0.22903317600060458,-0.342351618279469
0.4912323093733476,-0.030137483268918727,0.008133633333964593,0.029460915029577293,-0.22409598544302145,-0.3348084971513427
0.48039189497700935,-0.029505978643669644,0.007993133264124014,0.028703497706433146,-0.2191462014906043,-0.3272468834118391
0.46952793827838774,-0.02886026940968383,0.00785437206833742,0.027957949273874485,-0.21418626219309775,-0.31967052165635657
0.45864636001490483,-0.028202830403699045,0.007716727641734471,0.027219385938004395,-0.20921871478168036,-0.3120836007740458
0.4477529613659501,-0.02753412718945731,0.007580069167695331,0.026484937388461062,-0.20424607327869135,-0.304490243568101
0.4368534290873813,-0.026853633888121554,0.007444484667098293,0.025752436649061197,-0.1992709157571133,-0.2968947951020422
0.42595334452411815,-0.02616182021251873,0.0073098282392219955,0.025019944029649452,-0.19429573499346198,-0.2893016510145995
0.4150581867761378,-0.02546112075242589,0.007175540421679147,0.024285141186613787,-0.18932302893678415,-0.2817153986438677
0.4041885882220369,-0.025323149527757827,0.007159977773111794,0.02258265712438143,-0.18628261813191574,-0.2646960349685422
0.3933197731093562,-0.02474567739097121,0.006992489477437703,0.021764427629014548,-0.18126825890224083,-0.2573568064127167
0.38247073247522756,-0.024000254189087848,0.006858695124156274,0.02091487841232453,-0.17626297015862746,-0.25005590708277164
0.3716473664795004,-0.023246736713225222,0.006724950037746101,0.02001474225466667,-0.17126278628018862,-0.24279991075267618
0.3608624920702927,-0.022485531360784534,0.006591243122190735,0.01922319758641261,-0.16636966038881376,-0.23558825027299216
0.3501139619760038,-0.02192055227841549,0.0064191043206434885,0.018500488097286598,-0.1617893556143561,-0.22851829209640648
0.33940415207766284,-0.021140385146619263,0.006285967030884855,0.017809320941204236,-0.15722177352473407,-0.2214701602960058
0.3287400311377363,-0.020581323020786947,0.0061122052896258015,0.017100758837448576,-0.1526659276777366,-0.21445018025042045
0.3181235325978883,-0.019783393372616694,0.005979353761006901,0.016425156414485997,-0.14811511622577483,-0.20745273426136715
0.3075615996436305,-0.019231482265527504,0.005804194553053227,0.01573142321886009,-0.14357428376698095,-0.20048696394712145
0.29705713332414063,-0.018680580251444215,0.005629086748406231,0.015045477290519593,-0.13903693298894443,-0.1935497088520567
0.28661282806310634,-0.01785523841890685,0.005496842000560062,0.014394401763973778,-0.13448979858419008,-0.1866350250001652
0.27623550836591276,-0.01731335812025649,0.005320703600890892,0.013724516627496828,-0.12995299843299588,-0.1797587265544758
0.2659275766042527,-0.016773040223435235,0.005144894044094381,0.013063003781308601,-0.1254116694027117,-0.17291416371981183
0.25569137537735537,-0.015924636616069996,0.00501257623383734,0.0124372870496349,-0.12084801356471425,-0.16609388750865217
0.24553202312090305,-0.015073225258732264,0.004879175044446895,0.011820211727158494,-0.11627562401719217,-0.15930842080735957
0.23545459960109422,-0.014553225863948686,0.004701700278742361,0.011180331408558545,-0.11171478113648346,-0.1525722880634477
0.22546099096656422,-0.014035537951846085,0.004524951714560081,0.010549451077285658,-0.10715156897231609,-0.1458777218819861
0.21555451535496095,-0.013520361360622042,0.004349004811667352,0.009927655320850673,-0.10258476159041949,-0.13922639135999135
0.2057368483801651,-0.012640586960705,0.00421553255012752,0.009341837903712999,-0.0979821184008498,-0.1326058446953972
0.19600552325324122,-0.011758844825349586,0.004080679651202113,0.008765177988190178,-0.09338043371727735,-0.12603576368404998
0.18637240670931518,-0.011269020579579594,0.003903908786724305,0.00817150123785269,-0.08882389977976715,-0.11953588285906858
0.17683732423496692,-0.010379861843392513,0.003767896573720861,0.007613301845970695,-0.08431556775662966,-0.11310430386543989
0.16740608610074093,-0.00990558728414981,0.0035916553777823558,0.0070392221493562526,-0.07985505064459467,-0.10674643421489349
0.15807978600592348,-0.009434914505785482,0.0034167999469906793,0.0064749448799336,-0.07544443544288544,-0.10046212050102107
0.1488596016343207,-0.008532162690721136,0.003279961891842418,0.005944388399760782,-0.0710859935150049,-0.09425160212378442
0.13975087307931927,-0.008078737348295745,0.003106053184619651,0.005399905894415446,-0.06677888715220158,-0.08811945493012315
0.13075310428123008,-0.007172384398337711,0.0029678668043776097,0.00488762760962778,-0.06252632862616869,-0.08206443731711784
0.1218713352787174,-0.006737273350372324,0.002795215781840175,0.004362998780533122,-0.05832721421680828,-0.07609053095688244
0.11310629301553596,-0.006306648115854637,0.0026244008182215953,0.0038482438554819586,-0.05418364667672527,-0.07019778395865676
0.10445878272358382,-0.005390341909520723,0.0024853794147492096,0.003363083161010246,-0.05009780440779334,-0.06438668106471995
0.09593208661353837,-0.004478221477094711,0.002344590023819125,0.002886868732581511,-0.04606942706002568,-0.058659553494601405
0.08752921465547345,-0.004083125795565292,0.002175308771479988,0.0024019406260943695,-0.04209813384702267,-0.05301816743008244
0.07925063610524495,-0.003693150950338403,0.0020082031805354126,0.0019268129309950816,-0.03818599704586928,-0.04746280729185388
0.07109698222759461,-0.0027758148039036066,0.001866640880820647,0.0014769720374300558,-0.03433511200827401,-0.04199421720961674
0.06307194294119547,-0.002407714025065876,0.0017018055118010215,0.0010215325811000727,-0.03054353622993182,-0.03661411264381153
0.05517586161381978,-0.002045164178622106,0.0015393719557631525,0.0005758445116206144,-0.02681333454032364,-0.03132300679606835
0.047410116112806086,-0.0016882969669007619,0.001379381495698931,0.00013989210537372572,-0.023145110591026075,-0.02612174495342592
0.039775179614867165,-0.0007623605091724645,0.0012376982774376358,-0.00027556577794243136,-0.01954090295987459,-0.021011405111378924
0.03227389955308558,-0.0004291567973274733,0.0010804180713898156,-0.0006919969095246206,-0.015998392370192415,-0.015992319118444575
0.024906499478276077,-0.00010199820491338724,0.0009257654132615028,-0.001098784716915293,-0.012519531617578971,-0.011065307030042031
0.017673990363064728,0.00021901329152052533,0.0007737704988447208,-0.0014959208947394782,-0.009104798670194966,-0.00623099834608436
0.010577288120793565,0.0005337833826660291,0.000624453498380064,-0.0018834192738833258,-0.005754604546822156,-0.0014899520516882302
0.0036172267269506567,0.0008422238890386706,0.00047785415412254865,-0.0022612733884122484,-0.002469357422356172,0.0031573117914806916
-0.003205895251784747,0.0017813404705906595,0.00033730670024752327,-0.0026265213772693075,0.0007491421977561304,0.007709226137798967
-0.009890456709624337,0.0020638337247354923,0.00019393870354980324,-0.002985145493990346,0.0039035993214302416,0.012167544063988962
-0.016436384713011242,0.0023397468630540832,5.342497476446481e-05,-0.003334206562736065,0.0069922306079743075,0.016530910114984133
-0.022843479610137683,0.003275157838483794,-8.754708964359996e-05,-0.0036748997053463604,0.01001329607340176,0.02079746559088702
-0.029110659243554222,0.0035241704595496016,-0.00022450016132539676,-0.004004909403053897,0.012969677698992061,0.02497001473350498
-0.03523814842014055,0.004452600389913405,-0.000368824495324316,-0.004329185977881682,0.015791187719936362,0.029032182628852418
-0.04122520933810438,0.004674162664040425,-0.0005041701066566531,-0.004640019118818484,0.018542067969308615,0.03300127189071655
-0.04707203190861291,0.0055950155192611385,-0.0006487765000719731,-0.004948384181702919,0.021246715924020824,0.03687361175313341
-0.05277821799214318,0.005788547038199748,-0.0007796761688974768,-0.005240541962145475,0.02388024654918014,0.04065294407949322
-0.058343878097708524,0.005975166718096478,-0.000907230056075801,-0.005523315045495582,0.026454695868764214,0.04433745740103587
-0.06376903386127296,0.006154884237287876,-0.0010314484465453004,-0.005796662492671944,0.02896967938163858,0.047927189528462685
-0.06905378670609522,0.007070793199447879,-0.0011740799780050467,-0.006073095851452805,0.03143501607778784,0.05141981093071479
-0.074198262665671,0.007221740004360255,-0.0012936082588254517,-0.006327914045969988,0.03382919870447481,0.05482009160828409
-0.0792027170914569,0.007365795483960856,-0.0014097259454354343,-0.006573342780077616,0.036162749864239646,0.05812595800431657
-0.08406744102870467,0.007503003232241473,-0.0015224510440625034,-0.006809352078609696,0.038435400560342656,0.06133761409878446
-0.08879279020435976,0.007633412981441178,-0.0016317886380727814,-0.007035966104713218,0.040646824898634894,0.0644553014600812
-0.09337917437858678,0.008547007768113608,-0.0017710523000508812,-0.00727230613014672,0.042805021559143605,0.0674763186451798
-0.0978270747893587,0.008648051601100439,-0.0018754959220558824,-0.0074804971085751975,0.04489318546141769,0.0704068170965038
-0.10213702304399055,0.009550272460808983,-0.0020143210686076073,-0.007701185125941911,0.04692687553152795,0.07324110455696974
-0.10630963892881887,0.009621727714056675,-0.0021136736486673845,-0.00789104989207196,0.04889137512359007,0.07598589038661095
-0.11034558668260618,0.009686598161047291,-0.002209541636110257,-0.008071500858611694,0.050794092702810205,0.07863852460890958
-0.11424555630438975,0.009744977602612885,-0.0023019513183011957,-0.008242465452725676,0.05263507918428301,0.08119948547630712
-0.11801030896544112,0.009796970449723837,-0.002390931003095619,-0.008403939470017458,0.054414354340347325,0.08366927310195652
-0.1216406385142027,0.009842679484981789,-0.0024765058197260517,-0.008555860621347491,0.056132026425278654,0.08604843179621292
-0.12513767971817052,0.010742847399999802,-0.002609618226487415,-0.008725559519114051,0.057793320020086324,0.08833382691990592
-0.12850185110010678,0.01075895807784324,-0.0026899930009908054,-0.008853927876338069,0.059390514094848135,0.09053363783390012
-0.1317346825338935,0.011647592184356898,-0.0028220681869261816,-0.009011738622632841,0.060926942764282024,0.09263988681165776
-0.1348365522413538,0.011634046750985802,-0.002897074008070264,-0.00912484343131955,0.0624004204155904,0.09466269323509373
-0.13780882268672395,0.011614668073300142,-0.002968637081750269,-0.0092310106137509,0.06381249685145333,0.09659790684956641
-0.14065259191685556,0.011589604568672763,-0.0030367931870768053,-0.00932860356594084,0.06516411647132876,0.09844637029535518
-0.14336899849142512,0.011559007497744493,-0.0031015855374723553,-0.009418744653458256,0.06645555529963307,0.1002087189962414
-0.14596123041692236,0.011528495341111184,-0.0031626721880903255,-0.00950135716876442,0.06768746849636757,0.10188563918884141
-0.14842862535547793,0.011492794609176774,-0.0032204805772554396,-0.00957771927326248,0.06885466420352314,0.10355235647269265
-0.15077246929539412,0.011452037026231121,-0.003275056585972117,-0.009647053534841427,0.06996422257704804,0.1051257401024939
-0.1529940638772382,0.011406347482787736,-0.0033264512490198874,-0.009709622984273138,0.07101666680669173,0.10660726944092302
-0.1550947432433609,0.011355850242493325,-0.003374709165175715,-0.009765671545359235,0.07201256522825367,0.10799837925072547
-0.15707585001319802,0.011300662576779951,-0.0034198773934423364,-0.009815434526710645,0.07295249526978395,0.10930049584692167
-0.15893881148732922,0.011240915467269125,-0.003462005321455107,-0.009859138310621823,0.07383707129172633,0.11051510970694968
-0.16068506000707636,0.011176732420313354,-0.003501142277151305,-0.009896996898285652,0.07466693233163758,0.11164366233853543
-0.1623160317194127,0.0111082299901128,-0.0035373389761832507,-0.00992920710984574,0.07544273137869609,0.11268764338476289
-0.16383324191022933,0.011035537355555788,-0.0035706435576122035,-0.009955952763554522,0.07616515215372764,0.11364851401644759
-0.16523820806758693,0.01095877660700128,-0.0036011073664228323,-0.00997739440599424,0.07683488350697135,0.11452779394232404
-0.1665324482111704,0.010878063182081264,-0.003628784099432126,-0.009993675444437931,0.07745264570201124,0.11532697752450541
-0.1677175276440004,0.01079351781244061,-0.0036537234595260273,-0.010004941174985339,0.07801918068953223,0.11604750167471452
-0.16879350502698587,0.011729455925918345,-0.0037615341002232116,-0.010076714357819878,0.07853402850604098,0.11667959914721396
-0.16976507406689578,0.011616492746866929,-0.0037816860673757194,-0.010078792074264507,0.07900043376097218,0.11724773415299664
-0.1706323506574394,0.011499982368650286,-0.0037991607814889874,-0.010076094460385739,0.07941789155485797,0.11774165059432101
-0.17139698936640554,0.011380055575214813,-0.003814015767631427,-0.010068716725493462,0.07978717041793092,0.1181628312303423
-0.17206063147699824,0.011256834614190641,-0.0038263063684389332,-0.010056744968933008,0.08010908934319384,0.1185127161043055
-0.17262499442465565,0.011130454882187932,-0.003836091102334166,-0.0100402910558063,0.08038442688006503,0.1187927303096513
-0.1730917552157099,0.011001037302568021,-0.0038434270279611923,-0.010019427673645553,0.08061400490803494,0.11900432571783559
-0.1734626316737795,0.010868707920867237,-0.003848371054509284,-0.009994222871286342,0.08079864757832789,0.11914895686962687
-0.1737393856858163,0.010733598365892282,-0.0038509824069752493,-0.009964785654764755,0.08093917247901762,0.11922800483015311
-0.17392373488503624,0.010595826284440326,-0.0038513180711925677,-0.009931195654141163,0.08103640480479365,0.11924289036590105
-0.1740174326339954,0.010455513599951753,-0.0038494353550934182,-0.009893525667532885,0.0810911958033954,0.11919502577950905
-0.17402227827891603,0.010312788690731788,-0.003845393826144235,-0.009851877944723197,0.08110438119011147,0.11908577684733089
-0.17394001659354996,0.010167764818508498,-0.0038392498113240976,-0.00980633106505704,0.08107680578543672,0.11891654197504625
-0.1737724298658622,0.01002056032904455,-0.003831061042115583,-0.009756977930058332,0.08100931735445391,0.11868869255091477
-0.17352131285563158,0.009871293516118426,-0.0038208843395228786,-0.00970388659828342,0.08090277035175744,0.11840361886501051
-0.17318848776160606,0.00972008520615112,-0.00380877860310748,-0.009647169734917624,0.08075801538444011,0.11806265679578366
-0.1727757289164815,0.009567044409216536,-0.0037947994201786984,-0.009586913707549887,0.08057591244062454,0.1176671599711074
-0.1722848422581992,0.00941228430120869,-0.003779002871721305,-0.009523197545321136,0.08035731798416192,0.11721849169629453
-0.17171763667869197,0.00925591656685685,-0.003761445441563625,-0.009456127297763716,0.08010309156424161,0.11671797221658395
-0.17107594951730956,0.00909805625025626,-0.0037421840065389655,-0.00938579768169622,0.0798140761439515,0.11616694802869931
-0.17036153706445914,0.008938801795970846,-0.0037212709129474117,-0.009312278005128918,0.07949115715196657,0.1155667500649303
-0.1695762666561099,0.00877827047238987,-0.003698763697685277,-0.009235687164969756,0.07913516429613278,0.11491869331707384
-0.1687219204203366,0.008616562617424892,-0.0036747148221290297,-0.009156096400888181,0.07874696535502637,0.11422410884855244
-0.16780031264970424,0.008453788922167737,-0.003649048520664529,-0.00907470762682127,0.07836593157629487,0.11349152264779343
-0.16681321498358243,0.008290034434484665,-0.003622081641385867,-0.008989355804064559,0.07791424865976375,0.11270732627574417
-0.16576249205717297,0.008125416414899226,-0.0035937336193842292,-0.008901269093329398,0.07743233568379179,0.1118803969647707
-0.16464991246688232,0.007960028820175599,-0.0035640568604575545,-0.00881056657396802,0.07692100296195646,0.11101200283526
-0.16347727039288035,0.007793969471020995,-0.0035331017340901444,-0.008717319062936785,0.07638104501997126,0.11010342900328123
-0.16224635414405755,0.007627334540526708,-0.0035009185923820176,-0.00862162772457059,0.07581326163951331,0.10915594780178592
-0.16095894538226532,0.007460218582973862,-0.003467556834454905,-0.008523569338061143,0.0752184318249417,0.10817080499448488
-0.15961681836002783,0.007292714502941367,-0.0034330653297103553,-0.008423252299751728,0.07459735192858966,0.10714926708394965
-0.1582217151940104,0.00712491013436137,-0.003397489797057046,-0.008320763711772951,0.07395080163169383,0.10609257603534011
-0.15677544183920555,0.006956902154325632,-0.0033608809694184805,-0.00821617622857591,0.07327954766539357,0.10500197544364022
-0.15527972121714456,0.006788774856050562,-0.00332328371059604,-0.008109612887115874,0.07258437680567253,0.10387870448045662
-0.15373626284359324,0.0066206105412817545,-0.0032847429812192307,-0.008001133456244631,0.0718660409955072,0.10272397318200789
-0.15214682467590196,0.006452500754982344,-0.0032452545700812,-0.007894213917031857,0.07112523776133813,0.1015390737654611
-0.15051311669346262,0.006284525281747097,-0.00320491267555918,-0.007785679112672664,0.07036280001574133,0.10032516592602464
-0.14883684400628863,0.006116765705978349,-0.003163760308283622,-0.007675648515818618,0.06957947803840363,0.09908342477769035
-0.14711969412068793,0.005949301161846657,-0.003121839191345437,-0.007564185574958154,0.06877602802432811,0.09781508044212048
-0.14536334596931438,0.005782209859750452,-0.0030791896029324457,-0.0074513768846060134,0.06795317212834294,0.09652126661572248
-0.14356943584578405,0.005615564600756621,-0.0030358524176873963,-0.007337330252190836,0.06711167398062264,0.0952032066079949
-0.14173965334940433,0.00544970903802109,-0.002986051525379382,-0.007215354399562016,0.06623118381167119,0.0939706931446938
-0.1398756171623191,0.005284455813133697,-0.0029355507945438186,-0.007092259333662072,0.06533346519007349,0.09271559246572335
-0.1379789193153316,0.005119872164256073,-0.0028843952224981927,-0.006968133621283245,0.06441929682724033,0.09143895662568184
-0.13605118755809598,0.004956029720894009,-0.0028326272323082637,-0.006843063345987565,0.0634894182676898,0.09014179211627274
-0.13409400173032124,0.004792994374234345,-0.002780293361861038,-0.006717156278190004,0.06254460595917273,0.08882515738175417
-0.1321089345233116,0.004630831898279468,-0.002727431605172181,-0.006591543150423903,0.061614134088050686,0.08749195723184344
-0.13009751157542282,0.004469621076438903,-0.002674361392335371,-0.006465312320812566,0.060671324654981096,0.08614130529361833
-0.12806128616178114,0.004309407136950976,-0.0026208529381287525,-0.006338540794498659,0.059716906522155944,0.0847741915332066
-0.12600177734600038,0.004150250551384001,-0.0025669422832439682,-0.0062113250937568905,0.058751595053190483,0.08339158269492725
-0.12392045512432771,0.00399220689307133,-0.002512671985561757,-0.006083743595353032,0.05777610192203469,0.0819944373957711
-0.1218188224515129,0.0038353351469419634,-0.0024580774359952637,-0.005955881238233037,0.05679112412030539,0.08058372246341024
-0.11969831157357978,0.003679687719099454,-0.0024031999742001146,-0.005827840316896091,0.055797350006474206,0.0791603775462515
-0.11756038312639036,0.003525319618408702,-0.002348075595885102,-0.0056996788033808945,0.05479546169624075,0.07772535877682628
-0.11540645183854302,0.0033722817594042083,-0.002292742995828552,-0.005571508697651917,0.05378612413397427,0.07627960010221818
-0.11323789820355729,0.0032206227776280993,-0.002237235362947995,-0.0054433799583298555,0.05277000356069076,0.07482400326613159
-0.1110560973910423,0.003070390593452779,-0.0021815900944861964,-0.005315388456373087,0.05174774587494902,0.07335950359644404
-0.10886242645570941,0.002921642489977425,-0.0021258398144067933,-0.005186091311175604,0.05071988042366229,0.07188705795222429
-0.1066582192880215,0.0027744180446604956,-0.0020700186790321437,-0.005057120826585203,0.04968709100834068,0.07040752763996526
-0.1044447687354673,0.0026287589713161873,-0.002014161375260579,-0.004928551928575261,0.04864999791376008,0.06892184143909451
-0.10222338401472626,0.0024847078850590066,-0.001958301009565935,-0.004800467989644469,0.04760920706310041,0.06743082955611507
-0.09999531758183897,0.0023423036554310727,-0.0019024687294863592,-0.004672948927302472,0.04656531521432144,0.06593541104243769
-0.09776183389250362,0.0022015533072909156,-0.001846697779462862,-0.0045446391235829005,0.045519321664095266,0.06443614585943729
-0.09552414408359051,0.002062520754321623,-0.0017910143473681378,-0.004417151389228836,0.044471446736258996,0.06293413216623304
-0.09328344942535836,0.0019252409948410218,-0.0017354502775336698,-0.004290560985773832,0.043422257847318034,0.06143021865543599
-0.09104094595637773,0.001789747885906403,-0.0016800350832607647,-0.004164969461271771,0.04237230692254942,0.05992523091317126
-0.08879777368890994,0.0016560729538494725,-0.0016247985473420712,-0.004040463916962812,0.041322138860670064,0.05841997519461888
-0.08655508678902883,0.0015242470410360457,-0.0015697643666389852,-0.003917087295022175,0.04027229011709453,0.056915276322186986
-0.0843139779870179,0.0013942986835608795,-0.0015149631263096674,-0.003794956024518996,0.039223279128194254,0.05541191304622014
-0.08207555244672224,0.001266255369745086,-0.0014604192458356905,-0.0036741214150273253,0.03817561776307823,0.05391069825360958
-0.07984086187023147,0.0011401430548391427,-0.0014061575332673744,-0.0035546631715056907,0.037129807851200826,0.05241237546949116
-0.07761094929054163,0.0010159862551950114,-0.0013522026583770263,-0.0034366310393390406,0.03608634026508292,0.05091772181090743
-0.07538684482585575,0.0008938076168827254,-0.0012985812526183184,-0.0033201125990437027,0.0350456906949938,0.049427481507048586
-0.07316953364262091,0.0007736290393291557,-0.001245313831250317,-0.0032051787920646954,0.03400832742866671,0.04794237283141712
-0.07095998685125733,0.0006554707049160905,-0.001192425092974522,-0.0030918733802213,0.03297470852942039,0.046463134565210375
-0.06875916753509537,0.0005393508074983985,-0.0011399351962542964,-0.0029802791888906047,0.03194527706456371,0.04499046608782329
-0.06656798784843725,0.0004252872365768343,-0.0010878669137218998,-0.0028704230558153046,0.030920472172961698,0.04352507166803609
-0.0643873527652837,0.00031329623229935306,-0.0010362385341638474,-0.002762811734752214,0.02991078325899035,0.04206796187180207
-0.062218148420172516,0.00020339148794730534,-0.0009850745285173814,-0.00265700797718656,0.0289047154532309,0.04061940416285743
-0.06006122382899242,9.558698977665938e-05,-0.0009343891895675999,-0.002553058598823492,0.02790271411340997,0.03918005793360047
-0.057917410212663986,-1.0105148114995533e-05,-0.0008842030224105363,-0.002451063546229971,0.026905216044070434,0.03775056474384491
-0.055787528323091314,-0.00011367532283924595,-0.0008345320812679303,-0.002351090570895287,0.02591267100477203,0.03633156815147964
-0.05367235130646621,-0.00021511289524900605,-0.0007853970931254087,-0.002253197343934967,0.024925523103291537,0.034923700486256974
-0.051572644569446595,-0.0003144097146974213,-0.0007368122920879096,-0.002157491104173269,0.023944184610991348,0.03352757825721561
-0.04948915678191976,-0.00041156003122768726,-0.0006887937849968453,-0.002064026838264014,0.02296906103464057,0.03214381587886002
-0.04742258887407278,-0.0005065555713168226,-0.00064135574894223,-0.0019729438645110105,0.022000559817202874,0.03077302178513124
-0.04537365166136506,-0.0005993943421171217,-0.0005945134094997715,-0.0018843047736436043,0.02103908245859017,0.02941580220718218
-0.0433430160373002,-0.0006900730693524837,-0.0005482804819790997,-0.0017982976658637215,0.020084986842841126,0.028072769935169866
-0.041331315396695024,-0.0007785863954833991,-0.0005026712271788475,-0.0017150004453370022,0.019138669906752486,0.026744532622644
-0.03933919225015528,-0.0008649363375761519,-0.000457696902693016,-0.0016346162965648829,0.018200468621048304,0.025431723697516496
-0.037367242679354214,-0.0009491211294400978,-0.00041337088908676675,-0.0015572734079435531,0.01727076627698562,0.024134967102204606
-0.03541605059929574,-0.0010311420292809861,-0.00036970244956889846,-0.0014832644902864041,0.016349849825835427,0.022854961232094916
-0.033486181853086903,-0.001111002894309803,-0.0003267025861959091,-0.0014160779820568507,0.015510530387621518,0.021593724631087954
-0.03157816241771433,-0.0011887031232151912,-0.0002843824662075943,-0.0013526268348771763,0.014679561586099284,0.020350628443710342
-0.02969251994449593,-0.0012642503853693328,-0.00024275218103046636,-0.001290371807163612,0.013795362421100549,0.01912545049358107
-0.02782974542910915,-0.001337648377072522,-0.00020181832584261467,-0.0012326787260903422,0.012922104951486942,0.017920145559827214
-0.025990314837536645,-0.0014089045146775349,-0.0001615931246291154,-0.0011799713012172759,0.01206004038301431,0.016735702967202816
-0.024174678395243215,-0.0014780246439854076,-0.00012208022767211667,-0.0011325110890740271,0.011209387228375096,0.015573076679313281
-0.022383264274632136,-0.0015449929716963536,-8.328623036243692e-05,-0.0010873081908396543,0.010369679758042287,0.014433910688305763
-0.020616492551284844,-0.001609845078273904,-4.5222416079998724e-05,-0.0010477862137951801,0.009541780780212958,0.013318530753796602
-0.018874743912475258,-0.0016725847873201411,-7.892008811447455e-06,-0.001012984522820341,0.008725934898547394,0.01222739243154647
-0.017158392328814016,-0.0017332247372573945,2.869921807213069e-05,-0.0009795783678380775,0.007922391785257513,0.011159238004478123
-0.015467790438519575,-0.001791778640065733,6.45460457860316e-05,-0.0009409988194022302,0.00713144411010155,0.01011026142382189
-0.01380326544173927,-0.001848257137034656,9.964437314242657e-05,-0.0008856929675171177,0.0063534160438676705,0.009072257202989955
-0.01216512797663365,-0.0019026745256882536,0.00013399029423774578,-0.0008006853800431852,0.005588600058286028,0.008034705066452248
-0.010553670289121376,-0.0019550482695569783,0.000167578542781603,-0.0006819034108135601,0.004837140257642123,0.006992551759684497
-0.00896916294604645,-0.0020053926578083537,0.00020040813639261892,-0.0005386197103917233,0.0040990220681905,0.005950531661951244
-0.007411857881953406,-0.0020506220761546227,0.00023248815179556593,-0.00038383664185058367,0.003374795504568964,0.004916650143687266
-0.005879211412419389,-0.002094374661017824,0.0002638033907815737,-0.00022611932728789022,0.002663779515218281,0.0038969481711935584
-0.004374707550634854,-0.002136650445593744,0.0002943525211280956,-6.92253269268128e-05,0.00196603568298415,0.002894105031954668
-0.0028985372858731924,-0.002177444946755028,0.0003241332185400808,8.531788937127164e-05,0.0012816335765543127,0.001909259483622044
-0.001450869995763504,-0.002216747299792249,0.00035314583219343186,0.0002369227292263037,0.0006106434353830311,0.0009429115110883004
-3.185938681345404e-05,-0.002254560005426806,0.0003813913128157375,0.0003854060345606244,-4.6864997209942704e-05,-4.692599699076834e-06
0.0013583596539836873,-0.002290870124234268,0.0004088695421301046,0.0005306355543645053,-0.0006908313075811687,-0.0009334037844471831
0.0027196688174305687,-0.002325675813719269,0.0004355813003802107,0.0006726072106430937,-0.0013212042033762094,-0.001843113086157197
0.004051967644921147,-0.002358976425301088,0.00046152908122315257,0.0008113143809411894,-0.001937936235831957,-0.002733743728318918
0.005355172329881129,-0.0023907651569251096,0.00048671218271230675,0.0009467083867428474,-0.002540993246932427,-0.0036052224871569996
0.006629215414350063,-0.00242104325174315,0.0005111351154176774,0.001078817897430382,-0.0031303447315662305,-0.004457498319343709
0.007874043542880429,-0.002449803125149216,0.0005347993982139608,0.0012076587028003244,-0.003705969551174096,-0.005290527601396232
0.009089625099710055,-0.002477048374027495,0.0005577062221423495,0.001333227490707954,-0.0042678545117430435,-0.006104279846442863
0.010275936305303603,-0.002502777159459063,0.0005798613289526148,0.0014554969236555552,-0.004815992890994992,-0.006898728664750665
0.011432975050678652,-0.002526988689229003,0.000601265767433853,0.0015744971759498341,-0.0053503861855933674,-0.007673863677509933
0.012560752593775322,-0.002549687404235789,0.0006219243258982221,0.0016902448217980238,-0.005871042269183511,-0.008429683188442599
0.013662871952562557,-0.0025683857884340635,0.0006418253417574569,0.0018027115878710013,-0.006377412133731523,-0.009166511337711012
0.014736122464797207,-0.002585412300390356,0.0006609872275651495,0.0019119119924646752,-0.006870034784583271,-0.009884069765085013
0.01578054778493714,-0.0026007949130574374,0.0006794156699820229,0.0020179018091989634,-0.007348943217778898,-0.010582389433220998
0.016796199621423428,-0.0026145552375486394,0.0006971148154036492,0.002120694697226377,-0.007814174314763783,-0.01126150092064804
0.017783145989967348,-0.0026267192877274504,0.0007140910337637341,0.002220282814299277,-0.008265772841770309,-0.011921447295382614
0.01874147071467942,-0.002637315455977312,0.0007303497884868775,0.0023167209201630412,-0.008703788342510036,-0.01256228025421045
0.019671260087476536,-0.0026463628981159633,0.0007458953234998142,0.0024100046393077694,-0.009128280982700172,-0.013184061581248335
0.02057263060832532,-0.0026538974837278712,0.0007607353814448518,0.0025001667153327673,-0.009539310233797883,-0.013786857567967437
0.021445690278046728,-0.0026599983063731827,0.0007748773461515442,0.0025888321186494207,-0.009939110641209566,-0.01436957794431934
0.022290574549897822,-0.002664640442414368,0.0007883253190877957,0.002674406827665736,-0.010325647795361216,-0.01493344971181505
0.023107422306934494,-0.002667849461735956,0.0008010880785433988,0.002756925298663098,-0.010698991141925207,-0.015478566566495182
0.023896388425378688,-0.002669653934227174,0.000813171039414023,0.002836938249096225,-0.01106798120797162,-0.016004936962372377
0.024657633766854255,-0.0026700797881513074,0.0008245833074249587,0.002913931170275943,-0.011424223369878835,-0.01651276415220677
0.02539133140967145,-0.002669153830019723,0.0008353316701333686,0.0029879372913101158,-0.0117677835982803,-0.017002167635237094
0.026097668868134794,-0.0026669057418852097,0.0008454231448175547,0.003058956955138838,-0.012098746106613822,-0.017473267788073985
0.0267768421439034,-0.002663364623524028,0.0008548672041447863,0.0031270436864076737,-0.01241718105330359,-0.017926199459873705
0.02742904452416311,-0.0026585513457952916,0.0008636707508228058,0.0031922153782351905,-0.012723179241327124,-0.018361098964724827
0.028054503601113317,-0.002652502837796149,0.0008718426970015804,0.0032545010577643622,-0.013016831734471261,-0.018778109813450208
0.02865342804507849,-0.0026452387469615823,0.0008793917279676162,0.003313899465582024,-0.01329823859914584,-0.019177379284025922
0.029226058322551395,-0.0026367926415871946,0.00088632644852036,0.003370448281538711,-0.01356741680877936,-0.019559066158091054
0.02977263318548962,-0.002627191808999199,0.000892655144401823,0.0034241814317177983,-0.013824582207258643,-0.01992332988516045
0.03029339565623985,-0.0026164615675181983,0.0008983869011641732,0.003475150879281751,-0.014069834837009913,-0.02027033703403696
0.030788607632667286,-0.002604633452568316,0.0009035314031997908,0.003523374315004618,-0.014303280129333129,-0.020600260087113464
0.03125852764700336,-0.0025917327825780564,0.0009080979258798501,0.003568887058217174,-0.014525029586873881,-0.020913276214412267
0.031703424159099894,-0.0025777861659250357,0.0009120948955469401,0.003611693560132731,-0.01473520531524353,-0.021209566247696727
0.032123587895671955,-0.0025628284703363364,0.0009155328052903195,0.003651876496960029,-0.014933924654145666,-0.021489317262150805
0.032519287970994515,-0.0025468795129171625,0.0009184212523967036,0.0036894534536527587,-0.015121303760583685,-0.021752724394954757
0.03289082902294967,-0.0025299737790846462,0.0009207691370487806,0.0037244149602649627,-0.015297492699546859,-0.02199997511944349
0.033238500491149306,-0.002512135155679141,0.0009225870933753901,0.0037568643440598353,-0.01546260218775607,-0.022231276689411685
0.03356260456398797,-0.0024933906524598165,0.0009238846233311314,0.0037867993314704778,-0.015616777145117503,-0.02244682916373342
0.0338634614013149,-0.0024737731604956028,0.0009246717677173301,0.003814291687679333,-0.01576014961019707,-0.022646842356307227
0.03414137465470313,-0.0024533048335661136,0.000924958535890397,0.0038393288464591458,-0.015892866250325884,-0.0228315250070029
0.03439666414719623,-0.002432013108215764,0.0009247550442504481,0.003861992037653211,-0.016015069799447893,-0.023001091159231442
0.03462965876095537,-0.0024099270955458755,0.0009240712352100867,0.0038822903471295964,-0.016126902410432926,-0.023155761132294377
0.03484069080476346,-0.002387075325900963,0.0009229178816204308,0.003900296078329102,-0.01622850603462668,-0.02329575677035728
0.03503009108482699,-0.0023634831972424667,0.0009213047448729932,0.003916025674658082,-0.016320044196942055,-0.02342129732953001
0.03519819332570175,-0.002339175642740191,0.0009192423211177169,0.003929112804184314,-0.01639565178482179,-0.023532716418210323
0.035345350737062235,-0.002314184294409946,0.0009167410581023808,0.0039399965743652735,-0.01646153752270471,-0.023630137069343943
0.03547188999775417,-0.0022885272417981855,0.0009138109381446585,0.003948767153480562,-0.016517862969203732,-0.02371378705054919
0.03557817876440364,-0.0022622389531444394,0.0009104627253762321,0.0039554368872738764,-0.016564791207695224,-0.023783906544903113
0.03566456318300082,-0.0022353428238099616,0.0009067067227056896,0.003960062937718763,-0.016602486721225215,-0.023840725017964297
0.03573138913277776,-0.002207860691722595,0.0009025530010428974,0.003962668887393695,-0.016631115192895528,-0.023884485518930493
0.03577902485878502,-0.0021798227742936016,0.000898012378660586,0.003963325702656624,-0.016650843877626116,-0.023915422606903082
0.035807825385161564,-0.0021512521368552903,0.0008930949582516364,0.003962035108951714,-0.016661840701502756,-0.023933778898377406
0.03581815620852175,-0.0021221752832986927,0.0008878112865066611,0.003958888549941786,-0.01666427526636978,-0.023939800847779098
0.035810379811525024,-0.0020926162599399127,0.0008821716592992483,0.003953910637785126,-0.0166583174775534,-0.023933728563232844
0.035784863811654494,-0.0020626003001521643,0.0008761864488416194,0.003947130039541165,-0.016644138163226282,-0.02391580783554287
0.035741972267516665,-0.0020321502392185065,0.0008698659253889917,0.003938617749531026,-0.016621909171900807,-0.02388628610893044
0.03568207742298258,-0.0020012914943869785,0.000863220387913093,0.003928392483446322,-0.016591802505432802,-0.023845408666427256
0.03560554574583127,-0.001970046351332651,0.0008562600981219085,0.003916489402113518,-0.016553990772593185,-0.023793421808447388
0.03551274590543734,-0.0019384374374691662,0.0008489950829357867,0.0039029935318467286,-0.016508647606502835,-0.0237305811669122
0.03540405741268084,-0.001906491013195417,0.0008414358249127192,0.0038879157781180162,-0.016455945938359244,-0.02365712428856599
0.03527985006737873,-0.0018742290247033108,0.0008335921820169368,0.003871310470036329,-0.01639605988386293,-0.023573311137492683
0.03514049272076344,-0.0018416726138275714,0.0008254743356701282,0.0038532063807829985,-0.016329162799262963,-0.023479383238563065
0.034986365231679466,-0.0018088468768865103,0.0008170923304923674,0.003833665309662096,-0.01625542886991898,-0.023375593182388375
0.03481782879045999,-0.001775769373649429,0.0008084557956712981,0.0038127120884309034,-0.016175031629319048,-0.023262190796060702
0.03463525952534114,-0.0017424632559637585,0.0007995748424932164,0.0037904067964600985,-0.01608814485090966,-0.023139423851907055
0.03443903647672613,-0.0017089525733757314,0.0007904592723394658,0.003766760489666264,-0.015994941676627128,-0.023007538598676623
0.03422952516950492,-0.0016752561409235439,0.0007811186244173979,0.003741868052342564,-0.015895595836601117,-0.022866789270657578
0.03400709420623085,-0.0016413939180134742,0.0007715626716982223,0.003715744305174181,-0.015790279828349674,-0.02271742306313791
0.03377211306059602,-0.0016073862252783202,0.0007618009591455606,0.00368840589226622,-0.015679165402413472,-0.02255968092518866
0.03352495717545829,-0.001573255697355125,0.0007518429164154064,0.003659925098953239,-0.015562424928355668,-0.02239381554240437
0.033265988105482217,-0.0015390198876794675,0.0007416977232071167,0.0036303326939354716,-0.015440229209607317,-0.02222006947379495
0.032995573106538945,-0.0015046987112565368,0.0007313752187805524,0.0035996365406874126,-0.015312748378791622,-0.022038685828834698
0.03271406928889671,-0.0014703085349385026,0.00072088380661413,0.0035679504687085657,-0.01518015276000419,-0.021849912233484602
0.03242185450946116,-0.0014358736974550707,0.0007102330577851961,0.0035352634231020593,-0.015042610966472822,-0.02165399050853966
0.032119269955305216,-0.0014014053784492466,0.0006994318768283106,0.003501622787565492,-0.014900290525518712,-0.02145115768960386
0.0318066861348285,-0.0013669259258828777,0.0006884892416893231,0.0034670592645575527,-0.014753358658035858,-0.02124165668706999
0.03148446081189928,-0.0013324534135571904,0.0006774136388542097,0.00343161743579327,-0.014601981367451881,-0.02102572613579271
0.031152939236525904,-0.001298001901748362,0.0006662140477454987,0.003395352830928249,-0.014446323419052772,-0.02080360117705311
0.030812476502375286,-0.001263589479456751,0.0006548984454783218,0.0033582896656655327,-0.014286548506773173,-0.020575518176240173
0.03046342760397768,-0.001229234884591807,0.0006434761752070217,0.003320454052574491,-0.014122818953386166,-0.020341708391191843
0.03010612768624973,-0.001194950112470713,0.0006319543746795872,0.0032818982226101726,-0.013955296045752888,-0.02010240519114842
0.02974093098503739,-0.0011607549080857457,0.0006203423818772608,0.003242645798795765,-0.013784139525516,-0.019857835878517496
0.029368170140431527,-0.0011266617462485804,0.0006086475516123085,0.0032027288302685112,-0.013609508027857313,-0.019608232348013274
0.0289881855520735,-0.0010926867580092821,0.0005968783171217067,0.0031622149784140663,-0.013431558543390081,-0.0193538154964013
0.028601310366432483,-0.0010588440744713067,0.0005850416343890803,0.0031211020745239124,-0.013250446501021348,-0.019094810718406605
0.028207876758110796,-0.0010251484588934515,0.0005731460238335251,0.003079426304145365,-0.013066326024378119,-0.018831440568679903
0.027808212381432017,-0.000991613815746767,0.0005611990289118669,0.0030372470742942794,-0.01287934969365551,-0.018563923616883072
0.027402643107765055,-0.000958254238279582,0.0005492077187527271,0.002994592276382644,-0.012689668158315615,-0.01829247402667388
0.02699148955318432,-0.0009250828637860764,0.0005371793682424926,0.002951456998053624,-0.012497430550761437,-0.018017309540851477
0.02657506296924023,-0.0008921104489053598,0.0005251212719463025,0.0029079216797318367,-0.012302784492194525,-0.017738640960479245
0.026153685128717772,-0.0008593525072388534,0.0005130408518103681,0.002863980284785881,-0.012105875315720958,-0.017456674240251137
0.025727658951670337,-0.0008268186965148678,0.0005009442098878027,0.0028202046708513217,-0.011912609036974183,-0.017171547663353985
0.0252972927098985,-0.0007945217082685216,0.0004888386611103192,0.002776050597886885,-0.011717204028707025,-0.016883540980719917
0.024862892029239796,-0.0007624743641696945,0.0004767310147967784,0.002731597697253121,-0.011519794802773433,-0.01659285481613958
0.02442474839166055,-0.0007306853399800646,0.0004646269447565081,0.0026868416256371633,-0.011320504117169491,-0.016299692768438876
0.023983160045169944,-0.0006991671137238011,0.0004525339556731024,0.002641816840415682,-0.011119478288439122,-0.016004245447102602
0.023538412094412316,-0.00066792827849546,0.00044045705193738864,0.0025965385289897606,-0.010916842027908245,-0.015706708258638725
0.02309079570370722,-0.0006369810507859019,0.0004284030898312423,0.002551062795308494,-0.010712723678752388,-0.015407273154225446
0.02264058671056149,-0.0006063331921022371,0.00041637815722041834,0.0025053805701168415,-0.010507260297033015,-0.01510612434276531
0.02218806486087446,-0.0005759950189949962,0.0004043872394414194,0.0024595622960998115,-0.010300568125999082,-0.01480345065311371
0.02173350102142012,-0.0005459749879729314,0.00039243636461254374,0.0024136047643116476,-0.010092775823299116,-0.014499433260043566
0.021277165007592257,-0.0005162824867094409,0.0003805316274435053,0.002367502911332967,-0.009884011104396781,-0.01419425010680348
0.020819319714138418,-0.00048692548262414885,0.00036867736696316193,0.0023213446603382085,-0.009674390558243389,-0.013888077989215042
0.020360221308941523,-0.00045791098338167623,0.000356879598771949,0.0022751209032359026,-0.009464039591360069,-0.013581088427852727
0.019900128711748115,-0.0004292482762310641,0.0003451431951468647,0.0022288589500637267,-0.009253075560718756,-0.013273451420699437
0.019439287215834326,-0.0004009429770459379,0.00033347327917853054,0.0021825544356831477,-0.009041616670365842,-0.012965333345238717
0.01897794346346384,-0.0003730025457661899,0.0003218742353850326,0.0021362881468123458,-0.008829775201037386,-0.012656897804209
0.018516343680936666,-0.0003454358524455835,0.00031035112729168907,0.0020900155217855616,-0.008617655571618187,-0.012348311478205481
0.01805471501583004,-0.0003182458146507803,0.0002989078469228541,0.0020438210671911853,-0.008405381543232343,-0.012039722263797013
0.017593291844902888,-0.00029143982558911015,0.00028754999533120744,0.0019976771940670465,-0.008193057362156402,-0.01173128902129474
0.017132304216617315,-0.0002650248307997214,0.00027628057714010925,0.001951617329958669,-0.007980783833152696,-0.011423164611539893
0.016671967459508247,-0.00023900386261275705,0.00026510471131086465,0.001905651988911218,-0.007768670687208481,-0.011115494934490978
0.016212503550334947,-0.000213383905887737,0.0002540257411384477,0.0018598278435093523,-0.007556822002054758,-0.010808422212496041
0.015754124467398406,-0.00018816968531046058,0.0002430474929753597,0.0018141514550646864,-0.0073453288923655624,-0.010502094189031513
0.015297034002811882,-0.0001633642589633928,0.0002321738642821246,0.0017686260015313004,-0.007134299969334669,-0.010196642347351226
0.014841438307828721,-0.00013897338729170774,0.00022140920708929698,0.0017232494479164453,-0.00692382558717271,-0.009892206804161374
0.014387533817971764,-0.00011500018207368774,0.00021075532518594387,0.0016780678710393002,-0.006713644943535826,-0.009588918362822966
0.0139355125096084,-9.144803218737502e-05,0.00020021692464542622,0.00163310874172511,-0.006504289171758584,-0.009286906601130017
0.013485563634082444,-6.832064078713726e-05,0.00018979674910476506,0.0015883570744976354,-0.006295832305344642,-0.008986294427046501
0.013037869586120023,-4.5620522409046225e-05,0.00017949723344417388,0.0015438613015285345,-0.006088344714566,-0.008687204520640635
0.012592610908984218,-2.3351495825280722e-05,0.00016932246045409216,0.0014996037146240118,-0.005881902705685009,-0.008389757112345055
0.01214996130039503,-1.5158688017998216e-06,0.00015927420265401555,0.0014556358721259394,-0.005676575631377095,-0.008094069174603875
0.011710087858640382,1.98848567074191e-05,0.0001493558948622929,0.0014119583291629316,-0.0054724456906675096,-0.007800248722114166
0.011273155816891794,4.084834875944872e-05,0.00013956965115899254,0.0013685722775555065,-0.005269576327984925,-0.007508412112449124
0.010839324680350948,6.137289802648183e-05,0.00012991786302355473,0.0013254855146007179,-0.0050680438838352805,-0.007218662286804403
0.010408749221633587,8.14570471489368e-05,0.00012040279957639156,0.001282706074294672,-0.004867922945141495,-0.006931099087874591
0.009981579497910039,0.00010109958605649712,0.00011102660897644839,0.001240257616336391,-0.0046692762293667174,-0.006645828463494851
0.009557961488428805,0.00012029911374785404,0.000101791875433678,0.0011973459856603405,-0.004463971844302362,-0.006362986265246882
0.009138035168223514,0.0001390553654113838,9.269993711455905e-05,0.0011548130468308972,-0.0042607526046560705,-0.00608261784111713
0.00872193784307319,0.0001573671179304907,8.375276051145433e-05,0.0011127075985142428,-0.004059685359200646,-0.005804819278486785
0.008309797590243776,0.00017525373149688577,7.495197064246574e-05,0.0010720751330576567,-0.003860069617560322,-0.00553007494208478
0.007901744491620094,0.00019269359110029346,6.629918123214042e-05,0.0010318188173519347,-0.003662769511140639,-0.005258044513918289
0.007497900571769059,0.0002096870530252042,5.779583611922919e-05,0.0009919434765196646,-0.0034678328693719066,-0.004988806829545463
0.007098381054090647,0.00022623594017116478,4.9443824500469256e-05,0.0009524339520578765,-0.003275314666498171,-0.004722445967368702
0.006703302063039637,0.00024233941608778586,4.124344487407998e-05,0.0009133000144354563,-0.0030852550723632073,-0.00445903334146856
0.006312769406504848,0.0002579999827993874,3.319672762498161e-05,0.0008745790856283588,-0.002897703676266958,-0.0041986462368550775
0.005926889469410957,0.0002732175413422191,2.530412495014154e-05,0.0008362763173590972,-0.002712696882289217,-0.003941349436707115
0.0055457606263651996,0.00028799435179277836,1.756673643887259e-05,0.00079834873362122,-0.002530279634069884,-0.0036872159125895016
0.005169479687652438,0.00030233104272891,9.985174794965291e-06,0.0007608645148619099,-0.002350488668606342,-0.003436309850744639
0.004798137172971178,0.00031622962647778427,2.560484125126874e-06,0.0007238224726685172,-0.0021733569813530847,-0.0031886886522161334
0.004431819760598445,0.0003304687213111229,-4.70846455437628e-06,0.0006871316583736407,-0.0019990733867997056,-0.0029443300358571937
0.004070610139603682,0.00034419405919183604,-1.1819252479455504e-05,0.0006508786666752831,-0.001827501808588346,-0.0027033842264842446
0.0037122478823705916,0.0003574152655993662,-1.8775019391738414e-05,0.0006152072946057485,-0.0016586704579438973,-0.0024658958700680966
0.0033593929991316903,0.00037013139452067074,-2.5571367564651922e-05,0.0005799623675310565,-0.0014926069153209118,-0.0022319191119712575
0.003012106184861878,0.00038234921572374814,-3.2208401601110115e-05,0.0005451536527645713,-0.0013293361975858,-0.0020015013730298034
0.0026704476394813913,0.00039407399308203164,-3.868588335254461e-05,0.0005107882584189142,-0.0011688826809351557,-0.001774689525846388
0.002335891044396441,0.0016582295220297842,-4.312026110947178e-05,0.000472284887969605,-0.0010112875840054708,-0.0015500689059848635
0.002005603793207541,0.0016433003409559493,-4.9498520196303736e-05,0.00043868976105298547,-0.0008565300484787719,-0.0013306399623228265
0.0016811019993952325,0.0016277968685635203,-5.570975433630016e-05,0.00040552830484301617,-0.0007046464861456068,-0.001114932017678751
0.0013624268063120648,0.0016117403350890784,-6.175505403693998e-05,0.0003728415589683762,-0.0005556514137920629,-0.000902976883096251
0.0010496186088482364,0.0015951516484837616,-6.763425585749697e-05,0.0003406257138775318,-0.0004095586120295842,-0.0006948043222287854
0.0007427121643635641,0.0015780520004738988,-7.334845028419629e-05,0.00030883693572902925,-0.000266381132850839,-0.0004904505627352715
0.0004417401855059517,0.0015604622110829565,-7.889753029404559e-05,0.000277524766601872,-0.00012612790060489924,-0.00028993352806213284
0.00014673041633325384,0.0015424027114526815,-8.428228814256182e-05,0.00024666602429520266,1.1192263840283667e-05,-9.328036664009892e-05
-0.00014229265405706567,0.0015238940746983816,-8.950373313136637e-05,0.0002162691171243208,0.00014557258306672525,9.94841263113115e-05
-0.0004253079561638771,0.001504956764150028,-9.456255311395803e-05,0.00018633106965062457,0.00027700837061768224,0.00028834754950129445
-0.0007022979481446333,0.0014856105626235173,-9.94594647802339e-05,0.00015688572551135732,0.00040549621989446747,0.0004732878844430551
-0.0009732484881802895,0.001465875601586083,-0.00010419556232556647,0.00012787430678383064,0.0005310343357669811,0.0006542932604028127
-0.0012381487231611851,0.0014457712570992024,-0.00010877169563122712,9.932855737224583e-05,0.0006536228023900758,0.0008313492771415664
-0.0014969910811438094,0.0014253171902337785,-0.00011318907917367492,7.125040241496407e-05,0.0007732626247436413,0.001004448960241442
-0.0017497717194077422,0.0014045324824615304,-0.0001174485971402345,4.360871873109183e-05,0.0008899576795795979,0.0011735791334676865
-0.0019964888680696125,0.001383435920141998,-0.00012155153148284211,1.643405940913628e-05,0.0010037105269561915,0.0013387434311680423
-0.0022371443251297785,0.0013620463973581852,-0.00012549926309213608,-1.0268608430122067e-05,0.0011145288178429772,0.001499929149535135
-0.0024717436714648813,0.0013403822552559652,-0.00012929286016642995,-3.6534464653045186e-05,0.0012224190741614153,0.0016571385084109332
-0.0027002947626438858,0.0013184616444369824,-0.00013293367829590196,-6.233248161226581e-05,0.0013273897570917107,0.001810372524126016
-0.0029228073064191703,0.001296302345354632,-0.0001364232002376697,-8.769184556482284e-05,0.0014294517156542247,0.0019596304504955094
-0.003139295767279646,0.001273922222891945,-0.00013976292928616972,-0.00011258228718336362,0.0015286137661444444,0.0021049232280412615
-0.003349776305433581,0.0012513383080306419,-0.00014295410429182733,-0.00013703897286832705,0.0016248906679621003,0.0022462517904585293
-0.0035542678787523437,0.0012285679054266016,-0.00014599852964916068,-0.00016105916758145882,0.0017182960000027055,0.002383624025148724
-0.0037527919541334403,0.0012056276191916803,-0.00014889766521173167,-0.00018464548067200374,0.0018088431130048402,0.002517053508313337
-0.003945371153770501,0.0011825338510555472,-0.00015165320484132104,-0.00020779807169021123,0.0018965509067898443,0.0026465460265444477
-0.004132036109047709,0.0011593028570757293,-0.0001542665158142825,-0.00023052459522584392,0.0019814333584189433,0.002772122513316948
-0.0043128114883786185,0.0011359504758166454,-0.00015673973041003392,-0.0002527871402847512,0.002063509962112941,0.0028937941955095984
-0.00448773304978749,0.0011124922420428787,-0.00015907419178847986,-0.00027465938615016855,0.002142800067098597,0.003011579175185426
-0.004659084647184902,0.001088938311528632,-0.00016127582509974743,-0.00029595517569159743,0.0022193273991308396,0.003125491910594403
-0.00482468338244531,0.0010653083424265837,-0.00016334227278359115,-0.00031686625855735956,0.0022931099749570263,0.0032355540555324067
-0.0049845610504345534,0.001041986117500865,-0.00016527467364223325,-0.00033735655489056386,0.0023640514385397152,0.003341850152381664
-0.005138752804436042,0.001018610149940477,-0.00016707580304568687,-0.00035746576198880973,0.0024322925753539793,0.0034443405392258035
-0.005287294112063655,0.000995193196860427,-0.0001687474589813266,-0.0003771968569487471,0.002497855344030354,0.0035430530461276802
-0.0054302247946451665,0.0009718512084654833,-0.00017029139773113434,-0.00043109080310841486,0.0025539726159385674,0.0036415000644648508
-0.005567584701061796,0.0009484931984232503,-0.00017170989843892764,-0.00048377462369146714,0.002607658149688637,0.0037361186697091858
-0.005699417003888454,0.0009251309081711337,-0.00017300476523080945,-0.0005352640236353073,0.0026589427991437495,0.003826936214961534
-0.005825766650647242,0.0009017758984161745,-0.00017417813927530511,-0.0005855563540212683,0.0027078531248559998,0.003913982472229725
-0.005946678783086028,0.0008784396760106523,-0.00017523194931750138,-0.0006346392396013671,0.00275441303903123,0.003997291347797886
-0.006062202905027826,0.000855133138786745,-0.00017616833290018456,-0.0006825400677665662,0.0027986611592380416,0.004076887935691841
-0.006172388561799245,0.0008318673385087523,-0.0001769892337984185,-0.0007292345703843481,0.0028406158379777518,0.004152814180413472
-0.006277286816323454,0.0008086529128571381,-0.00017769687115663904,-0.0007747352960256185,0.0028803095513797203,0.004225102351634515
-0.006376952387759327,0.0007855001201998604,-0.0001782931813451623,-0.0008190494820661532,0.00291777593073492,0.004293786539548294
-0.006471438085306088,0.0007624193451655134,-0.00017878032109656204,-0.0008621781982235744,0.0029530447691447632,0.004358903709558393
-0.006560766177293035,0.001686251402022222,-0.00018218034229340932,-0.0009083713180300742,0.00298655499810018,0.0044206840588617
-0.0066450626684548255,0.001643932672608658,-0.00018249812411541493,-0.0009491097919510279,0.003017549133461288,0.004478728557266271
-0.006724353406943899,0.0016016393497106536,-0.00018270861462081126,-0.000988685820224725,0.0030464373455882,0.004533327559074291
-0.0067986998015241995,0.0015593924273684927,-0.00018281406873627316,-0.001027080066782792,0.0030732511915366554,0.004584520695510444
-0.006868117679945977,0.0024310017068234057,-0.00018588988150702396,-0.001068465481709359,0.0030984096846742803,0.004632436890095404
-0.0069327584877050255,0.0023701727536055146,-0.0001858237035008812,-0.0011045284010547448,0.0031212053056895277,0.004676892927568053
-0.0069926420442652255,0.0023093751298182735,-0.00018565513990516114,-0.0011394388885188182,0.0031420221315135925,0.004718075404612676
-0.007047834465392902,0.002248639288041724,-0.00018538671865995186,-0.0011732167986480831,0.0031609034539419583,0.00475602016999086
-0.007098402447613268,0.002187994637677368,-0.00018502075333499246,-0.001205856611942224,0.0031778716728199548,0.004790781461952813
-0.0071444115095858915,0.0021273523441571276,-0.00018455997913888119,-0.0012602642078304005,0.0031982249228153926,0.004819705405548373
-0.007185876809041297,0.002928861767370545,-0.0001870662889576523,-0.0013159746247727684,0.0032166812403719956,0.0048457159163023105
-0.007222974559440309,0.0028508743220585268,-0.00018643943764014048,-0.0013669141714832862,0.0032330585847777874,0.004868623265890401
-0.0072557213720104595,0.0027730215532486948,-0.0001857210726150415,-0.0014161387761685777,0.0032474917453364,0.004888620557622044
-0.007284187797333402,0.0026953395541277963,-0.0001849135697023499,-0.0014636588401202278,0.0032600231834517763,0.004905751636337359
-0.007308445665452359,0.002617864256885713,-0.00018401943070414886,-0.001509483895758564,0.0032706879465491776,0.0049200646270421
-0.007328565844879143,0.002540629138514983,-0.00018304108089095992,-0.0015536262377669671,0.0032795139803530964,0.004931613791676849
-0.007344621461564899,0.002463668475921662,-0.000181980937618501,-0.0015960965124038832,0.0032865478780472455,0.004940441155554945
-0.007356686246513408,0.0023870157243521687,-0.00018084145956224882,-0.0016369086200209353,0.003291813932709328,0.004946604213917899
-0.0073648328068073214,0.0023107020571267772,-0.00017962503270082953,-0.0016760726382082937,0.003295358818663832,0.00495014478135751
-0.0073690745935269105,0.003015937980045824,-0.00018120764720080625,-0.0017163233058225494,0.0032973045673291793,0.004950995472526642
-0.007369609529621741,0.0029243825093812808,-0.00017984488053918976,-0.0017522143410855443,0.003297511717513747,0.004949416671492965
-0.007366450659136425,0.0028331957459438845,-0.000178409660517507,-0.001786500909832487,0.0032960969001934433,0.004945375221367418
-0.007359673921325926,0.002742416513119075,-0.00017690443453296454,-0.0018191961486579663,0.003293103509887639,0.004938916391750776
-0.0073493543894397485,0.0026520813578239173,-0.00017533160299254886,-0.0018503171385903018,0.003288563134770502,0.004930095104605277
-0.007335568567980599,0.0025622271346001655,-0.00017369356980222728,-0.0018798795014758139,0.003282511534928702,0.004918962209999737
-0.00731832913260186,0.003197789845445621,-0.00017465647809303194,-0.0019103578464073822,0.0032750696910274144,0.004905342805308169
-0.007297838779689239,0.0030941401848328036,-0.0001728873706970062,-0.0019368303623189178,0.0032661098582215755,0.004889715533624399
-0.007274111080811682,0.0029910166948951063,-0.0001710579850317215,-0.0019617937060475116,0.0032557484770612565,0.004871931059756634
-0.007247223029041103,0.002888460916844923,-0.00016917074082301777,-0.001985267792450671,0.003244017070767761,0.004852044558838847
-0.007217186447189715,0.0034730246679226945,-0.00016972471529341464,-0.002009539298777528,0.0032310318941976,0.004829829138859079
-0.007184206189035297,0.003357646334865973,-0.00016771681377963286,-0.002030063257525205,0.0032166804537552894,0.004805866022872361
-0.007148232042973893,0.003909301343827714,-0.00016806084154849198,-0.0020513244487734045,0.0032011327642988063,0.004779664322922513
-0.007109467607969952,0.0037815646089879597,-0.00016593627356329018,-0.002068972996980161,0.0031842956100537148,0.004751839211492134
-0.007067924444465165,0.0036544908195540364,-0.00016376198570402047,-0.0020852247138362506,0.003166264939486709,0.004722171898034122
-0.007023679837008149,0.0035281319826605665,-0.0001615403703055409,-0.002100100054088806,0.003147079280173278,0.0046907115739605945
-0.0069767478857878425,0.004028723320130313,-0.00016148644642186214,-0.002115592810123346,0.003126830700348535,0.004657190860749288
-0.0069273285101966574,0.00389110076135491,-0.0001591607105118305,-0.0021277530360361936,0.003105431700045722,0.0046222889976487
-0.006875434846484003,0.0037542848896613143,-0.0001567930558180546,-0.0021385972524068297,0.0030829785076298593,0.004585749084262527
-0.006821141515598871,0.0036183267678553607,-0.00015438589618498676,-0.002148148494386797,0.003059508044422086,0.0045476217892656675
-0.006764466083783873,0.004069254694407998,-0.00015395555094393064,-0.002158202146329126,0.003035097169554986,0.004507626076462278
-0.006705543732136435,0.004498834290180731,-0.00015342080843021354,-0.002166930204674477,0.0030097351107297604,0.004466126779631372
-0.006644505313167647,0.004341891100867417,-0.00015087033083468224,-0.0021726822069473165,0.002983399672063141,0.00442352542052557
-0.006581309984480418,0.004741492595182784,-0.00015014933539853666,-0.0021788504155505007,0.002956225735415554,0.00437919270788672
-0.006516145464661418,0.0045751555091954835,-0.00014751610845675553,-0.0021821860360878745,0.0029281418930260186,0.004333867192112691
-0.006449026489065108,0.0044098567687384325,-0.00014485344458079873,-0.00218435828543123,0.002899233730935535,0.0042872578223005975
-0.00637997268075407,0.0047694764107808815,-0.00014386974968262766,-0.0021868648592334302,0.002869573106111666,0.004239069458645755
-0.006309163879733852,0.0045957009638497625,-0.00014113501344236652,-0.002186755849669129,0.002839107860193361,0.004190033834145048
-0.00623656592856082,0.004925457418604769,-0.00013997855364408288,-0.0021869272105685014,0.0028079515678023225,0.0041395173774423435
-0.006162303028735144,0.00523498788697112,-0.00013872760372483006,-0.002185955006981066,0.002776090040424045,0.004087909676038888
-0.006086495446987043,0.005044523544649664,-0.00013588745486345545,-0.0021825838400566094,0.002743518740474869,0.004035598284231648
-0.00600916124324308,0.004855346542221992,-0.0001330283360932947,-0.0021781841821201,0.0027103079305830606,0.00398229267955297
-0.00593032213624254,0.005126954120955913,-0.00013155012230781828,-0.0021739669617032993,0.002676515221925733,0.003927710103292495
-0.005850141723535002,0.00493113479909033,-0.00012863974339349674,-0.002167562151827749,0.0026421041178394445,0.003872557452412579
-0.005768596523228478,0.00517424569464426,-0.0001270127770576701,-0.002161292033924655,0.002607171688347495,0.0038162253975917927
-0.005685842451892693,0.0049724292227560415,-0.0001240583624474352,-0.0021529741253219934,0.002571679993113411,0.0037594080259093846
-0.005601900702362846,0.004772162989054466,-0.00012109392259552901,-0.0021437433805162943,0.00253568721876484,0.0037018286629010204
-0.005516796261316053,0.004977003133145069,-0.00011926825583982815,-0.002134581607959637,0.0024992521664456546,0.003643222573725072
-0.005430676434235496,0.00477177048429195,-0.0001162711764514781,-0.002123578104667649,0.002462346351784131,0.0035842475066351093
-0.005343563175612831,0.004568255215797921,-0.00011326938147501698,-0.002111731596211288,0.002425020252314961,0.0035246426315689618
-0.005255520613731682,0.004366527201107885,-0.00011026472818399811,-0.0020990649966888698,0.0023873028917508797,0.0034644497230565878
-0.005166576186771298,0.004525361293004003,-0.00010821703264219197,-0.0020863901236639736,0.0023492432881634722,0.003403429513210002
-0.005076862245821352,0.0043200445913080514,-0.00010519476182561354,-0.0020721367883249895,0.002310820930621681,0.003342186041483152
-0.004986403941291429,0.004116674123169032,-0.00010217445015122203,-0.0020571314703219214,0.002272083125772967,0.0032804797370237977
-0.0048952611363987444,0.003915312331711067,-9.915794284105477e-05,-0.00204139795711084,0.0022330545066709907,0.003218351599158991
-0.004803493490003935,0.0037160208801314087,-9.614677879532456e-05,-0.002024958560917335,0.002193759276340667,0.003155841327164902
-0.00471113107224855,0.003820262388831004,-9.387996590039837e-05,-0.002008430240544755,0.002154241208711926,0.003092745742610676
-0.00461828817905973,0.0036191030143643793,-9.086925128329798e-05,-0.0019906332476109924,0.002114485969075024,0.0030295887723830474
-0.004524992370761734,0.003420156853436863,-8.786845405503465e-05,-0.0019721978832351987,0.002074533868651452,0.0029661664638090594
-0.004431275563231604,0.0034895348877383154,-8.549305985200985e-05,-0.00195363363083852,0.0020344268380300943,0.00290229902613088
-0.004337241120328655,0.003289724561854024,-8.250295937190277e-05,-0.0019339756333644222,0.0019941503716786216,0.002838458250394545
-0.004242897147337555,0.0033341347692042254,-8.006271358303562e-05,-0.001914166200939946,0.001953760710389695,0.0027742647220984217
-0.0041483398898744025,0.0031341215523559653,-7.708997019210631e-05,-0.0018933739229993081,0.001913250843397452,0.002710149979671591
-0.004053598816824589,0.00293675512883897,-7.413358708554591e-05,-0.0018720464909328309,0.001872671521438939,0.0026459421991577247
-0.003958707929642173,0.002947886636290375,-7.162246332053301e-05,-0.0018505416549269014,0.0018320338214835418,0.0025815176876438917
-0.0038637524016528675,0.00275129396753328,-6.869304842716544e-05,-0.0018282115644162687,0.001791340882453853,0.0025172466556225366
-0.0037687632566467386,0.002557252721724466,-6.578418203488024e-05,-0.001805415989010184,0.0017506195557566789,0.002452993593769493
-0.003673789001397012,0.002365809570317342,-6.289694912123476e-05,-0.0017821754716013563,0.0017098890916522932,0.0023887907697525026
-0.003578864310049936,0.002334656192152698,-6.0329494406368525e-05,-0.0017587336088526976,0.001669174823420711,0.0023245415602874955
-0.003483392135477802,0.002145306388479669,-5.7480059848711726e-05,-0.0017346579494202058,0.0016284830670985993,0.0022605357784043646
-0.003388381944907564,0.0020912596806241016,-5.489329895299333e-05,-0.0017103740084499113,0.0015878430741888376,0.002196565270427918
-0.003293370100559242,0.0019046496897668623,-5.208847646084309e-05,-0.001685546009104929,0.001547262893640348,0.002132877522183929
-0.0031988445953263973,0.001829221012376558,-4.949452120279211e-05,-0.001660506775123704,0.0015067678853583936,0.002069303735355594
-0.0031044578395952216,0.001645973775143417,-4.6739471564146544e-05,-0.0016350060294660807,0.0014663678058390672,0.0020060501993000852
-0.003010584533195628,0.0015484182817833859,-4.4146011612790564e-05,-0.001609293529212846,0.0014260865801022334,0.0019429874789181607
-0.0029170947802859854,0.001439507629889376,-4.155493420051366e-05,-0.0015832740641238587,0.0013859362388363207,0.0018802215211095525
-0.0028239373720189385,0.0012617222910514985,-3.88818842268886e-05,-0.0015569080603261868,0.0013459303873522906,0.001817825462933113
-0.002731266583780603,0.0010868562939841992,-3.624039814796928e-05,-0.0015302927393196911,0.001306086675696758,0.0017557669544814223
-0.0026391659826294875,0.0009471879992472537,-3.3676830049005306e-05,-0.0015034767798519086,0.0012664210188355282,0.0016940449051567328
-0.002547600047752709,0.0007959418673925567,-3.112438731090996e-05,-0.0014764326986098097,0.001226946266182926,0.001632721400958815
-0.0024565937571992395,0.0006289606777580807,-2.8579600467311584e-05,-0.0014491759910368698,0.0011876760981967217,0.0015718237032916781
-0.0023662017704436816,0.00046499962215873025,-2.6068745847547648e-05,-0.0014217410006007257,0.0011486128786068288,0.0015113595586476992
-0.0022764465090201603,0.0003040800737288233,-2.359181123700185e-05,-0.0013942732310556897,0.0011089691012908247,0.001451929408871241
-0.0021873597906234906,0.00014622170992886657,-2.114942591718745e-05,-0.0013675285781765542,0.0010682641413185504,0.00139699004410384
-0.002098972457341574,-8.557709021850291e-06,-1.8742187695696677e-05,-0.0013418226413761732,0.0010269174302195278,0.001348272129168657
-0.00201131438048912,-0.00016024231103226966,-1.637066327219022e-05,-0.0013169983526579014,0.000985303905622757,0.0013055503458789838
-0.0019244144658118632,-0.0003088180826607471,-1.4035388611746398e-05,-0.0012926067108858738,0.0009437638000502282,0.0012671604224163985
-0.0018383006590507545,-0.0004542728392984347,-1.1736869326019437e-05,-0.0012680988496157574,0.0009026006474387643,0.0012305645535418983
-0.0017529999518543157,-0.0005965961950326304,-9.475581060884058e-06,-0.0012429768190215902,0.0008620843151156677,0.001192877076189003
-0.0016685383880299905,-0.0007357795322099314,-7.251969891045638e-06,-0.0012169056240271593,0.0008224484895868708,0.001151471019180685
-0.0015849410701225764,-0.0008718159707226989,-5.066452720795226e-06,-0.001189765468714248,0.0007838920525287681,0.0011045744873739113
-0.0015022321663113773,-0.0010047003370378222,-2.9194176911889433e-06,-0.0011616727473480232,0.0007465748432002712,0.0010519529360754766
-0.0014204349176134572,-0.0011344291329861012,-8.11224592350543e-07,-0.0011329810691242993,0.0007106213016175318,0.000995527140306968
-0.001339571645384581,-0.0012610005043358814,1.257794718350767e-06,-0.0011042150754478567,0.0006755555581583352,0.0009391003315911722
-0.0012596637591071296,-0.001384414209166294,3.287335893483718e-06,-0.0010754728273115791,0.0006408541572444613,0.0008833338446765895
-0.0011807317644558668,-0.001504671586063287,5.277121667148301e-06,-0.0010467681962362883,0.000606527126327368,0.0008282423237231826
-0.0011027952716302035,-0.0016217755221548309,7.2269014230779406e-06,-0.0010181147550681758,0.0005725841059856285,0.0007738397834998703
-0.0010258730039446223,-0.0017357304210044646,9.136450757943463e-06,-0.0009895257773599533,0.0005390343528692294,0.0007201396149383242
-0.0009499828066675968,-0.001846542170383975,1.100557104091831e-05,-0.0009610142369102914,0.000505886742776916,0.0006671545908863074
-0.0008751416560986491,-0.0019542181099383707,1.283408897000333e-05,-0.0009325928074566908,0.00047314977385652055,0.0006148968720565029
-0.0008013656688762992,-0.002058766998769178,1.4621856124155348e-05,-0.0009042738625226333,0.00044083156993094075,0.0005633780131631116
-0.000728670111504068,-0.002160198982943569,1.6368748513307173e-05,-0.0008760694754113885,0.00040893988393921445,0.0005126089692392336
-0.0006570694100898219,-0.0022585255629550094,1.807466612542912e-05,-0.0008479914193447794,0.0003774821014934176,0.0004626001021258384
-0.0005865771602862233,-0.0023537595611501315,1.9739532470508436e-05,-0.0008200511677481497,0.0003464652445450105,0.00041336118713264163
-0.0005172061374247884,-0.0024459150891347416,2.136329412354835e-05,-0.0007922598946694041,0.00031589597515738264,0.000364901419853647
-0.00044896830683484584,-0.0025350075151815104,2.2945920264146396e-05,-0.0007646284753387791,0.00028578059938036735,0.00031722942314242803
-0.00038187483433880706,-0.002621053431651533,2.448740221569028e-05,-0.0007371674868584244,0.000256125071223546,0.00027035325423164976
-0.0003159360969140619,-0.0027040706224463486,2.5987752982470196e-05,-0.0007098872090243285,0.00022693499672299337,0.00022428041199265412
-0.00025116169351537205,-0.002784078030505302,2.7447006785997982e-05,-0.0006827976252731748,0.00019821563809935296,0.00017901784433168688
-0.00018756045604770982,-0.00286109572536813,2.8865218599957918e-05,-0.0006559084237545284,0.00016997191800211233,0.00013457195571467376
-0.00012514046048176232,-0.0029351448708088003,3.0242463685200173e-05,-0.0006292289985232413,0.0001422084238367585,9.094861480987843e-05
-6.390903810520274e-05,-0.0030062476925640847,3.15788371233887e-05,-0.0006027684508500844,0.0001149294121717389,4.8153162251203864e-05
-3.8727869001809634e-06,-0.003074427446166998,3.287445335167148e-05,-0.0005765355906448981,8.813881321974448e-05,6.190418506113992e-06
5.496241695961919e-05,-0.003139708384897223,3.412944569623595e-05,-0.000550538937994884,6.184023539178381e-05,-3.4935308150415825e-05
0.00011259140750034013,-0.0032021157278666265,3.5343965907126896e-05,-0.000524786724808153,3.6036969918600444e-05,-7.522021356497487e-05
0.0001690097172349551,-0.003261675628250742,3.6518183692827996e-05,-0.0004992868965665415,1.0731995537383646e-05,-0.00011466098954442518
0.00022421356535401164,-0.0033184151416784263,3.7652286256106416e-05,-0.00047404711417641145,-1.4072016761310227e-05,-0.00015325481561088029
0.0002781998458262067,-0.0033723621947952622,3.87464778306582e-05,-0.0004490747559251378,-3.8372698928509474e-05,-0.0001909993506730215
0.00033096611541821847,-0.0034235455540077794,3.980097921858599e-05,-0.0004243769195279402,-6.216798099833843e-05,-0.00022789272462874472
0.0003825105816369597,-0.0034719947944279045,4.08160273298589e-05,-0.00039996042427467256,-8.545608617820024e-05,-0.0002639335298949987
0.0004328320906066104,-0.003517740269023999,4.179187472293729e-05,-0.000375831813263697,-0.0001082355258929205,-0.00029912081288004284
0.0004819301148818477,-0.0035608130779888683,4.272878914726154e-05,-0.0003519973557248215,-0.0001305050947841003,-0.0003334540653947934
0.0005298047412072754,-0.0036012450383422906,4.3627053087464404e-05,-0.0003284630494286493,-0.00015226386566886746,-0.00036693321601392875
0.000576456658228854,-0.0036390686537711658,4.4486963310252646e-05,-0.00030523462317647276,-0.00017351118446240306,-0.00039955862139421955
0.0006218871441642203,-0.003674317084723661,4.530883041350248e-05,-0.00028231753937237486,-0.0001942466650650355,-0.00043133105754599474
0.0006660980544363946,-0.003707024118763204,4.609297837708292e-05,-0.0002597169966700255,-0.00021447018421939096,-0.0004622517110733257
0.0007090918092799883,-0.003737224141195772,4.6839744117476096e-05,-0.0002374379326935208,-0.0002341818763392598,-0.0004923221703836317
0.0007508713813240132,-0.0037649521059749777,4.754947704444246e-05,-0.00021548502683238534,-0.0002533821283139303,-0.0005215444168684028
0.000791440283157765,-0.00379024350690158,4.8222538621181165e-05,-0.00019386270310100298,-0.0002720715742902146,-0.0005499208160678711
0.0008308025548863327,-0.003813134349117336,4.88593019273166e-05,-0.00017257513306879983,-0.00029025109043718085,-0.000577454108815885
0.0008689627516809632,-0.0038336611209083054,4.9460151225338964e-05,-0.00015162623884909938,-0.0003079217896929518,-0.0006041474023763809
0.0009059259313300505,-0.003851860765824594,5.002548153076388e-05,-0.00013101969615164286,-0.00032508501650069195,-0.0006300041615731563
0.0009416976417964201,-0.0038677706551206166,5.055569818511929e-05,-0.00011075893739321403,-0.0003417423415322269,-0.0006550281999156742
0.0009762839087865536,-0.0038814285605274514,5.105121643378008e-05,-9.084715486114652e-05,-0.0003578955564065277,-0.0006792236707307261
0.001009691223337157,-0.003892872627364987,5.151246100688424e-05,-7.128730393323323e-05,-0.0003735466684020048,-0.0007025950582993402
0.0010419265294239525,-0.0039021413479960014,5.1939865704459973e-05,-5.208210634534451e-05,-0.00038869789516732706,-0.0007251471690051089
0.0010729972115978612,-0.003909273535632769,5.2333872985596506e-05,-3.323405350659994e-05,-0.0004033516594328368,-0.0007468851224992133
0.0011029110826546052,-0.003914308298503956,5.269493356239925e-05,-1.4745409865024243e-05,-0.00041751058372533104,-0.0007678143428829648
0.0011316763713412228,-0.003917285014381262,5.302350599741181e-05,3.3817836917012177e-06,-0.0004311774850883146,-0.0007879405499165067
0.0011593017101059204,-0.003918243305478646,5.3320056306505754e-05,2.1145706388717338e-05,-0.0004443553698109598,-0.000807269750254253
0.001185796122894097,-0.003917223013724817,5.358505756539697e-05,3.854475408190235e-05,-0.0004570474281668035,-0.0008258082287119244
0.0012111690129972578,-0.0039142641764181455,5.3818989521567426e-05,5.557753573646279e-05,-0.00046925702916637786,-0.0008435625395668809
0.0012354301509576496,-0.003909407002262658,5.402233821080316e-05,7.224286987609916e-05,-0.0004809877153246164,-0.0008605394979013776
0.001258589662533812,-0.0039026918477971387,5.419559557808522e-05,8.853978099891985e-05,-0.0004922431974459472,-0.0008767461709838931
0.0012806580167318653,-0.0038941591942156305,5.4339259104369094e-05,0.00010446749596370454,-0.0005030273494293437,-0.0008921898697004653
0.0013016460139055725,-0.0038838496245857434,5.445383143763107e-05,0.00012002544035205373,-0.0005133442030950395,-0.0009068781400317618
0.0013215647739297817,-0.003871803801470095,5.45398200292482e-05,0.00013521323480296046,-0.000523197943035278,-0.0009208187545849098
0.001340425724451783,-0.003858062444949567,5.459773677573801e-05,0.00015003069132770472,-0.0005325929014915901,-0.0009340197041800289
0.001358240589223759,-0.0038426663110557612,5.462809766562005e-05,0.0001644778096044258,-0.0005415335532598762,-0.0009464891894974971
0.0013750213765208782,-0.0038256561706155154,5.463142243168658e-05,0.0001785547732523226,-0.0005500245106254583,-0.0009582356127830951
0.0013907803676470772,-0.0038070727885056526,5.46082342082763e-05,0.00019226194609341655,-0.0005580705183300236,-0.000969267569623507
0.0014055301055352514,-0.0037869569033256697,5.4559059194862605e-05,0.00020559986839765673,-0.0005656764485732304,-0.0009795938407838698
0.0014192833834419149,-0.003765349207487165,5.448442632450309e-05,0.00021856925311900818,-0.0005728472960490298,-0.0009892233841202818
0.0014320532337405213,-0.0037422903277228125,5.438486693700848e-05,0.00023117098211689754,-0.0005795881730187427,-0.0009981653265615125
0.0014438529168206181,-0.0037178208060157465,5.426091446021265e-05,0.00024340610237680942,-0.0005859043044256416,-0.0010064289561692676
0.0014546959100893925,-0.0036919810809527536,5.411310409397129e-05,0.0002552758222189984,-0.0005918010230474781,-0.00101402371427601
0.0014645958970836565,-0.0036648114694995595,5.394197250185461e-05,0.00026678150750606295,-0.0005972837646927539,-0.0010209591877000225
0.0014735667566940869,-0.003636352149200573,5.3748057507427166e-05,0.0002779246778468021,-0.0006023580634406802,-0.0010272451010481483
0.0014816225525039718,-0.003606643140803358,5.353189779717433e-05,0.0002886161460324717,-0.0006075361775573073,-0.0010322067456518477
0.0014887775222447827,-0.003575724291310054,5.3294032628111105e-05,0.0002983477444483448,-0.0006131937246213174,-0.0010321168779136908
0.0014950460673734019,-0.0035436352574511735,5.303500154233136e-05,0.0003068149292715433,-0.0006191196097610595,-0.0010252889105040425
0.0015004427427715355,-0.0035104154895867603,5.2755344086470856e-05,0.00031396070563772534,-0.0006251060608637915,-0.0010122383604219839
0.0015049822465703236,-0.0034761042160326282,5.245559953738603e-05,0.0003199622191102303,-0.000630947352270607,-0.0009949990010020915
0.001508679410103405,-0.0034407404278090138,5.213630663374971e-05,0.0003252018593645894,-0.0006364446190861088,-0.0009763830530166011
0.0015115491879892611,-0.003404362863815959,5.1798003313057925e-05,0.000330209936625532,-0.0006414053199772889,-0.0009593484518503774
0.0015136066483469365,-0.0033670099964291907,5.144122645501056e-05,0.00033554998192937547,-0.0006456452714924032,-0.0009463818095673529
0.0015148669631448789,-0.00332872001751888,5.106651163034193e-05,0.0003416687237605438,-0.0006489863205694481,-0.000938992889379218
0.0015153453986876853,-0.0032895308248887846,5.067439285596201e-05,0.0003487087637944033,-0.0006512575033846497,-0.0009371989596352815
0.001515057306239968,-0.0032494800091336135,5.026540235531377e-05,0.00035633671335000175,-0.0006522885157262345,-0.0009390899260687065
0.0015140181127911612,-0.0032086048409148706,4.9840070325308826e-05,0.00036377602955663373,-0.0006524747009443072,-0.0009410992327006211
0.0015224299552092106,-0.0031669465527676753,5.541537630849369e-05,0.0003708835666476394,-0.0006523366293049352,-0.0009425941692102635
0.0015498542846660941,-0.003124545083764293,7.21330616603362e-05,0.0003776607511410635,-0.0006518865981746765,-0.0009435810664501254
0.001596397481130538,-0.003081437024347215,0.00010026125583292531,0.00038411078320117997,-0.0006511316528746908,-0.0009440693782434341
0.0016606542513512028,-0.00303765787923339,0.00013955698204510606,0.0003902371373892385,-0.0006500780173500111,-0.0009440691222158127
0.0017427385856631434,-0.002993241954988471,0.00018927645573053127,0.0003960435406117847,-0.000648732507150722,-0.0009435898919817041
0.0018422533251323259,-0.002948223938268004,0.000249185523945679,0.00040153365777624843,-0.0006471017707041231,-0.0009426415053727629
0.001958800566449178,-0.0029026388442794353,0.0003195495764285589,0.0004067110830531712,-0.0006451925328900217,-0.0009412338334633797
0.0020910495606488505,-0.0028565205268358037,0.00039987218691724905,0.0004115797403867147,-0.000643010903273227,-0.0009393770933700679
0.0022404852401721282,-0.002809900948724286,0.0004894155380743641,0.0004161437040475858,-0.000640564227426559,-0.0009370806396893438
0.0022160786438174163,-0.0027625873186819558,0.00047918664791544394,0.00042054705515098156,-0.0006377002568353752,-0.000934446425637696
0.002399312791781177,-0.0027150733171147014,0.0005897048827417942,0.0004245090507181965,-0.000634743760977311,-0.0009313002412037125
0.0023694215947030637,-0.002666881849121637,0.0005769367867849002,0.0004283479832334147,-0.000631350356501454,-0.0009278565485275461
0.002338944575833278,-0.0026183089559430987,0.0005641359828402709,0.00043190711085448513,-0.0006277038090090347,-0.0009240221523598022
0.0023079067386399263,-0.002569382902762483,0.0005513098932376407,0.00043519081328801084,-0.0006238108826329304,-0.0009198073580040618
0.0025620227562048294,-0.002520904657720981,0.0007038249907658071,0.0004379910115072042,-0.0006199171790283062,-0.0009150789706227558
0.0025240885961139515,-0.0024713501618139136,0.0006875776035401356,0.0004407411386752706,-0.0006155486198015936,-0.0009101342291974955
0.0024856513138752506,-0.0024215374762543594,0.0006713126008791527,0.00044322707012137277,-0.0006109542612555297,-0.0009048388217804801
0.00244673921773687,-0.002371498499626009,0.0006550371679949285,0.00044545248422041175,-0.0006061408513097501,-0.0008992022629761678
0.0027700729653461027,-0.0023218567998396253,0.000848432773586592,0.00044715640816959,-0.0006014157239548783,-0.0008930497278680319
0.0027228642709480376,-0.0022714353178537655,0.0008278634924317885,0.0004488806999204738,-0.0005961799048652798,-0.0008867624178523469
0.0026752375053414774,-0.0022208747815245715,0.0008072925189617326,0.00045035708762068607,-0.0005907449447401174,-0.000880163872840252
0.0030465462489488015,-0.0021710339013744947,0.0010291880144004228,0.0004512858463439856,-0.0005854623997189551,-0.0008730476583692972
0.0034264955296307888,-0.0021206708702913384,0.0012568889178852824,0.0004519717919189136,-0.0005800021555166767,-0.000865632613862137
0.003360223935608639,-0.0020698268691663004,0.0012261885935032225,0.0004527446987596609,-0.0005739987925008188,-0.0008581611836837401
0.003293597104928182,-0.0020189561337766635,0.001195489185754745,0.00045328490037526423,-0.0005678230560599978,-0.0008504163888405214
0.003226655164673913,-0.001968082841758618,0.0011648068635973692,0.00045359789692704904,-0.000561481294078109,-0.0008424086794825464
0.0031594386991612086,-0.0019172352240878138,0.0011341554739221981,0.0004536869046296502,-0.0005549800928925843,-0.0008341466544228194
0.003091986509424479,-0.0018664369839278634,0.0011035505159325237,0.0004535567824575009,-0.000548326091642612,-0.0008256402940436896
0.0030243365082402106,-0.0018157136723116988,0.0010730068418799055,0.0004532117828349004,-0.0005415254307896779,-0.0008168989544448418
0.0029565274181486286,-0.0017650905183493203,0.0010425372651508787,0.00045265574778817063,-0.0005345845532927318,-0.0008079313315018687
0.0034739851966543475,-0.0017149713955044038,0.0013509258561677645,0.00045149084270193945,-0.000527970906040933,-0.0007984394310325423
0.003998023689263105,-0.0016651787518494289,0.0016629712320484638,0.00045012635212574937,-0.0005212320179831226,-0.0007887352058222494
0.00390552835991549,-0.0016149600876873824,0.0016186659843885982,0.00044898464928324255,-0.0005138893039327908,-0.0007791487472379286
0.004452686203919679,-0.0015652750946341955,0.001944715886663388,0.000447222435264655,-0.000506925458234743,-0.0007690415412144677
0.005004776413322283,-0.0015162316002145146,0.002273522780158457,0.00044527504413997045,-0.000499852196465403,-0.0007587497956120522
0.004885467990290295,-0.0014666151024688057,0.002214077496304975,0.00044358613496316786,-0.0004921594652070028,-0.0007486240226328215
0.004766104898703863,-0.0014172553997614727,0.0021547164838514117,0.0004417162829310139,-0.00048436949030545385,-0.0007383350317267102
0.00464674473710371,-0.001368170562542955,0.0020954662125739053,0.00043966966668354394,-0.00047648818153356526,-0.000727891110469475
0.004527447392990852,-0.00131938123606013,0.0020363532065042524,0.0004374505941101939,-0.0004685205614013328,-0.000717300751240128
0.004408271499098172,-0.0012709062605870411,0.0019774051946982864,0.0004350642855538579,-0.00046047270768238813,-0.0007065731701549803
0.004289272898465939,-0.001222763635000033,0.0019186473988914972,0.0004325139091103283,-0.00045235010129280944,-0.0006957155192866373
0.004170510306501896,-0.0011749715146917548,0.0018601071523644068,0.0004298047246807642,-0.0004441589863294411,-0.0006847368724027347
0.00405203604313624,-0.0011275474358441724,0.0018018071860706872,0.00042694063669131767,-0.00043590423906025627,-0.0006736448776070381
0.004751085390324318,-0.001081243648482222,0.002216316953139891,0.00042342816624200345,-0.00042817459484099853,-0.0006620251728302318
0.004616601804509232,-0.0010345820333578582,0.0021488756583934597,0.0004202785276153665,-0.0004197947504951092,-0.0006507317325021148
0.0044824993122544905,-0.000988336440848688,0.0020817088400188564,0.0004169869858159387,-0.0004113681523242229,-0.0006393487404419815
0.004348836361893172,-0.0009425240794157994,0.0020148457802653627,0.00041355773127471434,-0.0004028993713854044,-0.0006278838442017003
0.004215671173240084,-0.0008971588955394577,0.0019483133597655133,0.000409994966859769,-0.0003943933942134933,-0.0006163442242451027
0.0040830613265169105,-0.0008522548648102889,0.001882138412688501,0.0004063037010907426,-0.00038585580166691335,-0.0006047382268522865
0.003951060375649498,-0.0008078255218597905,0.0018163461151008014,0.0004024876690559839,-0.0003772910633082707,-0.0005930723306539955
0.0038197228642961835,-0.0007638833334790863,0.001750961801349996,0.0003706196860855044,-0.0003687223521914057,-0.0005813083609032218
0.0036891008257033055,-0.0007204428084027299,0.0016860104434854993,0.0003101226344365148,-0.0003600308214254262,-0.0005695168648489798
0.00355924706799576,-0.0006775145999328904,0.00162151615630242,0.0002498131422241816,-0.0003513295306791094,-0.000557688085512268
0.0034302095155940935,-0.0006351111297546842,0.0015575013683621587,0.00018972332989363114,-0.00034262296274591543,-0.0005458283835781146
0.0033020371174223052,-0.0005932427394895186,0.001493988764360512,0.00012995704870106644,-0.00033391626608322644,-0.0005339445909041907
0.0031747753205876536,-0.0005519203121436126,0.0014309996991078802,7.040974377317667e-05,-0.0003252124672832377,-0.0005220438575046821
0.0030484710127798116,-0.0005111542687287576,0.0013685559066785407,1.1203217406275256e-05,-0.0003165169178653176,-0.0005101321403174934
0.002923167792140109,-0.0004709542139451267,0.001306677210941749,-4.762163679842414e-05,-0.0003078339212714492,-0.0004982158761035554
0.0027989076527423088,-0.0004313287844083481,0.001245382916909417,-0.00010599093880927443,-0.0002991669031613417,-0.0004863014405295474
0.0026757332002491307,-0.000392287422499971,0.0011846926864519437,-0.0001638239242566782,-0.00029052174487184586,-0.000474394293355528
0.0025536830678252794,-0.00035383739464851875,0.001124624366515689,-0.00022124302663873718,-0.00028190056482730767,-0.00046250161165269365
0.002432795903378001,-0.00031598708568674757,0.0010651950484872087,-0.00027807563236900983,-0.0002733078274976151,-0.00045062825009249945
0.0023131100846621976,-0.000278743399993083,0.0010064232597333047,-0.00033431590507399737,-0.0002647484862166688,-0.00043878037009868645
0.002194659864062138,-0.00024211314059893884,0.0009483236793618801,-0.0003900096517760174,-0.0002562242780157379,-0.00042696374628761134
0.0020774811312254905,-0.00020610276755417714,0.0008909129837779622,-0.00044495822916264607,-0.0002477402727981769,-0.00041518321667981007
0.001961606519325845,-0.00017071810007300765,0.0008342046310738002,-0.0004991874435043749,-0.00023930029198712758,-0.0004034441816274247
0.0018470677109519889,-0.0001359647414427702,0.0007782142456979049,-0.0005527737275506178,-0.00023090609338545203,-0.00039175249567629936
0.001733895644071434,-0.0001018472053596496,0.0007229548859758514,-0.0006055474714220125,-0.0002225626104136643,-0.0003801126338016342
0.0016221193907179443,-6.837063980657667e-05,0.0006684392929609734,-0.0006575060452809437,-0.0002142724583186089,-0.00036852963413249693
0.0015117667941840901,-3.5538796462852726e-05,0.0006146804363333113,-0.0007087554735515971,-0.00020603801020194063,-0.00035700895136618117
0.001402864659460191,-3.355781053960771e-06,0.000561690098551648,-0.0007590266346493316,-0.00019786403957641448,-0.0003455539879648991
0.001295438366367736,2.8175396003475875e-05,0.0005094795506755525,-0.0008084746846546326,-0.00018975249437710876,-0.00033417066294850133
0.001189512558087212,5.905202732020043e-05,0.00045805847077768047,-0.0008569708600059221,-0.00018170589546027778,-0.000322862143107055
0.0010851099782634437,8.927088967876667e-05,0.0004074365678979312,-0.0009045124837827546,-0.0001737276655680109,-0.00031163347809667446
0.000982251998770763,0.00011883012039393328,0.00035762470644545093,-0.0009511317196379659,-0.00016582066437103674,-0.0003004887046412292
0.0008809596354541828,0.00014772815675494054,0.0003086306976390011,-0.00099666731707777,-0.0001579865533025103,-0.0002894314184022668
0.0007812522867194951,0.00017596398532585117,0.0002604616880306062,-0.0010412300576021606,-0.0001502289124989937,-0.0002784661435976655
0.0006831479641905491,0.00020353592976517506,0.0002131264182474055,-0.0010847917534539011,-0.00014254926688729244,-0.0002675967608026256
0.0005866641168697718,0.00023044337959432206,0.00016663097857011786,-0.001127226441708107,-0.00013495003457694493,-0.0002568263492042439
0.0004918150662712098,0.0002566861554235018,0.00012098386913754986,-0.0011685505792697949,-0.0001274344499309234,-0.00024615823922184634
0.0003986171253820394,0.00028226419346215456,7.618914795113103e-05,-0.0012087084551722202,-0.00012000370759555688,-0.00023559610194548317
0.0003070839424016983,0.00030717856914016855,3.22514313753998e-05,-0.0012477353768590856,-0.00011266016173691322,-0.000225143206907797
0.0,0.0,0.0,-0.0012856947260836415,-0.00010537527762292858,-0.000214601861405872
0.00013351244469264178,0.0003618120932477662,-5.325093981204144e-05,-0.001322606575779753,-9.824167998517395e-05,-0.00020458160251238136
4.705927050110176e-05,0.0003847699756595218,-9.458751121044063e-05,-0.0013581106146146181,-9.117089146059121e-05,-0.0001944761052499458
-3.768856651454689e-05,0.00040706515612958454,-0.00013505023703737817,-0.0013923427048349835,-8.41949403844614e-05,-0.00018449111925492221
-0.00012072304613716825,0.000428699282678094,-0.0001746357638938977,-0.0014253796424013988,-7.731454693233805e-05,-0.00017463021684325494
-0.00020203625235310684,0.00044967405829740895,-0.00021334198678493553,-0.001457111229775311,-7.053129260571798e-05,-0.00016489526773523993
-0.0002816233205269757,0.00046999333259772864,-0.0002511680894140726,-0.0014875713663854157,-6.38485456676014e-05,-0.00015528940276796565
-0.0003594773033093394,0.0004896585566736145,-0.00028811038246085206,-0.0015168119461489423,-5.726501024006283e-05,-0.00014581518570259337
-0.0004355950833074474,0.0005086745111226898,-0.0003241703873351234,-0.0015447104038398315,-5.07839747819787e-05,-0.00013647392868086327
-0.0005099727473406886,0.0005270431014138316,-0.000359347489160807,-0.001571229414476246,-4.440663151679227e-05,-0.0001272678419372942
-0.0005826088161076205,0.0005447701215161891,-0.00039363938284431917,-0.001596431089068738,-3.813237380214274e-05,-0.00011819902631773933
-0.0006534999326032115,0.0005618577255355902,-0.00042704933865343644,-0.001620364556381461,-3.196343679519931e-05,-0.00010927019668576138
-0.0007226479978435981,0.0005783106547289079,-0.0004595766617869923,-0.0016428540676353429,-2.5901738155292348e-05,-0.00010048136697610912
-0.0007900516304321102,0.0005941330594013928,-0.0004912235337255592,-0.0016639712600389639,-1.994625179188778e-05,-9.183537105890083e-05
-0.0008557128023448779,0.000609330382091812,-0.0005219920600673904,-0.001683772631713301,-1.4100011198933112e-05,-8.333442536354925e-05
-0.0009196329961763918,0.0006239080332339487,-0.0005518831498042661,-0.0017021718529670788,-8.361955797441668e-06,-7.497841206927866e-05
-0.0009818147383362852,0.0006378702679547373,-0.0005809015709014652,-0.0017191183813065913,-2.7337784781884e-06,-6.676871947204735e-05
-0.00104226145680678,0.0006512225779970049,-0.0006090484125567566,-0.001734742677246659,2.784861009522244e-06,-5.870854966890458e-05
-0.001100979333143792,0.0006639701737807067,-0.0006363283410335413,-0.0017488724857601572,8.19213973975188e-06,-5.079619568612541e-05
-0.0011579722452183833,0.0006761198670920887,-0.0006627425442358456,-0.0017616356148870015,1.3488573520060084e-05,-4.303470725560664e-05
-0.0012132455555227525,0.0006876765808782553,-0.000688299026870121,-0.001772983065195828,1.8672648410787953e-05,-3.542506082769751e-05
-0.001266807007825617,0.0006986467547366099,-0.0007129982569327133,-0.001782865573886782,2.3745909153271087e-05,-2.7966415185804525e-05
-0.0013186649348726864,0.0007090374007356642,-0.0007368474509173471,-0.0017913523825201201,2.8705888322212908e-05,-2.0661274729841626e-05
-0.0013688263111447864,0.0007188546335428675,-0.0007598511182882574,-0.0017984255057506508,3.355318896959179e-05,-1.3509458649347531e-05
-0.001417299306399724,0.0007281046915114727,-0.0007820147222114344,-0.0018040396486212196,3.8287766081706916e-05,-6.511716328768977e-06
-0.001464094935211097,0.0007367954544696784,-0.0008033436406947237,-0.0018081667875904347,4.2909331245549895e-05,3.324460736168757e-07
-0.001509223093366537,0.0007449319931103093,-0.000823844150226231,-0.0018108810159071134,4.741760758285567e-05,7.021652542169447e-06
-0.001552695367086841,0.000752522565037538,-0.0008435228391621513,-0.0018121434110131922,5.181272886263866e-05,1.3555423258533985e-05
-0.0015945189166957769,0.000759574866087652,-0.0008623850128002718,-0.0018132873711593223,5.6279129424933005e-05,0.00014539545397000776
-0.001634710473804841,0.0007660963020634597,-0.0008804396782635886,-0.001812832689983406,6.0626293657178535e-05,0.0002733488923968307
-0.001673280728717652,0.0007720941964478599,-0.0008976927516920521,-0.0018108082402452218,6.485155201598158e-05,0.0003974242601933651
-0.0017102424656125419,0.0007775741569442155,-0.0009141507867480784,-0.0018072852284068699,6.895870440101397e-05,0.000517703403750853
-0.0017456108751487188,0.0007825462290995516,-0.0009298217942315382,-0.001802191617707617,7.294543794908726e-05,0.00063402159970764
-0.0017793996715413792,0.0007870188470994039,-0.000944715242732659,-0.0017955918642387275,7.681271349746452e-05,0.0007464539741707201
-0.0018116212342882134,0.0007909976691466529,-0.0009588391091961605,-0.0017874549388924652,8.056094759167065e-05,0.0008549103162304922
-0.0018422941020877408,0.0007944918921684377,-0.0009722000435861949,-0.0017777548912931524,8.418906484560011e-05,0.0009593103532054321
-0.0018714330724423278,0.0007975100879497876,-0.0009848063460577107,-0.0017666227084072908,8.769990943947853e-05,0.001059847659907349
-0.00189905163365813,0.0008000605252477794,-0.0009966699022775573,-0.0017539794584820873,9.10922645115885e-05,0.0011563542347535784
-0.0019251672817798481,0.000802149078331154,-0.0010077986702994584,-0.0017398646071771723,9.436676223736403e-05,0.0012488668097471324
-0.0019497998675339838,0.0008037864991732643,-0.0010181990146673216,-0.00172430870366936,9.752513034828011e-05,0.0013374079716158603
-0.0019729657861918214,0.0008049803940680343,-0.0010278822806704087,-0.0017072138608932668,0.00010056534623643127,0.0014217806697680796
-0.0019946790451699065,0.0008057402683032087,-0.0010368567717105365,-0.0016887288705212293,0.00010349158686889428,0.001502216214876818
-0.002014965236694673,0.0008060725174709064,-0.0010451353988076896,-0.0016688185546199963,0.00010630091132479801,0.0015786279769235152
-0.002033833976094187,0.0008059876304479772,-0.0010527245881704942,-0.0016474655294224899,0.00010899746981121216,0.0016509614606546234
-0.002051310954877419,0.0008054930967909776,-0.0010596337948897956,-0.001624741146581493,0.00011157966159318839,0.0017193175943513899
-0.002067411127828771,0.000804597252243615,-0.0010658768260118502,-0.0016005966691034843,0.00011404932511337427,0.0017835900178055635
-0.0020821552950411487,0.0008033093305101826,-0.0010714635670050889,-0.0015750711865212435,0.00011640739131985938,0.0018438251623860927
-0.0020955638663458153,0.0008016400486708446,-0.0010764005942032857,-0.0015482070968780718,0.00011865456733336427,0.0019000786289773252
-0.002107658456492769,0.000799595110741332,-0.0010806999066638914,-0.0015199624763500492,0.00012079191746321177,0.0019522606380757283
-0.002118455301410167,0.0007971825512414214,-0.0010843733728039837,-0.0014904103123805157,0.00012282015909088857,0.0020004790238183036
-0.0021279777826663775,0.00079441550027552,-0.0010874317782112143,-0.001459524251898471,0.00012474034326882195,0.0020446735503284264
-0.002136246658417823,0.0007912988213373597,-0.001089883594121172,-0.0014273647355676966,0.00012655342113646859,0.0020849354720470577
-0.002143281043832869,0.0007878418705564735,-0.0010917434404362435,-0.0013939158932262208,0.00012826171798691223,0.0021212231154129606
-0.0021491016334282144,0.0007840550395257491,-0.0010930180520139887,-0.0013591654648400142,0.0001298664252325252,0.0021535035267687282
-0.0021537325394782574,0.000779944608982361,-0.0010937215206190986,-0.0013231938245048547,0.0001313671544886852,0.0021819046394507212
-0.0021571937631166445,0.0007755206430290739,-0.001093865233812248,-0.001285988685102806,0.00013276507458444416,0.002206394871744101
-0.0021595066313447103,0.000770794395077642,-0.001093456620404246,-0.0012475595707078823,0.00013406402950345354,0.002226983688815175
-0.002160694004766765,0.0007657693836200634,-0.0010925104669236268,-0.0012079240645252172,0.00013526260761696215,0.002243693787034554
-0.002160777886877973,0.0007604566572186644,-0.001091037457557733,-0.0011671304314871227,0.00013636317191391637,0.0022566003097899646
-0.0021597795449844357,0.0007548671083066777,-0.0010890474740990006,-0.0011251613921762537,0.00013736713685772437,0.002265669195082982
-0.0021577210395409244,0.0007490060082693179,-0.0010865514177221137,-0.001082037057349725,0.0001382758186625315,0.002270931419362994
-0.0021546247172025672,0.0007428832409748911,-0.0010835638110255048,-0.0010377989706989105,0.00013909031966433832,0.0022724545888007743
-0.002150512981088539,0.0007365059124796938,-0.0010800945052277392,-0.0009924255837425672,0.00013981223703022965,0.002270198390825172
-0.0021454094043353916,0.0007298853023667435,-0.001076152212249353,-0.0009459853452480618,0.00014044264328198563,0.002264279480147547
-0.002139335450966714,0.0007230283312918852,-0.0010717518059479853,-0.0008984835586739118,0.0001409842732755213,0.002254707692617358
-0.0021323089199268845,0.0007159429553342447,-0.0010669048043350257,-0.0008499106218693499,0.00014143865958010066,0.0022414665912454377
-0.0021243620124518662,0.0007086382037646638,-0.001061618852977031,-0.0008003062159688442,0.0001418044699882054,0.002224625856073315
-0.0021155077057408295,0.0007011214040796148,-0.001055908608534811,-0.0007496858448899242,0.00014208717428885922,0.0022042144392237523
-0.0021057747745578718,0.0006934027897165921,-0.001049784829008309,-0.0006980769511012773,0.00014228535064895805,0.002180283094963195
-0.0020951845317975872,0.0006854862798513662,-0.0010432574501665303,-0.0006454977052765151,0.00014240192234803566,0.0021528661026409524
-0.0020837579328061716,0.0006773849840498545,-0.0010363400896312921,-0.0005919478892225642,0.00014243715083086497,0.0021219680288357026
-0.0020715169435390882,0.0006691052362355511,-0.001029044175548564,-0.0005374802930416484,0.00014239478993851698,0.002087686900503086
-0.0020584869018513106,0.000660653158713192,-0.0010213775991367252,-0.00048208615250747844,0.00014227403127413003,0.002050013654413147
-0.00204468703784389,0.0006520384599858262,-0.001013353864915587,-0.00042578839756426105,0.0001420777630921163,0.0020089950323755384
-0.0020301390702815295,0.0006432670506125267,-0.0010049834715391251,-0.0003686287507467574,0.00014180840058823147,0.0019647100584945175
-0.0020148685810668387,0.0006343493491022625,-0.0009962802156071567,-0.00031060438480787954,0.00014146649944084703,0.0019171629817476845
-0.001998896538946367,0.0006252907244848943,-0.000987250155876006,-0.00025173959015119935,0.000141053670866148,0.0018664052337872728
-0.001982245067563837,0.0006161002761601027,-0.0009779062463026668,-0.00019206140897588025,0.00014057112161382985,0.0018124935098543158
-0.0019649324359314996,0.0006067836287715657,-0.0009682627572685397,-0.0001315832394421709,0.0001400219609753493,0.001755461916505985
-0.0019469862743586766,0.0005973493480805403,-0.0009583279333544911,-7.033313530649982e-05,0.0001394060110004755,0.0016953692304218185
-0.0019284253148475346,0.0005878056502308331,-0.0009481102896077997,-8.323152944692084e-06,0.00013872683614169433,0.0016322494283716258
-0.0019092709688476254,0.0005781569330608276,-0.0009376242321624344,5.4421796259065397e-05,0.00013798391739044307,0.001566157515927005
-0.0018895466012863401,0.0005684144385169303,-0.0009268772643836736,0.00011788373100744554,0.00013718077953312356,0.0014971386719456756
-0.0018692714984702764,0.0005585810931145867,-0.0009158836068155888,0.00018204195288716064,0.0001363172420407536,0.0014252429646675285
-0.0018484646344554866,0.0005486639515718666,-0.0009046517749846753,0.00024687604406270085,0.00013539762203642423,0.0013505178717114835
-0.00182715177020935,0.0005386732229273367,-0.0008931916058075166,0.0003123643824182158,0.00013442091859780167,0.0012730163921199171
-0.0018053507243764452,0.0005286118530950397,-0.0008815137869029163,0.00037849125864484144,0.00013339113485092983,0.0011927807639461852
-0.0017830829769984258,0.0005184894850161461,-0.0008696306140133658,0.0004452262598573889,0.0001323075888954828,0.0011098798611283791
-0.0017603717536600956,0.0005083109702059991,-0.0008575468396976979,0.0005125581068360977,0.00013117268890337414,0.0010243494218651272
-0.0017372312183856252,0.0004980831598508431,-0.0008452794310850326,0.0005804678247240117,0.0001299894024862838,0.0009362395130036393
-0.0017136870018286353,0.00048781245563136875,-0.0008328322579745183,0.0006489296338730826,0.00012875661159822855,0.0008456123408062787
-0.0016897568394604373,0.0004775047438906956,-0.0008202186554708046,0.0007179292658817858,0.00012747855567346212,0.0007525104902702084
-0.0016654565994496432,0.0004671646427249422,-0.0008074476660629379,0.0007874389338341679,0.00012615706915365758,0.0006569993671275343
-0.001640814337453231,0.00045680193110264134,-0.0007945266375900466,0.000857442131342018,0.00012479044465155847,0.0005591264683866706
-0.0016158431944176244,0.0004464180732184956,-0.0007814676130905099,0.0009279129391485341,0.00012338343768202985,0.0004589560816202698
-0.0015905618198844436,0.0004360223219086321,-0.0007682803558272677,0.0009988405650650603,0.00012193729168788192,0.000356525703103458
-0.001564993205591235,0.0004256174758535061,-0.0007549696569946762,0.0010702062337919983,0.00012045183231117574,0.0002518872771521649
-0.0015391521127711863,0.0004152110225686559,-0.0007415493090636842,0.0011419708493614065,0.00011893067059269247,0.00014512858576821503
-0.0015130603014011812,0.0004048073336535081,-0.0007280246288335755,0.0012141422019378708,0.00011737294115390058,3.625597258191253e-05
-0.0014867326551231668,0.00039441268166897535,-0.0007144088082211402,0.001286673190834793,0.00011578235557572411,-7.462758651883728e-05
-0.0014601869022393263,0.00038403052476427234,-0.00070070771513735,0.0013595598389630314,0.00011415986390373473,-0.0001874950525121826
-0.0014334418830183229,0.0003736668195362381,-0.0006869315846009133,0.0014327932973063461,0.00011250671404159827,-0.00030231086954554795
-0.001406517665549883,0.0003633265980252083,-0.000673084850690936,0.0015063222829464142,0.00011082357412403273,-0.0004189650230496092
-0.0013794272865161555,0.000353016780809747,-0.0006591785703443563,0.001580147206683002,0.00010911449325584864,-0.0005374353461643635
-0.001352188577771864,0.00034273896744491664,-0.0006452212508282059,0.0016542565501173362,0.00010737887891899883,-0.0006576795294399307
-0.0013248200236596107,0.00033249928705385713,-0.0006312208902715113,0.001728590453402976,0.00010561774162010716,-0.0007795719327742589
-0.001297334421471963,0.00032229957739213157,-0.0006171861768016025,0.00180318823548542,0.00010383405298684268,-0.0009031604987184385
-0.0012697513141990927,0.00031214899018568,-0.0006031215348134223,0.001877978337341804,0.00010202888191353486,-0.0010282983124002818
-0.0012420847325412877,0.0003020475508926888,-0.0005890365775404128,0.0019529661271232449,0.00010020292240726511,-0.0011549717623887338
-0.0012143512747445349,0.0002920029252888415,-0.0005749374611813685,0.0020281198112883743,9.835800197785197e-05,-0.00128310293148596
-0.0011865639356053123,0.00028201579114820954,-0.0005608356117319934,0.002103433524759536,9.649619550469142e-05,-0.0014126588343561241
-0.0011587386793689516,0.00027209246970973414,-0.0005467358666613863,0.0021788745378092935,9.461780693934154e-05,-0.0015435600918261825
-0.0011308925586830823,0.00026223610278041943,-0.000532642301287711,0.002254429596076785,9.272417607264475e-05,-0.0016757601010879226
-0.0011030353183847307,0.0002524497058781505,-0.0005185652102433781,0.002330069129758621,9.081789299004555e-05,-0.0018091846900160848
-0.0010751860578069082,0.0002427369212221572,-0.0005045105316984192,0.0024058237801695723,8.889791592060055e-05,-0.0019438646435766629
-0.001047356476791241,0.00023310140043262983,-0.0004904841069754426,0.002481615619637212,8.696831030792154e-05,-0.002079642095949433
-0.0010195591034553638,0.00022354686487849082,-0.00047649265625887674,0.002557394827277469,8.502883365029219e-05,-0.00221640761092185
-0.0009918067571106119,0.00021407656482278544,-0.00046254340944916977,0.002633223656497084,8.308109102949839e-05,-0.002354245653063794
-0.000964116110488173,0.0002046931417886758,-0.0004486424739336508,0.0027090690022919966,8.112481706701885e-05,-0.0024930757222640073
-0.0009364948873444228,0.00019540183730793067,-0.00043479482163923946,0.0027848891761808386,7.916319868981193e-05,-0.0026328007679906028
-0.0009089592902469908,0.00018620185530092044,-0.0004210059176145086,0.0028606644488064306,7.719747090815455e-05,-0.002773363386702123
-0.0008815181254860841,0.00017709825153481627,-0.0004072839835329956,0.0029363669378833445,7.52285088983404e-05,-0.0029146930930004176
-0.0008541861396525387,0.0001680926115774117,-0.00039363070784428846,0.0030119473960672823,7.325679347136114e-05,-0.003056681437641093
-0.0008269746669402111,0.00015918786420085615,-0.0003800540578616613,0.0030874917580677153,7.12844788479703e-05,-0.0031994555485538216
-0.0007998922197928791,0.00015038902879845498,-0.00036656159768192143,0.0031628929121703116,6.931105589707514e-05,-0.003342804462771717
-0.0007729527751198098,0.0001416940213167849,-0.0003531524767769767,0.003238183117331348,6.733841118000381e-05,-0.003486761356138126
-0.0007461672962928232,0.00013310883589494915,-0.00033983556384757586,0.0033132704334486772,6.536685528618169e-05,-0.0036311445418891366
-0.0007195411612813633,0.0001246333494794654,-0.00032661562574041184,0.0033881910716457887,6.34000191209684e-05,-0.0037759933093391984
-0.0006930882609652038,0.00011627066873850919,-0.0003134974535951397,0.003462907822600893,6.143737054198941e-05,-0.003921220790008518
-0.0006668190268778297,0.00010802267619754032,-0.0003004832971464856,0.0035354232925038516,6.0100938663585814e-05,-0.003862642641959349
-0.0006407420602439592,9.988989677050889e-05,-0.00028757938807722665,0.0036075384782326267,5.87628948675926e-05,-0.0038033173030448063
-0.0006148667795612135,9.187697872807952e-05,-0.00027478953725828403,0.0036793107772130156,5.742296635514868e-05,-0.0037432907567866024
-0.0005892008618429159,8.398434979236109e-05,-0.0002621180874299415,0.0037506426247315323,5.608231834204208e-05,-0.003682605892886891
-0.000563753694452896,7.621208381601786e-05,-0.0002495695331127282,0.0038216232099479957,5.474051507521916e-05,-0.003621307411097812
-0.0005385330822131137,6.856254314303714e-05,-0.00023714873140934313,0.003892130899790838,5.339882159548145e-05,-0.0035594371570528438
-0.0005135492274662671,6.103753516718183e-05,-0.0002248541175448875,0.00396226055603016,5.2056945761815635e-05,-0.0034970388543624268
-0.0004888065095675113,5.363852891933896e-05,-0.0002126963119575251,0.004031871091780697,5.071798308694007e-05,-0.003434152138626966
-0.0004643147999508053,4.6366773107082404e-05,-0.00020067256175702322,0.004100986663561754,4.9380338547349414e-05,-0.0033708192682566527
-0.0004400821142892406,3.922101455665759e-05,-0.00018879000750600766,0.004169667379158616,4.804366163095543e-05,-0.0033070821980667403
-0.00041611192413268155,3.220569288523736e-05,-0.00017705292627971577,0.00423771981960769,4.671014008659758e-05,-0.0032429766505373504
0.0,0.0,0.0,0.004305301886249668,4.4398457778000854e-05,-0.003178609706870672
-0.0003770384875230446,1.9084558819321765e-05,-0.00015740724641136785,0.004371901037283171,4.40540120604627e-05,-0.0031138151022685042
-0.00035393402415508904,1.2458026711964961e-05,-0.00014612925880578854,0.0044383431639023665,4.273101384022559e-05,-0.003048846533161714
-0.00033111377444015525,5.964897879715829e-06,-0.00013500383432220352,0.0045041961723908865,4.1411908047379206e-05,-0.002983664919933724
0.0,0.0,0.0,0.004569527662804496,3.936430453505761e-05,-0.002918314586349724
-0.0002926792213540095,-6.631327040662835e-06,-0.00011576044857675501,0.004633773485723365,3.879113803797375e-05,-0.002852803600514907
-0.0002707711414166823,-1.272908831289286e-05,-0.00010511694551792761,0.00469771146880564,3.7488375618995954e-05,-0.002787201477684817
0.0,0.0,0.0,0.004761114548434198,3.562749771625389e-05,-0.002721492400341252
-0.00023297882103671326,-2.4905141232389464e-05,-8.625265741660538e-05,0.0048233923157100156,3.49032717332347e-05,-0.0026558179990101424
0.0,0.0,0.0,0.004885460955005971,3.3158337683266505e-05,-0.0025900402897180985
-0.00019571025444639506,-3.679742430673226e-05,-6.767732713042007e-05,0.004946395491532204,3.2344463740684255e-05,-0.002524428199006582
-0.0001753950891392543,-4.223307602098259e-05,-5.786388996649884e-05,0.005006964295756801,3.107571894320422e-05,-0.0024588156423106596
-0.00015539563003201518,-4.75333098538492e-05,-4.82194212189982e-05,0.005066749483939401,2.9816478184368093e-05,-0.002393296516098804
-0.00013571985307151422,-5.269655289492455e-05,-3.874384298692535e-05,0.005125797230471068,2.8564753126653573e-05,-0.002327902566524264
-0.00011637000915641883,-5.772681671279602e-05,-2.9438850136074955e-05,0.005184086391172265,2.73208473542237e-05,-0.0022626641014178816
0.0,0.0,0.0,0.005241721713567404,2.592483415660691e-05,-0.0021974477765108746
-8.06553550767023e-05,-6.866544159771648e-05,-1.1757826515770786e-05,0.0052982365402454165,2.4860051506565034e-05,-0.002132767403076586
-6.230801427929087e-05,-7.329891368608655e-05,-2.971178100003945e-06,0.005354165032261726,2.3645598466206928e-05,-0.002068168818748107
-4.429598351542939e-05,-7.779743675518311e-05,5.642723330031772e-06,0.0054092087946790894,2.244079540736164e-05,-0.0020038387201118625
-2.6623242561956265e-05,-8.216271956727094e-05,1.4080428831645582e-05,0.005259672075570852,2.1410812152663e-05,-0.0019397925623949133
-9.291088802054993e-06,-8.639320109039298e-05,2.2342467897417413e-05,0.005110504276482288,2.0387634296057318e-05,-0.0018760660095341558
7.700323805839497e-06,-9.049202007966517e-05,3.0427193371224905e-05,0.004961773166193074,1.9372123417184645e-05,-0.0018126869665152545
2.4348281398152902e-05,-9.445824185859483e-05,3.83356111590823e-05,0.004813544070968666,1.836277514684661e-05,-0.0017496793062477354
4.0650949246012766e-05,-9.829166740333877e-05,4.6067550258691745e-05,0.004665881493125054,1.7362209653095998e-05,-0.0016870666107957487
5.660700313157346e-05,-0.00010199555515282702,5.362066150669194e-05,0.004518847567972432,1.63680671103271e-05,-0.0016248731170191435
7.221400395374552e-05,-0.00010556949907098813,6.0997340197674216e-05,0.004372502427740088,1.5381336364952263e-05,-0.0015631200289144623
8.747423919739401e-05,-0.00010901403534379661,6.819650487405601e-05,0.004226906075280338,1.440361388264006e-05,-0.001501830365912826
0.0,0.0,0.0,0.004082197008052568,1.3658324013911374e-05,-0.0014407952614678976
0.00011904561048442641,-0.00011782124292284416,8.36006726504998e-05,0.003938191628989423,1.2469182938929891e-05,-0.0013807288449905388
0.00013326532948792816,-0.00012089468484272508,9.026961217931386e-05,0.0037951797733067655,1.151521183568892e-05,-0.0013209515926732936
0.00014713445511209899,-0.0001238410102873623,9.676274723805026e-05,0.003653139484072708,1.0569802078148895e-05,-0.0012617209180786776
0.0,0.0,0.0,0.0035121961379475097,9.909127944968154e-06,-0.0012028280847348194
0.00017711453901502313,-0.0001319545111144414,0.00011132225367958263,0.0033721761873811724,8.704051463393366e-06,-0.0011449689684398382
0.00018994421824957572,-0.0001345379790283783,0.00011728806681273305,0.003233349104715584,7.784225199504546e-06,-0.0010874789721293796
0.00020242156656069527,-0.00013699867737060453,0.00012307775469512942,0.0030956881384873124,6.874317499226881e-06,-0.001030601904773555
0.00021454905821271375,-0.00013933707644417452,0.0001286894253473924,0.002959241099867771,5.974234677809034e-06,-0.0009743578611082408
0.00022632882298308414,-0.00014155588925932654,0.0001341215648432375,0.0028240498077698618,5.08294050713199e-06,-0.0009187600725960687
0.0002377570599831091,-0.0001436534023653371,0.00013938149534885444,0.0026901572667117073,4.201874693759331e-06,-0.0008638218759026405
0.0002488388514622157,-0.0001456341417111592,0.00014386744354593443,0.002557604562874393,3.329205091775124e-06,-0.0008095592700897268
0.00025957568403286844,-0.00014749740569395124,0.00014970558335643039,0.0024264308044449653,2.468554637453948e-06,-0.0007559845711126647
0.0002699654766443488,-0.00014924805776881742,0.000154117560460182,0.0022966724676793684,1.6156979339170646e-06,-0.0007031120038212444
0.00028001441944226063,-0.00015088237248866542,0.00015868263187560837,0.00216836856724842,7.734819888726285e-07,-0.000650952859386733
0.0002897217978615684,-0.0001524065747814207,0.00016307765217611774,0.002041552501505466,-5.840448057842507e-08,-0.0005995189789459752
0.00029909018681998706,-0.00015381973822080352,0.00016730150452528504,0.0019162583021527263,-8.799432476481636e-07,-0.0005488217576515259
0.00030812239946109135,-0.000155123527301795,0.00017135818622614514,0.0017925184513506256,-1.6910564069124254e-06,-0.0004988718271612204
0.0003168174809226164,-0.00015631985492214082,0.0001752500191901917,0.0016703632459539237,-2.4932300123004715e-06,-0.0004496781121367648
0.0003251828445156556,-0.0001574125384039029,0.00017897382214979483,0.001549821277116617,-3.2824617192795785e-06,-0.000401251135360434
0.00033321671668780584,-0.00015839934774221318,0.00018253574561526522,0.0014309213085024195,-4.062616177619984e-06,-0.0003535989885363408
0.00034092446752078586,-0.00015928463500986166,0.00018593251461231832,0.0013136891918107615,-4.831371229306103e-06,-0.00030672985338013045
0.0003483072637985638,-0.00016006876752210699,0.00018917046965461894,0.0011981512272262525,-5.589576582617674e-06,-0.0002606527297188922
0.0,0.0,0.0,0.0010843484099203327,-6.193659870533635e-06,-0.00021528763620615177
0.00036939409507263666,-0.00016463783389326437,0.00019911142999549404,0.0009722547331750868,-7.073338489201509e-06,-0.00017090899432740134
0.00037584952589764844,-0.00016514162915343207,0.00020189045867704552,0.0008619350734521779,-7.79789032435537e-06,-0.00012724453079650017
0.00038198664989727154,-0.0001655516140702041,0.00020451365681817458,0.0007533944199190824,-8.51123126799497e-06,-8.439458481926042e-05
0.00038781060450875364,-0.00016586574791254614,0.0002069812853720754,0.0006466538052311867,-9.213094172986075e-06,-4.236645807381451e-05
0.00039332257504685837,-0.0001660880218408537,0.00020929782890422995,0.0005417300480277091,-9.904682693941672e-06,-1.163969560832045e-06
0.00039852892354075753,-0.0001662204725641671,0.0002114632133742662,0.0004386387293664802,-1.0583601255988496e-05,3.920906978992239e-05
0.00040343163397164406,-0.00016626486571360633,0.00021347889764926941,0.00033739468738329387,-1.1252403095152748e-05,7.874862851213956e-05
0.00040803498833816835,-0.00016622261286175624,0.00021534841935077744,0.00023801064142499957,-1.1907481460495203e-05,0.00011745329634626624
0.00041234102285556584,-0.00016609502195827998,0.00021707288552024417,0.00014049979813757725,-1.2553848542598055e-05,0.00015531962071954484
0.00041635651397776047,-0.00016588468083350978,0.00021865128580049318,4.4873727243695415e-05,-1.3187578027612438e-05,0.0001923445206952995
0.0004200827736239059,-0.00016559343279860605,0.00022009282697037563,-4.885832991530246e-05,-1.3807428925593169e-05,0.00022852781594893428
0.0004235252586425638,-0.00016522355623832638,0.0002213922512258294,-0.00014068827574596974,-1.4417747805032498e-05,0.0002638687188088789
0.00042668619022149943,-0.00016477454697540748,0.000222556715343616,-0.0002306066202178951,-1.501682885004099e-05,0.0002983654898879521
0.0,0.0,0.0,-0.00031863205121385185,-1.5711579522517335e-05,0.00033198802780454173
0.0004409886429485296,-0.00016702080177538356,0.00022906643014788055,-0.00040467573905523683,-1.6180503114759046e-05,0.0003648107873069179
0.00044336577469181735,-0.0001663629485981995,0.00022985204760400413,-0.0004888252871781812,-1.6743247636014385e-05,0.000396776863028056
0.0004454760179803777,-0.00016563222824040198,0.00023050562536744396,-0.0005710434735113846,-1.7293832148399106e-05,0.0004279007419000736
0.00044732038215729,-0.0001648335034402715,0.0002310310504089653,-0.0006513289635901023,-1.7832178786525076e-05,0.00045818356865052226
0.0,0.0,0.0,-0.0007297169055257013,-1.8554872846962675e-05,0.0004875629661187375
0.0004594330293930305,-0.00016639189441122564,0.00023645095391583586,-0.0008060856773615943,-1.8876663356797268e-05,0.0005162180665509076
0.00046054410061702905,-0.00016540483167084853,0.00023662529680943865,-0.0008805657643532993,-1.9379408507287857e-05,0.0005439906572166661
0.0004614022021452066,-0.00016435252099928212,0.0002366766541263178,-0.000953112963646023,-1.9871476415231118e-05,0.0005709319864786309
0.0004620138708052134,-0.00016323831967036877,0.00023660801339033476,-0.0010237302567930886,-2.0350385180738674e-05,0.0005970453944856415
0.00046238176720424744,-0.00016206267590143555,0.00023642255181028168,-0.0010924210290326627,-2.0817504011092756e-05,0.0006223353196227577
0.0004625099802523778,-0.00016082847947984278,0.00023612506547000586,-0.0011591883484670976,-2.1272566225939443e-05,0.0006468033264537447
0.00046240569679345745,-0.00015953643671582173,0.00023571316777994318,-0.0012240387330600645,-2.17173826486709e-05,0.0006704567877394207
0.00046207211944075,-0.00015819058876532038,0.00023519285468127894,-0.0012869776614130605,-2.2149078102485692e-05,0.0006932980794353687
0.0004615133461051925,-0.00015679119253012952,0.00023456366897308778,-0.0013480108730217137,-2.2568905932143475e-05,0.0007153305160816233
0.0004607355947605147,-0.00015534052535263256,0.00023383116798330334,-0.0014071489226771502,-2.2977387598007903e-05,0.0007365640971519902
0.0004597436124508357,-0.00015383886099665898,0.00023299537971204192,-0.0014643978309283317,-2.3374287795893935e-05,0.0007570015794180275
0.00045854058734741,-0.000152290693643965,0.0002320606472644444,-0.001519767565299541,-2.3759634780395268e-05,0.0007766486977525412
0.0004571332749287703,-0.000150696263018287,0.0002310289416867156,-0.0015825021230431266,-8.502609810810729e-05,0.0008115074648648394
0.0004555253636001713,-0.00014905882431574883,0.00022990010357542222,-0.0016429489779226215,-0.00014336739513166644,0.0008448437458230184
0.0004537212001093127,-0.00014737642250435895,0.00022868109811345486,-0.0017011184891181498,-0.00019878492390247422,0.0008766648989907906
0.00045172736834495905,-0.00014565622901495595,0.0002273710195298958,-0.0017570275289062085,-0.0002513441316597624,0.0009069831068361705
0.00044954638173992314,-0.000143895001034048,0.00022597444215742871,-0.0018106958700244585,-0.00030107914485035566,0.0009358196160331305
0.00044718526657123016,-0.0001420977439685971,0.00022449233142432027,-0.0018621360004810845,-0.00034797662180243306,0.0009631788909543913
0.000444647634711637,-0.00014026396187432697,0.00022292737741399374,-0.0019113684746213226,-0.0003921239982680914,0.00098908074896609
0.0004419376111944336,-0.0001383960754147515,0.00022128221749805234,-0.0019584063410013402,-0.0004334539273004976,0.0010135304654863271
0.00043906125036922175,-0.0001364971915224726,0.0002195593807696879,-0.0020032735819467103,-0.0004721116092548996,0.001036549929641742
0.00043602260942870563,-0.00013456668715418368,0.00021776226301620453,-0.0020459912924928477,-0.0005080678526119804,0.0010581574657082095
0.0004328267306261837,-0.00013260967955027172,0.00021589145004824505,-0.0020865772360201804,-0.0005413708891979768,0.0010783613917779969
0.0004294789155954944,-0.00013062270562445502,0.00021395064156084552,-0.0021250538357327426,-0.0005720710595386516,0.0010971825158827887
0.00042598261075044484,-0.00012861241038203313,0.0002119406137995339,-0.0021614435602441686,-0.000600180292819702,0.0011146359523669183
0.00042234464747520036,-0.00012657627740837992,0.0002098656958406651,-0.0021957703233816176,-0.0006257495073678614,0.0011307425675834923
0.0004185665491577776,-0.00012451776265719018,0.00020772620865328802,-0.0022280556514172223,-0.0006488209960085954,0.0011455168084088696
0.0004146560893207091,-0.0001224398921119759,0.0002055264912704168,-0.0022583230925961027,-0.0006693996130805502,0.0011589741544343827
0.0004106157150337482,-0.0001203403072941378,0.00020326725580570548,-0.002286597924258464,-0.000687538135385548,0.0011711365805129655
0.00040645114189987813,-0.00011822550347070129,0.000200952357396296,-0.0023129058451866777,-0.0007032925932328828,0.001182021064998182
0.0004021664738776399,-0.00011609192605499741,0.0001985829645479255,-0.0023372727978830435,-0.0007167115135327599,0.001191649557696986
0.00039776614155301917,-0.00011394431705757525,0.00019616263294698519,-0.0023597230677324596,-0.0007277813424870564,0.0012000372112497151
0.0003932556434468719,-0.0001117820687668713,0.00019369229722612444,-0.002380283374152143,-0.0007365965771354112,0.001207205027854906
0.00038863796965743394,-0.00010960785850981219,0.00019117432118183553,-0.0023989827487855137,-0.0007431719935343004,0.0012131761086581199
0.00038391832962969904,-0.00010742392776897736,0.00018861052920363428,-0.0024158469925761494,-0.00074755363322278,0.0012179666514547803
0.0003791019775666083,-0.00010522924088117734,0.00018600364220052628,-0.002430904457908932,-0.0007497830381543429,0.0012215992337991943
0.00037419121454090426,-0.00010302853395310328,0.00018335671991163662,-0.002444183361188212,-0.0007498876805670388,0.0012240922870112203
0.00036919275682148527,-0.00010081809318641182,0.00018067004400171407,-0.002455712052810854,-0.0007479328430754596,0.001225469299912564
0.0003641090993721696,-9.860459665796726e-05,0.00017794868494804933,-0.002465520284440426,-0.0007439526918658156,0.0012257501554370526
0.00035894509990190283,-9.638565229935967e-05,0.0001751901459850546,-0.0024736368302479524,-0.000737983742038075,0.0012249565075360869
0.0003537053776085888,-9.416390878982569e-05,0.0001724003702974487,-0.0024800916660435665,-0.0007300821683740122,0.0012231102861864217
0.0003483927012698866,-9.193903268875661e-05,0.00016958088217750117,-0.0024849136418216263,-0.0007202800068755542,0.0012202327822324213
0.0003430126457865855,-8.971491752926775e-05,0.00016673189060422263,-0.0024881339694224147,-0.0007086230172538723,0.0012163461998041625
0.00033756927375791826,-8.749100601000458e-05,0.00016385803760746742,-0.0024897819800188863,-0.0006951593098085412,0.0012114709946266893
0.0003320650567728207,-8.526913110473488e-05,0.0001609580448157085,-0.0024898933848392923,-0.0006799252031503679,0.0012056377559269368
0.00032650477195336,-8.30487132957871e-05,0.00015803680290503124,-0.002488492656897265,-0.0006629694666797962,0.0011988591848222582
0.00032089328250967623,-8.083294380744996e-05,0.00015509343263393933,-0.0024856105376357667,-0.0006443369984016469,0.0011911562965314616
0.00031523231447742927,-7.862176106210404e-05,0.00015213411882879078,-0.002481279324072827,-0.0006240702890386275,0.0011825538475764442
0.00030952703372224676,-7.641728101093534e-05,0.00014915686040661047,-0.0024755296580186922,-0.0006022156508286976,0.0011730724182475272
0.0003037827272225201,-7.421903008777747e-05,0.0001461637340027661,-0.0024683929281839124,-0.0005788149663424087,0.001162735333843501
0.00029800036304684175,-7.20294792929826e-05,0.00014315702113934422,-0.002459901169233453,-0.0005539166413919728,0.001151565282791085
0.0,0.0,0.0,-0.002450088431794728,-0.0005279045896537165,0.0011394220576660397
0.0002923286444684273,-6.910825098783664e-05,0.00013998671843431094,-0.002438970477894779,-0.0004997840746571416,0.001126804294721814
0.0002864798650793396,-6.69524996235623e-05,0.00013696271482504464,-0.0024266035151286553,-0.0004706627607094543,0.001113274490635266
0.0,0.0,0.0,-0.0024130139120512872,-0.00044053450738197977,0.0010988631150060657
0.0002804603717909663,-6.399985324920937e-05,0.0001336360903982947,-0.0023982072292104916,-0.00040847706257558157,0.0010839980474195605
0.0,0.0,0.0,-0.0023822577263941103,-0.00037582993699283146,0.0010681847361339036
0.0002742809682424293,-6.104447592168536e-05,0.00013024433135096637,-0.0023651492454750795,-0.00034135423535341464,0.001051933457462613
0.0002683728762139559,-5.895449269608349e-05,0.00012721471003755897,-0.0023469573456175695,-0.0003060722271074934,0.0010349244387934614
0.0002624481643619877,-5.687979914486715e-05,0.00012418308229428238,-0.0023276977645146175,-0.00026969967734988975,0.0010172887879480927
0.0,0.0,0.0,-0.0023074133040211775,-0.00023255533429247303,0.000998953047847806
0.00025582292521822105,-5.3896508668763815e-05,0.00012059836454780945,-0.002286085761435547,-0.00019380906144185266,0.0009802017326478066
0.0002498920489607087,-5.1868699462762706e-05,0.00011757420699559076,-0.0022638081014268972,-0.00015439495176777253,0.0009608174957730606
0.00024395283836837716,-4.9857286000709234e-05,0.00011455292557210744,-0.0022405878055780466,-0.00011408694565842517,0.000940894850896534
0.0002380108630654472,-4.786260673498128e-05,0.00011153574178116307,-0.0022164550645401345,-7.287051865981823e-05,0.0009204539915247649
0.0,0.0,0.0,-0.002191461986248755,-3.106036920016205e-05,0.000899467013469879
0.0002308873351544545,-4.486530456796741e-05,0.00010774017040185026,-0.0021655702594954775,1.204872110205155e-05,0.0008780962574382199
0.00022497160190748368,-4.2925433488729484e-05,0.0001047506547538289,-0.002138889624035788,5.5625122582653484e-05,0.0008562419777718112
0.00021906270632962712,-4.1006313731491076e-05,0.00010176680413043599,-0.0021114253444727295,9.989664345096606e-05,0.0008339646479158391
0.0002131614009309356,-3.910461767620769e-05,9.879208974508227e-05,-0.002083199767688293,0.00014485379828770012,0.0008112736625936406
0.0,0.0,0.0,-0.0020542758176668174,0.0001902251549144135,0.0007881862148528818
0.00020564740165681048,-3.612616058103842e-05,9.483680929738487e-05,-0.0020245921171751376,0.00023660847175594453,0.0007647442011554707
0.00019980514319378948,-3.428780768909602e-05,9.190389768294514e-05,-0.00199427716074186,0.0002833098945268085,0.0007409619552956092
0.00019398010157601418,-3.247095370455729e-05,8.898477524254179e-05,-0.0019633294616612372,0.000330486230450936,0.0007168639720703078
0.00018817577614123468,-3.067488448795183e-05,8.607680626317303e-05,-0.001931773811836326,0.0003781348343636588,0.0006924637395961587
0.00018239171157471794,-2.8902665318447625e-05,8.318616654246867e-05,-0.0018996414015642021,0.00042617118341578027,0.0006677831250755953
0.00017663455388157911,-2.715094293845513e-05,8.030964680022549e-05,-0.0018669589520645881,0.00047463255758286373,0.0006428407923252377
0.00017090145713644642,-2.5422323304560175e-05,7.745295001783831e-05,-0.0018337562888204463,0.0005234016946258636,0.0006176584103284047
0.00016519905886453086,-2.371749589126963e-05,7.461438962127519e-05,-0.0018000626443710635,0.0005724667944111296,0.0005922567636170703
0.00015952815461800412,-2.203703162361043e-05,7.179338429680302e-05,-0.0017659058555538577,0.0006217937949542245,0.00056665435770565
0.00015389021824923897,-2.0378746195558635e-05,6.899376224625271e-05,-0.0017313122056773669,0.0006713484351563411,0.0005408699215209102
0.00014828965783618328,-1.874663942435477e-05,6.621517814300004e-05,-0.001696310271349375,0.0007210932636698542,0.000514922508179636
0.00014272455073811635,-1.7139979051830953e-05,6.346071448372286e-05,-0.0016609315960195064,0.0007709529219007727,0.0004888378601110939
0.00013720088598778444,-1.5557263124459823e-05,6.072826153163694e-05,-0.001625196465855439,0.000820943230303217,0.00046262445614810087
0.0001317196676379719,-1.3998809142537786e-05,5.801931876313294e-05,-0.0015891345477154406,0.0008709893756732825,0.000436307181375013
0.00012627974755307313,-1.2468022864201377e-05,5.533842028054783e-05,-0.0015527689920556927,0.0009211021247610065,0.00040989657116703026
0.0,0.0,0.0,-0.001516157403512297,0.0009711335801791878,0.0003834693524258359
0.00011802182717460579,-9.706998253861238e-06,5.112890816812855e-05,-0.0014792364028300658,0.0010212877052390463,0.0003568813910515807
0.00011273514291056795,-8.252845699119825e-06,4.853226823639607e-05,-0.001442122601525515,0.0010713076620338373,0.00033031736508888935
0.0,0.0,0.0,-0.0014048387051255329,0.0011211028073321932,0.00030379463548957375
0.00010451526474062765,-5.565051011790182e-06,4.4362906150004885e-05,-0.0013673183492549153,0.0011709716016126545,0.00027714757163840555
9.939038183777046e-05,-4.191053635230542e-06,4.185168347902957e-05,-0.0013296781927612867,0.0012205632351681346,0.0002505797742740489
9.431845490463169e-05,-2.8443913104327765e-06,3.937302362881385e-05,-0.0013029549939833668,0.0012006327045780152,0.00024317475434531795
0.0,0.0,0.0,-0.0012761415364834772,0.0011804619240547386,0.0002358548556813389
8.616943272372737e-05,-2.611567155171883e-07,3.525960868168207e-05,-0.0012491870055216967,0.0011601719403206171,0.00022846743684553112
8.127048910993773e-05,1.0057145058276784e-06,3.287417495812719e-05,-0.0012221758551527533,0.0011396683198044394,0.00022117633982853745
7.643010048156458e-05,2.245067120995643e-06,3.0520997217230395e-05,-0.0011951003877558011,0.001119003009997485,0.00021392999318280864
7.164699141994816e-05,3.4571616689805774e-06,2.820054783881864e-05,-0.0011679748702923655,0.0010981882409381457,0.00020673021175967029
6.692394743857842e-05,4.643126155265301e-06,2.5910476849022922e-05,-0.001140813919554488,0.0010772365564625226,0.0001995810268782952
6.226193422449555e-05,5.8004255037258575e-06,2.3653770285516692e-05,-0.0011136320694000185,0.0010561637748252646,0.00019248421128552955
5.766266472667403e-05,6.9300419612818475e-06,2.1430249046086244e-05,-0.0010864437261560993,0.0010349805727436117,0.0001854427054912918
5.312773272168219e-05,8.033464669136975e-06,1.9239684562343206e-05,-0.0010592623466937137,0.0010137013711887272,0.00017845971030601063
4.865617989755812e-05,9.108226791091298e-06,1.708397742183492e-05,-0.0010321007016743729,0.0009923382542151834,0.00017153516520238807
4.4248427659284126e-05,1.0156401203079287e-05,1.4962027985710862e-05,-0.0010049730781896906,0.0009709019923980684,0.00016467406940634855
3.990725756500169e-05,1.1176840653719844e-05,1.2876382056643206e-05,-0.000977891798742628,0.0009494058086408182,0.00015787726408208712
0.0,0.0,0.0,-0.0009508735725435313,0.0009278554369065036,0.00015116957594540903
3.2158452515824467e-05,1.3385868599286631e-05,9.030320735491392e-06,-0.0009239180065656066,0.0009062861421957352,0.0001444851464343914
2.802324479000711e-05,1.4325672065490593e-05,7.053246874671251e-06,-0.0008970508949871811,0.0008846838255444904,0.00013789537565769673
2.3957001930980686e-05,1.5240203460613796e-05,5.110834504004071e-06,-0.000859916667371736,0.0009273986229837295,0.00011342980831232837
1.9959123252829614e-05,1.6125799430251884e-05,3.2040349525487383e-06,-0.0008233653110915986,0.0009670606445976104,8.986304503268294e-05
1.6033603908887684e-05,1.6984256267951177e-05,1.3328022457502393e-06,-0.0007874002392990776,0.001003679220523473,6.71833882823987e-05
0.0,0.0,0.0,-0.0007520291573316351,0.0010373635818637815,4.540140633302325e-05
8.640598439237796e-06,1.8986449181917546e-05,-2.305841912032764e-06,-0.000717251200457331,0.001068134672576608,2.4456218613083437e-05
0.0,0.0,0.0,-0.0006830770628217797,0.0010960799309064346,4.406591412764449e-06
1.3878026323706225e-06,2.0926572016697605e-05,-5.870582443902047e-06,-0.0006495042063442012,0.0011212662937001433,-1.4822335013148648e-05
0.0,0.0,0.0,-0.0006165388255364723,0.0011437080449586915,-3.3183224817157075e-05
0.0,0.0,0.0,-0.00058418408886729,0.0011634977900742294,-5.072472762379654e-05
-9.26278228043552e-06,2.394912156840739e-05,-1.1161638024231289e-05,-0.0005524403533303489,0.0011807148618746465,-6.745752372828181e-05
0.0,0.0,0.0,-0.0005213039610910686,0.001195368966456269,-8.337008511583033e-05
-1.614963947588802e-05,2.5734437572020292e-05,-1.4531626199005559e-05,-0.0004907973105734976,0.0012075434299458419,-9.848181639818717e-05
0.0,0.0,0.0,-0.00046089239277646854,0.0012173235951767158,-0.00011281309622990232
0.0,0.0,0.0,-0.00043160948098264207,0.001224716800633592,-0.00012637057756714754
-2.6411292816221907e-05,2.857383601093034e-05,-1.961023226614662e-05,-0.00040296001240472775,0.001229808749533914,-0.0001391447455532674
-2.939654362523612e-05,2.9103020538248107e-05,-2.099885875780729e-05,-0.0003749123906179416,0.001232688661323615,-0.00015118903682747562
-3.2309199366737425e-05,2.9607811818569623e-05,-2.2349070749030128e-05,-0.0003474861664352655,0.001233394774791618,-0.00016248774715661572
-3.5147736710344456e-05,3.008626033520482e-05,-2.3658926463846937e-05,-0.000320676952616953,0.0012319917042973203,-0.0001730604705137344
-3.79104366180679e-05,3.053883764695227e-05,-2.4933676742422328e-05,-0.00029448275563685424,0.0012285087870779682,-0.00018292197428455958
-4.060046277317477e-05,3.096591545714669e-05,-2.616690663267519e-05,-0.00026890812644342793,0.0012230218950450445,-0.000192075277425505
-4.321536662179778e-05,3.136822953641528e-05,-2.736480328910394e-05,-0.00024394607387137718,0.0012156075209867946,-0.00020054253089883437
-4.575661754120658e-05,3.1746865969387375e-05,-2.8525132533552687e-05,-0.00021959925942635384,0.0012063062335073808,-0.00020832803245074075
-4.822381319441327e-05,3.210076113291935e-05,-2.9647532931374333e-05,-0.00019586090999943422,0.0011951913542389374,-0.00021545342654233167
-5.061812426068769e-05,3.2429158247035475e-05,-3.073213950470357e-05,-0.00017273354470184206,0.0011823092987074718,-0.0002219249170648804
-5.293947836777205e-05,3.2735088056395465e-05,-3.177989294525944e-05,-0.00015021031931348097,0.0011677251881737326,-0.00022776187542935598
-5.518854951321026e-05,3.30174979844514e-05,-3.187393698269662e-05,-0.00012829515020408707,0.0011514843005363548,-0.000232966949175754
0.0,0.0,0.0,-0.00010696684471822593,0.0011336464722382972,-0.00023759030541270487
-6.064233769575939e-05,3.4192169223291345e-05,-3.489989067871615e-05,-8.626914524343456e-05,0.0011142489372034609,-0.00024154602789262954
-6.26785207633272e-05,3.440740320161335e-05,-3.633382230791853e-05,-6.614635963436057e-05,0.0010934007606493814,-0.00024495406344704197
-6.464337894522718e-05,3.4603760362199995e-05,-3.704824085679012e-05,-4.661496982119059e-05,0.0010711238497264743,-0.0002477856849985916
-6.653470036386973e-05,3.4775791729981304e-05,-3.8398334431528586e-05,-2.7669392096881597e-05,0.0010474927388060455,-0.00025005960710387234
-6.835624801693276e-05,3.492802017418726e-05,-3.9608435208899874e-05,-9.3102951993071e-06,0.0010225244152033922,-0.0002517793475270295
-7.010786166819688e-05,3.50607884105556e-05,-4.055841478119068e-05,8.472900469090666e-06,0.000996309936045597,-0.00025296882181033615
-7.178770610257135e-05,3.5172733003135675e-05,-4.027729317744137e-05,2.5681250161569276e-05,0.0009688879819228368,-0.00025363713167504275
0.0,0.0,0.0,4.2334217213335634e-05,0.0009402994247689126,-0.0002538325979549727
-7.644496127236248e-05,3.6054403155946985e-05,-4.246624062165818e-05,5.8390123816665445e-05,0.0009106197271611791,-0.00025345853500411384
-7.79253764044482e-05,3.6106255967510584e-05,-4.3093210726429994e-05,7.390249314855168e-05,0.0008798947633912524,-0.000252640753593671
-7.933638380058737e-05,3.613822733540928e-05,-4.368651259196042e-05,8.885881157956749e-05,0.0008481668763701746,-0.00025135209551529423
-8.067918880153494e-05,3.6150699743863884e-05,-4.424546242479471e-05,0.00010326737986618993,0.0008155021069254043,-0.0002496108482302626
-8.19551569152701e-05,3.6144574933217515e-05,-4.477040910524401e-05,0.00011713292740962037,0.0007819385739964272,-0.0002474283357601055
-8.316615287992763e-05,3.61202381158886e-05,-4.526294101920658e-05,0.00013045919853183876,0.0007475300644057818,-0.0002448138563137929
-8.43093359519508e-05,3.6078077688893536e-05,-4.572391925866724e-05,0.00014325360443378577,0.0007123230925160081,-0.0002417827415466444
-8.538898087439226e-05,3.601802037534219e-05,-4.6150847597076195e-05,0.00015552249306373953,0.0006763692295208871,-0.00023834864632914278
-8.640338413618809e-05,3.5939913281607684e-05,-4.654766949389617e-05,0.00016727172004205132,0.0006397155894622438,-0.00023452460058129266
-8.73536125643085e-05,3.5846150003252246e-05,-4.6914930879541674e-05,0.0001785070209178933,0.0006024069698008354,-0.0002303212234715146
-8.824236330539129e-05,3.5734417764364417e-05,-4.7249151500353245e-05,0.00018923554082169545,0.0005644917104889762,-0.00022575387389734295
-8.906909428752885e-05,3.560789749674164e-05,-4.755302327779078e-05,0.0001994636884179949,0.0005260145791165977,-0.00022083371370404782
-8.983536091389334e-05,3.5463692386865645e-05,-4.782607234728585e-05,0.00020919796485659994,0.0004870207305899205,-0.0002155749072589742
-9.053965788774762e-05,3.5305963521385516e-05,-4.807142851755762e-05,0.00021844448919470177,0.0004475563437143244,-0.00020998712435276866
-9.11857567265364e-05,3.51330913333622e-05,-4.82878633246086e-05,0.00022721200008639125,0.000407659655738192,-0.000204086168240986
-9.177320118929953e-05,3.494647074751274e-05,-4.847592705417719e-05,0.0002355063547346369,0.0003673755584619023,-0.000197881670641548
-9.230233616448893e-05,3.4744235230595126e-05,-4.8635425239373964e-05,0.00024333457716849437,0.00032675413257573794,-0.00019138719160364945
-9.277637353092011e-05,3.452839762846638e-05,-4.8765739041060904e-05,0.00025070398881476294,0.00028582340804558646,-0.00018461503414841124
-9.319379899506241e-05,3.429946397231358e-05,-4.8871210294637187e-05,0.000257621838976514,0.00024463231096904874,-0.00017757699746191543
-9.355533178958708e-05,3.40583740001506e-05,-4.895011028913697e-05,0.00026409989482750263,0.00020322029951752729,-0.0001702919138207837
-9.386242506710851e-05,3.3804420422967684e-05,-4.9004037587599625e-05,0.0002701421568182204,0.00016162706000203051,-0.00016276599131647294
-9.411832552999431e-05,3.3538452972443507e-05,-4.9030038759259565e-05,0.00027575610865250073,0.00011988201885488506,-0.0001550108048699016
-9.432102947389587e-05,3.32604019733835e-05,-4.903235107822783e-05,0.00028094912180253936,7.803316618576792e-05,-0.0001470379627485295
-9.447412886498382e-05,3.2971859429741356e-05,-4.9007990663800505e-05,0.0002857290434425599,3.6105200512322106e-05,-0.00013885849765888828
-9.457514725083073e-05,3.267126562452275e-05,-4.8961609994781955e-05,0.00029010376837816226,-5.848019066074987e-06,-0.0001304851625848728
-9.462634958424217e-05,3.236173115196326e-05,-4.8891875352313295e-05,0.00029408097557445125,-4.779360252903773e-05,-0.00012192755523982742
0.0,0.0,0.0,0.00029766369815953375,-8.974077509913207e-05,-0.00011319774437246188
-9.65275359310627e-05,3.236662675457595e-05,-4.96828970098513e-05,0.00030087291841570627,-0.00013157125129969463,-0.00010430613603511693
-9.644449592888436e-05,3.2029279831698016e-05,-4.954960758174369e-05,0.0003037034341727456,-0.0001733101326443443,-9.526342920618876e-05
-9.631620144386834e-05,3.168209947770635e-05,-4.939254839118843e-05,0.00030616729450667657,-0.00021494079958929527,-8.608011426780151e-05
-9.614012050417773e-05,3.132584371511042e-05,-4.921649462468712e-05,0.0003082733727593435,-0.00025638556788024416,-7.676844262555659e-05
-9.592167487892236e-05,3.096105476928891e-05,-4.901619001625703e-05,0.00031002922586885213,-0.0002976355571478379,-6.733799526550152e-05
-9.565896455298386e-05,3.058703833005682e-05,-4.8797643460686725e-05,0.00031144078605236996,-0.0003386890704321469,-5.779640071440341e-05
-9.53534875084167e-05,3.0206456643393463e-05,-4.855851549401623e-05,0.0003125192442652664,-0.0003794576305842765,-4.815805471742011e-05
0.0,0.0,0.0,0.000313259558280099,-0.00041997610729120345,-3.841496784362519e-05
-9.656690925302118e-05,3.0032283122958915e-05,-4.9012279317799065e-05,0.00031370460891128727,-0.00046011713010741433,-2.8626611928784744e-05
-9.614676868728685e-05,2.9632668290766916e-05,-4.872087298080952e-05,0.00031382677501572614,-0.0004999718141091965,-1.8750131434627567e-05
-9.568819517790992e-05,2.922457366384398e-05,-4.840899720146434e-05,0.0003136460076809079,-0.0005394517699277655,-8.81364371576692e-06
-9.519063880647323e-05,2.881096733817658e-05,-4.808027851321002e-05,0.00031317183057132824,-0.0005785609518098219,1.171731688743014e-06
-9.465526806715171e-05,2.8390483611190313e-05,-4.773265759480318e-05,0.0003124094906358664,-0.0006172467551439254,1.1200886046719247e-05
-9.408441854291741e-05,2.7964131393197573e-05,-4.736880771441071e-05,0.0003113706735410787,-0.0006555024279619725,2.1258252695260992e-05
-9.34758566996018e-05,2.7533086107718024e-05,-4.699084311129245e-05,0.00031006008255748865,-0.0006932860240018965,3.134131338262724e-05
-9.283367242133787e-05,2.7096200686544222e-05,-4.659528955351289e-05,0.0003084877752841435,-0.0007305955901688728,4.143702856024922e-05
-9.215813348627613e-05,2.665500561580419e-05,-4.618290735823781e-05,0.0003066600946759711,-0.0007674122013082828,5.153999159223415e-05
0.0,0.0,0.0,0.0003045659490383823,-0.0008037226607438926,6.167624745878619e-05
0.0,0.0,0.0,0.00030225555021612394,-0.0008394185594832841,7.17608821918514e-05
-9.371895270870755e-05,2.6382814759155626e-05,-4.6754505916366505e-05,0.00029973189240338455,-0.0008745520769287199,8.179172043857535e-05
-9.29328641221357e-05,2.5929136327037307e-05,-4.629307320296188e-05,0.00029696153948048485,-0.0009091789419428391,9.183926095611495e-05
-9.211518958410469e-05,2.547136403791346e-05,-4.5818967803369164e-05,0.00029397920956271,-0.0009431482725466856,0.00010184623889835665
-9.126755023172914e-05,2.500852155983813e-05,-4.533182839167188e-05,0.0002907860888646423,-0.0009765403534436973,0.00011181484054737793
-9.039226090923635e-05,2.4544472020799692e-05,-4.4830493659711534e-05,0.0002873935935532824,-0.0010092881270820377,0.00012173296778198963
-8.949014934953288e-05,2.4076497428850295e-05,-4.4317219316792614e-05,0.0002838095677665518,-0.001041412849573551,0.00013159203798598898
-8.855905805592131e-05,2.3606471218001218e-05,-4.379273441576319e-05,0.00028003980172807997,-0.0010728111960587347,0.00014138847419233904
0.0,0.0,0.0,0.000276071255032484,-0.0011035960114204341,0.00015115754071448606
-8.841983322989394e-05,2.313369170508951e-05,-4.359523157961183e-05,0.0002719772163782381,-0.0011336510033362085,0.00016075807364641017
-8.742241298993334e-05,2.2659298716302847e-05,-4.304143786199485e-05,0.0002676961725260473,-0.0011629883465427446,0.00017032320192011773
-8.640209040881222e-05,2.218196034623429e-05,-4.2475331464750344e-05,0.0002632627143634878,-0.0011916095504788825,0.00017979161444064891
-8.535856782512007e-05,2.1704224339468095e-05,-4.1900442633087296e-05,0.00025867740482239535,-0.0012195240068966825,0.00018916957222629542
-8.429320444759805e-05,2.1225227938877348e-05,-4.131711982479587e-05,0.00025395303370149717,-0.0012467009345926148,0.00019844122738776838
-8.320724352852253e-05,2.0746117749698766e-05,-4.072360032274094e-05,0.0002490940238472068,-0.0012731328806204758,0.00020760605975958356
-8.21011136919513e-05,2.026492896905176e-05,-4.012128143310343e-05,0.0002506932840537806,-0.0012650437991165058,0.0002052503793755926
-8.097637829977079e-05,1.978362699117302e-05,-3.9511316676336665e-05,0.00025212528608362854,-0.001256484375569022,0.0002028561281656003
-7.983397462631667e-05,1.9303836655861248e-05,-3.88946216388198e-05,0.00025339360174235395,-0.0012474692988721158,0.00020042524831258545
-7.867411170284988e-05,1.8822629887785936e-05,-3.8269434682174846e-05,0.0002545005082881567,-0.001238009348251479,0.00019795876246724101
-7.749771753261817e-05,1.8341695353923637e-05,-3.76388488418777e-05,0.0002554482351254226,-0.0012281207485628398,0.00019545930442067033
0.0,0.0,0.0,0.0002562185467347433,-0.001217814387844637,0.0001929740444134298
0.0,0.0,0.0,0.00025685570520284084,-0.0012071073407310257,0.00019041584191625827
-7.702324392046088e-05,1.763627954190246e-05,-3.7234071453913624e-05,0.00025736264476204147,-0.001196012785218664,0.0001877866064510244
-7.580311339998913e-05,1.7162528269394377e-05,-3.658556673026884e-05,0.00025770163402808144,-0.0011845401709872814,0.00018517517857434464
-7.456949286714209e-05,1.6688139003289043e-05,-3.5932566351499024e-05,0.00025789506343894996,-0.0011727050740254913,0.00018253986215345085
-7.332244759488676e-05,1.621602696748187e-05,-3.5274771771353525e-05,0.0002579457378183672,-0.0011605207315981158,0.00017988342928317507
-7.206496962741327e-05,1.574633892240684e-05,-3.4611841792296647e-05,0.0002578575577859501,-0.0011479997657900694,0.00017720663048985792
-7.079642614343638e-05,1.5276938576878297e-05,-3.394411573226302e-05,0.00025763201806776304,-0.0011351552746611615,0.00017451205136229223
-6.951711789672298e-05,1.4809621636114883e-05,-3.327474468383142e-05,0.0002572719677727853,-0.0011219999944601538,0.00017180156430206505
-6.82280634309472e-05,1.4345005653724151e-05,-3.2602855471313976e-05,0.00025678134404292813,-0.0011085464821523668,0.00016907553177502351
0.0,0.0,0.0,0.00025614560498354866,-0.0010948071454590649,0.00016637244800021822
-6.699913826570253e-05,1.3707233026839964e-05,-3.190134917607929e-05,0.0002554166335760658,-0.0010807964312770564,0.00016358870805304067
0.0,0.0,0.0,0.0002545336659126596,-0.0010665244159288746,0.00016086296646522502
-6.572886973144095e-05,1.3069526843318152e-05,-3.1183223712024054e-05,0.00025356077528331585,-0.0010520054715299186,0.0001580647506904015
-6.441592743595868e-05,1.2619508560820216e-05,-3.050380199160035e-05,0.00025245689074362445,-0.0010372506995594971,0.00015529049987563013
-6.309791918404777e-05,1.217219503048087e-05,-2.982181646488539e-05,0.00025123838501485413,-0.0010222713774312958,0.00015251206605990933
0.0,0.0,0.0,0.0002498951119608295,-0.0010070795774352514,0.00014976034532332427
-6.171057761917535e-05,1.15290841473457e-05,-2.905565231410432e-05,0.0002484711268438944,-0.0009916899958572643,0.00014694771323207093
-6.0383379161131184e-05,1.1092553177139219e-05,-2.8373708914998533e-05,0.00024692763923105755,-0.0009761099944677287,0.0001441645664002562
-5.9053160806583366e-05,1.0659304364784475e-05,-2.769103082215753e-05,0.00024528218569861733,-0.0009603541270783246,0.00014138127984593778
-5.771882527751172e-05,1.0230261764837091e-05,-2.7009162197165883e-05,0.00024353726713954987,-0.0009444326673015241,0.00013860051194767813
-5.638290542592088e-05,9.804298186195399e-06,-2.632728211394783e-05,0.00024169557605521093,-0.0009283568396077675,0.00013582323884150696
-5.50461266134008e-05,9.381664990742753e-06,-2.5645294882877556e-05,0.00023975965026845373,-0.0009121385893081813,0.00013305081405722347
-5.370834593840709e-05,8.964457434036748e-06,-2.496375349965746e-05,0.0002377324714363039,-0.0008957866932720438,0.00013028572804617866
-5.2370082460879726e-05,8.55074420232377e-06,-2.428369367238375e-05,0.00023561751128162278,-0.0008793151222830179,0.00012752747237559535
0.0,0.0,0.0,0.00023340769746882373,-0.0008627316724858684,0.00012479885407745694
-5.074197595243807e-05,7.902718694505606e-06,-2.3413392161369317e-05,0.00023113366539155746,-0.0008460483602565989,0.00012203934055709404
-4.9411330269958394e-05,7.502140377456223e-06,-2.2740805462830598e-05,0.00022877006195886316,-0.0008292748244530031,0.0001193116673454937
-4.808296165138714e-05,7.106904688099775e-06,-2.207024088737662e-05,0.00022632964724558563,-0.0008124217522815382,0.0001165964278160147
-4.675724837223784e-05,6.715807494163997e-06,-2.140227553426365e-05,0.00022381546036564864,-0.0007954989157398155,0.00011389375759686576
-4.543404120101449e-05,6.329546824555204e-06,-2.0737327524895153e-05,0.000221229716761325,-0.0007785160853545715,0.00011120579077288561
-4.4114658481524635e-05,5.948018173062452e-06,-2.0075030587320152e-05,0.00021857529738464893,-0.0007614829324735185,0.0001085332185921036
-4.280025503710778e-05,5.57094988448858e-06,-1.9416149196853885e-05,0.00021585413475901167,-0.000744409878797152,0.00010587795512247261
-4.149071103738836e-05,5.199261509465245e-06,-1.8759926015241732e-05,0.000213070213940045,-0.0007273039832160802,0.00010323913392786899
0.0,0.0,0.0,0.00021021909864760158,-0.0007101763713808129,0.00010063326798670502
-3.971096496559423e-05,4.570163338864256e-06,-1.7831881826432783e-05,0.00020732140184213802,-0.000693035323411698,9.802047643651944e-05
0.0,0.0,0.0,0.00020435770109272777,-0.0006758899159240079,9.545212470318809e-05
-3.792784888729182e-05,3.950146336409564e-06,-1.690423279890364e-05,0.0002013512990844234,-0.0006587483009127272,9.288187409789367e-05
-3.665540381600501e-05,3.6052260047478e-06,-1.6272894800634202e-05,0.00019828981905339866,-0.0006416193871792305,9.034494999434919e-05
-3.5390310036029244e-05,3.2651682603473417e-06,-1.564488516740739e-05,0.00019518095492916776,-0.0006245105837707731,8.783008375329517e-05
-3.413318772894652e-05,2.9301019469586433e-06,-1.5021695422076782e-05,0.00019202606934404944,-0.000607431940733471,8.533965849891852e-05
-3.2883927934062045e-05,2.6010767536853113e-06,-1.4403572709025444e-05,0.00018882836733163537,-0.0005903892490389302,8.28737923621147e-05
-3.164410471187649e-05,2.2775752368121064e-06,-1.3790247329133103e-05,0.0001855910600161057,-0.0005733920707432302,8.043191190899083e-05
-3.0412433711695586e-05,1.960104650690863e-06,-1.3183019804375929e-05,0.00018231586931069383,-0.0005564471367558057,7.801642353744116e-05
-2.9190589434582442e-05,1.6474095096172818e-06,-1.2580134852461825e-05,0.00017900518802671373,-0.0005395606988189548,7.562716438832454e-05
-2.797804816554882e-05,1.3409521253902345e-06,-1.1984187426617694e-05,0.00017566181566718725,-0.0005227417691867872,7.326466170034099e-05
0.0,0.0,0.0,0.00017228495571464109,-0.0005059973803828054,7.093600179730597e-05
-2.6133172387106165e-05,7.658389859768621e-07,-1.104345990710958e-05,0.0001688851928704806,-0.0004893324741762079,6.862301408290137e-05
-2.495506602494491e-05,4.7590734641937976e-07,-1.0466831670478985e-05,0.00016545639460988388,-0.000472756370692551,6.63452559927489e-05
-2.3787617218910006e-05,1.9227267548364629e-07,-9.896458532620435e-06,0.00016200424605331747,-0.0004562736654248601,6.409623915665038e-05
-2.263185261430264e-05,-8.552862618454339e-08,-9.332196336779813e-06,0.00015853061131119255,-0.0004398907113922367,6.187710939962874e-05
-2.1487728861100475e-05,-3.5819072590636315e-07,-8.774782597531924e-06,0.00015503786072983017,-0.0004236144876755041,5.968734240349721e-05
0.0,0.0,0.0,0.00015152594287415333,-0.0004074516247749515,5.753336225733374e-05
-1.9654245165680467e-05,-8.976794044055681e-07,-7.848895589411966e-06,0.00014800264276943454,-0.0003914063095694273,5.54013747854806e-05
-1.8549951036695293e-05,-1.1523076231389282e-06,-7.311915610177339e-06,0.00014446450718361817,-0.0003754848046755553,5.330547686479739e-05
-1.7457570810793312e-05,-1.4016624127132482e-06,-6.783389124726825e-06,0.0001409154374803117,-0.00035969268526200724,5.124105852666967e-05
-1.637803553471377e-05,-1.644948579817545e-06,-6.261739049482306e-06,0.00013735748756460483,-0.00034403501333681106,4.920862716026804e-05
-1.531337680308093e-05,-1.88238335891003e-06,-5.746145006636479e-06,0.0001337928452873759,-0.0003285177120817069,4.720812221837279e-05
-1.4261266430588913e-05,-2.113717764769202e-06,-5.239276163478435e-06,0.00013022346499407016,-0.0003131448176959027,4.524006565726563e-05
-1.322306888382075e-05,-2.3387468338477793e-06,-4.7395261518723616e-06,0.0001266511787635384,-0.00029792106003979706,4.3305312699716774e-05
-1.2199141393563774e-05,-2.5585189374129757e-06,-4.24817196880808e-06,0.00012307765678340671,-0.00028285187008674753,4.1403842196459934e-05
-1.1189635429404518e-05,-2.77257256679163e-06,-3.7638200809713146e-06,0.00011950493839914666,-0.0002679406183958599,3.953542658017453e-05
-1.0195095168893555e-05,-2.9807769040109254e-06,-3.286204782138223e-06,0.00011593467027359138,-0.0002531924429240275,3.7700560651839355e-05
0.0,0.0,0.0,0.00011236865140384911,-0.00023861131587916629,3.59008402662786e-05
-8.438927152730295e-06,-3.4441521755088354e-06,-2.4152336139675975e-06,0.00010880972725547944,-0.00022420046515192436,3.41317934339526e-05
-7.490070004894087e-06,-3.635165317138657e-06,-1.9622335263108123e-06,0.00010525772783468033,-0.00020996416061653297,3.239867899965333e-05
-6.556665568890698e-06,-3.820242024270775e-06,-1.5174204725083284e-06,0.00010171568953346319,-0.00019590675946205035,3.069883387196104e-05
-5.638335561421891e-06,-3.999758126201701e-06,-1.0810720420592001e-06,9.818433974415186e-05,-0.00018203024172636475,2.9033690697498932e-05
-4.7351238117620195e-06,-4.172755590847657e-06,-6.533858687532243e-07,9.466615011860169e-05,-0.0001683385444771143,2.740259168145597e-05
-3.847821030259066e-06,-4.341133395442463e-06,-2.3369467018715714e-07,9.116207462408028e-05,-0.00015483542385621925,2.580548648073701e-05
-2.976598715109519e-06,-4.5031032316327214e-06,1.7799150778402945e-07,8.767368530914342e-05,-0.0001415223784538766,2.424308897097847e-05
-2.120578881929164e-06,-4.659609167300444e-06,5.806457150260399e-07,8.42028898305574e-05,-0.0001284037060728508,2.2714459640938978e-05
0.0,0.0,0.0,8.075095277548794e-05,-0.00011548175104407121,2.1220028885382547e-05
-4.844869165035021e-07,-5.054628194797544e-06,1.3825059013751551e-06,7.731902375654149e-05,-0.00010275791060209016,1.9759531030032686e-05
0.0,0.0,0.0,7.390866134360241e-05,-9.023620100692642e-05,1.8333707888507078e-05
0.0,0.0,0.0,7.052130384754829e-05,-7.791777440976512e-05,1.6941176169904537e-05
1.916387966547655e-06,-5.677291664889038e-06,2.5723450186145588e-06,6.715768709672161e-05,-6.580448545767511e-05,1.5583296152316757e-05
2.6741596606704477e-06,-5.802536985408387e-06,2.925159836085148e-06,6.381966173375604e-05,-5.38995709168038e-05,1.425859351534671e-05
3.41574804317063e-06,-5.921518685118944e-06,3.269542161110936e-06,6.050832442964061e-05,-4.220334955072609e-05,1.2967778842030494e-05
4.140807684433719e-06,-6.035446329412588e-06,3.60533191284442e-06,5.722479289853492e-05,-3.0718191839426234e-05,1.1710394251030619e-05
4.848862809263651e-06,-6.143856899755171e-06,3.9327468126345366e-06,5.397032658741682e-05,-1.9445549699778878e-05,1.0486226717766305e-05
5.5408102257133115e-06,-6.247014569021927e-06,4.251711438757876e-06,5.074558799590205e-05,-8.386082513479067e-06,9.295790420491554e-06
6.21596559366171e-06,-6.344482992775985e-06,3.6077920278007337e-06,4.7552309516602325e-05,2.4577729495516476e-06,8.138185280485767e-06
6.874685892557672e-06,-6.436176191215647e-06,3.899923812349728e-06,4.4391906553014876e-05,1.3085514292279098e-05,7.013067493528821e-06
7.516199760981615e-06,-6.522550508463444e-06,4.3718395235491684e-06,4.1264527453528245e-05,2.3495809696814806e-05,5.920963967241156e-06
0.0,0.0,0.0,3.817119321025686e-05,3.368884529230847e-05,4.86107034070038e-06
0.0,0.0,0.0,3.511265097311256e-05,4.36627587851308e-05,3.8332256162565415e-06
9.692612549886661e-06,-7.0286004616116525e-06,5.816906732292609e-06,3.209102423183343e-05,5.341758694475625e-05,2.8365788117495216e-06
1.026919042756863e-05,-7.096765082616922e-06,6.086142990032112e-06,2.9105582882362924e-05,6.295244456221732e-05,1.87240866874034e-06
1.082932809055846e-05,-7.1597828730338666e-06,6.549472815831711e-06,2.615814020822449e-05,7.226747809210673e-05,9.391497847758571e-07
1.1372987377769348e-05,-7.218400696533247e-06,6.628804523075244e-06,2.3249066224155504e-05,8.136235979786165e-05,3.677629573371823e-08
1.1899780821905426e-05,-7.271871290232968e-06,6.884955866401691e-06,2.0379297432761643e-05,9.023618125607713e-05,-8.34858824460608e-07
1.2410594878654833e-05,-7.320432824473661e-06,7.334306748225654e-06,1.754957630984874e-05,9.889038132737676e-05,-1.6760949201302266e-06
1.2904606133550428e-05,-7.364557771867989e-06,7.686960236233779e-06,1.4760583790743536e-05,0.00010732356961855816,-2.4874524491980703e-06
1.3382216395389192e-05,-7.404252037105451e-06,7.923602102281118e-06,1.2012989789160354e-05,0.00011553695618004828,-3.269287012606227e-06
0.0007788268397550909,-7.469659639622864e-06,0.0004495199086683371,9.138497174966621e-06,0.00012362996899925772,-3.72929323945268e-06
0.0007635899775773442,-7.499219677251268e-06,0.0004410870249175456,6.479571143616537e-06,0.00013140054666006002,-4.4596744266267765e-06
0.0007482759215852484,-7.52515146121625e-06,0.00043201302611527945,3.863244756354156e-06,0.00013895222448591753,-5.1608841681749015e-06
0.0007328938964841549,-7.546497998730786e-06,0.00042308754595252293,1.290844485562255e-06,0.00014628603007408697,-5.834167281201864e-06
0.0007174533273977354,-7.563464542232705e-06,0.0004143342704609499,-1.2371029353645595e-06,0.00015340182518374857,-6.479953645022157e-06
0.0013787209430415226,-7.472641179728209e-06,0.0007956893752312988,-3.8482651965631384e-06,0.00016039078602637035,-6.876963074979557e-06
0.0013493153877178698,-7.483475864273763e-06,0.0007787666042603871,-6.283341255327324e-06,0.000167070969088216,-7.473711606537584e-06
0.0013198232686318248,-7.490266994917206e-06,0.0007619824161111916,-8.672800601544802e-06,0.00017353637309766131,-8.043908702096124e-06
0.0019126463445052757,-7.328763601664852e-06,0.0011031820933174253,-1.1121333599379267e-05,0.00017987151512071788,-8.406050882415916e-06
0.0018702713046029119,-7.330034269753397e-06,0.0010795843972162226,-1.3415444052086557e-05,0.00018590767152796466,-8.929495884366435e-06
0.0018278086812211463,-7.329932348765309e-06,0.0010541115057571282,-1.566284392587771e-05,0.0001917322995815125,-9.428010113214462e-06
0.001785281620503181,-7.32472932274682e-06,0.001029524733327326,-1.786312387828627e-05,0.00019734663138924998,-9.901595868523128e-06
0.0017427125289094037,-7.3159634131831e-06,0.0010049150144056426,-2.0015942183143323e-05,0.00020275246394431745,-1.0351264810233332e-05
0.0017001235003936761,-7.303773057260125e-06,0.0009802950852590777,-2.2121348524722544e-05,0.00020795132533536474,-1.0776861815067206e-05
0.0016575360841141638,-7.2880791635526005e-06,0.0009556773081583037,-2.4179198914147825e-05,0.00021294448093764015,-1.1178886737929714e-05
0.0016149716742901812,-7.2690649374393845e-06,0.000931073982768603,-2.6188967496384803e-05,0.00021773381764079674,-1.1558401711668741e-05
0.00157245108309915,-7.24680870441236e-06,0.0009064972063710014,-2.8151060297024435e-05,0.00022232091727679862,-1.1914895567545197e-05
0.001529994582332209,-7.221444679171409e-06,0.0008819587354065881,-3.006465745041694e-05,0.00022670759473648284,-1.2249926352196093e-05
0.001487622013526932,-7.193055138026041e-06,0.0008574699399900188,-3.1930229358634984e-05,0.00023089573436037818,-1.2562843610294705e-05
0.001445353114282254,-7.16147544709584e-06,0.0008330423167522984,-3.3747304379382614e-05,0.00023488714461827282,-1.2855053404288044e-05
0.0018036978763928998,-7.195069779131229e-06,0.0010399417003226041,-3.55599385132349e-05,0.00023874017231366183,-1.3051114882336075e-05
0.002134512528170164,-7.2242933158977465e-06,0.0012309318523289678,-3.731770318249794e-05,0.00024239593720607486,-1.323816914265042e-05
0.0020766135224046284,-7.181257231814077e-06,0.001197482930945981,-3.898618788734523e-05,0.0002458052477833706,-1.3475843422870757e-05
0.002361812739080713,-7.638952976090456e-06,0.0013626054936743545,-4.063773660690965e-05,0.00024907482486829976,-1.3640146339630074e-05
0.002297149070511363,-7.580568755593646e-06,0.0013252433066406665,-4.2208037557270946e-05,0.0002521074430359097,-1.3842360556182035e-05
0.002232630187716438,-7.518278515978287e-06,0.0012889192589514787,-4.373024667455499e-05,0.0002549558544078904,-1.4026285360833795e-05
0.002168284467118026,-7.455127767781945e-06,0.001251710871109785,-4.520430270096989e-05,0.0002576226026583028,-1.4192479652238178e-05
0.0023705117352890016,-7.640382532324772e-06,0.001368678825357978,-4.664939930508851e-05,0.0002601481144162036,-1.4308147155052335e-05
0.0023011397966499255,-7.56860617847528e-06,0.0013275921294807471,-4.802609198559095e-05,0.0002624566703620463,-1.4442132181196586e-05
0.00246032018559923,-7.309058528641874e-06,0.001419151173555021,-4.936917064592957e-05,0.00026462348278067114,-1.4535426829780913e-05
0.002386770876864866,-7.234965914089233e-06,0.0013766670777283325,-5.0649263310211826e-05,0.0002665838165730059,-1.4639025975976663e-05
0.0025018967151944514,-7.159735424357428e-06,0.001443345702971883,-5.189201513957656e-05,0.00026840181448428035,-1.4709932874677565e-05
0.0024250717274225436,-7.079665058326702e-06,0.0013998800880199724,-5.307660512456035e-05,0.00027002390928911686,-1.4784926416947358e-05
0.002348570785537281,-7.001127972024251e-06,0.0013547593531049063,-5.4214153311143606e-05,0.00027148147410690197,-1.48452585802772e-05
0.0022724256392242315,-6.9188666687989254e-06,0.0013107759517855817,-5.530477223372219e-05,0.00027277675095266883,-1.4891891484041402e-05
0.0021966672236793197,-6.834607533475879e-06,0.0012670168504708343,-5.6348886295458076e-05,0.0002739125024740167,-1.492507468237531e-05
0.002121325669892563,-6.748914703145862e-06,0.001223499433415626,-5.734676019144806e-05,0.000274891361928657,-1.4945290971555271e-05
0.0020464302994153043,-6.661820247246844e-06,0.0011802406188370087,-5.829866576453582e-05,0.00027571598726953495,-1.4953018618788166e-05
0.0019720096255979595,-6.572677424931352e-06,0.0011372568579097089,-5.920487672176131e-05,0.0002763889895558953,-1.4948816098120194e-05
0.0018980913587664933,-6.482135621784615e-06,0.001094564140926743,-6.0065837697092155e-05,0.0002769132111198613,-1.4932980868354287e-05
0.001824702408506921,-6.390434337234477e-06,0.001052177989899221,-6.0881836128696874e-05,0.00027729130350629354,-1.4906063489532202e-05
0.0017518688842498593,-6.29727749851435e-06,0.0010101134672990575,-6.165227417302189e-05,0.0002775246530237331,-1.487015711216219e-05
0.0016796160977011379,-6.2028337616122465e-06,0.0009683851754634667,-6.251592876896506e-05,0.0002776007203409395,-1.4197996267454574e-05
0.0016079685604663706,-6.107176225511135e-06,0.0009270072539768197,-6.422461403924735e-05,0.0002775150053803251,-9.420464513616597e-06
0.0015369499912958127,-6.010377130296357e-06,0.0008859933844457509,-6.707357266628928e-05,0.0002772770090013389,1.1497233904753747e-06
0.0014665833200810652,-5.912507839473126e-06,0.0008453567928177932,-7.088179868360279e-05,0.0002768939364947382,1.7247044283238452e-05
0.0013968906921669796,-5.813638820901002e-06,0.0008051102518811034,-7.517549588279844e-05,0.00027637206259523557,3.71689813865383e-05
0.001327893472971162,-5.71383962861692e-06,0.0007652660839422077,-7.938232825522008e-05,0.0002757176469241902,5.834132114284281e-05
0.0012596122528987185,-5.613178887475131e-06,0.0007258361636736261,-8.298339207825352e-05,0.00027493765634494584,7.784327394463466e-05
0.001192066852547843,-5.511724276709946e-06,0.0006868319211300117,-8.562579313453988e-05,0.0002740401534671903,9.301356500332699e-05
0.0011252763281959445,-5.409542515345016e-06,0.0006482643449252191,-8.717470578734674e-05,0.0002730345018300621,0.0001020459657274978
0.0010592589775568467,-5.306699346431207e-06,0.0006101439855665122,-8.77337620914984e-05,0.00027193120896165716,0.00010467134538695604
0.0009940323458038178,-5.203259527101921e-06,0.0005724809589416748,-8.764483431026637e-05,0.0002707417075471432,0.00010277534724234777
0.0009296132318479957,-5.099286811231012e-06,0.0005352849499536942,-8.74261279872675e-05,0.0002694576947761675,0.00010018345674686239
0.000866017694863599,-4.994843941771973e-06,0.0004985652162977376,-8.716826203014581e-05,0.00026806467668409335,9.759362174570428e-05
0.0008032610610542452,-4.889992636354964e-06,0.0004623305923770175,-8.687214840147044e-05,0.0002665655335601636,9.500709569671265e-05
0.0007413579306470437,-4.7847935797812e-06,0.0004265894933502736,-8.653869992377819e-05,0.00026496314101710815,9.242510529374385e-05
0.0006803221851150225,-4.679306412205175e-06,0.0003913499193108598,-8.61688298048435e-05,0.0002632603686467476,8.98488503888669e-05
0.0006201669946078589,-4.573589720017849e-06,0.0003566194595859085,-8.576345117236524e-05,0.0002614600787095826,8.727950392725029e-05
0.0005609048255966003,-4.467701030580049e-06,0.00032240529715906016,-8.532347661977516e-05,0.00025956512484927096,8.47182118983612e-05
0.000502547448712329,-4.361696800499263e-06,0.00028871421320455647,-8.484981775931904e-05,0.0002575783508416612,8.216609330254057e-05
0.00044510594677803136,-4.255632412478922e-06,0.0002555525917335454,-8.434338478622379e-05,0.00025550258937033526,7.962424012891413e-05
0.00038859072302266986,-4.149562166441098e-06,0.00022292642434466918,-8.380508605087872e-05,0.0002533406608357317,7.70937173504748e-05
0.00033301150947180483,-4.043539275898617e-06,0.00019084131507673616,-8.323582764228802e-05,0.0002510953721905225,7.457556293018483e-05
0.00027837737550674707,-3.9376158622701564e-06,0.00015930248535874338,-8.263651297827828e-05,0.0002487695158073956,7.207078784182279e-05
0.0002246967365811784,-3.831842951214779e-06,0.0001283147790504153,-8.20080424086039e-05,0.00024636586837623666,6.958037610497265e-05
0.00017197736309259432,-3.726270467555269e-06,9.788266757170566e-05,-8.13513128242131e-05,0.0002438871898314917,6.710528482977408e-05
0.00012022638939798137,-3.620947234995955e-06,6.801025511643116e-05,-8.066721727937016e-05,0.00024133622230850885,6.46464442758247e-05
6.945032296849881e-05,-3.515920971544747e-06,3.870128394458165e-05,-7.995664462056253e-05,0.00023871568913029395,6.220475792640246e-05
1.965505367168926e-05,-3.4112382889516055e-06,9.959139749361562e-06,-7.922047912533398e-05,0.00023602829382430646,5.978110256774152e-05
-2.9154136820008853e-05,-3.306944691302748e-06,-1.821314290367603e-05,-7.84596001536304e-05,0.00023327671916813252,5.737632838751706e-05
-7.697256550632325e-05,-3.203084574813647e-06,-4.581287507136007e-05,-7.767488180391804e-05,0.0002304636262646663,5.49912590798268e-05
-0.00012379613842796838,-3.0997012266584056e-06,-7.283770786560387e-05,-7.68671925816554e-05,0.00022759165364746506,5.262669196182973e-05
-0.0001696213409325396,-2.9968368275424066e-06,-9.928562682615193e-05,-7.603739507837146e-05,0.0002246634164144504,5.0283398105202754e-05
-0.00021444522784535842,-2.8945324515266453e-06,-0.000125154946239352,-7.518634565649568e-05,0.00022168150539063892,4.7962122471918504e-05
-0.0002582654135523322,-2.792828067325903e-06,-0.00015044430340587541,-7.431489414651751e-05,0.00021864848632034467,4.566358406616195e-05
-0.00030108006200228835,-2.6917625421523576e-06,-0.0001751526528622679,-7.342388355295093e-05,0.00021556689908782412,4.3388476092441375e-05
-0.00034288787663319935,-2.5913736426933585e-06,-0.0001992792605584121,-7.251414976890773e-05,0.00021243925696626278,4.1137466125490144e-05
-0.0003836880902313031,-2.491698039341965e-06,-0.00022282369799692957,-7.158652129963883e-05,0.00020926804589541548,3.8911196287674266e-05
-0.000423480454726818,-2.39277131017108e-06,-0.00024578583633565675,-7.064181899806546e-05,0.0002060557237871482,3.671028343905463e-05
-0.0004622652309362358,-2.2946279432858756e-06,-0.00026816584045957846,-6.96808558052184e-05,0.00020280471985886949,3.453531937248476e-05
-0.0005000431782528597,-2.197301344216631e-06,-0.0002899641630231933,-6.87044365036017e-05,0.0001995174339945141,3.238687101955601e-05
-0.0005368155442962716,-2.1008238382398244e-06,-0.00031118153846910015,-6.771335747650804e-05,0.0001961962361334317,3.026548066376425e-05
-0.000572584054524588,-2.005226678221848e-06,-0.00033181897702534675,-6.670840647974576e-05,0.000192843465686181,2.817166616326507e-05
-0.0006073509018138972,-1.9105400487178183e-06,-0.0003518777586840785,-6.569036241935789e-05,0.0001894614309774055,2.6105921181030942e-05
-0.000641118736014485,-1.8167930734692623e-06,-0.00037135942716670287,-6.465999513923731e-05,0.00018605240871499119,2.406871542077752e-05
-0.0006738906534851274,-1.7240138218595555e-06,-0.000390265783876766,-6.36180652179903e-05,0.0001826186434859115,2.206049487157595e-05
-0.0007056701866161282,-1.6322293161325378e-06,-0.0004085988818463291,-6.256532377428751e-05,0.00017916234727872158,2.008168206106971e-05
-0.0007364612933417297,-1.5414655388168279e-06,-0.00042636101967658956,-6.1502512280607e-05,0.0001756856990309216,1.8132676312215116e-05
-0.0007662683466503575,-1.451747440072298e-06,-0.00044355473547723275,-6.04303623850513e-05,0.00017219084420266203,1.62138540081238e-05
-0.0007950961240972579,-1.363098947666818e-06,-0.0004601828008069109,-5.93495957432506e-05,0.0001686798943752901,1.4325568863365216e-05
-0.0008229497973241754,-1.2755429734519453e-06,-0.00047624821461896645,-5.826092385703405e-05,0.0001651549268750612,1.2468152202084469e-05
-0.0008498349215915577,-1.1891014241257211e-06,-0.0004917541972134979,-5.716504792321184e-05,0.0001616179844211395,1.0641913238404144e-05
-0.0008757574253293468,-1.1037952089047852e-06,-0.0005067041842009784,-5.6062658687816374e-05,0.00015807107479901214,8.847139366568008e-06
-0.0009007235997085419,-1.019644250559842e-06,-0.000521101820477412,-5.4954436311029816e-05,0.0001545161705561031,7.084096452849194e-06
-0.0009247400882417033,-9.366674942118312e-07,-0.000534950954217209,-5.3841050238811505e-05,0.00015095520872305661,5.35302913445839e-06
-0.0009478138764129832,-8.548829180220214e-07,-0.0005482556308821697,-5.272315908434083e-05,0.0001473900905563929,3.6541611225779313e-06
-0.0009699522813481653,-7.743075437214229e-07,-0.0005610200872546682,-5.160141051362226e-05,0.00014382268130634315,1.987695509536776e-06
-0.0009911629411253418,-6.954529431967776e-07,-0.000572248917218949,-5.047651125528419e-05,0.00014025478476412844,3.538150718141999e-07
-0.0010114538065242073,-6.168272449332881e-07,-0.0005849667036755671,-4.934888862508932e-05,0.00013668826939135803,-1.2473173309533532e-06
-0.00103083312648802,-5.404800217581414e-07,-0.0005951524319872828,-4.821940785901521e-05,0.00013312479154780395,-2.8155586954307543e-06
-0.001049309443359308,-4.6488231629567586e-07,-0.0006058196972539285,-4.7088492885004966e-05,0.00012956614402856654,-4.3507851437795125e-06
-0.0010668915786896933,-3.9056412375966203e-07,-0.0006159707051422128,-4.59567903495124e-05,0.00012601398498344094,-5.8528919777786955e-06
-0.0010835886250533445,-3.175370135163444e-07,-0.0006256107054428022,-4.482488034818059e-05,0.00012246995996276422,-7.321793144919343e-06
-0.0010994099357160953,-2.458116770720506e-07,-0.0006347450984506616,-4.369333145720196e-05,0.00011893567749082109,-8.757420954848593e-06
-0.001114365114747153,-1.7539794166889082e-07,-0.0006433794292554675,-4.256270067769502e-05,0.00011541270900432124,-1.0159725745999003e-05
-0.001128464007313737,-1.0574008361392422e-07,-0.0006525202084157756,-4.1433477396938e-05,0.00011190260954958117,-1.1528675540116317e-05
-0.0011417166893611802,-3.8551909077771575e-08,-0.0006591707746229804,-4.030635347161755e-05,0.00010840681440709293,-1.2864255778247899e-05
-0.0011541334591190584,2.7876475985384804e-08,-0.000666339552535255,-3.918170287158896e-05,0.00010492684508185473,-1.416646876077172e-05
-0.0011657248263395455,9.29623554598024e-08,-0.0006730317838436104,-3.806008182335456e-05,0.00010146410405312217,-1.5435333593987548e-05
-0.0011765015033982367,1.5670003613851095e-07,-0.0006792536534858288,-3.694198889604498e-05,9.801997706617772e-05,-1.667088566688462e-05
-0.0011864743957693685,2.1908461363456593e-07,-0.0006850114578784705,-3.5827910905279605e-05,9.459581280850535e-05,-1.787317634772066e-05
-0.0011956545927084658,2.801119573028411e-07,-0.000690311599537746,-3.4718322905966365e-05,9.119292297709958e-05,-1.9042272638203624e-05
-0.001204053358034781,3.3977869862750687e-07,-0.000695160581757594,-3.3613688190282625e-05,8.781258236534734e-05,-2.0178256825607506e-05
-0.0012116821210057345,3.980822160699014e-07,-0.000699565003341022,-3.251445829216327e-05,8.445602896372585e-05,-2.1281226135274716e-05
-0.0012185524672953295,4.5502062244384287e-07,-0.000703531553391881,-3.1421072997073267e-05,8.11244640798519e-05,-2.2351292381620973e-05
-0.001224676129887917,5.11206134000129e-07,-0.0007080687131093368,-3.0333921386698237e-05,7.781906766897726e-05,-2.3388581612555924e-05
-0.0012300649811805519,5.647855661864313e-07,-0.0007101782159772655,-2.9253531175081878e-05,7.454092278292164e-05,-2.4393233819957735e-05
-0.0012347310224390638,6.176244005900419e-07,-0.0007128721121585661,-2.826752546959765e-05,7.129202899014491e-05,-2.468302737189343e-05
-0.0012386863770300896,6.69097646788401e-07,-0.0007151556941264172,-2.787322783257803e-05,6.807132253832169e-05,-2.0515335341654045e-05
-0.0012419432810173994,7.192068799186319e-07,-0.0007170360264555916,-2.837267286905024e-05,6.48775858478773e-05,-1.018814134718719e-05
-0.0012445140749674714,7.679543253806588e-07,-0.0007185202340494748,-2.9827698227306977e-05,6.171134191085559e-05,5.793753576546416e-06
-0.001246411195691199,8.153428455961951e-07,-0.0007196154973723959,-3.207101257671508e-05,5.85744029718269e-05,2.540411951900793e-05
-0.0012476471680996492,8.613759245346407e-07,-0.0007203290477472855,-3.473256260248892e-05,5.546936180938358e-05,4.583669700699914e-05
-0.001248234597179105,9.060576543369507e-07,-0.0007206681627230501,-3.7294753581420646e-05,5.2399120094418985e-05,6.413921519112927e-05
-0.001248186160088833,9.49392721526596e-07,-0.0007206401615119912,-3.920516468756538e-05,4.936640900470336e-05,7.783149183017211e-05
-0.0012475145983763913,9.913863921554288e-07,-0.0007202524004956453,-4.002500011527149e-05,4.637337784952573e-05,8.541166341603142e-05
-0.00124623271032123,1.0320444967881691e-06,-0.0007195122688044175,-3.961483701709324e-05,4.3421184909322185e-05,8.687242862134673e-05
