0.5235987755982988,-0.1,0.1,0.0,-0.2,0.2,-1.6,0.0,0.0,0.0,0.0,0.0,0.0
0.5235987755982988,-0.1002736108042163,0.09984203072853254,-1.943075272612658e-17,-0.19254717699103083,0.2412616604443462,-1.6522190663119944,1.465401525606536e-18,-0.0066513377459988254,-0.006651337745998306,-0.006651337745998618,-0.006651337745999118,0.0
0.5235830327151169,-0.09950970389586043,0.09799742703396361,-0.010722809227315179,-0.1982949686963604,0.3072494605115079,-1.711889543115267,-0.00017508827721455166,0.02973705473063709,-0.05401821689723845,0.02932608262230947,-0.05360724478891111,0.0
0.5235672293584113,-0.09861741910063244,0.09611599888521477,-0.021487125039679665,-0.19326520273471368,0.3514047968659683,-1.7605012501455541,-0.00034410388972574437,0.07010268831568653,-0.10145501257962711,0.06927916542178095,-0.10063148968572158,0.0
0.5235513746557098,-0.09766107840050169,0.09415912430522792,-0.03228672867306402,-0.1820421074628627,0.3829099949670503,-1.802652861441068,-0.0005068000172103103,0.11289331355652825,-0.15056788636553844,0.11165589947630958,-0.1493304722853199,0.0
0.5235354775756534,-0.09666416184808668,0.09211437717507916,-0.043115508541103825,-0.16635485288297983,0.4051856031635337,-1.8400363489841116,-0.0006629464102050344,0.1575293981884152,-0.2018949579418317,0.15587698664988384,-0.2002425464033004,0.0
0.5235195469259363,-0.0956405286919522,0.08997627649455965,-0.05396746136761795,-0.14704054864284677,0.4198313829840161,-1.8734149348612092,-0.0008123398315092417,0.203654581706346,-0.2557004959774876,0.2015862963646704,-0.2536322106358121,0.0
0.523503591353328,-0.09460022930105794,0.08774156437266525,-0.06483669269619773,-0.1246586046071749,0.42787864156833155,-1.903261123283073,-0.0009547890647007564,0.251004917309386,-0.31215549755142574,0.24852010754593803,-0.30967068778797785,0.0
0.5234876193411298,-0.09355231556450583,0.08540759889751104,-0.0757174180802009,-0.0994849650473983,0.4297520032839296,-1.9297241576514277,-0.0010901347634139388,0.29934043394872245,-0.37140556382245055,0.29643867060367685,-0.36850380047740505,0.0
0.5234716392090693,-0.09250620975763334,0.08297360911755945,-0.08660396354675078,-0.07173641262236274,0.42577797565639364,-1.952914322461551,-0.00121823906187773,0.34839609473721866,-0.4335453609357795,0.3450771658394349,-0.4302264320379958,0.0
0.5234556591128233,-0.09147164361155201,0.08043725353931691,-0.09749076611889332,-0.04151137199669215,0.4159970572533112,-1.97277426765958,-0.0013389809238900296,0.39791007793596206,-0.4987171207653586,0.3941739844203897,-0.49498102724978643,0.0
0.5234396870429453,-0.09046079493891357,0.0777971027458523,-0.10837237447052814,-0.008831108780477215,0.40029710238842864,-1.98917115426025,-0.0014522608522837188,0.4475431955069964,-0.5670557204760477,0.4433901469040821,-0.5629026718731336,0.0
0.5234396870429453,-0.08428979726205763,0.08135862105582048,-0.11924344958684807,0.14116889121952278,0.2502971023884286,-1.989171154260573,-0.0015580091454491874,0.5975431955069964,-0.41705572047604766,0.5933901469040821,-0.41290267187313356,0.0
0.5234237585890334,-0.0837517156474358,0.07810693817698457,-0.13009736409193276,0.18835236374885453,0.19563702045744244,-1.9812468511164587,-0.0015983040701903178,0.6382965140419203,-0.5066241243215175,0.6337276489579379,-0.5020552592375354,0.0
0.5234078557718298,-0.08368564784313447,0.07459628214229251,-0.14093233819049467,0.23989315200551492,0.12749145038699716,-1.9640492052003484,-0.001694816806475597,0.667474080451365,-0.6072784783396612,0.6624900681393303,-0.6022944660276267,0.0
0.5233919913156733,-0.08461561313096688,0.07063410781051215,-0.15174142991740658,0.29249820689359757,0.04904702697314582,-1.9376198808191598,-0.001783485156171161,0.6714916496954066,-0.7285968619789271,0.6660934915805483,-0.7231987038640688,0.0
0.5233840818467974,-0.08720895603166257,0.0661134156124896,-0.16251975200165103,0.3265539700785942,-0.0025357051090564436,-1.9195064029622013,-0.001864313408774569,0.6319842169200416,-0.8785968619789272,0.6261731012722938,-0.8731987038640688,0.0
0.5233762014088411,-0.09028673200794858,0.061722649267267914,-0.17326054271025818,0.33329401821969745,0.00017907910796756974,-1.9285714374701255,-0.001864560544023475,0.5775444954438482,-1.0285968619789272,0.5713219379828056,-1.0231987038640689,0.0
0.5233683475092227,-0.09341237883815655,0.057344736273951306,-0.1839635140309456,0.34129527335556425,-0.0001773421757278848,-1.935634082930196,-0.001932649826678636,0.5216295271991063,-1.178596861978927,0.5149969135053514,-1.1731987038640688,0.0
0.5233605294579179,-0.09658179588646874,0.05297857761302105,-0.19461966592275026,0.3489471680468928,-0.00020189108093517045,-1.942901150576909,-0.0019163671251261904,0.4643654618294097,-1.328596861978927,0.4573246635622706,-1.3231987038640687,0.0
0.5233527444419417,-0.09979043977053803,0.04862295539202376,-0.20522910309210998,0.35640855570077523,-0.00012037139308055947,-1.9498677932114725,-0.001972126257824872,0.4058924127616443,-1.478596861978927,0.3984451547130122,-1.4731987038640686,0.0
0.5233450017169115,-0.10304337494643837,0.04427922855186535,-0.21578291626242407,0.36373800928022143,-0.00020867625483481984,-1.9567799974063589,-0.0019407460613988462,0.34605401588054713,-1.6285968619789268,0.33820250608296737,-1.6231987038640685,0.0
0.5233373012444531,-0.10633391549068322,0.03994560443476487,-0.22627924781830916,0.3708569447687672,-0.00020385744138790715,-1.9635884923906985,-0.0019041248636410227,0.28505635636095183,-1.7785968619789267,0.2768028008434437,-1.7731987038640684,0.0
0.5233296430024246,-0.10964335882908652,0.03561706699172221,-0.2367163138720914,0.3778715295207139,-0.00011676348060117566,-1.9701230735537958,-0.001944079090653854,0.22347593777759495,-1.9285968619789267,0.21482254141312232,-1.9231987038640683,0.0
0.5233220360228645,-0.11300265235982195,0.0313019177009183,-0.24708545680612695,0.3847157490264076,-0.00021053789645359157,-1.9765912091476805,-0.0018948639661622271,0.1603585498883261,-2.0785968619789266,0.15130798911735188,-2.0731987038640685,0.0
0.5233144800139056,-0.11638929084077461,0.026994120327782083,-0.25738519824111883,0.39137282088776276,-0.00021268874464108091,-1.9829783831615162,-0.0018417138777681715,0.09639792206456423,-2.2285968619789265,0.08695285808899558,-2.2231987038640684,0.0
0.5233069747779739,-0.11977402955209784,0.02268583019201046,-0.2676140675111598,0.3979857688791009,-0.00011668521389162262,-1.9891324172030918,-0.0018673372694189465,0.03249553358565241,-2.3785968619789264,0.022658617291971495,-2.3731987038640683,0.0
0.5232995260793676,-0.12317837407770675,0.018382816279794913,-0.27776603782847786,0.40451240922133064,-0.00011264689493981764,-1.9951171841269324,-0.0018858519906433473,-0.032011695135691395,-2.5285968619789263,-0.0422375119039773,-2.523198703864068,0.0
0.5232921393354396,-0.12664014501850415,0.014095224908804816,-0.28783534114690945,0.4159501498992687,-0.011339892397582485,-1.995117184126931,-0.0018157495296479839,-0.09828976061975402,-2.678596861978926,-0.10890124317628057,-2.673198703864068,0.0
0.5232848140355703,-0.1301372379983424,0.009817126733893376,-0.2978209197737283,0.427030959504284,-0.022224833509470895,-1.9951171841269324,-0.001743798128242862,-0.16565728132803775,-2.828596861978926,-0.1766512216461652,-2.823198703864068,0.0
0.5232775526089808,-0.1336686520161969,0.005548253613267958,-0.3077194599275044,0.43774593020146735,-0.032759760305263654,-1.9951171841269302,-0.0016701580719307167,-0.23408347643445476,-2.978596861978926,-0.2454565396566194,-2.973198703864068,0.0
0.52327035470411,-0.13717207675505147,0.0012718884774475334,-0.31752989865930475,0.44831626792995194,-0.0428036808438803,-1.9951171841269313,-0.0016746208154940726,-0.3016475810279132,-3.128596861978926,-0.31339645065175326,-3.123198703864068,0.0
0.5232560962192109,-0.14068736067502693,-0.0029851523144485397,-0.32724687455680496,0.45861872392232,-0.052590994852779335,-1.9951171841269308,-0.0016727240230482584,-0.3697025117764659,-3.278319268006697,-0.38182360290083006,-3.2725488883913147,0.0
0.5232419846694646,-0.1442796280846875,-0.0071935508143595155,-0.3368652242537613,0.4684016638081405,-0.062255050663537564,-1.9951171841269317,-0.0015883411419663192,-0.440346256117357,-3.4272359595934168,-0.45283573296141344,-3.421097194258341,0.0
0.5232280139312456,-0.14778708592235923,-0.01131821682276752,-0.34638623992091505,0.4781864573438256,-0.07154061970326546,-1.995117184126931,-0.0015789635349649951,-0.5091970675720424,-3.57308963250604,-0.5220512542138136,-3.56658615737325,0.0
0.5232141980679551,-0.15136953822228807,-0.015390335637481139,-0.35580309481647443,0.4874348515126299,-0.0807099344885788,-1.99511718412693,-0.0014910069137864194,-0.5806098522773016,-3.718009915553047,-0.5938247056660253,-3.7111457736733047,0.0
0.5232005358677926,-0.15494285045533027,-0.01939183759936873,-0.3651152063107425,0.4964067060965462,-0.08961975076349801,-1.995117184126932,-0.0014040372890690494,-0.6523047562854177,-3.8608280290416537,-0.6658762650047001,-3.8536072318313526,0.0
0.5231870266378049,-0.15840044338020076,-0.023304042779794268,-0.37432183232885774,0.5055208742498636,-0.09825651651968942,-1.9951171841269315,-0.0013874057518576059,-0.7213612835796829,-4.000184331990659,-0.7352854543028544,-3.992610872776468,0.0
0.5231736830211284,-0.16194101339497424,-0.027160246876338286,-0.38341680933828126,0.5140047408698295,-0.10671983077075124,-1.995117184126932,-0.0012991336241731863,-0.7932363157861093,-4.138569470303932,-0.8075088251340983,-4.130647672464923,0.0
0.5231604997601869,-0.16534379903111956,-0.030925002065507648,-0.3924013751847757,0.5227213194233058,-0.11497782510380118,-1.9951171841269333,-0.0012771573938635738,-0.8618553908690584,-4.273260426868685,-0.8764720527132076,-4.2649944765335155,0.0
0.5231474884594636,-0.16883545237561556,-0.03463163690401994,-0.4012698374246212,0.5307480720176564,-0.12302654666805017,-1.9951171841269342,-0.0011891399642797176,-0.9334789286303041,-4.406964708859318,-0.9484352539038607,-4.398359095094742,0.0
0.5231346479920409,-0.17229613492185095,-0.03826169978882098,-0.41002182950972793,0.5385542984585626,-0.13087152008601777,-1.9951171841269342,-0.0011042430732518449,-1.0048034367454182,-4.538226815869584,-1.0200949658001133,-4.529285998323869,0.0
0.5231219778477444,-0.17558821708315994,-0.041799077000013556,-0.4186567711828591,0.5467278098966556,-0.13861178105824556,-1.9951171841269348,-0.0010783151753412607,-1.0719958600579134,-4.665521004284064,-1.087618146563717,-4.6562494292872385,0.0
0.5231094847838061,-0.17883994027532832,-0.04526080339768418,-0.42717109142520077,0.5547225323384875,-0.14618888400873037,-1.9951171841269355,-0.0010482298636749576,-1.1386124589733522,-4.790326862934257,-1.1545608802009115,-4.780729153215677,0.0
0.5230971745398689,-0.18219060134364495,-0.048660769155350184,-0.43556164529485697,0.5618984375894085,-0.15347285262056617,-1.9951171841269362,-0.0009652365320524007,-1.2085515955692687,-4.914119051006393,-1.2248213789543465,-4.904199979130294,0.0
0.5230850462141086,-0.1854957946059648,-0.05198240615203949,-0.44382816266281305,0.5688873308858714,-0.16058802908191605,-1.995117184126936,-0.000886710329154975,-1.2777888933937416,-5.035306396823967,-1.2943752899144596,-5.025070711812228,0.0
0.5230730995304239,-0.18859415305943755,-0.055212952366080065,-0.4519701475340909,0.576421050776511,-0.16773194614083486,-1.9951171841269366,-0.0008553791124192183,-1.341782942397501,-5.15227606364009,-1.3586812102396717,-5.141728507306898,0.0
0.523061342309554,-0.19180399061657766,-0.05837961342477503,-0.45998366068722135,0.5830175913856056,-0.174499309869009,-1.9951171841269377,-0.0007820473744417992,-1.4094768326044556,-5.268267766767461,-1.426682025791441,-5.257413285089455,0.0
0.5230497738124226,-0.1949579235915414,-0.061467931181521475,-0.4678684868843731,0.5894541298180882,-0.1811231154439905,-1.9951171841269364,-0.0007142294403806932,-1.4761692364006096,-5.381573445283845,-1.4936764282495516,-5.370416964943881,0.0
0.5230383960360394,-0.19805555507209588,-0.06447848543079195,-0.47562326136806793,0.5956995565958312,-0.18757228108669916,-1.9951171841269346,-0.0006521108502910545,-1.541844373988598,-5.492206643838116,-1.559648585684175,-5.4807531436515164,0.0
0.5230272089989888,-0.20091010141335522,-0.06740263508185228,-0.48324752596913184,0.6026761673432779,-0.19419472766504492,-1.995117184126935,-0.000623129541974619,-1.6011982568178622,-5.598476532459719,-1.6192945090596031,-5.586730991726955,0.0
0.5230162183113021,-0.20388854536798187,-0.07026002021964656,-0.49073838147343785,0.6085809803008688,-0.20034911898158098,-1.9951171841269355,-0.000568245558966984,-1.664631641018952,-5.703781542016107,-1.6830148080550402,-5.691749086488996,0.0
0.5230054235270571,-0.20680305496467682,-0.07304078712645275,-0.4980956425699761,0.6143167775374415,-0.20635111181228327,-1.995117184126937,-0.0005197570909481431,-1.7268197501902367,-5.8063878813017595,-1.7454847179097706,-5.794073625091203,0.0
0.5229948261114543,-0.20964973353530966,-0.07574548652147893,-0.5053183060916348,0.6198976443796232,-0.21221478810903516,-1.9951171841269377,-0.00047779638338453094,-1.7876463849264261,-5.906281233684278,-1.806588000969065,-5.893690329150616,0.0
0.5229844274027767,-0.21242696180262186,-0.07837483521899745,-0.5124054554559817,0.6253135392403837,-0.21793112917608568,-1.9951171841269368,-0.0004424642054024319,-1.8470595439716686,-6.003469645662394,-1.8662726210408365,-5.990607280102203,0.0
0.5229742286078056,-0.21513101021602704,-0.08092950479473196,-0.5193562624945635,0.6305926321755554,-0.22352629105229435,-1.995117184126937,-0.0004139095082043644,-1.9049468938757046,-6.097943565160944,-1.9244262131714858,-6.08481495737414,0.0
0.5229642303116899,-0.21754409648795928,-0.08340952948261293,-0.5261702837362613,0.6368310725998788,-0.22946132852647583,-1.9951171841269368,-0.00039450681620605617,-1.9550462253390204,-6.188021828252943,-1.9747865527860327,-6.174632212314907,0.0
0.5229544347006383,-0.22010312806699733,-0.08581883973118254,-0.5328461671397672,0.6417921513138399,-0.23478480405493668,-1.9951171841269357,-0.00037540907650042416,-2.0098899479192402,-6.277191946050623,-2.0298859923705472,-6.263546613108293,0.0
0.5229448418955961,-0.2225842078511812,-0.08815595419638206,-0.5393837232191879,0.6465985509887725,-0.2399712522208086,-1.9951171841269353,-0.00036353371462239704,-2.0630517255435787,-6.3636819515937235,-2.083298192694935,-6.349786195951344,0.0
0.5229354528322233,-0.22475106500071465,-0.0904256448227209,-0.5457825021935879,0.6525067372411556,-0.2456090784511839,-1.995117184126935,-0.00034797172817694613,-2.1077011922220827,-6.445803900460515,-2.1281927633435904,-6.431663040847983,0.0
0.5229262679208897,-0.22707512150735967,-0.09262264480668608,-0.5520419039323389,0.6570211947950858,-0.2505495110972771,-1.9951171841269346,-0.00034655967714896654,-2.157434081788465,-6.5270478532397185,-2.1781654274374196,-6.51266721909974,0.0
0.5227784115109093,-0.22906693358089594,-0.09467069865592953,-0.5580227261450016,0.6627209310515618,-0.2560059754710802,-1.9951171841269342,-0.00033024801956274005,-2.19513835448667,-6.601437605427635,-2.223360268195484,-6.586827878363278,0.0
0.5226407653874371,-0.2312247393166665,-0.09664046762023197,-0.5638737434311478,0.6669412955512306,-0.26069861510717124,-1.9951171841269344,-0.00033775971330602045,-2.2384734691368933,-6.674863181985093,-2.273657822621191,-6.660029318144405,0.0
0.5225116591034035,-0.23303929298132053,-0.098576616529794,-0.5695927724225632,0.6724404323287669,-0.2659820432299563,-1.9951171841269346,-0.00032411487231903593,-2.2724100350029777,-6.744671568543041,-2.3141160292687015,-6.729618638443706,0.0
0.52239192807216,-0.2350305143871107,-0.10043249545298964,-0.5751810288087654,0.6763731305714272,-0.27043465691771085,-1.9951171841269346,-0.00034377199684643036,-2.3122801094690004,-6.813541387128487,-2.360023244169791,-6.798274377306665,0.0
0.5222807999370593,-0.2369338478870661,-0.1022319873869489,-0.5806374894703858,0.680181103769324,-0.2747781157322287,-1.9951171841269346,-0.0003714715147413484,-2.3502737746519196,-6.880112447061224,-2.4036099306245897,-6.864636400089188,0.0
0.5221779023454618,-0.23874656646370188,-0.1039757309556811,-0.5859618100700446,0.6838638132205077,-0.27901281199646844,-1.9951171841269346,-0.0004072066854364949,-2.386299064027107,-6.944381149693958,-2.4448035756893955,-6.928701120997608,0.0
0.5220823003547393,-0.24018986220912333,-0.10569370273615869,-0.5911525316945838,0.6889922528840332,-0.28396691424131404,-1.9951171841269344,-0.00040346320883894837,-2.4120853111184366,-7.005048588166569,-2.475382417698222,-6.989169724135261,0.0
0.5219943844305681,-0.24182635736814567,-0.10732819881561922,-0.5962113734344059,0.6924141719025998,-0.2879878193063127,-1.9951171841269342,-0.00045168729396256413,-2.4442646420591374,-7.064813741763216,-2.5119580633928416,-7.0487410558133075,0.0
0.5219135996027087,-0.2433708211769517,-0.10890873643963811,-0.6011374716275764,0.6957187902516218,-0.2919067748856146,-1.9951171841269344,-0.0005078721599241589,-2.4743950934926033,-7.122314866846065,-2.5461175890501204,-7.106053436739098,0.0
0.5218395808540235,-0.24482180811746995,-0.11043597272150445,-0.6059307597398236,0.6989055723833032,-0.29572415848784545,-1.9951171841269342,-0.0005719834297140187,-2.5024212792110903,-7.1775590370276285,-2.5778246683719335,-7.161113942697896,0.0
0.5217719621359888,-0.24618087573152458,-0.1119104770617586,-0.610591230855945,0.701971336145356,-0.2994347102236147,-1.9951171841269342,-0.0006437438168289619,-2.528374720551685,-7.230574146084029,-2.607129934353032,-7.213950467537406,0.0
0.5217100620668571,-0.2471393861966207,-0.11336952314236914,-0.6151176090098944,0.7066914858465456,-0.30402849044172814,-1.9951171841269337,-0.0006530626233703947,-2.5430774698893988,-7.2800365417906345,-2.6248911216176456,-7.263239465982564,0.0
0.5216538541521939,-0.24831315999090942,-0.11474146852466659,-0.6195123121570534,0.7095235084768415,-0.3075525958676782,-1.9951171841269337,-0.000737171888679074,-2.564786668505683,-7.328664309096018,-2.649366549783544,-7.311698818029882,0.0
0.5216027566723409,-0.24907893049805296,-0.11610176132361447,-0.623773192572726,0.714068589867755,-0.31200019807729135,-1.995117184126934,-0.0007498147581504593,-2.5749870024445887,-7.373789041214087,-2.6620714800062584,-7.356660320115225,0.0
0.5215566309181096,-0.25006601398857975,-0.11737379373327292,-0.6279029795570835,0.7166659631161016,-0.31533609581991645,-1.9951171841269342,-0.0008462620367946041,-2.592358726708687,-7.418093109319928,-2.68169317448407,-7.4008061085296495,0.0
0.5215152099096827,-0.2509585537461704,-0.1185966640152132,-0.6319009739679293,0.719158926611777,-0.31858241399860443,-1.9951171841269342,-0.0009501199857135977,-2.6075129940736455,-7.4602483760911795,-2.6988568140601026,-7.442808134861478,0.0
0.521478176886034,-0.25175438370934033,-0.11977103447605993,-0.635767572704474,0.7215390308156858,-0.3217306258508799,-1.9951171841269342,-0.001061202064233583,-2.6203745281907107,-7.500256783933573,-2.7135036451290255,-7.482668325999965,0.0
0.5214452098374683,-0.252453904486769,-0.12089789589156913,-0.6395032213542066,0.7238279065229761,-0.3248022536753096,-1.9951171841269342,-0.0011793102562358642,-2.6309390942711035,-7.538149680922317,-2.7256462278311466,-7.520418012653742,0.0
0.5214160042812329,-0.2530555464461085,-0.12197808687531661,-0.6431084334576812,0.7260293621864693,-0.3278000403326961,-1.995117184126934,-0.0013041254998060986,-2.6391474272295805,-7.5739387736140005,-2.7352411744397553,-7.556068881533158,0.0
0.521390157406906,-0.253161706734354,-0.12306696421616684,-0.6465820648160705,0.7296764625100368,-0.3304697282053558,-1.99605013155583,-0.0013309416086735072,-2.6331314417587692,-7.606126042850919,-2.7304415785906513,-7.588123061479559,0.0
0.5213672562678762,-0.2533648642086638,-0.12408594729125082,-0.6499277653947864,0.7299103225555794,-0.3282109940692183,-1.999385450741528,-0.0014669123914595277,-2.6305199877388845,-7.637055521370643,-2.72889750752307,-7.61892424242961,0.0
0.5213471455895117,-0.2533976521842906,-0.12507129490535712,-0.6531430679679783,0.734482440058887,-0.33382591909250187,-1.9983272546953916,-0.001496474366407122,-2.6233428509912864,-7.665691916788838,-2.7226471625982893,-7.647437440568644,0.0
0.5213295527480641,-0.25353144238733594,-0.12598626387943487,-0.6562321343574716,0.735525613405097,-0.3343262105341513,-1.9997583406478237,-0.0016432606810527562,-2.6196782959606555,-7.693087907769524,-2.719782656813932,-7.674714949284236,0.0
0.5213143498664151,-0.2536589690607251,-0.1268452735858617,-0.6591942309940194,0.7372305952928654,-0.33693352768662094,-1.9997583406478237,-0.0017961575850883942,-2.6163280666658375,-7.718824423054751,-2.717112547977045,-7.700337834574982,0.0
0.5213013390351505,-0.2537216376630191,-0.1276573780563256,-0.6620302602688144,0.739121857820232,-0.34024333474737023,-1.9992551469292412,-0.0019547732365829385,-2.6115327153532317,-7.742706349207646,-2.7128876866499407,-7.724110948365247,0.0
0.5212903073668401,-0.2537496663896775,-0.1284185366646094,-0.6647411557809021,0.7414212417719551,-0.3449300662523184,-1.997797031145555,-0.0021189791462480592,-2.606186700790988,-7.764852392854261,-2.7080136104713186,-7.746152961186855,0.0
0.5212808566886179,-0.2537438237638125,-0.12912906363105353,-0.6673296875687739,0.7441319085683311,-0.35098928196193524,-1.9953850001629962,-0.002288422514413228,-2.600302038633358,-7.785280232688648,-2.7025177658269444,-7.766476193650473,0.0
0.5212730646352449,-0.2537307348100699,-0.12978573229664706,-0.6697953220840263,0.7468245361935287,-0.35720127442640237,-1.99281578678873,-0.002462913241207886,-2.594668718186924,-7.804101671323363,-2.6971908887979303,-7.785197248494922,0.0
0.5212665856098226,-0.25368315836672256,-0.13039316186695152,-0.6721389717022829,0.7499596543432043,-0.3649071302614647,-1.9892067273328609,-0.0026418739494652316,-2.5884596723477453,-7.821238465344157,-2.691222511622434,-7.802236437852088,0.0
0.5212612365694438,-0.25360437537943087,-0.13095169086140487,-0.6743617654672357,0.7534897458607492,-0.3740077735491044,-1.9846112710858974,-0.002825317000397574,-2.581761868218125,-7.836725880189341,-2.684709088845565,-7.817628957836561,0.0
0.5212568440880485,-0.2534973553898077,-0.1314612897637975,-0.6764648627627284,0.7573635798565013,-0.3844183111515631,-1.979062008476754,-0.003012813375414811,-2.5746564180617266,-7.8505861787500795,-2.6777407322036484,-7.831397016146303,0.0
0.5212532394783054,-0.253363974658337,-0.13192241678261912,-0.6784494658645479,0.7615803194708575,-0.39612387756966494,-1.9725729336800837,-0.003204084842933442,-2.567189364294668,-7.8628471714265435,-2.6703721825524,-7.843568314366725,0.0
0.5212502659737337,-0.2532078477772696,-0.13233515391351225,-0.6803168209481505,0.7660727807725528,-0.40900494157276696,-1.9651962700311034,-0.003398837587345897,-2.559459866467402,-7.873539297221624,-2.662710819167301,-7.854173326365281,0.0
0.5212477715452264,-0.2530314792576792,-0.13269961842755923,-0.6820682091919151,0.7708029908650227,-0.42299690227247694,-1.956958568459512,-0.00359678325539237,-2.5515350465684596,-7.882685402942109,-2.654831691517776,-7.86323488890996,0.0
0.5212456124734913,-0.2528376051826312,-0.13301623604449253,-0.6837049557342957,0.775731062328367,-0.438017309606698,-1.947903351672761,-0.003797800689882052,-2.5434864776441657,-7.8903189808498855,-2.646813904937707,-7.87078652289032,0.0
0.5212436498714794,-0.25262860507599477,-0.13328520648230482,-0.6852284001776668,0.7808117763692404,-0.45398760561130597,-1.9380618654378143,-0.004001273863559285,-2.5353773615678565,-7.896464252519535,-2.638727947779985,-7.876852484994569,0.0
0.5212417542121734,-0.2524069814301272,-0.133507226028083,-0.6866399291582929,0.7860049455242328,-0.47081628655971514,-1.9274853546888695,-0.00420690792198589,-2.527270801585221,-7.901160651559162,-2.6306437505418536,-7.88147227340862,0.0
0.5212398005348043,-0.25217502866748925,-0.13368274206661723,-0.6879409731185515,0.791258178662045,-0.48840492910582173,-1.9162218038342704,-0.004414746512508108,-2.5192259654019105,-7.904438831858977,-2.6226270860263714,-7.884676622852573,0.0
0.5212376637151869,-0.25193423999344006,-0.13381203056539476,-0.6891329600870015,0.796531631110601,-0.5066894380012306,-1.9042934262290472,-0.004624172717041676,-2.511280343573217,-7.906318314137556,-2.6147220136357565,-7.886485090092358,0.0
0.5212347694178106,-0.2515967289540244,-0.13390983968579237,-0.6902094174583618,0.8057908705512232,-0.532201546930515,-1.8881227737794017,-0.00466331868761141,-2.500782996863956,-7.90654432715228,-2.604298447790989,-7.886633771182246,0.0
0.521232002925484,-0.25134936673470304,-0.1339484342674372,-0.6911877232562186,0.8108471532891549,-0.5513782632660703,-1.8751295382657682,-0.004876136515372556,-2.493333306454313,-7.905762383326056,-2.5969296420604393,-7.885788272014699,0.0
0.5212287212055055,-0.25109717877615245,-0.13394305444028026,-0.6920614798382609,0.8158059422719179,-0.5710134918922442,-1.8615909244692241,-0.005089842480323744,-2.486071834527661,-7.903677583681251,-2.5897789379092155,-7.883642899818022,0.0
0.5212248244898128,-0.2508411827305011,-0.13389485414654023,-0.6928322437851279,0.8206465561767238,-0.5910486819915937,-1.8475457073438748,-0.005304310991015497,-2.479016247731246,-7.90033098671483,-2.582869240085644,-7.880238742247229,0.0
0.5212202106425005,-0.25058245019588277,-0.13380435301700055,-0.693501572223976,0.8253130856632713,-0.6113945941851203,-1.8330262135158895,-0.005519090331315575,-2.4721906138109637,-7.895745819361067,-2.5762300193999605,-7.875599096731548,0.0
0.5212147837576825,-0.25032129700047423,-0.13367270169157774,-0.6940710519938844,0.8298061128000097,-0.6320362480437398,-1.8180478716391593,-0.0057338798494557626,-2.4655925911135803,-7.889957620173561,-2.569863908428689,-7.869759468757553,0.0
0.521208455308825,-0.25005862579870614,-0.13350083848664254,-0.6945423014333404,0.8340834064311088,-0.6528948318255348,-1.8026482290244186,-0.00594857412571081,-2.459238504139355,-7.883000342362515,-2.563791911215582,-7.8627538690620105,0.0
0.5212011444719107,-0.2497952063494863,-0.13328992330186873,-0.6949169442075103,0.8381111207616105,-0.6738991638754277,-1.7868635641017159,-0.006162718245350322,-2.4531393453741024,-7.874913280670674,-2.558029285622253,-7.854621637898987,0.0
0.5211927643428617,-0.24953117941341765,-0.13304088078329906,-0.695196618334926,0.8418780092434519,-0.6950304203080483,-1.77070131779803,-0.006376019923763007,-2.4472897414333517,-7.865724117047904,-2.552575164882687,-7.845390426529157,0.0
0.5211832419051674,-0.2492669860180971,-0.13275495855491115,-0.6953829971873283,0.8453666473445179,-0.7162463331731427,-1.7541873031361328,-0.006588385633993543,-2.4416907862137527,-7.855472133360611,-2.547434458953898,-7.835099520648849,0.0
0.5211725076838085,-0.24900314742082055,-0.13243325800126265,-0.6954777410740163,0.8485437790694725,-0.7374855481540796,-1.7373475786196704,-0.006799196199959257,-2.4363470985201516,-7.844193019395655,-2.542615445021231,-7.823784641098087,0.0
0.5211604891707081,-0.24873979861062667,-0.1320767647097926,-0.6954825529688716,0.8513949222504839,-0.758725932314154,-1.7201916204291512,-0.0070085165911432335,-2.4312530494406603,-7.831916163304184,-2.538116253027603,-7.8114751491979755,0.0
0.5211471288736566,-0.24847727890770435,-0.1316868044329491,-0.695399132172688,0.8539040351267317,-0.7799291129327837,-1.7027407658536278,-0.007215920052527134,-2.4264066212331676,-7.818682307113623,-2.533937863616917,-7.798211783663425,0.0
0.5211323694620774,-0.24821578703554947,-0.1312645643534507,-0.6952291847465646,0.8560574018176484,-0.8010679963758347,-1.6850073350212376,-0.007420972805612642,-2.4218028485935377,-7.804527126253194,-2.5300782848184573,-7.784030199997505,0.0
0.5211161657979232,-0.24795572516915634,-0.1308113875136911,-0.6949744652715973,0.8578326124139751,-0.8220947915721885,-1.6670185984124684,-0.007623766301150044,-2.417441706442946,-7.789492342214593,-2.5265398606806055,-7.7689721321379075,0.0
0.5210984645985351,-0.24769711005072,-0.13032833594942322,-0.6946366845708281,0.859221679758806,-0.8429995519487204,-1.6487744039888745,-0.007823690818141014,-2.4133140979762673,-7.773608634005849,-2.5233162288915474,-7.753068211670312,0.0
0.5210792244610424,-0.2474401790392053,-0.12981662140472297,-0.6942176009526542,0.8602070748491458,-0.8637501140928378,-1.6302903598228315,-0.008020686490626,-2.4094163974954936,-7.756912681600871,-2.520405914051964,-7.736355107201642,0.0
0.5210584150122357,-0.2471852013965773,-0.1292776302300879,-0.6937189769340936,0.8607752656984949,-0.8843140808905484,-1.6115852532750599,-0.008214513864155365,-2.405744828351553,-7.739446432045803,-2.517806714007493,-7.718874754471506,0.0
0.5210359983078486,-0.24693226072301294,-0.12871243332466617,-0.6931425698551315,0.8609135044515233,-0.9046744696706852,-1.5926632407255157,-0.008404938248481411,-2.402292548393168,-7.7212413357609515,-2.5155137317734346,-7.700658567976666,0.0
0.5210119524017229,-0.246681489542382,-0.12812243400816747,-0.6924901424187,0.8606208728215871,-0.9248200684014818,-1.5735334793804143,-0.008591547219422924,-2.3990519594852935,-7.70233878204697,-2.5135204706839334,-7.681747892666498,0.0
0.5209862597098712,-0.24643324916680903,-0.12750885598566353,-0.6917634862831287,0.8598661199309915,-0.9446960926059469,-1.5542205535807367,-0.008774316764827894,-2.3960235156281455,-7.682776743898175,-2.511828328824083,-7.662180727550952,0.0
0.5209589002183072,-0.24618749647335325,-0.12687294385454445,-0.6909643655574943,0.8586575737883573,-0.9643137823545065,-1.5347203369030693,-0.008952834234626582,-2.393195876415354,-7.6625907026223326,-2.510426929753394,-7.641992472962918,0.0
0.5209298716744638,-0.24594453422418083,-0.12621608700565728,-0.6900945733653654,0.8569769690584842,-0.9836326703062596,-1.5150550241081155,-0.009126905503466072,-2.3905669365613984,-7.641822949896681,-2.5093142900381578,-7.621225424823745,0.0
0.5209009533070943,-0.24571841838483371,-0.12557654634349796,-0.6891577056050422,0.8548057555615914,-1.002660633957357,-1.4952000532530807,-0.009296792521600972,-2.3882882446220437,-7.621681283315451,-2.5085513370322685,-7.601089653995427,0.0
0.5208685080677654,-0.2454807419707702,-0.12487956400335834,-0.688151881160359,0.8521458939223674,-1.0213278809518633,-1.4752242600186845,-0.009461546978640175,-2.3860322849067694,-7.599798213642613,-2.5079965496355863,-7.579213773619375,0.0
0.5208343612137396,-0.245246079349829,-0.12416473351053153,-0.6870807339537213,0.8489829824545572,-1.0396340486581803,-1.4551153084675355,-0.009621421383049077,-2.3839567125756864,-7.577424206412897,-2.5077138813793534,-7.556849845243794,0.0
0.520798507326485,-0.2450143978756991,-0.12343307998147976,-0.6859460285326335,0.8453168518545379,-1.0575820418127446,-1.4348691359784973,-0.009776079409653443,-2.382052571068237,-7.554588512492077,-2.5076945922107354,-7.534027053337777,0.0
0.5207609632477634,-0.24478592623719778,-0.12268590038633156,-0.6847495578656422,0.841132900693265,-1.0751353943583237,-1.414507520437627,-0.009925347958996125,-2.3803168442395273,-7.53133019659718,-2.5079347869982023,-7.510784462948961,0.0
0.5207217403436043,-0.2445607094175417,-0.12192434901020084,-0.6834931032633793,0.836430660438778,-1.0922884662972363,-1.3940355457923168,-0.010069060405873746,-2.3787422288736124,-7.507682819547685,-2.5084265169888917,-7.487155582786286,0.0
0.5206808562984621,-0.24433894295578606,-0.12114952342544058,-0.6821784454189715,0.831188451452074,-1.1089982906420974,-1.373474411016808,-0.010207057572059345,-2.377326320911711,-7.4836794534419795,-2.5091664663089044,-7.463173496447701,0.0
0.5206383293718576,-0.2441206127412114,-0.12036256518142907,-0.6808073579321855,0.82541385988696,-1.125271846595289,-1.3528246339303795,-0.010339187345086664,-2.3760604046885976,-7.459352844616375,-2.510144891568615,-7.43887087588431,0.0
0.5205941832507714,-0.24390582136860492,-0.11956456335607132,-0.679381625665215,0.8190979046693124,-1.1410868698693957,-1.3321004801754341,-0.010465478945095884,-2.374939640739341,-7.4347351156642425,-2.5113556922462386,-7.414279819342349,0.0
0.5205484555251826,-0.24369474305375563,-0.11875674332598805,-0.6779029962770151,0.812228335726941,-1.156406188819588,-1.3113246372817668,-0.010585447020218894,-2.3739605321471084,-7.409862850931682,-2.512793410713547,-7.38943691304911,0.0
0.5205011659000294,-0.2434872833659136,-0.11794004719238986,-0.6763732311865871,0.8048160173900316,-1.171248215854965,-1.29049053710857,-0.010699136093496705,-2.3731136474518797,-7.384762450199314,-2.5144474911726773,-7.364368461252575,0.0
0.5204523597646719,-0.24328365781664663,-0.11711564225223874,-0.6747940814206272,0.796840577891219,-1.1855593737018377,-1.2696304026531668,-0.010806284440987579,-2.3723973100542666,-7.359469136257167,-2.5163139181891645,-7.339109717710073,0.0
0.5204026038771657,-0.24308370874282773,-0.11628448521256358,-0.6731678463218431,0.7883275798971711,-1.19938115606604,-1.248730081284207,-0.010907121027540052,-2.3718073957081147,-7.334002199939598,-2.5183729514534963,-7.313693947928982,0.0
0.5203514011895053,-0.24288769017805595,-0.11544782854522749,-0.6714956971034182,0.7792548863794183,-1.2126485379550969,-1.2278304070200607,-0.011001182694307322,-2.3713357601611196,-7.308406884484344,-2.520627882024274,-7.288151879319964,0.0
0.5202987743120749,-0.24269552701858846,-0.1146063649404393,-0.669779352547219,0.7696192180226149,-1.225358573729749,-1.2069319368195706,-0.011088523289041708,-2.3709755246433413,-7.282702565974338,-2.5230705676369336,-7.262502804971402,0.0
0.5202447877565787,-0.24250732160633823,-0.11376137444114048,-0.6680205334420016,0.7594266444873908,-1.2374926971809534,-1.1860582290184034,-0.011168903645781183,-2.3707214121401803,-7.256926874674487,-2.525692291667203,-7.236784283728544,0.0
0.5201894787416309,-0.24232312281493157,-0.11291362370302216,-0.666220947131844,0.7486591757628402,-1.2490100211391784,-1.1652330710631325,-0.011242390511236162,-2.3705698950009695,-7.2311022721038265,-2.5284875120976857,-7.211018705947147,0.0
0.5201328978874971,-0.24214284463250219,-0.11206409056992808,-0.6643822744957788,0.7373372467023316,-1.259932289487101,-1.1444541766024645,-0.01130877638441849,-2.370512275624239,-7.205256242976472,-2.5314448008726678,-7.185233468797781,0.0
0.5201352177042814,-0.24191664459591272,-0.11121540312456503,-0.6625663075592458,0.725883292689768,-1.2697641078291406,-1.124638506620459,-0.011373759392518982,-2.370667843726409,-7.179076270543037,-2.5315398095472044,-7.159114055791979,0.0
0.5201375964571344,-0.24169314254838498,-0.11036659856036156,-0.6607158398108638,0.7139017966335367,-1.279000743429582,-1.104896842835026,-0.01143173731449277,-2.370902552046556,-7.152913222310966,-2.5317124198981356,-7.133013105529124,0.0
0.5201400313089692,-0.2414724065010404,-0.1095187032087579,-0.6588324538103364,0.7014053026624771,-1.287640266031121,-1.0852426878397856,-0.011482523882546246,-2.371210305349433,-7.126797153908085,-2.531956610753113,-7.106960599574142,0.0
0.5201425195011565,-0.24125451456636376,-0.10867253401417873,-0.6569177415861422,0.6883887491927104,-1.2956534544520555,-1.0657009922469085,-0.01152619395238642,-2.3715869342603564,-7.100752182787845,-2.532268284752201,-7.080980583365737,0.0
0.5201450580625644,-0.24103944887969442,-0.10782895513300982,-0.6549732378659638,0.6748702767587467,-1.3030557837247854,-1.046272360799358,-0.011562427900418875,-2.3720251408147424,-7.07480303655774,-2.5326402214929917,-7.055097706949228,0.0
0.520147648641219,-0.2408368324745227,-0.10701644698757946,-0.6530005208679689,0.660818104344735,-1.30980255266585,-1.02697159217823,-0.011591466365435829,-2.3725791394387894,-7.049843091248829,-2.53312659237953,-7.0302053893778265,0.0
0.5201502884337668,-0.24063746899012628,-0.10620905914361488,-0.6510011069369257,0.6462584698006828,-1.3158940597441497,-1.007823660375093,-0.011612881470877363,-2.373187213731979,-7.025055006055785,-2.5336657541935783,-7.0054862166639245,0.0
0.5201529702944632,-0.24044143535499002,-0.10540780641183567,-0.6489764878980949,0.6312061116268533,-1.3213186936226726,-0.988853732858118,-0.011626781503595567,-2.373843559870998,-7.000468631584759,-2.5342520896533647,-6.980969852872131,0.0
0.5201556912337092,-0.24024870184233074,-0.10461327486323777,-0.6469281845797388,0.6156594478974926,-1.3260566157447582,-0.9700819473924732,-0.01163341616525061,-2.3745427105810117,-6.976100613384249,-2.534880209528324,-6.956672865506675,0.0
0.5201584483953928,-0.2400592930705174,-0.1038262953808886,-0.6448576455884771,0.5996272497425829,-1.3300894718993819,-0.9515334843170352,-0.011632534874269216,-2.3752788512910517,-6.951975053325934,-2.535544373807044,-6.93261928187968,0.0
0.5201612387983917,-0.23987317734383043,-0.10304753084353173,-0.6427663535174006,0.5831189771156835,-1.3334095186013188,-0.9332273191624609,-0.011624378096215082,-2.3760458593109,-6.928110788386078,-2.536238537622291,-6.9088278611444265,0.0
0.5201640593989636,-0.2396902824840829,-0.10227751423867844,-0.6406557192226912,0.5661363387492019,-1.3359991666288697,-0.9151808090494594,-0.011608716529985682,-2.37683746200461,-6.90452260845257,-2.5369565077958085,-6.885313313731111,0.0
0.5201669073537978,-0.23951062172953647,-0.1015171017797551,-0.6385271731858049,0.5487002000536007,-1.3378551450460534,-0.8974188764604072,-0.011585675516340646,-2.377647321115788,-6.881235254344439,-2.5376920202965785,-6.862100306233388,0.0
0.5201697795374733,-0.23933405893637763,-0.10076665571879324,-0.6363820996338524,0.5308121662956438,-1.3389680585348034,-0.879951451923793,-0.011555156937298638,-2.378468658084916,-6.858258112364952,-2.5384383781550173,-6.83919814336459,0.0
0.5201726729967541,-0.2391606017969433,-0.10002696986793877,-0.6342218921710995,0.5124844245881665,-1.3393128752783066,-0.862816777664851,-0.011517323534308848,-2.379295461400188,-6.83561408869388,-2.539189646954329,-6.816629654209478,0.0
0.5201755846960257,-0.2389901165102714,-0.09929847505264039,-0.6320478955996028,0.4937285890103638,-1.3388922944736001,-0.8460227050121193,-0.011472093743011755,-2.3801204862463865,-6.813314557103119,-2.5399386611248054,-6.79440613329444,0.0
0.5201793440308022,-0.23882183804074295,-0.09858185417729343,-0.6298622920962833,0.47455441018704203,-1.3376780738336418,-0.8296080035912771,-0.01141960992417357,-2.3809381314865874,-6.791373224343859,-2.540636404123849,-6.772541175141308,0.0
0.520183535700011,-0.23865596756468854,-0.09787746317677647,-0.6276659862040153,0.45496961485556786,-1.3356646580002458,-0.8135858816477326,-0.011359916605779674,-2.381740574926045,-6.769801919748575,-2.5412966706614553,-6.7510465428997035,0.0
0.5201881571818348,-0.23849239940208392,-0.09718587623032304,-0.6254602627719879,0.4349999166072199,-1.332868810610164,-0.7979643520833904,-0.011292970653602344,-2.3825202633934803,-6.748616352070057,-2.5419119666365884,-6.72993787272726,0.0
0.5201932459221004,-0.23833096127489534,-0.09650753031737071,-0.6232464360707126,0.41464399960803056,-1.3292486059924087,-0.7827838251305235,-0.011218820835425717,-2.3832698537880224,-6.727827777221845,-2.5424729037617295,-6.709226330417197,0.0
0.5201987967875216,-0.23817149272165541,-0.09584283289530988,-0.6210257595452123,0.39392538272193606,-1.3248278064548413,-0.7680441125011915,-0.011137548966693214,-2.383981452231703,-6.707446686211331,-2.5429717841273742,-6.688922334933795,0.0
0.5202019364853632,-0.2380113164578699,-0.09519240535350096,-0.6187965943435302,0.37285410757256904,-1.3195665726162684,-0.7537949285028864,-0.01104921524473567,-2.3844982610769176,-6.687470029236602,-2.5434018493705493,-6.669022859633807,0.0
0.5202051019463936,-0.23785229341707897,-0.0945563895210972,-0.6165626053177893,0.3514400888864011,-1.3134764718791572,-0.7400356405410109,-0.010954010355044038,-2.3849363964121113,-6.667916491345915,-2.543751810083984,-6.649546417507793,0.0
0.5202082908420633,-0.23769421428526033,-0.09393521561959266,-0.6143249694570359,0.32970083568390196,-1.306555364453896,-0.7267848468016286,-0.010851915383996233,-2.3852864670297285,-6.648796839469618,-2.5440123193986266,-6.6305036982498065,0.0
0.5202115009152481,-0.2375367791070037,-0.09332909459826463,-0.6120848532247568,0.30764186454028325,-1.2987931933808983,-0.7140579237321296,-0.010743006504829284,-2.385538193495045,-6.630114836189146,-2.54417313246406,-6.611898381179945,0.0
0.5202147301385851,-0.23737968301474457,-0.09273831584218253,-0.6098433920621694,0.2852707738048034,-1.2901735558498417,-0.7018779576317382,-0.010627299047338376,-2.3856805499038622,-6.611876460100351,-2.5442232447455395,-6.5937363604138275,0.0
0.5202179760919498,-0.2372226921130346,-0.09216330392229555,-0.6076017328551476,0.2626097216808261,-1.2807001094371047,-0.6902652261530431,-0.010505064884991332,-2.3857034794780216,-6.594092122837907,-2.544152651462607,-6.576027973227855,0.0
0.5202212366572648,-0.23706538956231157,-0.09160412176532479,-0.6053609543775974,0.2396557147851054,-1.2703531563549848,-0.6792345394806169,-0.010376238838540367,-2.385594506127528,-6.576760424913035,-2.543948898510299,-6.558771731532354,0.0
0.520224509080473,-0.23690749255339247,-0.09106105676424893,-0.6031221461503617,0.2164285584760729,-1.2591467426057525,-0.6687924490323686,-0.010241008246795944,-2.385343226983325,-6.559887452477265,-2.5436016576676175,-6.541973652336137,0.0
0.5202277916373571,-0.23674855766043384,-0.09053429613751877,-0.6008863670451152,0.1929291408160063,-1.247049856290391,-0.6589709406577137,-0.010099497535634338,-2.384935444642594,-6.543475171985973,-2.5430967290174618,-6.525635609558003,0.0
0.5202310817753791,-0.23658822954011144,-0.09002407550482633,-0.5986546512073345,0.169173423323848,-1.2340682813717345,-0.6497801424717016,-0.009951822795744128,-2.384359083085394,-6.527527617789796,-2.542422097689603,-6.509761565428946,0.0
0.5202343771823208,-0.23642603116009303,-0.08953045422437408,-0.5964279975930694,0.1451628664894941,-1.2201914691439943,-0.6412308853558778,-0.009798014257934902,-2.383599956405294,-6.512042815324662,-2.5415636166691993,-6.494349463554355,0.0
0.5202376759279796,-0.236261429731373,-0.08905354681503953,-0.5942074089182213,0.12089802770050331,-1.205393861200943,-0.6333503685759448,-0.009638290481089995,-2.382641860673883,-6.497019944413155,-2.540505092191051,-6.47939839314314,0.0
0.5202409754435137,-0.23609398043365387,-0.08859351927744406,-0.5919938407600338,0.09639262887287907,-1.1896820644488386,-0.6261446783791106,-0.009472705076292212,-2.3814706904164864,-6.482460339830965,-2.5392324838244313,-6.464909619894343,0.0
0.5202442735962144,-0.2359230639535507,-0.0881503661131911,-0.5897882470057236,0.0716424233531302,-1.1730352871913843,-0.6196311568726344,-0.009301456525248735,-2.380068685508938,-6.468359056888853,-2.537728054867659,-6.45087811119138,0.0
0.520247568063274,-0.23574815391608603,-0.08772427589407857,-0.5875915400486219,0.046661291652145415,-1.1554517855235333,-0.6138245508101962,-0.009124620905272867,-2.378419229058453,-6.454717444349887,-2.5359752376810407,-6.4373051437753945,0.0
0.5202508811849457,-0.23556947256612182,-0.08732517285145071,-0.5854046541983885,0.02143210914956227,-1.1368918073587253,-0.6087484383482137,-0.008942409571322772,-2.3764519589350273,-6.441822481350379,-2.533902311538562,-6.424477504583061,0.0
0.5202541842749413,-0.23538504080082545,-0.08694127769710483,-0.5832284178068432,-0.004034188977488463,-1.117358240400474,-0.6044087086986358,-0.008754822621672442,-2.374201166240165,-6.4293202783307395,-2.5315450705236016,-6.412041309310466,0.0
0.5202574753609532,-0.23519409030312083,-0.08657266921699515,-0.5810637070709667,-0.029737103629977772,-1.0968297262356042,-0.6008293117471273,-0.008562152891866038,-2.3716441540346525,-6.417207148679347,-2.528880836312767,-6.399992786986585,0.0
0.5202607526036928,-0.23499566371666675,-0.08621930320833622,-0.5789113440421422,-0.055689964395481614,-1.075268555342385,-0.5980336134849961,-0.008364485522796148,-2.3687537633831397,-6.405474403955257,-2.5258824484563305,-6.388323151625865,0.0
0.5202640138777871,-0.2347888223001927,-0.08588119243884498,-0.576772145965929,-0.0818982400862365,-1.0526558217233837,-0.5960358533942894,-0.008162024641200498,-2.3655029117338766,-6.394115131647681,-2.52252285074018,-6.37702540608833,0.0
0.5202672571040472,-0.23457255893572201,-0.08555839931070362,-0.5746468825374046,-0.10836353257029835,-1.0289730182095258,-0.5948510972726384,-0.007954817935456182,-2.3618621651719427,-6.383123311524932,-2.518772634452691,-6.3660934467900265,0.0
0.5202704804506098,-0.2343455696760412,-0.08525083408085443,-0.5725363282691108,-0.13510507643815572,-1.0041749964640962,-0.5945062241006802,-0.0077430855356235544,-2.3577947671263346,-6.37248624900207,-2.5145950300201063,-6.355514470500715,0.0
0.520273682072666,-0.2341065096681034,-0.08495855149291776,-0.5704412244520343,-0.16212710530360477,-0.9782254711653052,-0.5950331050034963,-0.007526980127386692,-2.3532616552800243,-6.36219507943285,-2.5099509682846466,-6.3452795094149685,0.0
0.5202768600484123,-0.23385370859420984,-0.08468139955611338,-0.5683622941387242,-0.18945755873101414,-0.9510738071676273,-0.5964547431355347,-0.007306682278623758,-2.348216035324727,-6.352232468166495,-2.5047936346072612,-6.3353711082128585,0.0
0.5202800124215523,-0.23358545268393718,-0.08441940977106986,-0.566300232979673,-0.21710356510978215,-0.9226840957882617,-0.5987995790939522,-0.007082339807815008,-2.342608427416354,-6.342586009685766,-2.499073539580202,-6.325776749674226,0.0
0.5202831375655295,-0.2332993596864176,-0.08417239165631263,-0.5642557174626518,-0.24510533025677428,-0.89296787187541,-0.6021158566801875,-0.006854119750713908,-2.3363719121015354,-6.333231733226096,-2.4927236821188923,-6.316472296479927,0.0
0.5202862334008287,-0.23299312775990966,-0.08394035586966204,-0.5622293968584254,-0.2734741158997546,-0.861885983197608,-0.6064308051973957,-0.0066221615707409195,-2.3294402813770736,-6.324152057402358,-2.485677831745774,-6.307440036197892,0.0
0.5202892982484895,-0.23266355023208926,-0.0837231324323515,-0.5602219095371743,-0.30225258507704406,-0.8293357300324081,-0.611805104753308,-0.006386666773554617,-2.3217227843254706,-6.315317188508054,-2.4778451223228273,-6.298649972241688,0.0
0.5202923299412079,-0.2323072992209946,-0.08352066556544893,-0.5582338604499933,-0.3314645565077313,-0.7952608527182027,-0.6182703746197893,-0.006147772943266531,-2.3131242697872105,-6.306699655670584,-2.469130340277444,-6.290074458169554,0.0
0.5202953269072296,-0.231919531083919,-0.08333275038993905,-0.5562658467487168,-0.36116939800153947,-0.7595055961567458,-0.6259239849518479,-0.005905694614045934,-2.3035072730605743,-6.298255940615106,-2.459395807200388,-6.281669679936999,0.0
0.5202982836336093,-0.23150130500488306,-0.08323161706178418,-0.5543184316846571,-0.3914132894119116,-0.7219973988469885,-0.6347921433663704,-0.005660596689358808,-2.2923385597822756,-6.292069612269691,-2.448108726900162,-6.275519356810117,0.0
0.5203012016840026,-0.23103921343646508,-0.08314372910854663,-0.5523921615969593,-0.42224163102542533,-0.6825697149964726,-0.6449953611966532,-0.005412630033705243,-2.2798069897977316,-6.285923588135136,-2.435457060979267,-6.26940558968606,0.0
0.5203040807231657,-0.2305207167357595,-0.08300715376068551,-0.5504875624974733,-0.4537024045113753,-0.6410611513477599,-0.6566467050185678,-0.005161960318936735,-2.266035616113865,-6.277940802422925,-2.421563381833784,-6.26145081466222,0.0
0.5203069155429367,-0.22993915145566513,-0.0828854674765029,-0.5486051430998719,-0.48587496857497375,-0.5973047864821619,-0.6698349026174677,-0.004908802366264757,-2.25033714122736,-6.26989625603464,-2.4057401890280716,-6.253429557786983,0.0
0.5203097031094348,-0.22927979915592592,-0.08277854251694243,-0.5467453750043701,-0.5188244757095067,-0.5510830596464501,-0.6847102242032875,-0.004653267023913343,-2.2322899392120705,-6.2616718393378505,-2.3875652941424463,-6.245222988533862,0.0
0.5203124394300045,-0.2285240413212984,-0.08268619569909308,-0.5449087318772792,-0.5525922120990716,-0.5022421129601695,-0.7013873967943679,-0.0043955968121620935,-2.2113607913388935,-6.253117492200146,-2.366504843451204,-6.236680203315202,0.0
0.5203201680032404,-0.2276443992541369,-0.08260832592975605,-0.5431007028027433,-0.5872402953809978,-0.4505007740750626,-0.7200856493578497,-0.0041359687253846615,-2.1868273563537683,-6.243950737410706,-2.34170366439594,-6.227649217331939,0.0
0.52032839507489,-0.22660697573687785,-0.08254475553673032,-0.5413172078041669,-0.6227156258856393,-0.39587308403725296,-0.740841561154366,-0.0038744956728955673,-2.1576589510912187,-6.233961493621625,-2.3122471712463177,-6.217801425396648,0.0
0.5203372467667781,-0.2253628178870967,-0.08249541647501547,-0.5395587857309204,-0.6588709764696342,-0.3384456486219673,-0.7637173035955138,-0.003611394988724633,-2.122452044678003,-6.22276530216106,-2.2767267866282834,-6.206753907223524,0.0
0.5203468525249014,-0.22385034067160892,-0.08246017126854871,-0.5378259509111544,-0.6952494073734367,-0.27894089378263276,-0.7884472259438448,-0.0033468385885527616,-2.0794407550275236,-6.209877228161466,-2.233371418884255,-6.1940232768176635,0.0
0.5203573414296363,-0.2219924232121485,-0.08243870254910925,-0.5361191978034182,-0.7309676131770578,-0.21891080279707287,-0.8143624815515593,-0.00308099883031813,-2.026414116080028,-6.194686361617359,-2.179964882335469,-6.179000143908949,0.0
0.5203687298087687,-0.2197192689915594,-0.08243011404122673,-0.5344388900332229,-0.7644285921040528,-0.16151257595311735,-0.8399030811048208,-0.0028140545396725066,-1.9613740233240333,-6.176622637131344,-2.1145082860959787,-6.161114509207823,0.0
0.5203807798401912,-0.21701263922983613,-0.08243246443985824,-0.5327851171845804,-0.7934725231283611,-0.11134385698376836,-0.8626312270388645,-0.0025461795654356965,-1.883806826051019,-6.155489923518808,-2.0364972756394675,-6.14016712089448,0.0
0.5203929522732009,-0.21394602498540774,-0.08244263909318429,-0.5311576455186443,-0.8164282006130361,-0.07240636287039895,-0.8802152603180878,-0.0022775317757667496,-1.7958377180749943,-6.131775554175455,-1.9480783866477247,-6.116638499669391,0.0
0.5204046087386685,-0.21066016730990111,-0.08245739670058862,-0.5295561299117306,-0.8332560770872153,-0.04550273079925676,-0.8918932921752462,-0.002008301426008965,-1.7015232104990647,-6.106488053781452,-1.8533335440567755,-6.0915292544574084,0.0
0.5204112922810618,-0.2072776301923094,-0.08247458340640441,-0.527976378168574,-0.84533515676951,-0.028300988268541178,-0.8986152183909916,-0.0017386573333432625,-1.6043407105505543,-6.080575902157113,-1.7558626075259673,-6.065677617516779,0.0
0.5204173732768448,-0.2038656108153092,-0.08249451015600788,-0.5264201837016051,-0.8542623422636101,-0.017692657451057574,-0.9018952902507306,-0.0014681991243546404,-1.5062742588656102,-6.054513698146394,-1.657538276138716,-6.039675025794109,0.0
0.52042281208994,-0.20045298570187678,-0.08251526870151679,-0.5248910774607475,-0.8612436737039411,-0.011228232448387478,-0.9029779623803178,-0.0011977627033692318,-1.4081675125464042,-6.028471787641101,-1.5592061411595015,-6.013691689923042,0.0
0.5204276040885708,-0.19705133743500347,-0.08253675135332725,-0.5233892635838792,-0.8670567684744531,-0.007294782486015246,-0.90269737612126,-0.0009275080677617115,-1.310354022937308,-6.002537327915871,-1.4611999879403914,-5.987814759358417,0.0
0.5204317548011886,-0.19366561722639164,-0.08255893436495008,-0.5219149384026207,-0.8721788442461708,-0.004895797705662187,-0.9015732363779195,-0.0006576049823666736,-1.2129764084853571,-5.976748178289834,-1.3636621387642949,-5.962082085898598,0.0
0.5204352748473269,-0.19029537202476404,-0.08258182842720375,-0.520468285579481,-0.8768896239397995,-0.0034261210272903114,-0.8999313587009798,-0.000388218726768268,-1.116021866470588,-5.951101050560358,-1.2665792294243607,-5.9364903743054915,0.0
0.5204381738631209,-0.18694424765379333,-0.08260544365810012,-0.5190494705503228,-0.8813591040344084,-0.002523444959573152,-0.897963697085185,-0.00011951037240317094,-1.0195953487324263,-5.925624599598472,-1.1700557023150626,-5.9110682731128685,0.0
0.5204404640285457,-0.18361021086104326,-0.08262979175898323,-0.51765864428333,-0.8856949213623198,-0.001966077566709905,-0.8957841175606381,0.0001483592882764334,-0.9236386784530817,-5.900303248552753,-1.074032738912637,-5.885800199686247,0.0
0.5204421569568507,-0.1802934288500038,-0.0826548802407805,-0.5162959399877813,-0.8899486364719205,-0.0016216798120221652,-0.8934741822244994,0.00041523335720399944,-0.8281569234097564,-5.87513845844836,-0.9785147955576523,-5.860687609948013,0.0
0.5204432650540463,-0.1769958744621324,-0.08268071968338883,-0.5149614760321787,-0.8941686943168569,-0.001408084663890936,-0.8910658793088091,0.0006809510331128351,-0.733207030431472,-5.850145857902041,-0.8835581668205211,-5.83574612798064,0.0
0.5204438005391773,-0.17371621438565704,-0.08270731135736849,-0.5136553532269661,-0.8983711632793832,-0.0012763003723369273,-0.8885938921955563,0.000945363667845301,-0.6387510142651773,-5.825315033115641,-0.7891242256237433,-5.810965336124277,0.0
0.5204437753586255,-0.17045343038070374,-0.08273465615469763,-0.5123776566901241,-0.9025704279407825,-0.0011952222057384646,-0.8860744042238682,0.0012083188632816973,-0.5447599378403614,-5.80063801773513,-0.6951834079093506,-5.786337264764331,0.0
0.5204432021963932,-0.16720790296171167,-0.08276274679401542,-0.5111284572091518,-0.9067717845759675,-0.0011456782756526485,-0.8835199072166751,0.0014696571254842567,-0.4512451379934081,-5.776117517643847,-0.6017463855636875,-5.761864617072522,0.0
0.5204420956084879,-0.16398163687397294,-0.08279159010642102,-0.5099078105148713,-0.9109867111111254,-0.0011167451817122892,-0.880932032073223,0.001729247556540595,-0.3582645601432768,-5.7517693092782425,-0.5088703418940349,-5.737563167350448,0.0
0.5204404674382578,-0.16077307156224294,-0.08282117567587574,-0.5087157561448287,-0.9152157913165159,-0.001100138257541882,-0.8783165477581737,0.001986929809282617,-0.265773767182577,-5.727580878518705,-0.4165102199310273,-5.713420399963956,0.0
0.5204383304676067,-0.15758187878961444,-0.08285149306952812,-0.5075523187425807,-0.9194597222551348,-0.0010916757510658886,-0.8756777170304204,0.002242568333873336,-0.17376375522519216,-5.70354932010016,-0.32465634749461414,-5.689433408703965,0.0
0.5204318856895881,-0.15440768228017018,-0.08288427113679045,-0.5064100291884449,-0.9237178715037813,-0.001087696050374802,-0.8730175764191689,0.002496847029495131,-0.08216082380818067,-5.679771085160728,-0.23333386606524187,-5.6655991384998305,0.0
0.5204245775136471,-0.151252497076319,-0.08291792309250724,-0.5052956450445825,-0.9279973724913098,-0.0010870247991621282,-0.8703315489924122,0.0027488821533763145,0.008919503965451978,-5.6561711333633875,-0.14256799794391328,-5.641932082642507,0.0
0.520416427264001,-0.1481144354463136,-0.08295240077503602,-0.5042091672059814,-0.9322885385425326,-0.001089015409323284,-0.8676307638239763,0.0029985488369254827,0.0995306598046464,-5.632733150856379,-0.05230447842019849,-5.618416207627347,0.0
0.5204074603261337,-0.1449932115676233,-0.08298769217536933,-0.5031505919571538,-0.9365964777984779,-0.0010922615191372744,-0.8649108120249374,0.003245703647770116,0.18968024777793177,-5.609454330302423,0.037465291986968186,-5.59504903609402,0.0
0.5203977089010936,-0.14189045532612787,-0.08302376968467254,-0.5021199028149738,-0.9409198586428564,-0.0010969475385824475,-0.8621738611919949,0.003490233580923976,0.2793205692118436,-5.586346315927828,0.12669488329972162,-5.571842624806908,0.0
0.5203871914815992,-0.13880397415938006,-0.08306060417725629,-0.5011170607239442,-0.9452585961269154,-0.001102294798637578,-0.8594205915931741,0.0037320103402962664,0.3685140214228622,-5.563390991306875,0.21544741434842624,-5.548779101340982,0.0
0.5203759396891317,-0.13573515056265398,-0.083098150290129,-0.5001420331339828,-0.949609511410776,-0.0011078958456576331,-0.8566531468688706,0.003970882808347887,0.4572198883928266,-5.540597573260361,0.3036834164687416,-5.525868086137391,0.0
0.5203639769801175,-0.13268324296908784,-0.08313638928735884,-0.4991947548991106,-0.9539751921502365,-0.0011139305058779606,-0.8538700607229562,0.0042067542396429574,0.545458857821133,-5.517959534605417,0.39142449858170364,-5.503103355464001,0.0
0.520366225603865,-0.12964614616653972,-0.08317525067505312,-0.49829004900000085,-0.9583466641520045,-0.0011207081950679178,-0.8510807973669172,0.004439523963946649,0.6330959779998169,-5.495263710198914,0.4789254672145393,-5.480661084432689,0.0
0.5203684863354678,-0.1266261446962425,-0.08321475981518786,-0.4974136213419108,-0.9627296255579635,-0.0011271746071202236,-0.8482782940563764,0.004669026675574102,0.7202512194289472,-5.472715475086773,0.5659361063631905,-5.458375485587869,0.0
0.5203707589708623,-0.12362229633524831,-0.08325489648703621,-0.4965653416674981,-0.9671256856125628,-0.0011340339100349597,-0.8454624609238575,0.004895199871891382,0.8069513586234337,-5.450307043009706,0.6524834698098139,-5.436238484748734,0.0
0.5203730432822582,-0.12063477043174964,-0.0832868412849651,-0.49574509182495824,-0.9714898780828014,-0.00122682483912256,-0.8425905916187706,0.005117885475443847,0.8931225584136896,-5.427786519883536,0.7384941041838083,-5.413997792139077,0.0
0.5203753380831359,-0.11766396800195175,-0.08331905450296977,-0.4949527170592173,-0.9758783741843297,-0.0012943380399554369,-0.8397199491627519,0.005337031868388474,0.9788191221540666,-5.405400308444265,0.8240226181247399,-5.391899443260862,0.0
0.5203776430228848,-0.11470914849833867,-0.08335150371341649,-0.49418807061747294,-0.9802837430128467,-0.001344408115078383,-0.8368492058703564,0.00555251574344291,1.0640619395266682,-5.383141845176309,0.9090901723368227,-5.3699365852708425,0.0
0.5203799571879935,-0.11177099237220657,-0.08338417727984465,-0.4934509972141011,-0.9847085720891181,-0.0013819096190286699,-0.833969734044598,0.0057642074705362275,1.148831182770933,-5.361016309671903,0.9936773088888253,-5.348113980237003,0.0
0.5203822803815865,-0.10884821410064274,-0.08341704002904324,-0.4927413116792833,-0.9891444941479175,-0.0014115874799008078,-0.8310871379761807,0.005972064633420033,1.2331634039827106,-5.339012780800165,1.0778208013312824,-5.326420475294815,0.0
0.5203846118718322,-0.10594085033546108,-0.08345006319426972,-0.4920588406278875,-0.9935915276938172,-0.001435272471126861,-0.8281981637166426,0.006175957597513607,1.3170571698738889,-5.317130891073848,1.161519527252794,-5.304855353870987,0.0
0.5203869510246383,-0.10304861926275734,-0.0834832187000702,-0.49140338991937066,-0.9980482944751317,-0.0014548344120457583,-0.8253025973507819,0.006375805226599739,1.4005202167471673,-5.295367793202081,1.2447815066798449,-5.28341545184459,0.0
0.5203892964421745,-0.10017281470349304,-0.08351649125485425,-0.49077475155002115,-1.0025174492250473,-0.0014717065839353711,-0.8223971351975295,0.0065715457628917374,1.483515044840257,-5.273733376351975,1.327569647984583,-5.26211017726683,0.0
0.5203916469376657,-0.09731263702238453,-0.08354991694977104,-0.49017271727942213,-1.0070613672634345,-0.0013432855757210215,-0.8195615541822648,0.006763085224820319,1.5660648047047818,-5.252222578009729,1.4099073152541681,-5.240934192126224,0.0
0.5203940025902849,-0.09446798326229724,-0.0835833544578306,-0.48959707572063044,-1.0115941853753823,-0.001254900390878895,-0.8166954619648993,0.006950316942558506,1.6481711955130314,-5.230830687339018,1.4917965208650954,-5.219882476515897,0.0
0.5203963631510449,-0.09163754103410265,-0.08361678003220853,-0.48904759743084547,-1.0161210326492534,-0.00119434696597864,-0.8138062288373094,0.00713317437668068,1.7298716531013292,-5.209546881095917,1.5732748769979261,-5.198944017847941,0.0
0.5203987273414546,-0.08882194633673919,-0.0836501679104102,-0.48852403949618134,-1.0206448519175528,-0.001153682857120811,-0.8108996111155258,0.007311610266930051,1.8111475328227558,-5.188375579102573,1.6543240765949179,-5.178122831604635,0.0
0.5204010943808429,-0.08602089929235378,-0.08368348986652299,-0.4880261550096329,-1.0251679097853534,-0.0011270730343984055,-0.807979473448211,0.00748556735800778,1.8920071048203608,-5.167313776468415,1.7349526415360288,-5.1574156203992425,0.0
0.5204034626649916,-0.0832354937500959,-0.08371671376249197,-0.48755370731531744,-1.029693746041564,-0.0011097982889075738,-0.8050451077780734,0.007654919232499931,1.9724185000783463,-5.146369307080488,1.8151290781531706,-5.13682975901403,0.0
0.5204058327197657,-0.08046318600601324,-0.08374980978476274,-0.4871064259913985,-1.0342220325603186,-0.0010993374764841778,-0.8021008191756462,0.007819652924168185,2.052454556865376,-5.125521482254033,1.8949262619994578,-5.116344548935472,0.0
0.5204082029276136,-0.07770500767985132,-0.0837827341304549,-0.48668403632759316,-1.0387486625937832,-0.001094347906171624,-0.7991528747279709,0.007979739831798427,2.1320851131240888,-5.104777305931496,1.9743143866974542,-5.0959665539728665,0.0
0.5204105714550014,-0.07496236910265068,-0.0838154768220347,-0.4862862879747141,-1.0432849256601346,-0.0010920700757737394,-0.7961900735199707,0.008135034303168028,2.2112693659949896,-5.084147734982573,2.053253050463924,-5.075706234189884,0.0
0.5204129390913939,-0.07223236293114838,-0.08384798241369999,-0.48591287994648,-1.047820478572848,-0.0010926234300898089,-0.7932251306540385,0.008285572230883142,2.2900904349898386,-5.06360846986882,2.1318253454972105,-5.055539358579868,0.0
0.5204153038825623,-0.06951650133829161,-0.08388022968775002,-0.48556353310836686,-1.0523605245331733,-0.0010948755059164515,-0.7902530528554201,0.008431274964270779,2.368504504918563,-5.043170940048089,2.2099878544456764,-5.0354768567309245,0.0
0.5204176659927611,-0.06681300430522055,-0.08391217181437052,-0.4852379607321112,-1.0569015443482326,-0.0010980551146597887,-0.7872776368071102,0.00857208132844324,2.4465623234659923,-5.022819947366406,2.2877913914849195,-5.015503472574121,0.0
0.5204200228732653,-0.06412412913170061,-0.08394378975995964,-0.48493585751872703,-1.0614470957639004,-0.001102247997854923,-0.7842958089596859,0.008707971745409559,2.524198646884611,-5.002572844400465,2.36517118113619,-4.9956359573471145,0.0
0.5204223751209244,-0.06144756516188195,-0.08397505069113412,-0.4846569204763078,-1.0659971334270013,-0.0011068407173121058,-0.7813082684484149,0.008838911410694893,2.601479610955838,-4.982410654664711,2.442193362201521,-4.975855362705565,0.0
0.5204247206869326,-0.05878470752749286,-0.0840059073349253,-0.4844008511968814,-1.0705487066318895,-0.001111580241550344,-0.7783170249319407,0.008964823054450895,2.6783645740737096,-4.962343134336701,2.518817663214777,-4.956170967717969,0.0
0.5204270597005336,-0.05613396074105006,-0.08403633169656428,-0.4841673165267274,-1.0750999502326586,-0.0011169275035724652,-0.7753254406900395,0.009085749604443336,2.754899131688732,-4.942357063340845,2.59508973993117,-4.9365694987519095,0.0
0.5204293907435044,-0.053495923950327415,-0.08406630004354777,-0.4839560161964664,-1.079656627893822,-0.0011218579700582713,-0.7723268876906292,0.009201594285299711,2.831065740426313,-4.922456608166223,2.6709923329756147,-4.917054764250791,0.0
0.5204317116709849,-0.050869731156009526,-0.08410178331623205,-0.4837666120593904,-1.0841905742616176,-0.0011800077361158797,-0.7692971667438184,0.009312381867986186,2.906935814239083,-4.902806662393355,2.746596904005013,-4.897791498106597,0.0
0.5204340217943852,-0.04825706759086992,-0.08413669135382135,-0.48359878152993657,-1.0887312649923824,-0.0012250468607919107,-0.7662726126930185,0.009418073253671493,2.982413215732539,-4.883245616134465,2.821807773125304,-4.878617596979458,0.0
0.5204363223120159,-0.045655167336889235,-0.08417100674852061,-0.48345219566709585,-1.0932810034507718,-0.0012599689268875303,-0.7632478360369275,0.009518648544304684,3.0575773261938566,-4.8637513280193065,2.8967042375727847,-4.859511066114427,0.0
0.5204386108417116,-0.04306572277620361,-0.08420465678522546,-0.4833265149927854,-1.0978304274134087,-0.001288075051898438,-0.7602290545593371,0.009614100793481366,3.1323787623721744,-4.844335150735331,2.9712372881990894,-4.84048275972237,0.0
0.520440887496564,-0.04048744404485468,-0.08423764521067087,-0.4832213975356624,-1.1023862968606069,-0.001310785214139555,-0.7572083971766306,0.009704432220658234,3.2068545847226755,-4.824987160855976,3.045444047528162,-4.8215226982125285,0.0
0.5204431504428945,-0.03792130620010237,-0.0842699016512506,-0.48313651697196774,-1.106941459914985,-0.001329370326187935,-0.7541901432194458,0.009789574209635119,3.280976081937863,-4.805713128721743,3.1192960939469976,-4.802636266493583,0.0
0.5204454001439862,-0.03536563104126152,-0.08430143033507288,-0.4830714991348234,-1.1115009046767566,-0.0013453651886062411,-0.751170393156456,0.009869625317645642,3.354791502967338,-4.786500081782734,3.192841685978234,-4.783810506630866,0.0
0.5204476342103238,-0.03282210963655875,-0.08433218221138118,-0.4830260250937056,-1.1160629312487507,-0.0013587335848518902,-0.74814803914402,0.009944474688367344,3.4282516933370912,-4.767360035350888,3.2660320299346832,-4.765056948391637,0.0
0.5204498533908682,-0.030288659818872417,-0.08436210741574009,-0.4829997227133334,-1.1206215106745117,-0.0013708176688818552,-0.7451297120263167,0.01001420105153258,3.501416119098854,-4.748275274525719,3.338926538997478,-4.746357968849653,0.0
0.5204520564669918,-0.027765665531678942,-0.08439119549188825,-0.48299224771463956,-1.1251812668876076,-0.0013814641136305702,-0.7421100124177465,0.010078774162473702,3.5742735590295056,-4.729248628547217,3.411514205817472,-4.727716119745731,0.0
0.5204542419936363,-0.025253724139196194,-0.08441941831595492,-0.48300323151678154,-1.129741169508713,-0.0013914979515112797,-0.7390901294970652,0.01013824164890871,3.646806513328231,-4.710284096996808,3.483777761184484,-4.709135094623425,0.0
0.5204564103060293,-0.022751360593887934,-0.08444673019074479,-0.4830323382043864,-1.1342989103258245,-0.0014003337302285173,-0.7360710725842965,0.010192541710759803,3.7190570101502103,-4.691368854691251,3.5557592314152453,-4.6906020876403405,0.0
0.5204585597065242,-0.0202595177585079,-0.08447312353213586,-0.4830791838926802,-1.138856579253289,-0.0014089673887978506,-0.7330516936555721,0.010241765394375607,3.7909977667485193,-4.672510207033739,3.627431595360762,-4.6721240539667255,0.0
0.520460689295939,-0.017778212011151567,-0.08449857282523984,-0.4831434280948694,-1.1434158458655406,-0.001416727569480327,-0.7300291107539052,0.010285856798180792,3.8626280357434495,-4.65370764660189,3.6987942601626775,-4.653700284712074,0.0
0.520462799480397,-0.015305916153958503,-0.08452302005916176,-0.48322468221639026,-1.147966897604777,-0.0014248395384761894,-0.7270141439351995,0.010324924275622056,3.933991259366068,-4.634947574692086,3.769890643206335,-4.635317227222402,0.0
0.5204648890884342,-0.012843119444701172,-0.08454649350994353,-0.48332260977611463,-1.1525236489187236,-0.0014318075743522739,-0.7239918969503999,0.010358894496621392,4.005073496695731,-4.616234748516788,3.8407070084304813,-4.616979372688042,0.0
0.5204669571135819,-0.010389885744952714,-0.08456892199887837,-0.48343681845244385,-1.1570724631125726,-0.0014392934711501431,-0.7209765728462061,0.010387881024911077,4.075872288683098,-4.59756771287671,3.911241033917667,-4.59868507622954,0.0
0.5204690028860758,-0.00794613440832725,-0.08459031813952818,-0.4835669636352105,-1.1616228464510319,-0.0014460921893842662,-0.7179579880080199,0.010411839518040554,4.146389985034386,-4.578946281638044,3.9814952000709285,-4.580433986047523,0.0
0.5204710262909781,-0.005511058973196257,-0.08461064655611156,-0.48371267046300054,-1.1661703342593983,-0.0014526897793445584,-0.7149407937892114,0.010430828180939622,4.216649461490326,-4.560363172491914,4.051492424414786,-4.562218772048374,0.0
0.5204730259351815,-0.0030853338265920713,-0.08462989044177267,-0.483873562912404,-1.1707144526984559,-0.0014594644948052419,-0.7119257149727333,0.010444905819107644,4.286631109845468,-4.541823292241547,4.121213296061185,-4.5440440709830545,0.0
0.5204750020479885,-0.0006678735868136448,-0.0846480325664066,-0.48404928807925673,-1.175256371607021,-0.001465752867845129,-0.7089110139406108,0.010454061880675138,4.356365979649123,-4.5233176788794855,4.190688870767958,-4.525900926607589,0.0
0.520476952914549,0.0017402286582239856,-0.0846650739976739,-0.4842394686032351,-1.1797993922853607,-0.0014718958978610205,-0.7058937135553082,0.010458361755319376,4.425822550947752,-4.504855045193563,4.259887865958073,-4.507797724800078,0.0
0.520478879720168,0.0041411349178470565,-0.08468096986785033,-0.48444373423268494,-1.1843356365630977,-0.0014781023535597206,-0.7028818098200541,0.010457859892227396,4.495062657098666,-4.486417154064473,4.328871994850638,-4.489716410464815,0.0
0.5204807809289504,0.006533926081129987,-0.08469570816879349,-0.4846617270071291,-1.1888660692146868,-0.0014841158021839556,-0.6998736654180467,0.010452565249611074,4.564059691102918,-4.468010965855731,4.397614856243893,-4.471663657978238,0.0
0.5204826553875301,0.00891802249499681,-0.08470930743838576,-0.48489307841026713,-1.1933983892882651,-0.0014897205998273733,-0.6968618184955065,0.010442525763989225,4.632797054646338,-4.449641645642285,4.4661000245020315,-4.453644399519078,0.0
0.5204845034222222,0.011294582240897463,-0.08472172890881666,-0.485137414454,-1.1979244817250854,-0.001495440551649578,-0.6938545155923926,0.01042781544795935,4.701307733172493,-4.431299028810679,4.534360461791804,-4.435648510787776,0.0
0.5204863243177978,0.013663483209215226,-0.08473297890142878,-0.4853943648706467,-1.2024480038097431,-0.001501218102040563,-0.6908484875104808,0.010408497781912916,4.769588210054617,-4.41298432150517,4.602392764680853,-4.417677047391712,0.0
0.5204881164672964,0.016023643978725077,-0.08474304803338796,-0.48566358908086904,-1.2069710100883126,-0.0015063322538394152,-0.6878402066674283,0.010384544585147273,4.837607234776058,-4.3947058262441825,4.670165888448463,-4.399738022153113,0.0
0.5204898819824545,0.018378082326092057,-0.08475191848690798,-0.4859446952710194,-1.2114875354873667,-0.0015116673072151506,-0.6848373025362641,0.01035610645423078,4.905451490142831,-4.3764393402158515,4.73776629873571,-4.381807559679928,0.0
0.5204916185280631,0.020724858830145697,-0.08475958585380884,-0.4862373294446606,-1.215998610530974,-0.0015170660648550602,-0.6818379630472228,0.010323206052994137,4.9730650721535445,-4.358200054550832,4.805138373830373,-4.363900446891157,0.0
0.5204933262518175,0.02306471043297798,-0.08476605845260898,-0.4865411414081829,-1.2205089411526813,-0.001521882464315643,-0.6788372096796045,0.010285869670213695,5.040469213639225,-4.339982464062601,4.872303360465864,-4.346011172409132,0.0
0.520495004250512,0.025397275359268695,-0.08477132182748838,-0.48685576637797984,-1.2250145911642147,-0.0015265764252845918,-0.6758388421925673,0.01024417133654853,5.107653348723414,-4.321789051579103,4.939250807208731,-4.328142057461949,0.0
0.5204966523321298,0.027722906883299463,-0.084775376511576,-0.48718083486093594,-1.2295148856434548,-0.0015314868908862943,-0.6728441553033758,0.010198209106771699,5.174627611223192,-4.303617101760794,5.005990889562406,-4.310290334998425,0.0
0.5204982709306218,0.030042627199997937,-0.08477822084258932,-0.4875160089527903,-1.234011339498946,-0.0015358173363155716,-0.6698508789986021,0.010147993044977887,5.241421371847818,-4.28545857271322,5.072552953985197,-4.29244801003185,0.0
0.5204998590878576,0.03235589948773268,-0.08477985937292812,-0.48786091104665963,-1.2385024417798056,-0.0015404914090091657,-0.6668615077006507,0.010093657878534402,5.308019178987806,-4.267317863472818,5.138921671427803,-4.274619309013978,0.0
0.5205014162520241,0.034662596144261315,-0.08478029168617927,-0.4882152171531382,-1.2429905866730195,-0.0015444641681723742,-0.6638721618302771,0.01003518388693979,5.374417322170295,-4.249196008529476,5.205093411525089,-4.256805157516534,0.0
0.5205029425270946,0.03696332382762781,-0.08477952569321305,-0.4885785441395259,-1.2474733972225043,-0.001548905425921025,-0.6608869357568364,0.009972741927489613,5.440633290791442,-4.231088504633051,5.271085670929215,-4.239001050461866,0.0
0.5205044373682147,0.039257909368277485,-0.08477756267089093,-0.4889505758717719,-1.2519535698265019,-0.0015526217766181677,-0.6579014640317303,0.009906305568356507,5.506662079206069,-4.2129967889946744,5.336893522147976,-4.221208318460995,0.0
0.5205059001372631,0.04154610148868059,-0.08477440087476969,-0.48933094779391484,-1.2564261303935729,-0.0015565789713721699,-0.6549213725920515,0.009836004064942951,5.572496413791968,-4.194922823257815,5.402509769756837,-4.203428811643064,0.0
0.5205073320111638,0.04382962869378955,-0.08477005637584095,-0.4897193320054324,-1.2608960682200314,-0.0015598215983232964,-0.6519413663809687,0.009761870389310142,5.638186135439835,-4.176853514032888,5.467984157470501,-4.185649595242316,0.0
0.5205087313252712,0.04610696518629881,-0.08476454145183583,-0.4901153615665981,-1.2653616280837308,-0.0015635576266641276,-0.6489642237138615,0.009684055053611742,5.703687401687626,-4.158801242834643,5.533273032076857,-4.1678827746115354,0.0
0.5205100979523029,0.048378343414002156,-0.08475785259015155,-0.49051872309578615,-1.2698212492265257,-0.0015669523205085376,-0.6459901341449378,0.009602562925968684,5.769006851039934,-4.140764110308787,5.5983830575965845,-4.150126418234859,0.0
0.5205114326202285,0.05064497121323725,-0.08475000081451284,-0.4909290821285969,-1.2742750844549213,-0.0015698994739926076,-0.643019062779571,0.009517474402702666,5.834179304048483,-4.12273296831376,5.663348997214579,-4.13237147334524,0.0
0.5205127350778879,0.05290685272730585,-0.0847410089964621,-0.49134609609527774,-1.278726182109328,-0.0015726780460371074,-0.6400486334968258,0.009428900619500476,5.899205033444792,-4.104708469856458,5.7281711716939885,-4.114618531804742,0.0
0.5205140037824048,0.055162463006992096,-0.08473088120887964,-0.4917694346337038,-1.2831710760813886,-0.0015756872658783218,-0.637081922822081,0.009336922945697513,5.964040168306519,-4.08670273941424,5.792805876930573,-4.096879470718234,0.0
0.5205152402789084,0.05741394039418157,-0.08471963021057348,-0.4921987799235853,-1.287610473343962,-0.0015783427737046758,-0.6341182222811187,0.009241605506815192,6.028746321274956,-4.068699363741311,5.857314586353699,-4.0791380967238595,0.0
0.5205164433903423,0.05966007053146168,-0.08470727849112025,-0.49263381524031613,-1.2920488364703118,-0.0015804436558482637,-0.6311525954586973,0.00914301176924354,6.093288703245731,-4.050708552457545,5.921662650520528,-4.061404418325222,0.0
0.5205176167143211,0.061902011430897685,-0.08468806450282519,-0.4930742080422655,-1.29652843293088,-0.0014696248894137615,-0.6282567764112852,0.009041275978009092,6.157655631236669,-4.032555677130176,5.985838485398203,-4.043503895973585,0.0
0.5205187561451269,0.06413828267226832,-0.08466793699415269,-0.49351965177665286,-1.3009931558634955,-0.0013809362720485793,-0.625350550254754,0.008936445139157806,6.221850938183629,-4.0144233106267215,6.049845912839782,-4.025618899257584,0.0
0.5205198632080762,0.06637104723835352,-0.0846469185833257,-0.4939698391185712,-1.3054455995620668,-0.001309391082722979,-0.6224359703721446,0.008828596215820127,6.285937021901017,-3.9962951316531754,6.113747191028464,-4.00773332615199,0.0
0.5205209366480823,0.0685989319072554,-0.08462503923449491,-0.4944244437724507,-1.3098825556231517,-0.0012525708901032027,-0.6195203063860233,0.008717863696210344,6.349874592259789,-3.9781827991334713,6.177503158143709,-3.989858641743498,0.0
0.5205219768256322,0.07082251383937506,-0.08460231109503981,-0.49488318674008647,-1.3143114579559425,-0.0012062848301990202,-0.616597752446695,0.008604262380324778,6.413680336591606,-3.9600821428665496,6.2411304838647785,-3.9719907123046636,0.0
0.5205229832447581,0.07304127497360581,-0.08457876848922494,-0.49534574084279503,-1.3187312991331028,-0.001169547864300974,-0.6136728847378203,0.008487953570608772,6.477339606161158,-3.9419982269728333,6.304614578214182,-3.9541345173033533,0.0
0.5205239567388423,0.07525645186261652,-0.08455442691037134,-0.4958118256217752,-1.3231409109273178,-0.0011398467667728947,-0.6107477526494235,0.008368980623526232,6.540888089174114,-3.9239217982428376,6.367991056904576,-3.936280919534423,0.0
0.5205248964046334,0.07746685427172152,-0.0845293067176771,-0.49628115207114826,-1.3275453039948988,-0.0011156184239550808,-0.607818335516499,0.008247418468079548,6.60429169077129,-3.90586279190114,6.431225929124654,-3.918439703015335,0.0
0.5205258033885571,0.07967414604442556,-0.0845034396357892,-0.4967534140152249,-1.3319399182644247,-0.001096508954847456,-0.6048914250606692,0.008123407240146152,6.6675985188794415,-3.8878090675283046,6.494367199988902,-3.9005988899944235,0.0
0.5205266769847986,0.08187734283559504,-0.08447684491391422,-0.4972283342121711,-1.3363262486233893,-0.001081344129794272,-0.601965774784661,0.007997012281835945,6.730780398052211,-3.8697689066534053,6.5573867742669165,-3.882766644933832,0.0
0.5205275165060432,0.08407541628988294,-0.084449540583509,-0.4977056422102506,-1.3407059869571747,-0.0010690488270358436,-0.5990394837940631,0.007868292094615707,6.793807879980316,-3.851750896963444,6.620255281307185,-3.8649514419777433,0.0
0.5205283236773033,0.08627081475496134,-0.08442156057456374,-0.4981850422850728,-1.3450776377634,-0.0010596853646400038,-0.596116216948895,0.007737394029109197,6.856751656674371,-3.8337368075098808,6.683043261434034,-3.8471352919277004,0.0
0.5205290978044237,0.08846243489345318,-0.08439292095595405,-0.4986662773894395,-1.3494432881931302,-0.001052172800368102,-0.593193111793955,0.007604363089741032,6.91958010947802,-3.81573575477983,6.745719174632702,-3.82932719638702,0.0
0.5205298391016362,0.09065048613759637,-0.08436364870348327,-0.4991490736641842,-1.353802814796054,-0.0010464254558945132,-0.5902709539942574,0.007469305261340256,6.982299470036199,-3.79774686970115,6.808289244462546,-3.811526305554298,0.0
0.5205305470597027,0.09283402187214328,-0.08433376605898253,-0.49963317083119396,-1.358157086819041,-0.0010420775899526215,-0.5873486792691553,0.007332299248949632,7.0448826806102,-3.779778210233054,6.870726472857301,-3.7937405911287074,0.0
0.5205312232463115,0.0950153198603117,-0.08430330219632116,-0.5001183022221977,-1.3625055711723169,-0.001039016537984649,-0.5844278729622953,0.007193458633350429,7.107395485691674,-3.7618127515874966,6.933096470306864,-3.775953244173795,0.0
0.5205318661489021,0.09719180525953114,-0.08427228111738376,-0.5006042165936362,-1.366842086471608,-0.001037430355187313,-0.5815137995350709,0.007052858363956609,7.169764012382423,-3.7438713613104215,6.99532550827899,-3.758184908897968,0.0
0.5205324776218347,0.09936613142258016,-0.08424073001299857,-0.5010906555968284,-1.371176752016258,-0.0010367301534754663,-0.5785980374603263,0.006910614132748556,7.232064789220665,-3.7259340158794148,7.057489967225745,-3.740415806682089,0.0
0.5205330567132858,0.10153650776331744,-0.0842086661879523,-0.5015773917776235,-1.3755049180735777,-0.0010363577376312563,-0.5756832074672873,0.006766761856399398,7.294246452242471,-3.7080152374560362,7.119538575939949,-3.722660317235754,0.0
0.5205336038853172,0.1037033791140638,-0.08417612665841179,-0.5020641610992005,-1.379824432119983,-0.0010373591498797346,-0.5727732063900993,0.006621452358973797,7.3563220873426225,-3.690112592603572,7.181484388556421,-3.704916063006719,0.0
0.5205341192635106,0.10586656808927782,-0.08414312820349669,-0.5025507442851038,-1.384137688418125,-0.0010386282230705098,-0.5698643397190898,0.006474726927249123,7.418286727238304,-3.6722279409740515,7.243322438507569,-3.6871849094884586,0.0
0.5205346037086331,0.10802718252863797,-0.08410970148715625,-0.5030368972971739,-1.3884472013688973,-0.0010404718493060116,-0.5669552753217019,0.006326707095137277,7.480172475613572,-3.654353472886073,7.305084765762162,-3.669459155655972,0.0
0.5205350571352513,0.11018469705160822,-0.08407587544872419,-0.503522391396597,-1.3927460786538466,-0.001043238819330539,-0.5640525600422666,0.006177482840262115,7.541964454625152,-3.636494121088553,7.3667565048602395,-3.6517437174143357,0.0
0.5205354796721824,0.11233877329383796,-0.08404167149001787,-0.5040070064751824,-1.3970422520280952,-0.0010463288435732258,-0.5611483175990927,0.00602713362800064,7.603653104517187,-3.6186531355611957,7.428328102449408,-3.6340418450654064,0.0
0.5205358711934331,0.11448866934208628,-0.08400711304735081,-0.5044905339984109,-1.4013302561062566,-0.0010495074130688346,-0.558246573325638,0.005875719412921626,7.665217280635802,-3.6008369815049304,7.489778430082999,-3.6163599810247287,0.0
0.5205362343096329,0.11663674522760095,-0.08397259012561721,-0.5049727373862064,-1.4054844569849105,-0.0013253711830391412,-0.5552039016172958,0.005723393447742299,7.726727881260432,-3.5830383572737565,7.551178297165004,-3.598691048824085,0.0
0.5205365673949396,0.11878188021394975,-0.08393768220862316,-0.5054534258191415,-1.4096566839421054,-0.0015452506201935458,-0.5521939939139953,0.005570188573188568,7.78814942807633,-3.565253951302007,7.612492218071589,-3.5810316593208196,0.0
0.5205368703819548,0.12092308214575251,-0.08390243559830875,-0.505932387040061,-1.4138451243103987,-0.0017199276463290814,-0.5492088107668267,0.005416210065213264,7.849453759333379,-3.547492839397654,7.673692056640033,-3.5633908592166064,0.0
0.5205371442430267,0.12306160535530689,-0.08386689572520653,-0.5064094128693297,-1.418044899797851,-0.0018582648113115846,-0.5462456797668499,0.005261566653085578,7.910677307014301,-3.529746488067321,7.734814173675439,-3.545760236962484,0.0
0.5205373888820446,0.12519637932062883,-0.08383109164395149,-0.5068843227773604,-1.4222518133352038,-0.001966273988734487,-0.5433001766136641,0.005106303648539749,7.97178952555722,-3.5120240866682457,7.79582804432605,-3.5281489561876005,0.0
0.5205376052820466,0.12732874630402502,-0.08379506703326547,-0.5073569125293176,-1.4264615495028223,-0.0020502621747173913,-0.5403725427485024,0.004950542585364819,8.03282936127348,-3.494316364559735,7.856772541093433,-3.5105478713859664,0.0
0.5205377937367582,0.12945842242432953,-0.08375884595219077,-0.5078270060621586,-1.4306774397016377,-0.002113787156812482,-0.5374540486283962,0.004794341415273798,8.093788848923147,-3.476626211165491,7.917639688747785,-3.492959897306715,0.0
0.5205379544107366,0.13158486345501147,-0.08372246754742076,-0.5082944157021334,-1.434890104428076,-0.0021613012255418296,-0.5345505483175366,0.00463779916061626,8.154652658720028,-3.458958983110026,7.978414149898888,-3.4753904067700048,0.0
0.5205380877263988,0.13370798658136065,-0.0836859599298569,-0.5087589642085371,-1.4391019936669514,-0.0021955393116277673,-0.5316568610899923,0.004480999811608641,8.21541864107264,-3.4413161093708395,8.039093752012413,-3.45784087375079,0.0
0.5205381941194405,0.13582772443689184,-0.08364935010771037,-0.5092204790656802,-1.4433157859094397,-0.0022187189127902567,-0.5287680950845881,0.004324026426600267,8.276085082544085,-3.4236988656859033,8.09967675702885,-3.440312621357569,0.0
0.5205382741394367,0.1379444094131256,-0.08361267008431789,-0.5096787925787614,-1.447523687861072,-0.002233059587866284,-0.5258898281027651,0.004166961094998007,8.336661804102965,-3.4061055442270143,8.160172944224385,-3.4228040121481382,0.0
0.5205383283523963,0.1400585887711985,-0.08358414661415335,-0.5101337478811144,-1.4517913997963041,-0.002105577115937045,-0.5230880348263393,0.004009869385125187,8.397228699896315,-3.388768205055163,8.22066210427865,-3.405547239202528,0.0
0.5205383568634196,0.14216859006172633,-0.08355513299445179,-0.5105851796657946,-1.456045672441898,-0.0020011219725414426,-0.5202724298183901,0.003852848126107599,8.457670279686408,-3.3714514599940717,8.28102883084789,-3.3883068359378252,0.0
0.5205383605290085,0.144275682316546,-0.083525650007623,-0.5110329363193941,-1.4602819798127584,-0.0019152981605304192,-0.517451542079589,0.0036959719771305854,8.51802320572187,-3.354145956293714,8.341309715267627,-3.371073565235513,0.0
0.5205330815077026,0.14638031937652335,-0.0834957256799567,-0.5114716108949816,-1.4644995277461972,-0.0018446090089046289,-0.5146295236432336,0.0035393180370107556,8.578369396167174,-3.336917558804951,8.40144935734895,-3.353776095629922,0.0
0.520528036221156,0.14848208277031577,-0.08346538021741948,-0.511906574063868,-1.4687026953839972,-0.0017862141197430971,-0.511804982719867,0.0033829650470596348,8.638624904657943,-3.319697772231909,8.461507786828369,-3.336489971002214,0.0
0.5205232217358898,0.15058090699000962,-0.0834346494385912,-0.5123376825036176,-1.4728963155031922,-0.0017376625372378155,-0.5089755373725117,0.003226989070652357,8.69878819279145,-3.302488167275326,8.52148334403683,-3.319216730160996,0.0
0.5205186365284594,0.15267586914346748,-0.08340355574930379,-0.5127648040381948,-1.477075623113905,-0.001697010608278863,-0.506146466484093,0.0030714521987996865,8.758832951837348,-3.285296603998942,8.581349657303631,-3.3019642165704988,0.0
0.5205142770664595,0.15476705529328005,-0.08337214087200008,-0.5131877951328069,-1.4812465880774277,-0.0016633492650795975,-0.5033150584285692,0.00291644999764004,8.818762057070243,-3.2681236445355704,8.641109455957597,-3.2847329538805856,0.0
0.5205101380742597,0.156855452241147,-0.08334042647026758,-0.5136065319657854,-1.4854049333788315,-0.0016346402621252646,-0.5004852869146234,0.0027620348046430224,8.878604144953542,-3.250962263742754,8.700791159927903,-3.267515858039595,0.0
0.5205062162854692,0.1589410588768018,-0.08330845177288737,-0.5140208840388283,-1.489557148670925,-0.0016101884163156627,-0.49765278681868647,0.0026082904924407857,8.938359560786488,-3.2338136291107555,8.760394979454075,-3.250314061057521,0.0
0.5205025110460526,0.16102199692515287,-0.08327624102610513,-0.5144307346201045,-1.493697223266179,-0.0015895691055669786,-0.4948234861481645,0.002455283232769457,8.99797453988936,-3.2166930949223347,8.819867122442954,-3.2331429104830254,0.0
0.5204990155374294,0.16310036094545508,-0.08324382551219457,-0.514835962169826,-1.4978251988222224,-0.0015719738106530483,-0.49199866182461693,0.0023030855578941327,9.057509656047221,-3.199585285271811,8.879267882606905,-3.215986954481451,0.0
0.5204957265360732,0.16517599312970926,-0.08321123745536955,-0.515236457199704,-1.5019458598386226,-0.0015563424908339749,-0.4891736764384199,0.002151758888798976,9.11696069617308,-3.1824923868158317,8.93859291375312,-3.1988483445132596,0.0
0.5204937190691562,0.16724680872010406,-0.08317850620141204,-0.5156331919401943,-1.506060307145817,-0.001542270562698556,-0.48634705815530244,0.002001369405799567,9.176253964158898,-3.1654174666927726,8.99779656833478,-3.1817582268900604,0.0
0.5204918284969516,0.16931406256827153,-0.083145660860843,-0.5160248992637084,-1.5101610345653707,-0.0015299376653186807,-0.48352699094268986,0.0018519837898849584,9.235441008866662,-3.1483668171174557,9.05689991019034,-3.164692572397109,0.0
0.5204900490511092,0.17137773096486741,-0.08311139790351388,-0.5164140441913662,-1.5142546390258964,-0.0015188744641837888,-0.4807077578728087,0.0017026108361387006,9.294511093321294,-3.1313032213456182,9.115891995602329,-3.1476140698639297,0.0
0.5204883835441382,0.17343773311665375,-0.08307721851048992,-0.5167977045598666,-1.5183391127428467,-0.0015086599845058146,-0.4778909620589679,0.0015544707497464664,9.353473582330903,-3.114270395623709,9.17478222428374,-3.130566547474679,0.0
0.520486829749152,0.1754941565509744,-0.08304314715276356,-0.5171757982273121,-1.522414002927672,-0.0014994301935453774,-0.4750777444403925,0.0014076258155397252,9.412331243445779,-3.0972683663164844,9.233573244371376,-3.1135500347406775,0.0
0.5204853854611827,0.17754700731474105,-0.08300920679385183,-0.5175482474584621,-1.5264764046007533,-0.0014909877259022973,-0.47227079277124534,0.0012621318451945295,9.471084490476171,-3.0802977515384318,9.292265351575194,-3.0965651527541738,0.0
0.5204841034268631,0.17946862827821533,-0.08297575489493805,-0.5179149796915403,-1.5316154675334475,-0.0010141401778087338,-0.46759772361950935,0.0011147227431402965,9.526066598174392,-3.064363953232992,9.347194571797376,-3.0806173062381927,0.0
0.5204828759864661,0.18151639402355804,-0.08294218808060069,-0.5182757516388959,-1.5356004280668119,-0.0010990836683731193,-0.46478963326140554,0.0009726231159517392,9.58467115922773,-3.0474433276528146,9.405748867434713,-3.063682860764871,0.0
0.5204817510933589,0.18355939858753567,-0.08290882266835364,-0.5186306775608974,-1.5395823358774736,-0.0011676207948048242,-0.46199433279172364,0.0008320133715086709,9.643137895337246,-3.0305654205082764,9.464170468235713,-3.0467913576676757,0.0
0.5204807261428099,0.18559882773397424,-0.08287568126623689,-0.518979696032595,-1.5435615381247256,-0.0012232853942287436,-0.4592101572666895,0.0006929500052875566,9.701501125806484,-3.0137216430552116,9.522493555156538,-3.029934210555413,0.0
0.5204797989695072,0.18763449139246993,-0.08284278552400524,-0.5193227502203773,-1.5475387084597754,-0.001267683527041391,-0.4564329948693945,0.0005554794895028369,9.759755617244034,-2.9969141040235523,9.580712779576615,-3.013113530335109,0.0
0.520478967637658,0.1896645764387685,-0.08281015495568206,-0.519659787507779,-1.5515045515330075,-0.0013040205012167065,-0.45367073292648696,0.0004196528382436101,9.817849476252265,-2.9801575031607443,9.638776145013992,-2.9963440187697596,0.0
0.5204782295522518,0.19169081561578882,-0.08277781132462238,-0.5199907585543861,-1.555467457902395,-0.0013323615225378288,-0.45091266225005633,0.00028551421949287933,9.875832731938411,-2.963438963155339,9.696733543198992,-2.9796128004379723,0.0
0.5204775825548074,0.19371223884224065,-0.08274577392231289,-0.5203156182294345,-1.5594230840741108,-0.001354539038521553,-0.448161700728217,0.00015311016725511953,9.93367771896912,-2.9467666053156107,9.754557194374026,-2.962927998376821,0.0
0.520477024323132,0.19572891732977726,-0.08271406180845406,-0.5206343252082758,-1.563366772661813,-0.0013721336191556005,-0.445421815337396,2.2485095232605533e-05,9.991386695133627,-2.9301404268404845,9.812249233502424,-2.9462896113682313,0.0
0.5204765525529145,0.19774075583234596,-0.0826826939154264,-0.5209468420037424,-1.567305716137401,-0.0013854717292154136,-0.44268504417813004,-0.00010631908011287294,10.048957133602507,-2.9135617187966294,9.869807012009446,-2.9296989319148725,0.0
0.520476164965364,0.19974870749465876,-0.08265168821865725,-0.5212531348211097,-1.5712330464753537,-0.0013953103349834074,-0.4399570039507677,-0.000233261503383717,10.106416624002355,-2.8970235718766593,9.927257999250278,-2.9131490520039143,0.0
0.5204758591926456,0.20175075028272615,-0.08262106211150486,-0.5215531734911983,-1.5751518175217105,-0.0014025078166046794,-0.4372342425241262,-0.00035830308455874214,10.163707264158637,-2.8805422531083336,9.984544168268796,-2.896656239818791,0.0
0.5204756329644218,0.20374781316256318,-0.08259083265843203,-0.5218469315390375,-1.5790588056060413,-0.0014073793142871226,-0.4345191777729517,-0.00048140594016637256,10.220855941380096,-2.864111015301405,10.041692286824066,-2.880213749183417,0.0
0.520475483990222,0.2057399041058924,-0.08256101578252821,-0.5221343860809897,-1.5829570736439005,-0.0014103390901853466,-0.4318087899805463,-0.0006025344846134525,10.277863070423457,-2.8477302580313264,10.098702649209557,-2.8638219805498366,0.0
0.5204754098000243,0.20772586248227437,-0.08253162794559925,-0.5224155174682346,-1.5868403835428193,-0.0014118064957177037,-0.4291079784821683,-0.000721653143151257,10.334695495947322,-2.8314095061843347,10.155541970370031,-2.847490459556963,0.0
0.5204754082577829,0.2097067338284405,-0.08250268254975737,-0.5226903098659186,-1.5907188949919966,-0.0014115946898525381,-0.42640718797438437,-0.0008387293810791493,10.391383422412453,-2.8151409982766706,10.212240342635614,-2.8312114253276133,0.0
0.5204754771113205,0.2116824706156259,-0.0824741958516587,-0.5229587508005209,-1.5945816304782765,-0.0014106384446214107,-0.42371691480060036,-0.0009537328291297457,10.44792567106574,-2.7989255758356797,10.268796469188004,-2.81498571986695,0.0
0.5204756138140966,0.2136519385895268,-0.08244618080869852,-0.5232208307166386,-1.5984329986493213,-0.0014086754977350369,-0.42103209554692045,-0.0010666320596512719,10.504289818802247,-2.782772457141906,10.325177793600027,-2.798822561821551,0.0
0.5204758163625586,0.21561609818671898,-0.08241865055767908,-0.5234765438599066,-1.6022729979424093,-0.0014057489462865555,-0.41835267360638584,-0.0011773986070736453,10.56050361892654,-2.76667453619178,10.381411964349274,-2.7827148454082753,0.0
0.5204760822089421,0.21757389026859084,-0.0823916185844032,-0.5237258872097197,-1.606097807021098,-0.0014024578624597759,-0.4156822940704061,-0.0012860068267488195,10.61653681065101,-2.7506404606741133,10.43746858751231,-2.766671218431644,0.0
0.5204764094527209,0.2195263365729489,-0.08236509474196695,-0.5239688615634338,-1.6099144891209278,-0.0013984210744694113,-0.4130142848733543,-0.001392431866017276,10.672418880215417,-2.7346625521664403,10.493377050131961,-2.750684002438647,0.0
0.5204767954704002,0.22147221507582113,-0.08233909217836845,-0.5242054699195294,-1.61371689083139,-0.001393850071604563,-0.4103536521391832,-0.001496647429043455,10.728114885576439,-2.7187507182214663,10.54910227330573,-2.7347631048671293,0.0
0.5204772380645214,0.22341154030472793,-0.082313621743548,-0.5244357189041924,-1.6175042738482939,-0.0013891715930634673,-0.407701612161677,-0.0015986342508115064,10.78362538687898,-2.7029051606235126,10.604644702701872,-2.7189087272475856,0.0
0.5204777350190117,0.2253442496202279,-0.08228869208064496,-0.5246596179838542,-1.6212806497803096,-0.0013840574025681149,-0.40505400795624313,-0.0016983704589963583,10.838948710116009,-2.6871266192044883,10.660002548973658,-2.7031216090492998,0.0
0.5204782841475883,0.22727021831159921,-0.08226431528650692,-0.524877179649334,-1.6250386461318114,-0.0013790660164625333,-0.40241808283764746,-0.0017958387873029174,10.894081423750107,-2.671416416815528,10.715172266915168,-2.687403072644928,0.0
0.5204788832349904,0.2291893181572656,-0.08224049693980102,-0.5250884189161352,-1.628786955857225,-0.0013731686479598632,-0.39978437922829624,-0.0018910149588905129,10.94901994521041,-2.655775716273767,10.770150158870793,-2.6717542802764145,0.0
0.5204795307362897,0.2311026374240836,-0.08221724722295398,-0.5252933546351952,-1.6325200842260708,-0.0013673981190805379,-0.39715958093947457,-0.001983891651166373,11.003795665075371,-2.6401963294823085,10.82496753547959,-2.65616704312475,0.0
0.5204802234185067,0.23300788200610012,-0.08219457296455532,-0.525492006260441,-1.6362401550673225,-0.0013611118238581413,-0.3945399569068226,-0.0020744452449711313,11.058342801858265,-2.624696339102059,10.879558447204474,-2.6406594431056303,0.0
0.520480956175829,0.2349062861365068,-0.08217117796504007,-0.5256869160474822,-1.6399443701887877,-0.0013552965566624232,-0.39192998756198855,-0.0021637967917145697,11.112686801072728,-2.6092289292551962,10.933948170366717,-2.6251845669564413,0.0
0.5204817303790593,0.2367963948673043,-0.08214835281599828,-0.5258756297602043,-1.6436321467862332,-0.0013491216495240238,-0.3893283924912148,-0.002250822427682877,11.166795928361541,-2.5938424809624103,10.988104948166367,-2.6097908897109505,0.0
0.5204833525820743,0.2386803045665699,-0.08212610411668153,-0.5260589806963593,-1.6473061115159136,-0.0013426114893179976,-0.3867334808472389,-0.0023355163541936563,11.220719955705105,-2.5785103059936083,11.042099587757122,-2.5944727985681624,0.0
0.5204850332361,0.24055582983256396,-0.0821044443741807,-0.5262362060073279,-1.6509629360632352,-0.0013361792981190074,-0.38414808311103116,-0.0024178649905141755,11.274406544516363,-2.5632601094055394,11.095859056495692,-2.57923746988401,0.0
0.520486768881072,0.2424229268369176,-0.08208338013046003,-0.5264073304290752,-1.6546065991504657,-0.0013294694401212131,-0.38156812117910666,-0.0024978555879086738,11.327854557660705,-2.5480924428909817,11.14938207599333,-2.5640854159536457,0.0
0.5205349371468414,0.24427019257635085,-0.08206281668076773,-0.5266187644946302,-1.6583355754281741,-0.0013206633834341437,-0.3788972688401677,-0.002575482302652967,11.380737445896454,-2.531882566083311,11.202339127298202,-2.5503162665843893,0.0
0.5205827816952776,0.24611037561079696,-0.08204300463655809,-0.5268237879147231,-1.6620445571603317,-0.0013123644134360906,-0.3762387740369044,-0.002650741364982853,11.433422441002188,-2.5157614167749847,11.255100181242254,-2.536617047492945,0.0
0.5206302674734556,0.247942262863188,-0.08202395105506512,-0.5270223982865441,-1.6657347769747406,-0.0013040898478132187,-0.37359053376833223,-0.00272361813071991,11.485874818236205,-2.499739437138646,11.30763033130517,-2.522996552498898,0.0
0.5206773915062988,0.24976583140501377,-0.08200565953752491,-0.5272146343694789,-1.669405498706846,-0.0012961659097943635,-0.3709538392590585,-0.002794114450410775,11.538093995924742,-2.483816883189823,11.359928870208849,-2.5094550078917948,0.0
0.5207241743464107,0.2515819524688492,-0.08198813452168634,-0.5274005565690698,-1.6730571650376653,-0.0012882557789749582,-0.3683281378470494,-0.00286222445972765,11.590105070667525,-2.467986479709013,11.412020814991859,-2.4959862910755524,0.0
0.5207705574387166,0.25338844842734143,-0.08197138073976282,-0.5275801512366455,-1.676685873676628,-0.0012809074900187434,-0.36571721179911754,-0.0029279499706547593,11.641845600431715,-2.452266700243758,11.463843501257923,-2.482606040769864,0.0
0.5208165888446126,0.25518725481259097,-0.08195539968174732,-0.5277535089436111,-1.6802960135306044,-0.001273302512132863,-0.36311659049215117,-0.002991284274002695,11.693371214189128,-2.4366412063640985,11.515452535669798,-2.4693004501646274,0.0
0.5208622406610139,0.2569773744735805,-0.08194019141077816,-0.5279206540669292,-1.683886414609282,-0.0012660950526749218,-0.36052812756409186,-0.00305223893668553,11.744653325243341,-2.4211183716831703,11.566819169628118,-2.456076597941178,0.0
0.5209075022512025,0.2587584469863674,-0.08192576158046201,-0.5280816192223512,-1.6874551469858676,-0.0012587075804869545,-0.35795251786539517,-0.0031108026370471834,11.79568166971764,-2.4057013362440216,11.617933012038819,-2.4429371960112656,0.0
0.5209523712993456,0.2605304332275908,-0.08191210933456651,-0.5282364568105206,-1.691001415371616,-0.0012515115748726194,-0.3553910924445073,-0.003166986314912266,11.846455156910839,-2.3903903430558455,11.668792863454993,-2.429882475218954,0.0
0.5209946555374304,0.26221940755877887,-0.08190063348727228,-0.5283794649659824,-1.695351855406038,-0.0008852750159885177,-0.3514296012292277,-0.003213032218810744,11.894862461640441,-2.37585565604253,11.717282794343145,-2.4174728443723565,0.0
0.5210385082860381,0.26397488161789295,-0.0818885311878316,-0.5285219924680021,-1.698811442478287,-0.0009400770463515579,-0.3488960413119748,-0.0032644581323288176,11.94517424135752,-2.3607490655418766,11.767681859298609,-2.404568543718523,0.0
0.5210819387149553,0.2657200016392039,-0.08187719941201003,-0.5286585317505619,-1.7022569534911376,-0.0009851834079835173,-0.3463777583762905,-0.0033135307874190396,11.995194812814677,-2.345758633874387,11.817790217589181,-2.3917578507695043,0.0
0.5211249878771747,0.2674563699762613,-0.08186664104658967,-0.5287891805029636,-1.7056809673016158,-0.0010221376978346898,-0.3438801486922,-0.0033602546957972406,12.044970236766364,-2.3308708618363414,11.867653924597555,-2.3790294150916953,0.0
0.5211655854619711,0.2691129630930841,-0.08185829611710159,-0.5289082896321508,-1.7098813115663358,-0.0007046138243079672,-0.34003927308777193,-0.0033967561876733434,12.092472787322626,-2.316731112460401,11.915240694926375,-2.3669250672125703,0.0
0.5212075609172796,0.27082972214663165,-0.08184926015627374,-0.5290270628923158,-1.7132261869267418,-0.0007882876262008722,-0.33757661706779285,-0.0034388419432245026,12.141697618697973,-2.3020717398158186,11.964553831060842,-2.3543689504228698,0.0
0.521249127036963,0.272536457271912,-0.08184098356115202,-0.5291401053541603,-1.7165561097159359,-0.000857816543289045,-0.33513367635970637,-0.0034786175767302645,12.190640748126809,-2.2875249457637796,12.013585435349455,-2.3419038704966253,0.0
0.5212902535983435,0.27423188126148,-0.08183346345651057,-0.5292474584920663,-1.7198614076163998,-0.0009165006206408946,-0.33271856655265114,-0.0035161114482984467,12.239265217785288,-2.273101324073314,12.0622984029787,-2.3295389902506245,0.0
0.5213309656964854,0.27591706355266316,-0.08182669256748183,-0.5293492077840776,-1.723149566450629,-0.0009651117480910846,-0.33032165037948114,-0.003551325552669157,12.287601704578787,-2.2587916404427504,12.110723387124633,-2.317266409339033,0.0
0.521334369287532,0.2775838783756718,-0.08182064895753567,-0.5294085250696683,-1.7264961594178172,-0.0010029924618454172,-0.32786768218085005,-0.003584271218952675,12.335416039248676,-2.245620703372581,12.158626573434473,-2.304184323908815,0.0
0.5213376047835515,0.27917624295512045,-0.08181671248136634,-0.529458960378618,-1.730563274096487,-0.000706239424104039,-0.3241576570287036,-0.0036071106511924664,12.381109219491673,-2.233091229530233,12.204404217152508,-2.2917393135415054,0.0
0.5213409691075505,0.2808217465705411,-0.0818119209999191,-0.5295082470378094,-1.7338201476146133,-0.0007857231146919532,-0.3217517650267748,-0.003635628302921022,12.42832137992795,-2.2201227153356204,12.251704204152126,-2.2788586259102326,0.0
0.5213443193795173,0.2824558424189833,-0.08180774460928962,-0.5295526161555049,-1.737057858722911,-0.0008530240824012782,-0.31936950970336503,-0.003661952763441422,12.475210676802046,-2.2072608682815713,12.298680960757569,-2.26608423858753,0.0
0.521347652030877,0.28407791121097825,-0.08180418511430954,-0.5295921264589449,-1.7402703347857191,-0.0009094831130531932,-0.31701335193790675,-0.003686082211753755,12.521759370834552,-2.194510596250009,12.345316654530832,-2.2534209662967255,0.0
0.5213509646631541,0.2856878721419663,-0.08180123405322806,-0.5296268522747778,-1.7434560297850705,-0.0009570759599325164,-0.31468370934082635,-0.0037080444590668724,12.567965104207563,-2.1818723121424157,12.391608865041183,-2.240869159326472,0.0
0.5213542554853314,0.2872859649441296,-0.08179887900901146,-0.5296568678413861,-1.7466210590390212,-0.0009969676589590278,-0.3123737381139671,-0.0037278645750392176,12.61383469297012,-2.169343816430843,12.437564361582686,-2.228426571393844,0.0
0.5213575210840166,0.2888714372247449,-0.08179712131327145,-0.5296822387527527,-1.7497553042032241,-0.0010303183123450666,-0.3100910106100158,-0.003745551483015885,12.65934656646274,-2.1569310350556683,12.483161484388349,-2.216099039331712,0.0
0.5213607602645318,0.2904447428941007,-0.08179594492486747,-0.5297030435257823,-1.7528682782678473,-0.0010579081922253643,-0.3078260821938049,-0.0037611359112709065,12.704513660442624,-2.1446299920851546,12.528413138027998,-2.2038825560209645,0.0
0.5213639701031716,0.29200523562785813,-0.08179534719069703,-0.5297193580521404,-1.7559483963420783,-0.0010812975697719884,-0.3055894186445297,-0.0037746457037479055,12.749317415328772,-2.132445668019675,12.57330068659653,-2.19178202563787,0.0
0.5213670137475177,0.2934996908298671,-0.08179674721633645,-0.5297276220804772,-1.7596836001737732,-0.0008025676683095763,-0.30220886480453385,-0.0037786914897300424,12.792240907419306,-2.1208341898654393,12.616303633823678,-2.180250002620248,0.0
0.5213701417430262,0.2950348110720226,-0.0817972614247863,-0.5297352192626228,-1.7626736429315315,-0.0008642009068466279,-0.30002054356857105,-0.003788192951493196,12.836325211403786,-2.1088803162937344,12.660469594954062,-2.168377786194448,0.0
0.5213732355992002,0.29655696196487874,-0.08179832424984071,-0.5297385526012786,-1.7656412068063825,-0.0009161451328859932,-0.2978542166862684,-0.0037956876133017617,12.88004150647603,-2.09704356441299,12.704266655955903,-2.156621800243301,0.0
0.521376291061065,0.29806467350261284,-0.08179992885042926,-0.5297377012435047,-1.7685776259697623,-0.0009605689688078904,-0.295717222933271,-0.003801210120622318,12.923347544148546,-2.085335210979376,12.747652457264468,-2.144993210445735,0.0
0.5213793088253501,0.29955893914769066,-0.08180206500476792,-0.5297327419812781,-1.771486761439738,-0.0009979749848551146,-0.29360428229427915,-0.003804779164175365,12.966271788008715,-2.073747230022414,12.790655480655449,-2.1334840090195857,0.0
0.5213822854939721,0.30103867604532236,-0.081804721154461,-0.529723755996146,-1.774367314438722,-0.001029788206761994,-0.29151611131606253,-0.0038064308679288277,13.00878306883657,-2.0622877431082878,12.833244468201016,-2.122102228823171,0.0
0.5213851057836105,0.30245812219130713,-0.08180924234239813,-0.5297074340637664,-1.777847964944974,-0.0007798272880712004,-0.288374819681958,-0.0037993135116939233,13.049578081951953,-2.0513524579011624,12.87411310571959,-2.1112405680192365,0.0
0.5213879841442359,0.30391032710913524,-0.08181289135166825,-0.5296906815301518,-1.7806391274151006,-0.0008428334202517906,-0.2863390332352857,-0.0037972990388497824,13.091307121206716,-2.0401369449873017,12.915917285335944,-2.100100195466966,0.0
0.5213908177634926,0.30534735355887144,-0.08181703001691795,-0.5296701450954612,-1.783399478091352,-0.0008971552439862843,-0.2843332922665847,-0.0037934587476598164,13.132604331680884,-2.0290541365985226,12.957288468186496,-2.0890913594545713,0.0
0.5213936057128488,0.3067691858448345,-0.08182164812713184,-0.5296458999045053,-1.7861332062315234,-0.0009433277455787565,-0.2823514737522911,-0.0037878099336278058,13.173469193798514,-2.018103869001,12.998226110455741,-2.0782138720086634,0.0
0.521396244960895,0.3081337823134898,-0.0818280186691243,-0.5296148466417017,-1.789430795338147,-0.0007205994465024299,-0.27937867002578565,-0.0037739453995794966,13.212704606639738,-2.0076506999688863,13.03753042156175,-2.0678296012413346,0.0
0.5213989256753494,0.30952536100754086,-0.08183354350524108,-0.5295834892047064,-1.7920710904402422,-0.0007917962486352568,-0.27745847597220347,-0.0037648861652948284,13.252708441938964,-1.996963158411709,13.07760423761726,-2.0572120404404424,0.0
0.5214014633999672,0.3108617816568416,-0.08184075315938072,-0.5295456030375078,-1.7952672319572964,-0.0005975604079492559,-0.27457144840931197,-0.0037479104556940065,13.291141941722946,-1.9867545398731543,13.116103985370211,-2.0470696698708557,0.0
0.5214040356969495,0.312222689270584,-0.08184713470273693,-0.5295074687240486,-1.7978208171253647,-0.0006863858225651506,-0.27271348456653993,-0.0037355797684741816,13.330272372828597,-1.9763315280993798,13.155301566965505,-2.0367138085867236,0.0
0.5214065608494878,0.3135684740905586,-0.08185393881738773,-0.5294660434175678,-1.800345373397001,-0.0007633591374704553,-0.2708859359935002,-0.00372160991960681,13.368972077938677,-1.9660388651587324,13.19406719184711,-2.026487065417601,0.0
0.5214090341474976,0.3148967315232252,-0.08186115668927649,-0.529421403439968,-1.802836864561827,-0.0008302043490037201,-0.26909058146039344,-0.003706029321600811,13.407171937365025,-1.9558950360405956,13.232331617368871,-2.0164078023948795,0.0
0.5214113716003259,0.3161715536280235,-0.08186992942125272,-0.5293707943191794,-1.805845832463361,-0.0006479238247209541,-0.2663896579167949,-0.0036831481037194135,13.443849863484498,-1.9462128894722732,13.269070563309546,-2.0067866756477577,0.0
0.5214137342654729,0.31746781620852355,-0.08187791092257148,-0.5293200387417403,-1.808252359898458,-0.000730342878667368,-0.264654868175138,-0.003664558564713944,13.481137567795788,-1.9363411941421733,13.30641994561625,-1.9969766583130741,0.0
0.521416044546167,0.3187461904609301,-0.08188626785518315,-0.5292663243617196,-1.810624641915924,-0.0008028116586209398,-0.2629545401987634,-0.003644473957534347,13.517914757893864,-1.9266200287911712,13.343257446199814,-1.9873158034475606,0.0
0.5214183032721474,0.3200071056295944,-0.08189499572727515,-0.5292097215088942,-1.812961132593671,-0.0008655914290590342,-0.2612867984232498,-0.0036229005111361296,13.554193723990178,-1.9170459145635381,13.37959537693225,-1.9778006538560506,0.0
0.5214204348633386,0.3212166747290178,-0.08190513437822246,-0.5291477291379022,-1.815782370484767,-0.0006958004480469744,-0.25877059769403127,-0.003594681816364451,13.589009564630759,-1.9079129710230445,13.41446686332182,-1.9687233560645458,0.0
0.5214225091452258,0.3224104129610084,-0.08191556711519137,-0.5290831470328489,-1.8185348841655482,-0.0005515234146861955,-0.2563086670746073,-0.003565299907719165,13.62337345323092,-1.898912283198934,13.448884901596513,-1.9597768179149655,0.0
0.5214245944302894,0.323619159989564,-0.08192526961047678,-0.5290185163332926,-1.8207288082561213,-0.000647035078303903,-0.2547413673634373,-0.0035397354478134595,13.658162920741171,-1.8897739409625818,13.48372880602211,-1.9506929125939594,0.0
0.5214265620912065,0.32477892570727984,-0.08193627670941984,-0.5289489398605409,-1.8233720536914515,-0.0005179366237204285,-0.252383411801418,-0.0035080272150194228,13.691556275489976,-1.881055204838821,13.517173527076963,-1.9420255427762445,0.0
0.5214285370391466,0.3259519612024843,-0.08194657778355127,-0.5288793503963306,-1.8254793665264966,-0.000618469883585322,-0.25088651854089045,-0.003479943118721382,13.725325462595125,-1.8722130641202779,13.55099427071781,-1.9332349585933992,0.0
0.521430459894456,0.3271057136546973,-0.08195717513153726,-0.5288073713086273,-1.8275509282128162,-0.0007071841447740253,-0.24942499417316616,-0.0034505940050267177,13.75854342232097,-1.8635299798755842,13.584262427087522,-1.9246020709925715,0.0
0.5214322718571003,0.3282116935754831,-0.08196896266172793,-0.5287308865851221,-1.830046932927034,-0.0005847152156991499,-0.24721588760390645,-0.003415610627936619,13.790399030096188,-1.8552537183748168,13.6161653366244,-1.9163731112534645,0.0
0.5214340849920394,0.32932751804559224,-0.0819800902219012,-0.5286544323719913,-1.832029242624675,-0.0006781263827582693,-0.24582594136421354,-0.0033839477749646107,13.822532459582686,-1.8468820574010185,13.648346098475622,-1.9080487826443906,0.0
0.5214357925211736,0.33039659540513344,-0.08199233321018244,-0.5285737667918191,-1.8344136641768367,-0.0005684636892254014,-0.24372401900438506,-0.003346992386641649,13.8533323567573,-1.8389070255418127,13.679190571147632,-1.9001183262825814,0.0
0.5214374462237787,0.33144763459326304,-0.08200477294907364,-0.5284911597934508,-1.8367375647208544,-0.00047567072927848935,-0.24167480885616036,-0.003309153384006664,13.883616050827683,-1.8310785240612781,13.70951743555971,-1.8923329951437393,0.0
0.5214390965995974,0.33250567532347397,-0.0820165959064665,-0.5284086252421496,-1.838577330180379,-0.0005830509336144103,-0.24039837988904791,-0.0032743403738465216,13.91409624638768,-1.8231780012331416,13.740040714614763,-1.8844755558106583,0.0
0.5214406975153152,0.33354337510140986,-0.08202864365772902,-0.5283241885013839,-1.8403765010366626,-0.0006793894721743918,-0.23916200804486587,-0.003238487661887497,13.943994212745258,-1.815442641549419,13.769980473298446,-1.8767819884530412,0.0
0.5214422025684488,0.33453599047811955,-0.08204165586960846,-0.5282361149558698,-1.8425443151455723,-0.0005890103016928929,-0.23727264314791718,-0.0031980088308130447,13.97260513067328,-1.808086509838513,13.798630681034586,-1.869465146550253,0.0
0.5214437005467523,0.3355329589784273,-0.08205409569853997,-0.528148153660401,-1.8442573950123833,-0.0006852397210167772,-0.23610678438183766,-0.0031602630277285126,14.001336822198715,-1.800680248086787,13.827401477677837,-1.8620979899163437,0.0
0.5214451088522752,0.33648649060337316,-0.08206742708021388,-0.5280568431640718,-1.8463120129478798,-0.0006039855778460471,-0.23432803822512221,-0.003118227836853888,14.02882816853749,-1.7936382317366955,13.854929588202896,-1.8550927377525366,0.0
0.5214465065978457,0.33744163400732535,-0.08208021618982218,-0.527965667810079,-1.8479319080525114,-0.0006996896474671899,-0.23323993807859486,-0.0030787333646066957,14.056361775764259,-1.7865682862646575,13.88249968394561,-1.8480592807964433,0.0
0.5214478583753467,0.3383760675661996,-0.08209317181627095,-0.5278729795019523,-1.8495136936541992,-0.0007862794430463397,-0.23218721757518054,-0.0030383798793605366,14.083302048530811,-1.779664632663096,13.909475245219557,-1.8411909157022757,0.0
0.5214491266836316,0.3392676918310584,-0.08210691016519871,-0.5277773551765003,-1.8514077806818305,-0.0007095032644749032,-0.23056880581238037,-0.0029942198475637655,14.109019084328022,-1.773117128900067,13.935225390538312,-1.8346765214607907,0.0
0.5214503815569667,0.3401581615459752,-0.08212015224711373,-0.5276819024048041,-1.8528934395353753,-0.0007960512693731335,-0.2295943973907396,-0.0029523212054547183,14.13469926512432,-1.7665645376130885,13.960938330133251,-1.8281566889724519,0.0
0.5214515913108283,0.34102651466922507,-0.0821335293751327,-0.5275851579936549,-1.8543409627727125,-0.0008746318913845362,-0.22865320901647515,-0.002909664712949651,14.15974542119624,-1.760188241023222,13.986016067148084,-1.821811973325499,0.0
0.5214527575711829,0.3418733216635424,-0.0821470328021076,-0.5274871950680441,-1.8557466907745723,-0.0009460861790001354,-0.2277474971215226,-0.0028662826165057153,14.184173858792724,-1.7539835327172206,14.010474950278036,-1.815637710552965,0.0
0.5214538502080924,0.3426795056499488,-0.08216117520373033,-0.527386837814713,-1.8574233774587945,-0.0008740291056209379,-0.22634299276713507,-0.0028197313997067154,14.207440648372822,-1.74811371826039,14.033770263432194,-1.8097964196701937,0.0
0.5214549267328926,0.3434813351328527,-0.08217488123740886,-0.5272866971295329,-1.8587328569823947,-0.0009465180173961734,-0.22551325792141,-0.002775081227723775,14.230579108762248,-1.7422654209843076,14.056936826784826,-1.8039762253573173,0.0
0.5214559611297551,0.344260346416324,-0.08218868023060395,-0.5271855586082431,-1.8599987442683208,-0.0010134970138909885,-0.22472038274464465,-0.0027298209467139936,14.253063010254698,-1.736597609197648,14.079447731479581,-1.798335416772964,0.0
0.52145695403772,0.3450163211306235,-0.08220256519479929,-0.5270834855475153,-1.8612226682233162,-0.0010747618519141415,-0.22396064695957002,-0.0026839706104623286,14.274886013257776,-1.7311117675317338,14.10129665460637,-1.7928754952307626,0.0
0.5214579052221132,0.3457481981834863,-0.08221652483320047,-0.5269805499112307,-1.8624035080655692,-0.0011313763725933903,-0.2232349149260141,-0.00263757117072731,14.296017534728863,-1.7258158140141553,14.122453006996354,-1.7876043726320805,0.0
0.5214587952241618,0.3464427638750115,-0.08223095571879155,-0.5268758592157843,-1.8638000894678497,-0.0010688143253873557,-0.2220982969193522,-0.0025887492766468044,14.316081121988999,-1.720824034063289,14.14253982799418,-1.7826358264189042,0.0
0.5214596659220974,0.34712820874262823,-0.08224502076278625,-0.5267714433034392,-1.8648812505748678,-0.0011272650518630637,-0.2214494472776851,-0.002541419325260287,14.335879974474576,-1.7158928533591191,14.162361410278494,-1.7777273755134717,0.0
0.5214604976300493,0.34778921097769233,-0.0822591324619537,-0.5266663670982727,-1.8659196999659475,-0.0011813872678167181,-0.2208328943975306,-0.0024936380251284907,14.354977175333174,-1.7111533929873433,14.181480323092048,-1.7730096270966513,0.0
0.5214612745717138,0.34841417067375496,-0.0822736207651064,-0.5265598980767576,-1.8671387823001824,-0.0011307072296827222,-0.21986139645382746,-0.002443856697972867,14.373042089583294,-1.7067054399309973,14.199565519608777,-1.7685819563069143,0.0
0.5214620307831339,0.3490271059483613,-0.08228778275004398,-0.5264537381413054,-1.8680781447103527,-0.0011861361568583047,-0.21932065938654294,-0.0023953410553036944,14.390759138638439,-1.7023417892045813,14.217302309762047,-1.7642380466786232,0.0
0.5214627355168309,0.3496039989498613,-0.08230226187078722,-0.5263464128892211,-1.8691779434336833,-0.001145769216600902,-0.21845890549760383,-0.0023450876839713115,14.407443402813763,-1.6982678875047417,14.234004971195986,-1.7601825422373976,0.0
0.5214634208184065,0.35016883047414477,-0.08231644167208173,-0.5262394236031713,-1.8700118959697984,-0.0012018553796002164,-0.2179997984881555,-0.002295961838368494,14.423778928796027,-1.694279332219286,14.250358387156226,-1.7562118769299166,0.0
0.5214639368346913,0.35070775676182425,-0.08233062301954978,-0.5261319617253258,-1.8708027431208525,-0.0012545301214365,-0.21757203039088646,-0.0022465507000593503,14.439372113170338,-1.690494253083,14.265965042271443,-1.7524402685345386,0.0
0.5214644210340034,0.3512124980724931,-0.08234503434799871,-0.5260236782083028,-1.8717259089684684,-0.0012256221474306163,-0.2168728700725195,-0.002195781764020707,14.453984959443396,-1.6869817280832538,14.280590528694963,-1.7489403836852546,0.0
0.5214648892712725,0.35170172490273693,-0.08235918363625998,-0.5259157708681329,-1.872412566309749,-0.0012784614442618693,-0.2165241584079764,-0.0021459424798824017,14.468150064541371,-1.6835823904396432,14.294767857250072,-1.7455532694987772,0.0
0.5214653346600395,0.35216550922628614,-0.08237330949898765,-0.5258077175668107,-1.8730519119135056,-0.0013287473059729272,-0.21621022923212435,-0.002095914251068723,14.481584020999478,-1.680380300074673,14.308213440699147,-1.7423628061247753,0.0
0.5214657572943112,0.3526028195317657,-0.08238740293249869,-0.5256995785266882,-1.8736429723340018,-0.0013772633925003511,-0.21593209307294245,-0.0020457328868136457,14.494257109783083,-1.6773832078906807,14.320897562461635,-1.7393767469196648,0.0
0.521466153371901,0.3530080189680858,-0.08240162198225202,-0.5255910232127151,-1.8743234893957417,-0.0013636694306246103,-0.2154541596417342,-0.0019946575094941664,14.50600859386789,-1.6746394872119306,14.332659386256156,-1.7366433659506284,0.0
0.5214665344854004,0.3533939775644685,-0.08241600571635418,-0.5254821306724478,-1.8748109051992865,-0.0014124615855296873,-0.21525310387616547,-0.001943904018261916,14.517208534593397,-1.6720501456013512,14.343869276049857,-1.734063973408241,0.0
0.5214668903951488,0.35374786690062876,-0.08243028440620363,-0.5253733758908221,-1.8753664204024918,-0.001408813477081304,-0.21488805632522842,-0.0018926504152133319,14.527486256842845,-1.6697072032226898,14.354156289416949,-1.7317303221472227,0.0
0.5214672314533603,0.35408212234704145,-0.08244448463282462,-0.5252648391936212,-1.8757517956926684,-0.0014571730581107376,-0.21476117183049254,-0.0018418775956737781,14.53719924833603,-1.6675147013605784,14.363878184324495,-1.7295467236994742,0.0
0.5214675493551708,0.35438441698169615,-0.08245857174201039,-0.525156545433691,-1.8761827291150555,-0.0014633346968262184,-0.2145080810930659,-0.0017907713979676975,14.545993048533758,-1.6655674960411138,14.372680283432643,-1.727607817290432,0.0
0.5214678527263065,0.3546657335894739,-0.08247256516239919,-0.5250485664651938,-1.8764659081527877,-0.0015115663209838868,-0.21445509427601026,-0.0017400886972338638,14.554183362104844,-1.6637807282114478,14.380878516587062,-1.7258289690440969,0.0
0.5214681352941436,0.35491586332534697,-0.08248643842910132,-0.5249409312485511,-1.876768912757122,-0.0015277453566634649,-0.2143164790000272,-0.0016892258438818974,14.561476643193462,-1.6622330113359847,14.38817917418343,-1.724288628676383,0.0
0.5214684014676337,0.3551403614838083,-0.08250019650136603,-0.5248336977533995,-1.8770072948270313,-0.0015494952255589878,-0.21423573850710032,-0.0016385247126274813,14.568032542572283,-1.6608812814531981,14.394742022091256,-1.7229438473226013,0.0
0.521468652793069,0.35533991911054813,-0.08251384020044063,-0.5247269153893637,-1.8771309675529255,-0.0015989959926323925,-0.21429829905071443,-0.001588176775786283,14.573870908306604,-1.6597201740877499,14.400586948742202,-1.7217893008737777,0.0
0.521468888684136,0.35551308055272157,-0.08252735750395267,-0.5246206229554449,-1.8772025957322878,-0.001648287265252876,-0.2143976625263414,-0.0015379842742810354,14.578949816254056,-1.6587606570010305,14.405672014688033,-1.7208359417854382,0.0
0.5214691084047797,0.3556572469563536,-0.0825407404992004,-0.5245148617824124,-1.8772504313105967,-0.0016852827849121454,-0.21448488562514542,-0.0014878820434424966,14.583194518315166,-1.65802269730913,14.409922452614367,-1.7201037179587622,0.0
0.5214693135781622,0.3557735702458012,-0.08255398893508843,-0.5244096784785551,-1.8772343730381542,-0.0017279894830372396,-0.21462797160873007,-0.0014380252866046197,14.586638099796774,-1.6574973191328637,14.413371390201121,-1.7195836958876403,0.0
0.5214695059425398,0.3558643500657972,-0.08256709912822975,-0.5243051157855068,-1.8771485366347525,-0.001778862169380559,-0.21483723890180698,-0.0013884521449687016,14.589346605589064,-1.6571665321374183,14.41608491771611,-1.7192579306148947,0.0
0.5214696902115993,0.35594039321895204,-0.08258006145634672,-0.5242012173666826,-1.8770361024156967,-0.001829263892438758,-0.215063353682195,-0.001339144062547949,14.591630508000321,-1.65694606130966,14.418373630519655,-1.7190422701794243,0.0
0.5214699311296871,0.35620042074301034,-0.08259257375724188,-0.5240980869486636,-1.8790897056590916,-0.0017510912795378403,-0.21324895860102483,-0.001290139391172103,14.599198246743514,-1.6552829084429281,14.425947658492932,-1.7173854065427754,0.0
0.5214702660929247,0.3567852146021467,-0.08260444571452798,-0.523995799348674,-1.8849217648184822,-0.0014533651080075064,-0.2078725947986303,-0.0012414567459602382,14.616094205796653,-1.6510776641347318,14.442852361849539,-1.713188906538046,0.0
0.5214706643634962,0.35763596662515423,-0.0826158344995537,-0.5238943601371603,-1.8936938063738222,-0.0010033593843541974,-0.19970544408387714,-0.001193114226971703,14.64062974672141,-1.6447920166273429,14.467398299732373,-1.706913655988734,0.0
0.521471097434356,0.3586977549444487,-0.08262688521523585,-0.5237937760062809,-1.9045801908689113,-0.00047213427886094565,-0.18950206993266067,-0.0011451294193530039,14.671227808112357,-1.6368570928474329,14.498007666552082,-1.6989900376375862,0.0
0.521471539136517,0.3599112932797097,-0.08263772126686582,-0.5236940548814487,-1.916747263283014,7.410229404765931e-05,-0.17802990550609324,-0.0010975193937485764,14.706185687243563,-1.6277372620970079,14.532977076434438,-1.6898817376383102,0.0
0.521471966763024,0.36120909621737013,-0.08264843725207707,-0.5235952070500202,-1.929362342375074,0.0005817480697425092,-0.16606801767006113,-0.0010503007069717187,14.743564752454267,-1.617959700069651,14.57036730494764,-1.6801153389134509,0.0
0.5214723618679106,0.36251184262046154,-0.08265909910706602,-0.5234972459654171,-1.9415838323427526,0.001013118208457264,-0.154420307080768,-0.001003489402931881,14.781085910873653,-1.6081426270920822,14.607898777684063,-1.6703085802529207,0.0
0.521472711150522,0.36372807379059596,-0.08266974696251206,-0.5234001891370557,-1.9525663036935914,0.0013466434235085323,-0.1439106254110097,-0.0009571010138142791,14.816120943543108,-1.5989977226708914,14.642942928468006,-1.661172793946217,0.0
0.5214730063922167,0.36475455622039404,-0.08268040267914754,-0.5233040580730816,-1.9614514999367767,0.001572900215829797,-0.13538779886188876,-0.0009111505615077513,14.845702991045352,-1.5913275256259412,14.672532683332387,-1.653510304263405,0.0
0.5214732437766322,0.36548086010789016,-0.08269107843674983,-0.5232088776070886,-1.9673802985599798,0.0016888700162473696,-0.1297079262969382,-0.0008656525592765937,14.866658224845427,-1.5859901295360832,14.693494114115097,-1.6481791051561827,0.0
0.5214734217260147,0.36579322952208027,-0.08270178877262319,-0.5231146737413087,-1.9694777998865276,0.0016897990752012281,-0.12774115024312604,-0.0008206210136719542,14.875717205556029,-1.5838694988095325,14.702557740241161,-1.6460631198450926,0.0
0.5214735687589284,0.3658615852189087,-0.08271243353674444,-0.5230215015115771,-1.969373276068106,0.0016305774612599792,-0.12791308686491015,-0.000776069426678354,14.877762641787282,-1.5836426192924804,14.704607014805319,-1.6458400786609442,0.0
0.5214737135354041,0.3659291443454169,-0.08272290390242304,-0.522929415040124,-1.969270637610918,0.001573024276230234,-0.12808164462123683,-0.0007320107980906705,14.879783857954374,-1.5834169438514651,14.706632010400408,-1.6456181826479255,1.0
0.5214738560346098,0.3659958887639101,-0.08273319818408878,-0.5228384387212623,-1.9691698914522835,0.0015171233228260385,-0.12824680182448536,-0.0006884576281168737,14.881780319923298,-1.5831925651736694,14.708632192348597,-1.6453975239493948,1.0
0.5214739962378151,0.36606180110466,-0.0827433148191807,-0.5227485959127339,-1.969071043429271,0.0014628578922440043,-0.12840853892713328,-0.0006454219202016899,14.88375151656086,-1.5829695734895595,14.710607049027727,-1.6451781923068531,1.0
0.521474134128329,0.366126864759851,-0.08275325236632536,-0.5226599089443824,-1.9689740983120638,0.0014102108071488155,-0.1285668384989607,-0.0006029151840662644,14.88569695954735,-1.5827480565683798,14.71255609168237,-1.644960275053825,1.0
0.5214742696914384,0.36619106387724426,-0.08276300950349373,-0.5225723991271697,-1.968879059836478,0.0013591644627118462,-0.12872168520304073,-0.000560948438958809,14.88761618318093,-1.582528099715219,14.714478854226595,-1.6447438571113098,1.0
0.5214744029143463,0.36625438335356847,-0.08277258502613793,-0.5224860867625233,-1.968785930735643,0.0013097008657455065,-0.1288730657705665,-0.0005195322171111286,14.889508744174002,-1.5823097857696216,14.716374893038736,-1.6445290209847812,1.0
0.5214745337861101,0.3663168088276455,-0.08278197784530958,-0.522400991152006,-1.9686947127708543,0.0012618016719778678,-0.12902096897456608,-0.00047867656739584324,14.891374221441827,-1.5820931951057244,14.718243786748394,-1.6443158467627157,1.0
0.5214746622975801,0.36637832667326,-0.08279118698576102,-0.5223171306072953,-1.9686054067616128,0.001215448221513858,-0.12916538560255608,-0.00043839105917905,14.893212215883633,-1.5818784056338864,14.720085136015944,-1.6441044121166228,1.0
0.5214747884413393,0.3664389239917812,-0.08280021158403099,-0.5222345224604638,-1.9685180126148643,0.001170621572530672,-0.12930630842818586,-0.0003986847863631085,14.89502235015648,-1.5816654928037879,14.721898563304823,-1.643894792302555,1.0
0.5214749122116424,0.36649858860454604,-0.08280905088651616,-0.5221531830745479,-1.9684325293534553,0.0011273025332562022,-0.12944373218192262,-0.00035956637161414003,14.896804268442152,-1.581454529608971,14.723683712646826,-1.6436870601640714,1.0
0.5214750336043561,0.3665573090450117,-0.08281770424752974,-0.522073127854397,-1.9683489551438185,0.0010854716922801752,-0.12957765352082917,-0.00032104397076882483,14.898557636207302,-1.581245586592793,14.72544024940071,-1.6434812861366275,1.0
0.5214751526168998,0.36661507455068637,-0.08282617112734868,-0.5219943712577892,-1.9682672873229066,0.001045109447248392,-0.12970807099748444,-0.00028312527741497447,14.900282139957147,-1.5810387318557613,14.727167860004325,-1.6432775382533669,1.0
0.5214752692481874,0.3666718750548469,-0.08283445109025071,-0.5219169268068075,-1.96818752242439,0.0010061960319909173,-0.12983498502809696,-0.0002458175276403699,14.901977486982927,-1.580834031064222,14.72886625172056,-1.6430758821522828,1.0
0.5214753834985696,0.366727701178052,-0.08284254380254244,-0.5218408070994608,-1.9681096562041378,0.0009687115421353924,-0.12995839785986132,-0.00020912750494425867,14.903643405103423,-1.580631547460371,14.730535152377348,-1.642876381084724,1.0
0.5214754953697769,0.36678254421945905,-0.08285044903057982,-0.5217660238215444,-1.9680336836649956,0.0009326359592566297,-0.13007831353760635,-0.00017306154530592605,14.905279642400746,-1.5804313418735552,14.732174310101977,-1.6426790959252133,1.0
0.5214756048648638,0.3668363961479535,-0.08285816663878218,-0.5216925877587261,-1.9679595990808845,0.0008979491736138097,-0.13019473786978356,-0.00013762554240468082,14.90688596695069,-1.5802334727328338,14.73378349304998,-1.6424840851825508,1.0
0.5214757119881542,0.3668892495930987,-0.08286569658764094,-0.5216205088088494,-1.9678873960202339,0.0008646310055261828,-0.13030767839384333,-0.00010282495298561233,14.908462166547865,-1.5800379960807642,14.735362489128843,-1.642291405012168,1.0
0.5214758167451873,0.3669410978359154,-0.08287303893172428,-0.5215497959944434,-1.9678170673687698,0.0008326612254380048,-0.1304171443410463,-6.866480236543147e-05,14.910008048425889,-1.5798449655883846,14.73691110571678,-1.642101109229704,1.0
0.5214759191426648,0.36699193479949827,-0.08288019381767875,-0.5214804574754288,-1.9677486053516766,0.000802019572722942,-0.130523146600755,-3.5149690072718875e-05,14.91152343897285,-1.5796544325713546,14.738429169376838,-1.6419132493257709,1.0
0.5214760191883996,0.36704175503947856,-0.08288716148222894,-0.5214125005620104,-1.9676820015551495,0.0007726857732776004,-0.13062569768425186,-2.283795616872906e-06,14.91300818344233,-1.5794664460072245,14.739916525566553,-1.6417278744818757,1.0
0.5214761168912652,0.36709055373434024,-0.08289394225017635,-0.5213459317277458,-1.9676172469473578,0.000744639555953224,-0.13072481168812697,2.9929115619913062e-05,14.914462145660188,-1.579281052553798,14.74137303834343,-1.6415450315874665,1.0
0.5214762122611464,0.36713832667559876,-0.0829005365323984,-0.5212807566227812,-1.9675543318988373,0.0007178606678738475,-0.13082050425727917,6.148568637335083e-05,14.915885207727378,-1.579098296568553,14.742798590066467,-1.641364765258069,1.0
0.5214763053088917,0.36718507025784947,-0.08290694482384853,-0.5212169800872435,-1.967493246202328,0.0006923288886883693,-0.1309127925475728,9.238296137609798e-05,14.917277269719017,-1.5789182201290883,14.744193081093984,-1.6411871178544812,1.0
0.521476396046266,0.3672307814686944,-0.08291316770155854,-0.5211546061647797,-1.9674339790920783,0.0006680240438031922,-0.1310016951881907,0.00012261838113080575,14.918638249379958,-1.5787408630545605,14.745556429477963,-1.641012129502991,1.0
0.5214764844859061,0.3672754578785553,-0.08291920582264392,-0.5210936381162337,-1.9673765192626307,0.0006449260166410673,-0.1310872322437243,0.0001521897755828213,14.919968081817089,-1.578566262928076,14.746888570655171,-1.6408398381165825,1.0
0.5214765706412754,0.36731909763037973,-0.08292505992231317,-0.521034078433451,-1.9673208548871086,0.0006230147599707973,-0.13116942517603924,0.00018109535769813556,14.921266719188598,-1.5783944551200042,14.748189457135268,-1.6406702794170995,1.0
0.5214766545266222,0.3673616994292497,-0.08293073081188199,-0.5209759288532023,-1.9672669736350201,0.0006022703063515145,-0.13124829680595487,0.00020933371695220358,14.92253413039042,-1.5782254728121785,14.749459058186146,-1.6405034869583273,1.0
0.5214767361569377,0.36740326253189876,-0.08293621937679317,-0.5209191903712163,-1.9672148626895969,0.0005826727777340918,-0.1313238712747742,0.00023690381273514639,14.923770300740122,-1.5780593470229463,14.750697359516714,-1.6403394921499623,1.0
0.521476815547916,0.3674437867361464,-0.08294152657464308,-0.5208638632563118,-1.9671645087646836,0.0005642023942611669,-0.13139617400570053,0.00026380496767887786,14.924975231658399,-1.5778961066330366,14.751904362957372,-1.6401783242824335,1.0
0.5214768927159155,0.36748327237025613,-0.08294665343321546,-0.5208099470646229,-1.9671158981211956,0.0005468394823062101,-0.1314652316651748,0.00029003686091161237,14.926148940348462,-1.5777357784122101,14.753080086138366,-1.6400200105525387,1.0
0.521476967677921,0.36752172028222546,-0.08295160104852332,-0.5207574406539035,-1.9670690165831592,0.0005305644817908584,-0.13153107212416798,0.0003155995212451869,14.92729145947348,-1.5775783870466562,14.754224562166266,-1.6398645760898656,1.0
0.5214770404515083,0.3675591318290146,-0.08295637058285986,-0.5207063421979073,-1.9670238495533512,0.0005153579528186357,-0.13159372441946057,0.0003404933203005631,14.928402836832326,-1.577423955167102,14.755337839298761,-1.6397120439839596,1.0
0.5214771110548091,0.3675955088657211,-0.0829609632628588,-0.5206566492008315,-1.9669803820285527,0.000501200581662023,-0.1316532187149407,0.00036471896557682806,14.929483135033825,-1.5772725033776007,14.756419980618006,-1.6395624353122038,1.0
0.5214771795064773,0.3676308537347073,-0.08296538037756522,-0.520608358511816,-1.9669385986144312,0.0004880731861386838,-0.1317095862629513,0.0003882774934689591,14.930532431169706,-1.5771240502849637,14.757471063702699,-1.6394157691683788,1.0
0.5214772458256575,0.3676651692546876,-0.08296962327651729,-0.5205614663394906,-1.9668984835400658,0.0004759567204114764,-0.13176285936571547,0.00041117026223954245,14.931550816486476,-1.5769786125288032,14.758491180299119,-1.6392720626918675,1.0
0.5214773100319534,0.36769845870978296,-0.08297369336783969,-0.5205159682665615,-1.9668600206721292,0.000464832279245792,-0.13181307133686868,0.00043339894494959013,14.932538396056412,-1.576836204812151,14.759480435991307,-1.6391313310974687,1.0
0.5214773721453992,0.3677307258385479,-0.08297759211634934,-0.520471859264428,-1.9668231935287401,0.0004546811017565252,-0.13186025646312444,0.00045496552235350614,14.933495288447848,-1.5766968399326202,14.760438949870593,-1.638993587705788,1.0
0.5214774321864307,0.36776197482297784,-0.08298132104167397,-0.520429133707822,-1.9667879852929993,0.0004454845746759348,-0.13190444996610004,0.0004758722757632,14.934421625394993,-1.5765605288140787,14.761366854204665,-1.6388588439741723,1.0
0.5214774901758581,0.3677922102775032,-0.08298488171638428,-0.5203877853894636,-1.9667543788262203,0.00043722423517246657,-0.13194568796432735,0.0004961217798862709,14.93531755146743,-1.5764272805387978,14.762264294106362,-1.6387271095281528,1.0
0.5214775461348405,0.3678214372379753,-0.08298827576414013,-0.5203478075347224,-1.9667223566808691,0.0004298817732495444,-0.131984007435473,0.0005157168956430869,14.936183223739494,-1.5762971023800463,14.76313142720239,-1.638598392193365,1.0
0.5214776000848615,0.3678496611506519,-0.08299150485785127,-0.5203091928162785,-1.9666919011132238,0.00042343903375221615,-0.13201944617879097,0.0005346607629675406,14.937018811459737,-1.5761699998350978,14.763968423302128,-1.6384726980279114,1.0
0.5214776520477051,0.3678768878611873,-0.08299457071785334,-0.5202719333687761,-1.9666629940957634,0.0004178780180084695,-0.1320520427778299,0.00055295679359614,14.93782449572061,-1.5760459766586186,14.764775464066707,-1.638350031355138,1.0
0.5214777020454338,0.3679031236036335,-0.08299747511009936,-0.5202360208034607,-1.9666356173293003,0.000413180885130982,-0.1320818365634165,0.0005706086638500346,14.93860046912859,-1.5759250348964065,14.76555274267855,-1.6382303947967878,1.0
0.5214777501003669,0.3679283749894581,-0.08300021984436756,-0.520201446222794,-1.966609752254864,0.0004093299530040406,-0.13210886757693532,0.0005876203074144821,14.939346935474882,-1.5758071749194469,14.766300463511516,-1.6381137893065034,1.0
0.521477796235061,0.36795264899658436,-0.08300280677248559,-0.5201682002350394,-1.9665853800653472,0.0004063076989793371,-0.13213317653392453,0.0006039959081201752,14.94006410940689,-1.5756923954582593,14.767018841801855,-1.638000214203646,1.0
0.5214778404722903,0.3679759529584598,-0.08300523778657191,-0.5201362729688099,-1.9665624817169227,0.0004040967603033384,-0.13215480478800606,0.0006197398927307431,14.940752216100606,-1.575580693637502,14.767708103320082,-1.6378896672074006,1.0
0.5214778828350286,0.36799829455315747,-0.08300751481729472,-0.520105654087573,-1.9665410379402428,0.00040267993429800644,-0.13217379429516815,0.0006348569237406692,14.94141149093408,-1.575472065010807,14.768368484043988,-1.637782144471137,1.0
0.5214779233464323,0.36801968179251654,-0.08300963983214858,-0.5200763328041055,-1.966521029251427,0.0004020401783156555,-0.13219018757841697,0.0006493518921877563,14.942042179162137,-1.5753665035958142,14.769000229832898,-1.6376776406169966,1.0
0.5214779620298238,0.36804012301132644,-0.08301161483374954,-0.5200482978948912,-1.966502435962848,0.00040216060948781795,-0.13220402769281347,0.000663229910484183,14.942644535592475,-1.5752640019093807,14.76960359610335,-1.6375761487706775,1.0
0.5214779989086765,0.36805962685656,-0.08301344185814878,-0.5200215377144563,-1.9664852381937243,0.00040302450428709096,-0.1322153581909109,0.0006764963052700994,14.943218824263308,-1.575164551002932,14.77017884750634,-1.6374776605963852,1.0
0.5214780340066004,0.36807820227666044,-0.08301512297316538,-0.5199960402096352,-1.9664694158805254,0.0004046152979200817,-0.13222422308860712,0.0006891566102935964,14.943765318122692,-1.5750681404979325,14.770726257606265,-1.6373821663319263,1.0
0.5214780673473283,0.3680958585108867,-0.08301666027673839,-0.5199717929337611,-1.9664549487871983,0.00040691658356867196,-0.13223066683142584,0.0007012165593208063,14.944284298709666,-1.5749747586214466,14.771246108561714,-1.6372896548239135,1.0
0.5214780989547027,0.36811260507872234,-0.08301805589529866,-0.5199487830607756,-1.966441816515222,0.00040991211149604283,-0.1322347342612396,0.0007126820790797699,14.944776055837366,-1.5748843922417641,14.771738690808238,-1.6372001135630556,1.0
0.5214781288526641,0.36812845176935166,-0.08301931198216063,-0.5199269973992524,-1.9664299985134954,0.00041358578803306795,-0.1322364705834467,0.0007235592822416204,14.945240887278212,-1.5747970269040659,14.772204302743235,-1.637113528719508,1.0
0.5214781570652397,0.36814340863120837,-0.08302043071593443,-0.519906422406327,-1.966419474088066,0.0004179216744598995,-0.1322359213346138,0.0007338544604425228,14.945679098451333,-1.5747126468661026,14.772643250413067,-1.6370298851782548,1.0
0.5214781836165324,0.3681574859616002,-0.08302141429895865,-0.5198870442015303,-1.966410222411705,0.000422903985796832,-0.13223313235059495,0.0007435740773497097,14.94609100211232,-1.5746312351338658,14.773055847202537,-1.6369491665745017,1.0
0.521478208530711,0.36817069429641397,-0.08302226495575386,-0.5198688485805188,-1.9664022225333333,0.00042851708951779444,-0.13222814973513736,0.0007527247617748443,14.946476918045454,-1.5745527734972238,14.77344241352686,-1.6368713553290497,1.0
0.5214782318320008,0.36818304439990507,-0.0830229849314973,-0.5198518210286964,-1.966395453387305,0.0004347455041990877,-0.1322210198289834,0.0007613133008378503,14.946837172758503,-1.5744772425655016,14.773803276526213,-1.63679643268363,1.0
0.5214782535446747,0.368194547254575,-0.08302357649051889,-0.5198359467347236,-1.966389893802552,0.0004415738981153152,-0.13221178917947787,0.000769346633184232,14.947172099180227,-1.5744046218029821,14.774138769763,-1.6367243787361747,1.0
0.5214782736930448,0.3682052140511408,-0.08302404191481882,-0.5198212106039092,-1.9663855225115958,0.00044898708779378865,-0.13220050451068857,0.000776831842258816,14.94748203636066,-1.574334889564307,14.774449232921937,-1.6366551724760021,1.0
0.5214782923014548,0.36821505617859995,-0.08302438350260696,-0.5198075972714794,-1.9663823181594289,0.00045697003653803075,-0.13218721269404843,0.0007837761496387269,14.947767329174322,-1.5742680231297548,14.774735011513041,-1.6365887918188915,1.0
0.521478309394273,0.36822408521439404,-0.08302460356686416,-0.5197950911157203,-1.9663802593122703,0.00046550785293037773,-0.1321719607195258,0.0007901869084283286,14.948028328026423,-1.574203998740378,14.774996456577655,-1.63652521364203,1.0
0.5214783249958848,0.3682323129146746,-0.08302470443392576,-0.5197836762709892,-1.966379324466201,0.00047458578932309996,-0.13215479566732977,0.0007960715967187297,14.948265388562161,-1.5741427916329764,14.775233924397575,-1.6364644138188087,1.0
0.5214783391306866,0.36823975120467445,-0.0830246884420875,-0.519773336640591,-1.966379492055679,0.00048418924032683953,-0.1321357646801564,0.0008014378111143885,14.948478871379242,-1.5740843760748904,14.77544777620738,-1.6364063672534468,1.0
0.5214783789844132,0.368003521228802,-0.08302447103087263,-0.5197640830708476,-1.9641647309334305,0.0004054736343846735,-0.13424209435757176,0.0008062932603291993,14.941686934669052,-1.5759123488104785,14.768656879889209,-1.6382353803810528,1.0
0.5214784661833441,0.36734702668963265,-0.08302399477853711,-0.519755920642906,-1.9580895407622834,0.0001675508363092796,-0.14004843674984116,0.000810645758854396,14.922813114726226,-1.5809963576280013,14.749785336297423,-1.6433216655496155,1.0
0.5214785938710141,0.3663796861295484,-0.08302329547269197,-0.5197488257618994,-1.949028700661803,-0.00021371095820622472,-0.1486959205893547,0.0008145032207004525,14.895002688961663,-1.58848769093121,14.721978243853087,-1.6508163321730525,1.0
0.5214787553172702,0.3652123151370798,-0.08302239986788128,-0.5197427747783074,-1.937846238091491,-0.000727401766685205,-0.1593314678473096,0.0008178736532151301,14.861441016860502,-1.5975265251170454,14.688420786348926,-1.659859380955888,1.0
0.521478941820889,0.3639517483603257,-0.08302133664935615,-0.5197377419027217,-1.9254087936486102,-0.0013574396661250772,-0.17110455907402852,0.0008207651509795952,14.825199078534405,-1.6072840375326738,14.652183716748882,-1.6696217620975684,1.0
0.5214791420302697,0.3626946632039869,-0.08302014294568896,-0.5197336985385292,-1.9125715974832476,-0.002075835512007905,-0.18318799224971397,0.0008231858897846516,14.789056014885345,-1.61701057303194,14.616045879618389,-1.6793535241154023,1.0
0.5214793419539071,0.3615258605507702,-0.08301886856418729,-0.5197306133042177,-1.900186134529563,-0.0028374447740931587,-0.1947754657026559,0.0008251441206887459,14.755449744899618,-1.6260491191129882,14.58244482869183,-1.6883972892556176,1.0
0.5214795258167553,0.360517276462179,-0.08301757629349185,-0.5197284529014058,-1.8890943518702572,-0.0035785613407450785,-0.20508877692610963,0.0008266481641595476,14.726448551080503,-1.633842979253966,14.553448434660751,-1.6961959491846312,1.0
0.5214796769232276,0.35973054699817025,-0.08301634020236306,-0.5197271829893465,-1.8801385845226928,-0.004218292209133405,-0.21336652208806878,0.0008277064043007192,14.703824772984328,-1.639915792049991,14.5308286012388,-1.7022727066548808,1.0
0.5214797787134535,0.3592197364213818,-0.0830152399433316,-0.5197267692525167,-1.8741525118722493,-0.004664905226942604,-0.2188667918427142,0.0008283272831653816,14.689133163139758,-1.6438501637746934,14.516139648654862,-1.7062097356402164,1.0
0.5214798150090117,0.359038568512516,-0.08301435466057978,-0.5197271776575139,-1.8719818637981132,-0.004823375100381552,-0.22083891918354717,0.0008285192951576913,14.683918679006084,-1.6452313255510176,14.510926112026285,-1.707591844921638,1.0
0.5214798128734345,0.3590402625930364,-0.08301355541375847,-0.5197284173245496,-1.8719972357346752,-0.004807719062295937,-0.22079832870122812,0.0008282909815239023,14.683961190680352,-1.6451952239977317,14.510968567950748,-1.707555687618547,1.0
0.52147980965672,0.3590413182487609,-0.08302466297449922,-0.5197305075827761,-1.8720132594815226,-0.004792036331625094,-0.22075632630189057,0.0008276509249341282,14.6840778436619,-1.645506320921801,14.51108513695912,-1.7078667005694386,1.0
0.5214798050316805,0.3590417476476195,-0.08305855950139616,-0.5197336715919186,-1.872029911825145,-0.004776339857603096,-0.22071295874138075,0.0008266096322297316,14.684353510619998,-1.6464773014899379,14.511360683179342,-1.7088375603996997,1.0
0.5214797983269739,0.359041562917207,-0.0831150116413825,-0.519738364359096,-1.8720471723698433,-0.004760636097585081,-0.22066827602242206,0.0008251693190564737,14.684786736508068,-1.6481013732292682,14.511793734039284,-1.7104614571109003,1.0
0.5214797888512376,0.3590407762441847,-0.08319377930962044,-0.5197450543549724,-1.8720650208327723,-0.004744931354641457,-0.2206223278106547,0.0008233365440694843,14.68537601595896,-1.6503715499836416,14.512382766123588,-1.7127313864986848,1.0
0.5214797759455322,0.35903939988677874,-0.08329463349202514,-0.5197541877789718,-1.8720834370860284,-0.004729231767117511,-0.22057516340695113,0.0008211298564994451,14.686119931228573,-1.6532811628124018,14.513126344486366,-1.7156406624206104,1.0
0.5214797589317589,0.3590374461540687,-0.08341733872770668,-0.5197662237222549,-1.8721024011412195,-0.004713543297571223,-0.22052683178071805,0.0008185517075897477,14.68701701622144,-1.6568233573338695,14.514022985330204,-1.7191824127930488,1.0
0.5214797371303255,0.3590349274094672,-0.08356165911039144,-0.5197816221288939,-1.8721218931776409,-0.004697871711671115,-0.22047738153787685,0.0008156045883339015,14.688065802973133,-1.660991265960401,14.515071202949741,-1.7233497522874244,1.0
0.521479709860199,0.3590318560695258,-0.0837263584159809,-0.519800843547779,-1.8721418938112866,-0.004682222017209751,-0.2204268611887605,0.0008123012789363495,14.689257055886662,-1.6657492695367853,14.516261743969443,-1.7281070439699817,1.0
0.5214796764729306,0.35902824461468796,-0.08391321121960771,-0.5198243268175429,-1.8721623831245848,-0.0046666006135953775,-0.22037531797518722,0.000808660595108835,14.690604924825378,-1.6711482844835346,14.517608741324732,-1.7335051873333047,1.0
0.5214793177147936,0.35902310209236,-0.08401188208871346,-0.520069777800264,-1.8721830256859449,-0.0046513267010744085,-0.22032264891085743,0.0008048984542986524,14.691228150271167,-1.6740289094025995,14.518222601294946,-1.7363764467767941,1.0
0.521479276559475,0.3590184513502002,-0.08424054532747474,-0.5200987211826469,-1.8722044529069686,-0.00463575529721139,-0.22026921020982224,0.0008005832632087352,14.692870981972234,-1.680637813981954,14.519864358625592,-1.7429842769857276,1.0
0.5214788409540186,0.35901332528059077,-0.0843596724691736,-0.5203965324133882,-1.8722263214726482,-0.0046200347215827366,-0.22021470697929352,0.0007956301550826925,14.693654562942056,-1.684107268782007,14.520636568000342,-1.7464423601907093,1.0
0.5214783732262394,0.3590067705061063,-0.08448904081459628,-0.5207164570693492,-1.872248269545701,-0.004604798474089811,-0.220159438949153,0.0007908874623895737,14.694477041658637,-1.687882591888806,14.521446836560157,-1.7502054731407433,1.0
0.5214778717033117,0.35899981378918483,-0.08463015964579705,-0.5210594650184304,-1.872270417843818,-0.00458965573902856,-0.22010377542146295,0.0007858628717263892,14.695379673817508,-1.6919992102819859,14.52233637633102,-1.7543089991459169,1.0
0.5214778198393046,0.35899324374286373,-0.08494603240541111,-0.5210959624608055,-1.8722935448814417,-0.004574166300089637,-0.22004713420399125,0.0007803368297942736,14.697644826848665,-1.7011297370001552,14.524600175438623,-1.7634381719405323,1.0
0.521477240715859,0.35898547028739014,-0.08510523323761027,-0.5214919612871575,-1.872316452374029,-0.004559058024434254,-0.21999005266762187,0.0007741849659875877,14.69866543830671,-1.7057734244702543,14.525605668726717,-1.7680667412406808,1.0
0.5214766287209955,0.35897733308713936,-0.0852764818919264,-0.5219103998356008,-1.8723400976576856,-0.004543783348646072,-0.21993170903100806,0.0007680663494713721,14.699769599685329,-1.7107666442472271,14.526693853818374,-1.7730439847306918,1.0
0.5214759847231357,0.3589679141103233,-0.08545799687130644,-0.5223508243387327,-1.8723633332934437,-0.004529152685273908,-0.21987358739381058,0.0007622009250273287,14.700917077598922,-1.7160653112298665,14.527824519998365,-1.7783258399797286,1.0
0.5214759201287635,0.35895863575265113,-0.08585925080615468,-0.522396307588165,-1.8723877438820546,-0.004514113505176534,-0.21981427740980114,0.0007555968230102727,14.703767712681055,-1.7276710611639332,14.530673468827414,-1.7899299036607113,1.0
0.5214751977855051,0.3589485538497684,-0.08605855639254631,-0.5228901856258255,-1.872411985286237,-0.004499348747622775,-0.21975447352051045,0.0007487445825332909,14.705035339761741,-1.733487236529323,14.531922238947248,-1.795727222065249,1.0
0.5214744420394732,0.35893723892898793,-0.08626964048269053,-0.5234069830316792,-1.8724363629121055,-0.004484954508612599,-0.21969402368371893,0.0007416709765055515,14.706359449516885,-1.7396519614116224,14.533226619753348,-1.801872217998506,1.0
0.5214743630843903,0.3589258219838639,-0.08673148863158683,-0.5234624536280658,-1.8724615355513285,-0.004470328015838295,-0.21963314435334907,0.0007343396411219261,14.709619450244311,-1.7530161031282285,14.536484559337556,-1.8152342985718943,1.0
0.5214742692295583,0.3589130560884042,-0.08720937103558232,-0.5235282546241028,-1.8724867777073086,-0.004456156917942497,-0.21957165141224425,0.0007267711496502146,14.712965411044797,-1.766851772667409,14.539828070032952,-1.8290675180059857,1.0
0.5214733861150305,0.35890095984108267,-0.08744274928461798,-0.5241318891128597,-1.8725120969853002,-0.004441751511877418,-0.2195098149365888,0.0007190621899130032,14.714441888138982,-1.7736650058645764,14.541281493189988,-1.8358576972660041,1.0
0.5214724726940886,0.3588877469177367,-0.0876859435757569,-0.5247562965594559,-1.8725375131935047,-0.004427685026301389,-0.21944751506425078,0.0007109549200129737,14.715962911581428,-1.7807694390137256,14.542778671538374,-1.8429382853210925,1.0
0.5214715257567191,0.35887446670499806,-0.08794093718211587,-0.5254035042442915,-1.8725629900023648,-0.004413637876169032,-0.21938538307135938,0.0007026680500561956,14.717574089400673,-1.7882139665724492,14.544365129308392,-1.8503580928305923,1.0
0.5214705477725263,0.35886013480947143,-0.08820549107589783,-0.526071968901187,-1.8725885458302896,-0.004399906986385577,-0.21932288044139822,0.0006942102051217291,14.71922970640282,-1.795941847751446,14.545995215775825,-1.8580604434748746,1.0
0.5214695379656183,0.3588457762945146,-0.08848140985792351,-0.5267620676473779,-1.8726145104506875,-0.004386016724733553,-0.2192599962433509,0.0006858794084843537,14.720973252141821,-1.8039969986638642,14.547712400239757,-1.8660892331122219,1.0
0.5214684965927187,0.3588304337388966,-0.08876870823335155,-0.5274737566586195,-1.872640541338675,-0.00437241332444574,-0.2191968328329924,0.0006771824152251853,14.722777320227816,-1.8123872746889014,14.54948928301216,-1.8744523238236666,1.0
0.5214674243236336,0.3588141388039857,-0.08906561102380786,-0.5282065699134981,-1.8726666286394906,-0.004359088422297164,-0.2191334337088838,0.0006683386660195951,14.724629024990069,-1.821061398902817,14.551312995907772,-1.8830984561709394,1.0
0.5214673122473894,0.35879504117538363,-0.08971033583667977,-0.528285016315295,-1.8726931973229994,-0.0043459688213320895,-0.21906991060683498,0.0006593074558551573,14.729089210784347,-1.8397418367013492,14.555770255922202,-1.9017759681896247,1.0
0.5214671796759264,0.35877574082391606,-0.09036823417697955,-0.5283774096704378,-1.872719886512467,-0.004332900771303002,-0.21900636034498222,0.0006501184372000265,14.733646159354848,-1.85880274881083,14.560323743679774,-1.9208334194861763,1.0
0.5214659731986226,0.35875737719874495,-0.09068386395177273,-0.5292018201169354,-1.8727461744262561,-0.004320253760644534,-0.21894238405074393,0.0006407196041965092,14.735585623142496,-1.8680329398951367,14.562231712059916,-1.9300321151629765,1.0
0.5214658195281525,0.35873568840886205,-0.09137674345960983,-0.5293087297467951,-1.8727728311365899,-0.0043078493599425045,-0.21887856277611167,0.0006312452395924382,14.740345927105663,-1.8881180988229433,14.566988004415022,-1.9501132624827209,1.0
0.5214656436948458,0.35871284565257133,-0.09208315590363336,-0.5294308347333861,-1.8727993938911285,-0.004295871403372449,-0.2188146200757971,0.000621639458863759,14.74517846816996,-1.9086014719772009,14.571815955304576,-1.9705920454622357,1.0
0.5214643001131224,0.35869168107350236,-0.092414437087469,-0.5303488764230371,-1.872825466285377,-0.004284298256919708,-0.21875046472353063,0.0006114740243944965,14.747160797337658,-1.9183050566925235,14.573763209917809,-1.9802605556230948,1.0
0.5214629264886216,0.3586708347294882,-0.0927566617973107,-0.5312872620805095,-1.872851732086223,-0.004272517835307673,-0.21868658200306806,0.0006017951798476507,14.749237678509042,-1.9283210970288422,14.575804232260117,-1.9902407371303383,1.0
0.521461522777951,0.35865036998067784,-0.09310881188502058,-0.5322460151515773,-1.872877766902893,-0.004260699848992475,-0.21862374113719496,0.0005918149261084767,14.75140302632592,-1.938619837586033,14.577932935840543,-2.0005028334510766,1.0
0.5214600894349932,0.3586282789226416,-0.09347091520424233,-0.5332250683487949,-1.87290400520324,-0.00424924521209649,-0.21856019277478034,0.0005815501599719352,14.75359934132578,-1.9492176685814,14.580091833045294,-2.0110632466513363,1.0
0.5214586257394151,0.3586056175667364,-0.09384478933782177,-0.5342247757585779,-1.8729304049507765,-0.004237840322714478,-0.21849656879512364,0.0005717954472619676,14.75587110351219,-1.9601586376785853,14.582325385073455,-2.0219660055902726,1.0
0.5214571332863758,0.3585814393446985,-0.0942279146776995,-0.5352441609479719,-1.872956427742634,-0.004227013574794542,-0.218433318242168,0.0005612623692136005,14.758171516623268,-1.9713776578239217,14.584586837305187,-2.0331460648562643,1.0
0.5214556103726546,0.3585577924654968,-0.09462182937403685,-0.536284138905598,-1.8729824165985747,-0.004215984138381574,-0.21837090645687024,0.0005509572295646391,14.760571420752237,-1.9829030511992274,14.5869469853707,-2.0446317021681133,1.0
0.5214540589730966,0.3585326654172134,-0.09502608420497408,-0.5373435928522236,-1.8730087540001379,-0.004205172242061509,-0.21830768066314138,0.0005406891282788474,14.763009487531736,-1.9947375044359983,14.589344552456472,-2.0564256557111587,1.0
0.521453862008915,0.35849979717840946,-0.09590995593590829,-0.5374799297833447,-1.8730352839405977,-0.0041945755098512175,-0.2182452021873783,0.0005302970957855237,14.768932802212232,-2.0203994749594365,14.595262725335173,-2.0820824844328025,1.0
0.5214522246315408,0.35847257900811236,-0.09632506441335839,-0.5385980450073583,-1.8730608465423935,-0.004184730253648999,-0.2181830516565373,0.0005197971880470492,14.771396214514331,-2.032563242640586,14.597683393470033,-2.094203507946713,1.0
0.5214505577255095,0.3584460325327802,-0.09675026436193446,-0.5397361005865327,-1.87308689574613,-0.0041743826238543,-0.2181209633959582,0.0005090624686502791,14.773957723481319,-2.045012221622515,14.600201387416414,-2.106608971908035,1.0
0.5214488633627782,0.3584182203746873,-0.09718615689061198,-0.5408928832465313,-1.8731125530483619,-0.0041644879859104155,-0.21805950078648598,0.0004986653787033794,14.776566288785084,-2.0577787101193414,14.602765720935194,-2.119331228619876,1.0
0.5214471406696127,0.3583891892331887,-0.09763144392573316,-0.5420689819012123,-1.873137823491067,-0.004155028225910474,-0.21799868259696456,0.00048803312898186487,14.779213182541852,-2.070825047596681,14.605367643333539,-2.1323325947387923,1.0
0.5214453898254594,0.35835993743574124,-0.09808823424876253,-0.5432641666904673,-1.8731636133765652,-0.00414527940439845,-0.2179374845471588,0.00047776878433220904,14.781943477737059,-2.0842040869813867,14.608052232281374,-2.1456659278761263,1.0
0.5214436107905542,0.35832956381092446,-0.09855446685057008,-0.5444785545170434,-1.8731888056300097,-0.004136012386483814,-0.21787737242296418,0.0004672754828758231,14.784715265841788,-2.0978635914153716,14.610777578211735,-2.159278990135745,1.0
0.5214422360976302,0.35829268070822246,-0.09903106110411632,-0.5457124298866607,-1.8733024164208802,-0.004124850819901372,-0.2177308489183366,0.00045636819528781486,14.787380832390422,-2.111860550432438,14.613395980204182,-2.173251340267913,1.0
0.5214404023638464,0.3582472176545843,-0.09951755081770342,-0.5469638029636266,-1.873505526096842,-0.004112714482505929,-0.2174965581325056,0.0004458259673229495,14.789877001338544,-2.1262202293254653,14.615844344608552,-2.187563083498718,1.0
0.5214385398967074,0.35820181685115526,-0.10001429546695449,-0.5482346731534347,-1.8737078858112146,-0.004100351183150813,-0.21726356804755959,0.00043508832848887204,14.792455021228847,-2.1408745381653085,14.618373806636715,-2.202168709811129,1.0
0.5214366512192854,0.3581555187196095,-0.10052112752160147,-0.5495233632128779,-1.8739090078460627,-0.004088214847813837,-0.21703218736889587,0.00042473129590020307,14.795085978541454,-2.1558260832586766,14.620955520250485,-2.2170708897610907,1.0
0.5214347355193517,0.35810939472434683,-0.1010377904372693,-0.5508303807250227,-1.874108766667597,-0.0040759143616687895,-0.21680292563347991,0.0004139710364451851,14.797798689146557,-2.171059177448273,14.62361827835687,-2.232253916747601,1.0
0.5214327922138602,0.35806147242734826,-0.10156504307918236,-0.5521562045981848,-1.8743071631802344,-0.004064145217100332,-0.21657510823114245,0.00040331233548252134,14.80054236425341,-2.1866109625176087,14.626311280069265,-2.247754914208892,1.0
0.521430822939938,0.35801279140488523,-0.10210245988280116,-0.5534996744063948,-1.8745042098009987,-0.004052441179898402,-0.2163489442537975,0.00039255744700800296,14.803343558351823,-2.2024611091101267,14.629061120900946,-2.2635535972402083,1.0
0.5214288277372603,0.3579634155199541,-0.10265005410648918,-0.5548607592096748,-1.8746995688031192,-0.004040877406187108,-0.21612496922402952,0.00038220299000265803,14.80620421109659,-2.218609501308966,14.631869741392956,-2.27964985110989,1.0
0.521426805010377,0.3579124220343715,-0.10320726447436572,-0.5562405833508587,-1.874892881276497,-0.004029784969661109,-0.21590318979863182,0.0003711762437511333,14.809093463097982,-2.2350471963514815,14.634706241925878,-2.296034689985707,1.0
0.5214247580312181,0.3578618331508346,-0.10377423860732621,-0.5576368362730488,-1.8750842028622106,-0.004018447450576033,-0.21568431490086565,0.0003608471646665229,14.812070542955096,-2.2517626836949143,14.637629933418756,-2.3126966918341365,1.0
0.5214226837629938,0.3578096805334803,-0.10435190609928058,-0.5590516628304624,-1.8752740124159728,-0.00400735641511221,-0.2154669173740575,0.0003501610527213383,14.815086138622721,-2.2687980126428084,14.640591427435732,-2.3296778237969686,1.0
0.5214205845348355,0.3577560720497101,-0.10493906221657756,-0.5604834691565129,-1.8754607950312987,-0.003996943999573209,-0.21525322772258818,0.0003398643580320522,14.818133963082223,-2.2861176885116294,14.643584497507979,-2.346942652246042,1.0
0.5214184596989154,0.35770299126114646,-0.10553651594186568,-0.5619326285225672,-1.8756460672575819,-0.003985943474180371,-0.21504162257878665,0.0003295186523056009,14.82127732291915,-2.303729560537301,14.646672430696317,-2.3644990121185785,1.0
0.5214163092979943,0.3576475184752488,-0.106144235027888,-0.5633992102301867,-1.8758286975209661,-0.003975743744661223,-0.21483278328115513,0.0003190883793488594,14.824432050342047,-2.321655384308012,14.649771064096555,-2.3823686563480697,1.0
0.5214141333077723,0.3575916951536913,-0.10676124248414415,-0.5648831633545667,-1.876009188135634,-0.003965289241783728,-0.2146263444150444,0.0003088321514628159,14.827649233724815,-2.339851219321872,14.652931482863131,-2.400507646383375,1.0
0.5214119333597262,0.35753559192146744,-0.10738809458025819,-0.5663833740365556,-1.8761866263712357,-0.003954991116581094,-0.21442399899833253,0.0002987757821015322,14.830935204752851,-2.3583324832749906,14.656160061193711,-2.4189314425885944,1.0
0.5214097080615426,0.35747721950696376,-0.1080252875948282,-0.567900852244977,-1.8763616152690878,-0.003945223948202514,-0.21422399515899793,0.0002881703884384057,14.834236662874087,-2.3771289129239515,14.659403464531136,-2.4376697430319907,1.0
0.5214074580904826,0.3574186530444862,-0.1086720828382772,-0.5694350727515782,-1.8765338495137611,-0.00393532508332512,-0.21402743095433058,0.0002785160770703341,14.837607506111075,-2.396203145852705,14.662715606138487,-2.456685205417145,1.0
0.5214051835005461,0.3573589542481721,-0.10932848631183069,-0.5709860291639732,-1.8767028562126526,-0.003925759611493102,-0.21383469235034044,0.00026829461500335014,14.84102081379124,-2.4155626433850554,14.666069567917678,-2.47598529131273,1.0
0.521402884485571,0.357297130206989,-0.10999555145581823,-0.5725536127724327,-1.876869020048315,-0.003916746976946655,-0.21364496106958292,0.00025830961439485793,14.84445623102621,-2.435245394365337,14.669445000936442,-2.495607993727365,1.0
0.5214005616588545,0.3572352615566203,-0.11067151482239114,-0.5741373527836957,-1.877031982385437,-0.0039075376036625835,-0.21345915426877432,0.0002482865084573879,14.847959853141383,-2.455184541252176,14.672888014506313,-2.515486473154095,1.0
0.5213982136398024,0.3571723718045796,-0.11135789541314703,-0.5757382145492966,-1.8771923226502252,-0.003898315028781044,-0.21327626199665053,0.0002382447491887472,14.851515434681938,-2.475431346770028,14.67638232807012,-2.5356719553381843,1.0
0.5213958426751611,0.3571075174949803,-0.11205344825563246,-0.5773546907422702,-1.8773490107221338,-0.0038896453166524037,-0.21309728753080306,0.0002289463436098135,14.855086159294602,-2.4959573292331854,14.679891184838056,-2.556136016334272,1.0
0.5213934473195406,0.35704178378299706,-0.11275869833452565,-0.5789877416398523,-1.8775019685892882,-0.003881245581977622,-0.21292289985294052,0.0002190828927580834,14.858707315642933,-2.516769164955435,14.683449834793914,-2.576885295671332,1.0
0.5213910292456881,0.35697512530269687,-0.1134742117535902,-0.5806362271821672,-1.8776521888901232,-0.0038727072339197954,-0.2127514960753525,0.0002093001564760178,14.862381978058107,-2.5378834548270652,14.687061395932242,-2.5979364379113012,1.0
0.5213885866687658,0.3569066781612534,-0.11419837915368705,-0.5823013843265219,-1.8777986329489418,-0.0038645425095845364,-0.21258404326260982,0.00019970924518011052,14.866072838385527,-2.559260678868535,14.690688514294553,-2.619249875691193,1.0
0.5213861214299041,0.35683744499917264,-0.11493283764839751,-0.5839819362360947,-1.877941455374329,-0.003856515323160665,-0.2124210764450818,0.00019064865487175873,14.869821411329886,-2.580940075420441,14.694372751800861,-2.6408648962626917,1.0
0.521383632695121,0.35676647078651286,-0.1156772974794088,-0.5856784724156875,-1.878080830467539,-0.0038487686497857736,-0.21226180624690424,0.00018136274399606684,14.873598009281604,-2.602920747395275,14.698084399880761,-2.662780579956453,1.0
0.5213811203156324,0.3566938630087548,-0.11643071639094883,-0.5873910921590122,-1.8782157749912098,-0.003841559992052563,-0.21210765103616652,0.00017201528200604474,14.877397627712407,-2.625171905588109,14.70181845004149,-2.6849661337639574,1.0
0.5213785861328778,0.3566205548656357,-0.11719372551134209,-0.5891185241417165,-1.878347683038305,-0.0038340111745195225,-0.21195673605926782,0.00016278572963103894,14.881251969709611,-2.6477044143291493,14.705606652812955,-2.7074324707153377,1.0
0.5213760283439566,0.3565456874017204,-0.11796571406523697,-0.5908620131359464,-1.8784754452005707,-0.003826783797099058,-0.21181043532104066,0.00015353263381491457,14.88513162745547,-2.670507416418883,14.70941955392983,-2.7301686859282763,1.0
0.5213734486486169,0.35646927840079545,-0.11874726369736935,-0.5926203999398378,-1.8785987928139054,-0.0038200191422936435,-0.21166934208958735,0.00014479842289599043,14.889041611027325,-2.693597468447565,14.713262207809288,-2.7531913803979386,1.0
0.5213708456063831,0.3563913338300012,-0.11953888569944175,-0.5943946676114232,-1.8787190520021553,-0.0038131376684859943,-0.21153129960732456,0.00013590635804978636,14.892986085303502,-2.716989237783909,14.717138741779126,-2.776515183835573,1.0
0.5213682288636823,0.35631038247185065,-0.12034182263402242,-0.5961782621634133,-1.8788408635342149,-0.0038045853652851637,-0.2113880863178186,0.00013030626551957416,14.896932296082813,-2.7407297424967463,14.721016654223195,-2.8001873653700073,1.0
0.5213655804238981,0.35622959610057264,-0.1211520494774588,-0.5979834141303375,-1.8789527173961003,-0.0037981314439523885,-0.21125956930851597,0.00012146692603926439,14.900940367428609,-2.7646788884397853,14.72495559810042,-2.8240673623465717,1.0
0.5213629108493781,0.35614743117875564,-0.12197111957553274,-0.5998029397852273,-1.879060139585021,-0.00379189716681129,-0.2111360899170056,0.00011318629263504696,14.904977869514443,-2.7888931758038153,14.728923419866982,-2.8482119501391447,1.0
0.5213602194423443,0.35606291926669426,-0.12279979539319007,-0.6016373269667437,-1.8791634901916108,-0.0037860556848841025,-0.21101683172238891,0.00010498912706284044,14.909022903494417,-2.8134020526487302,14.732898202933002,-2.8726505581202515,1.0
0.5213575060267062,0.3559761425643171,-0.12363702690447088,-0.6034866952616265,-1.8792622300398085,-0.003780695729455824,-0.21090247183743507,9.656735092281515e-05,14.913069677438582,-2.8381747035233613,14.736874150755687,-2.8973523662577803,1.0
0.5213547708043684,0.35588913365226416,-0.12448389624031518,-0.605350886203616,-1.8793567683302157,-0.0037751004666606303,-0.210793369692492,8.870751526938616e-05,14.917185018066565,-2.863226433288517,14.740918094525943,-2.9223326854828198,1.0
0.5213520136411602,0.3557989062270612,-0.12534035102480737,-0.607230021459211,-1.8794472497522405,-0.003770061256547818,-0.21068808430810942,8.045551357949686e-05,14.921282692094792,-2.888578942985502,14.744943798615674,-2.947613212176062,1.0
0.5213492353592021,0.3557075285557475,-0.1262056870115088,-0.6091235225212738,-1.8795331731772331,-0.0037650963706905073,-0.2105880986305593,7.276889053617032e-05,14.92541666323078,-2.9141959095206333,14.749005247495187,-2.9731576454043807,1.0
0.5213464350448869,0.3556150879256252,-0.1270796038945978,-0.6110320142895912,-1.8796142763452761,-0.003760248923315999,-0.2104938196341667,6.483686643019536e-05,14.929587120566682,-2.9400680352171915,14.753102606494418,-2.998956663553362,1.0
0.5213436135751077,0.3555195481421514,-0.127962395232779,-0.612954913533932,-1.8796912099595335,-0.003755832286422717,-0.21040340966151766,5.753938038972661e-05,14.933737813217556,-2.96621956813839,14.757179648169998,-3.0250345370277008,1.0
0.5213407709608766,0.3554219819221241,-0.1288550790495164,-0.6148922061208676,-1.8797635715365923,-0.0037517694448965847,-0.21031821954427432,5.007549236795381e-05,14.937907484905873,-2.9926714313411638,14.761275116277936,-3.0514121894257333,1.0
0.5213379079474361,0.3553234141335163,-0.12975591732557654,-0.6168433804505906,-1.8798315181198493,-0.003747521555129213,-0.21023796249762638,4.272710867048993e-05,14.94211207826759,-3.0193656985415127,14.76540497276612,-3.0780317140610327,1.0
0.5213350228345692,0.35522194726495815,-0.13066534098170457,-0.6188096052009046,-1.8798946531043619,-0.0037438411943988004,-0.21016268519644096,3.5163057796232476e-05,14.946300429576883,-3.046329522081771,14.769518009907413,-3.1049202185080333,1.0
0.5213321166114309,0.35511957488828566,-0.13158469334545148,-0.6207901982139162,-1.8799536200215552,-0.003739939813261991,-0.21009239276704694,2.7978345750778758e-05,14.950540264129833,-3.073586005550858,14.773681978511133,-3.1321008324867026,1.0
0.5213291906770544,0.3550142988399039,-0.13251245535242479,-0.6227842150888842,-1.880008034090597,-0.0037364330780024443,-0.21002660194215625,2.1202775672534316e-05,14.95476233216769,-3.101106998870622,14.777827665686168,-3.1595454420955305,1.0
0.5213262441597186,0.3549072317728088,-0.13344834635387684,-0.6247922478711974,-1.880057347611822,-0.0037332034394807977,-0.20996662845080505,1.447276293543104e-05,14.958996444866745,-3.128875800835735,14.781984859774939,-3.1872373234500304,1.0
0.5213232755123368,0.3547974251412503,-0.13439384778966085,-0.6268153533222857,-1.8801022459566847,-0.0037303124782111525,-0.2099112888378284,7.83717252205528e-06,14.963226874858426,-3.156942380637156,14.786137793115438,-3.2152264052603816,1.0
0.5213202879057265,0.35468585206718783,-0.1353470468534957,-0.6288513703628361,-1.8801421650579133,-0.003727572217435513,-0.2098614921646029,1.0648331205757997e-06,14.967466686628791,-3.185244158849433,14.790299612960501,-3.243450190884412,1.0
0.5213172797011048,0.35457156100771675,-0.13630939333393255,-0.6309014171253401,-1.8801779000328844,-0.0037249917655424397,-0.20981586103300826,-5.271464408320456e-06,14.971699822123414,-3.213830219562401,14.79445421852567,-3.271957721580268,1.0
0.521314250024019,0.3544556890608847,-0.1372806080199244,-0.6329660909972554,-1.8802085407141365,-0.0037226114559627483,-0.20977634295570968,-1.159459760026308e-05,14.97595680623916,-3.2426837125993577,14.798632111935973,-3.300732124287454,1.0
0.5213112011702914,0.35433615847139993,-0.1382594773573934,-0.6350438267984342,-1.880234420108215,-0.003720786557326146,-0.20974129527343144,-1.8000044523841083e-05,14.9801684638989,-3.2717858765223937,14.802764178023866,-3.329754697524558,1.0
0.5213081317325349,0.3542150655769697,-0.1392475323694289,-0.637135586755353,-1.8802558705960715,-0.0037188512669286875,-0.20971134149497983,-2.4020520317947718e-05,14.984406964194838,-3.301164440850446,14.806922549260618,-3.359053133951035,1.0
0.5213050431734851,0.3540913979005715,-0.14024428088837226,-0.6392403739529395,-1.8802726999461992,-0.0037171351362598683,-0.20968631802373497,-2.9865318721026818e-05,14.988639366071862,-3.330813109616301,14.811074322773035,-3.3886211757879505,1.0
0.5213019336881289,0.3539652908179608,-0.1412491271733294,-0.6413594196744361,-1.880284579108081,-0.003715697413861293,-0.20966672866641306,-3.564450607062168e-05,14.99286495614194,-3.3607137322590654,14.815218738098489,-3.418440625308319,1.0
0.5212988049126315,0.3538367167390461,-0.14226163503439998,-0.643491609656323,-1.880291607784149,-0.0037144651552856807,-0.20965232120594307,-4.103880302340579e-05,14.997079532267568,-3.3908539654358316,14.819351635841041,-3.448499181852714,1.0
0.5212956569343814,0.3537056947890773,-0.14328284454993187,-0.6456368861002852,-1.8802941254357781,-0.003713332265911916,-0.20964278164500463,-4.67536169882587e-05,15.001291728426887,-3.4212635518970753,14.823481652327391,-3.478826590385661,1.0
0.5212924880466066,0.35357235029507966,-0.1443121923493843,-0.6477964134194262,-1.880291993435851,-0.0037122831959748603,-0.20963829998105313,-5.236874562341407e-05,15.005500792597948,-3.4519253482279777,14.82760799102865,-3.509405662887806,1.0
0.5212892994734623,0.3533075552729912,-0.14533414406607043,-0.6499687009579792,-1.8800369607413712,-0.0037656903914481377,-0.2098328537757786,-5.7530491541366264e-05,15.005874775590158,-3.483396455028187,14.827898709566286,-3.540793557060531,1.0
0.5212860905952701,0.35304342272271055,-0.1463634306798942,-0.6521547810897323,-1.879783768007319,-0.003818551876365227,-0.21002677322675647,-6.261952247164608e-05,15.006325172747548,-3.515073485107317,14.828265310477168,-3.572386846166872,1.0
0.521282863786113,0.3527818716707961,-0.14740087308114214,-0.6543530534775828,-1.879532914247912,-0.0038700750419966524,-0.21022027036651206,-6.725708745158372e-05,15.006913488741612,-3.546965084917613,14.828769361081674,-3.604194237962311,1.0
0.5212796165275229,0.3525199466885056,-0.14844665029006485,-0.6565652263803051,-1.8792842093565727,-0.003921117413756231,-0.21041248190891412,-7.250107804926902e-05,15.00755620944376,-3.579099402127847,14.829327281198005,-3.6362438146782874,1.0
0.5212763496040458,0.352259836102204,-0.14950007637586474,-0.6587907763386688,-1.8790381611036044,-0.003970854506731949,-0.21060364804296108,-7.733148480832488e-05,15.00831088879963,-3.6114397036617834,14.829996645681494,-3.6684988632904316,1.0
0.5212730646742977,0.3520004216792826,-0.15056173551519242,-0.6610285752905048,-1.8787945396882317,-0.004019648820937484,-0.21079382027325083,-8.16989175189135e-05,15.009149909128832,-3.6440114482125954,14.830749880236903,-3.700984885703976,1.0
0.5212697598076227,0.3517419532625287,-0.15163102498633946,-0.6632799495305377,-1.8785531043792658,-0.004067536389375924,-0.2109836228818885,-8.625550253417782e-05,15.010075793367184,-3.6767953961935365,14.831589457805139,-3.733682591526529,1.0
0.5212664367556219,0.3514854462500139,-0.1527075746359173,-0.6655437158084964,-1.8783146782815223,-0.0041138462442703635,-0.21117225298723546,-9.060885785305018e-05,15.011114826340698,-3.7097729935541275,14.832541709338107,-3.7665734720337305,1.0
0.521263093927589,0.35122878040115607,-0.15379285875441265,-0.6678209482922018,-1.8780792522719365,-0.004159104654107319,-0.21135893846084455,-9.471564114861147e-05,15.012217553805549,-3.7430031120839886,14.833557138687926,-3.799716357867643,1.0
0.5212597334525133,0.3509731245402186,-0.15488565867128712,-0.6701102113257964,-1.8778462544065013,-0.004203250981021618,-0.2115452638202975,-9.84431669357624e-05,15.013408069778912,-3.7764416136114214,14.834659896032544,-3.8330671658514506,1.0
0.5212563537320078,0.3507185478139684,-0.1559864643439356,-0.6724126030037734,-1.8776158901178077,-0.004246123998254999,-0.21173107687934045,-0.00010257683020665732,15.014692192700753,-3.810102062616424,14.835855758423403,-3.866639418401047,1.0
0.5212529548456255,0.3504640169623608,-0.15709533691143454,-0.6747280594202281,-1.8773888201349194,-0.0042877076421013105,-0.21191486424786984,-0.00010646525916979732,15.01604070289813,-3.8439942460538603,14.837115507893047,-3.9004429049193043,1.0
0.5212495382048192,0.35021174503460073,-0.15821081523201685,-0.6770556452244214,-1.8771650525256576,-0.0043273685761954775,-0.2120977375814221,-0.00011019227467191719,15.0175058294942,-3.8780589493745836,14.838491411427377,-3.9344184466870447,1.0
0.5212461027770776,0.3499585575113142,-0.1593345672703678,-0.6793960385821731,-1.8769441186326932,-0.004366171084242329,-0.21227913186246314,-0.00011347381214651373,15.0190093174114,-3.912368799076405,14.83990518601898,-3.9686386442239523,1.0
0.5212426483351343,0.3497075976990148,-0.16046654927770287,-0.68174943533916,-1.8767268123160894,-0.004402773594263928,-0.21245941456070086,-0.0001170776575923492,15.020641170398074,-3.9468981069812314,14.841446831052668,-4.0030778018497815,1.0
0.521239176328872,0.3494559023318197,-0.16160532444425474,-0.6841148133670064,-1.876512271403041,-0.004438513931408854,-0.2126385206975125,-0.00012028370127716386,15.022305038420598,-3.9816285934593867,14.843020033039831,-4.037717679088967,1.0
0.5212356857986182,0.3492054006354638,-0.16275256854679812,-0.6864928577339225,-1.876301831294427,-0.0044720888447299725,-0.21281542040373172,-0.00012341484131583026,15.024069408557644,-4.0165934363918065,14.844693255196685,-4.072591427579912,1.0
0.5212321778773089,0.34895523707889503,-0.16390674069088176,-0.6888827875414901,-1.876094404997128,-0.004504298181663763,-0.21299149265558395,-0.00012667629541400507,15.025897701879867,-4.051754985242162,14.846429947831604,-4.107661426699736,1.0
0.5212286509579797,0.3487054873243744,-0.16506833276844265,-0.6912857025085096,-1.8758900660162883,-0.0045350350657824634,-0.21316679121565074,-0.00012986543271800764,15.027795939689215,-4.087126809440869,14.848236090472414,-4.142941203752528,1.0
0.5212251066583138,0.34845599633418683,-0.16623791431242022,-0.6937005031870453,-1.8756895378475085,-0.004563968133355032,-0.2133401459086354,-0.00013225043470648504,15.029764074678518,-4.122726461083507,14.850111678156084,-4.178448352949819,1.0
0.5212215441330911,0.34820695235380067,-0.1674142620564932,-0.6961277720774558,-1.8754928566376343,-0.0045910606084304285,-0.21351157324775885,-0.00013492589925139984,15.031798020448335,-4.1585173306291034,14.852052602667314,-4.214146242437113,1.0
0.5212179639928144,0.3479582565227784,-0.16859860782182218,-0.6985670965669101,-1.875299671609884,-0.00461640637547808,-0.2136818228014277,-0.0001379137985707865,15.033904506073114,-4.194535580804947,14.854065609149488,-4.250071050747434,1.0
0.5212143662127227,0.34771001178197036,-0.16978999839743905,-0.7010184948402062,-1.8751100821585587,-0.004639955773850475,-0.21385077231704247,-0.00013997491731736265,15.036079082132218,-4.2307530158345354,14.856146247585775,-4.286194581407682,1.0
0.5212107508622407,0.3474621174384553,-0.1709894777392788,-0.703481926619644,-1.874924687835646,-0.004661387170488842,-0.21401752670032606,-0.00014221397683502858,15.038326971815541,-4.267200420510515,14.85829974324788,-4.322547620753401,1.0
0.521207117626402,0.3472137166304731,-0.17219601010895116,-0.7059575944672888,-1.8747425727356697,-0.004681424917396967,-0.2141831517624348,-0.00014460018781368606,15.04061550330355,-4.3038546927123225,14.86049341563114,-4.359107058904593,1.0
0.521203467011802,0.34696482622252056,-0.17340881487186763,-0.7084451533264864,-1.8745642180893043,-0.00469987632486184,-0.21434682246687548,-0.000146517742083136,15.042939087729714,-4.340693259010694,14.86272168910073,-4.39585033564989,1.0
0.5211997986681881,0.3467163639086634,-0.1746297844639546,-0.7109448635221606,-1.8743898550146338,-0.004716199904048339,-0.21450890795341462,-0.00014870449891543419,15.0453388187054,-4.37776337773762,14.865025648953285,-4.432824699349159,1.0
0.5211961131052892,0.3464683843243767,-0.17585814658645976,-0.7134563789241983,-1.8742192275151057,-0.00473051609546891,-0.2146698596939763,-0.00015072482460137403,15.047810257676373,-4.415042421130062,14.867400869988765,-4.470007535498378,1.0
0.5211924108214295,0.3462188483790811,-0.1770931259215407,-0.7159793303298201,-1.8740524600099557,-0.0047434699047075235,-0.21482831217208606,-0.00015194218625209737,15.050288769762751,-4.452523952714235,14.8697827292022,-4.50739242176661,1.0
0.5211886903759732,0.34596988567641884,-0.1783352690301861,-0.7185147353310358,-1.8738896211343972,-0.004754273238044177,-0.21498543500290518,-0.00015377062361876008,15.052839829092846,-4.490207142321543,14.872236664485886,-4.54497848900492,1.0
0.5211849533723611,0.3457203316612699,-0.17958515155546792,-0.7210614875754349,-1.8737306771108833,-0.004763270298209373,-0.21514075703763624,-0.00015559083624777303,15.05543442380007,-4.528117566548082,14.874733705309305,-4.582791356189839,1.0
0.5211811994744094,0.3454702792926548,-0.18084171636012825,-0.7236198166801436,-1.8735756831220673,-0.004770456776170574,-0.21529416108249297,-0.00015666544622588082,15.058067012754774,-4.566224124797115,14.877268301786273,-4.6207999139288125,1.0
0.5211774286218214,0.3452197242503776,-0.18210498485873708,-0.726189765179528,-1.8734248126168007,-0.004775738091876913,-0.2154453898629329,-0.0001579743702849477,15.060737641170427,-4.604527466596708,14.879840497611484,-4.6590048101205666,1.0
0.521173640040875,0.3449687042873341,-0.18337573443458374,-0.7287718656538972,-1.8732776863478617,-0.0047792020031848315,-0.21559523620160984,-0.00015912869560549969,15.063453450652085,-4.64304965002708,14.882457414394821,-4.697428082444057,1.0
0.5211698350992607,0.34471719999441003,-0.18465248447577118,-0.7313651825849982,-1.8731343406104235,-0.004780925847302658,-0.21574348890381953,-0.00016062236317237048,15.066202355412424,-4.681748255420766,14.885107001920417,-4.736027347068205,1.0
0.52116601313726,0.3444651275739886,-0.1859370252913663,-0.7339701725753507,-1.8729954688180201,-0.0047804893942542896,-0.2158891589113192,-0.00016147971191491538,15.068995878362994,-4.72067539562519,14.887800766146384,-4.774854699349612,1.0
0.5211621748088382,0.34421148639359217,-0.18722863961701636,-0.7365863722463434,-1.8728604127878177,-0.0047785530118317834,-0.216032749908434,-0.00016233465851787454,15.0717996786755,-4.759818228146687,14.890504382637923,-4.813897314545002,1.0
0.5211583194024483,0.34395641817748773,-0.18852615340553106,-0.7392142663620971,-1.8727284937880158,-0.004775443103742244,-0.21617537703578588,-0.00016316735860169007,15.074608711812674,-4.7991419185127615,14.89321278827711,-4.853120339612287,1.0
0.5211544478589455,0.34370173598438913,-0.18983087806561172,-0.7418532483026223,-1.8726015406178265,-0.004769636608553932,-0.21631510824445913,-0.00016379169780475782,15.07748527082259,-4.838670046030567,14.895988301997106,-4.892547377096081,1.0
0.5211505599283769,0.34344451762649536,-0.19114181694850402,-0.7445034391219765,-1.8724777905002412,-0.004762948481546518,-0.2164532168258864,-0.00016454384390025356,15.080337629876336,-4.8783966923951265,14.898739189555968,-4.932172504054254,1.0
0.5211466553779015,0.34318673461064064,-0.19245990383899522,-0.7471650342945444,-1.872358171110414,-0.00475423216378226,-0.21658934177643904,-0.00016476945908930238,15.083229714854545,-4.918333367186537,14.901529372165523,-4.972007222578973,1.0
0.521142733137474,0.34292745136083935,-0.19378483364146115,-0.7498387458207629,-1.8722427084746973,-0.00474379713598647,-0.21672289249665072,-0.00016572452197132964,15.086132281901595,-4.958478590721496,14.904329577376723,-5.0120500257127265,1.0
0.5211387962153555,0.3426674936709319,-0.19511565541135528,-0.7525225383619222,-1.8721310453433255,-0.00473159440518618,-0.21685481427632033,-0.0001659361808251895,15.08906163171125,-4.9987985725860336,14.907156184979625,-5.0522672010081475,1.0
0.5211348429339808,0.3424049140812967,-0.19645385451032563,-0.7552175267002845,-1.8720227991479912,-0.00471830866530371,-0.2169848805690552,-0.0001659437028467593,15.091973370837804,-5.039351166721788,14.909964756645312,-5.092716559703522,1.0
0.5211308724757245,0.34214179122911215,-0.1977981897520803,-0.7579242968126808,-1.8719189317387686,-0.004702917006012436,-0.2171124302065186,-0.00016614903080411228,15.094917598341071,-5.080084548753026,14.91280537119164,-5.133346254976423,1.0
0.5211268869397072,0.34187696307072,-0.1991484142773332,-0.7606414005439791,-1.8718187382436167,-0.004686125701075523,-0.21723798993660437,-0.00016610471657002143,15.097858973176864,-5.1210006329890385,14.915642741696926,-5.174158256609824,1.0
0.5211228846436116,0.3416095027476385,-0.20050600512349712,-0.7633699744673648,-1.871722194908213,-0.004668120726926618,-0.2173612883617875,-0.00016629951122576188,15.100782369019528,-5.162149098242911,14.918461697538934,-5.215202199878728,1.0
0.5211188665080553,0.34134038210989553,-0.2018693160482571,-0.7661094031036233,-1.8716291214800223,-0.004648788316135518,-0.2174829348307102,-0.00016609567709399673,15.103702903632415,-5.2034750629783995,14.92127738097012,-5.256423226823715,1.0
0.5211148330849219,0.3410694937791685,-0.203238560691685,-0.7688593073804232,-1.8715401436271781,-0.004627858997820546,-0.21760182070411557,-0.00016601671833342644,15.106619147472802,-5.244985494857489,14.924088376740977,-5.297828319627685,1.0
0.5211107836033431,0.34079687653585,-0.20461451820361534,-0.7716202181438727,-1.8714552013114947,-0.004605279570812778,-0.217718156484893,-0.00016557457001800435,15.109538286742573,-5.28670249458043,14.926901851140782,-5.339439558656059,1.0
0.5211067174674706,0.3405216233948036,-0.20599605934621792,-0.7743925203765321,-1.8713731716036788,-0.004581923672649726,-0.2178332053543551,-0.00016536590104533941,15.112425483511787,-5.3286006700154,14.929682949877355,-5.381231537029698,1.0
0.5211026361629457,0.34024453535307747,-0.20738468785743785,-0.7771752231481752,-1.8712950343627417,-0.004556969638061395,-0.2179459128524165,-0.00016505712843776124,15.115315435340442,-5.3707169888203365,14.932466410117787,-5.423241260365558,1.0
0.5210985397961161,0.3399645867104227,-0.20877849326748388,-0.7799682292398262,-1.8712206030526606,-0.004530970708622769,-0.2180557744999702,-0.0001643899545522923,15.11816380722933,-5.4130045213217635,14.93520789869122,-5.465421802714281,1.0
0.5210944268826376,0.3396829075874302,-0.2101790163918445,-0.7827725726507213,-1.8711496631979858,-0.004503537987860595,-0.21816393816211738,-0.00016404717153205834,15.121015082741188,-5.455498779521157,14.937951861270854,-5.507808636468499,1.0
0.521090299800132,0.33939823254590895,-0.21158508330153863,-0.7855866109231658,-1.871082536980938,-0.00447500862724392,-0.21826900968532323,-0.00016299370658464236,15.123823735604176,-5.498175836617597,14.940652832804993,-5.550377897744019,1.0
0.52108615673287,0.3391117351840622,-0.21299713342301185,-0.7884115962679842,-1.8710188050460652,-0.004445166671608902,-0.2183723443554545,-0.00016226755814423416,15.126626937213748,-5.5410392174447844,14.943347937856668,-5.593133063406787,1.0
0.5210819971844466,0.3388214365668995,-0.21441505848955386,-0.791247838419722,-1.8709580917337512,-0.004414787760517786,-0.21847353237669756,-0.00016187378832236449,15.129366982150511,-5.584101208684973,14.94597945695376,-5.6360864082742275,1.0
0.521077823254491,0.33852910115191054,-0.21583856159190096,-0.7940939368898492,-1.8709010892410702,-0.004383039887651868,-0.21857222762120654,-0.00016084723922321344,15.132092244023852,-5.627339526919283,14.94859581968065,-5.679215702575207,1.0
0.5210736337340451,0.3382328274468015,-0.21726830485690313,-0.7969506826046537,-1.8708473061233943,-0.004350653376186717,-0.21866837236053932,-0.00016028403570585406,15.1347532447167,-5.670788006513369,14.9511475150975,-5.722554750377799,1.0
0.5210694301686154,0.3379344539910359,-0.2187028168507487,-0.7998170500768044,-1.8707965597500187,-0.004317274450263145,-0.21876296874753884,-0.0001593020283930466,15.137391358131872,-5.714390040084393,14.953675958516062,-5.766046983581946,1.0
0.5210652102792315,0.3376331214348109,-0.22014338006015144,-0.8026945801420025,-1.8707498220100494,-0.004282608595019061,-0.21885407492916154,-0.00015831238453793266,15.13999189526686,-5.758189198955651,14.956166400971526,-5.809735914486996,1.0
0.5210609758710414,0.3373277132999552,-0.22158965476644887,-0.8055820245523784,-1.8707054504742313,-0.004247740229187109,-0.218943868977442,-0.00015724807713076824,15.142520106472602,-5.802184381060844,14.95858413924662,-5.853620488842598,1.0
0.5210567265020294,0.3370201729106177,-0.22304149285188532,-0.8084797129397684,-1.8706648798048815,-0.004211460131512974,-0.21903080230718344,-0.00015597782020161739,15.14503069586375,-5.846356219922844,14.960983867005142,-5.897681327544597,1.0
0.5210524618866923,0.3367085356229662,-0.22449886514141487,-0.8113878076108811,-1.870627231807024,-0.004174726718914136,-0.21911538047238596,-0.00015469785990621657,15.147466981588448,-5.890719163036603,14.96330889370636,-5.941932871870551,1.0
0.5210481829803421,0.33639268700081587,-0.2259611214631523,-0.8143056532501828,-1.8705920627608046,-0.00413781138091326,-0.2191981959817298,-0.00015377854838949143,15.149820607123782,-5.93525540354422,14.96555088760189,-5.986357340065373,1.0
0.5210438891492039,0.33607461680404543,-0.22742905315224454,-0.8172337195109026,-1.8705606887202286,-0.004099481056663696,-0.21927802711439995,-0.00015209190467651196,15.152154921103829,-5.97997221445716,14.967773182226836,-6.0309619871497775,1.0
0.5210395803068535,0.33575232706532027,-0.22890169645942843,-0.8201720219955755,-1.8705319884446652,-0.004060876702369305,-0.21935566852678803,-0.00015096316081905132,15.154405011574456,-6.024857442039111,14.969910861712492,-6.075734658789775,1.0
0.5210352580061044,0.335425664625166,-0.23037959519701848,-0.8231195099898172,-1.8705057044349478,-0.004022093951776853,-0.2194315464452904,-0.000149367315795562,15.15657068917043,-6.069927886756617,14.971963777517692,-6.120692195701051,1.0
0.5210309200892328,0.33509576725578905,-0.23186305597921011,-0.8260776659792181,-1.8704829516252448,-0.003982278142478467,-0.21950429401256666,-0.00014804335872696306,15.158687067290852,-6.115183538069977,14.973966987174402,-6.165834530555139,1.0
0.5210265684503654,0.3347614230185257,-0.2333507412410003,-0.8290451793792825,-1.870462549371766,-0.003942394558640334,-0.2195751496461894,-0.00014653216043960054,15.160708888794858,-6.16059536002167,14.975875282231279,-6.2111326775983615,1.0
0.5210222018695928,0.33442373592426405,-0.2348442758151936,-0.8320229021828991,-1.8704455422079207,-0.0039015234560572714,-0.21964302781179137,-0.00014501409046756327,15.162680539604793,-6.20620147608351,14.97773301755537,-6.256624727665708,1.0
0.5210178214220177,0.33408155387469757,-0.2363420498456395,-0.8350100782665789,-1.8704308091657955,-0.003860603297139704,-0.2197090623564239,-0.0001433128361622909,15.164556374483789,-6.251964570542218,14.97949457507708,-6.302273394008307,1.0
0.5210134260801753,0.333734969203442,-0.23784476397223794,-0.838007409908735,-1.8704186320296803,-0.003819405338624398,-0.2197728884305957,-0.00014184567949704593,15.166344513309024,-6.2979040746103925,14.981168047930904,-6.348098080936963,1.0
0.521009016839814,0.33338388017962833,-0.23935277886406975,-0.8410142221915663,-1.8704087670363867,-0.0037780197353081257,-0.21983490415161228,-0.0001404069860434907,15.168044827709082,-6.344031132642608,14.982753333880265,-6.394109958659958,1.0
0.5210045937637515,0.3330291446518089,-0.24086510454368365,-0.844030479892366,-1.8704020319971773,-0.0037359256528393964,-0.21989390634937395,-0.0001389625586124376,15.169674269912356,-6.390310620096224,14.984267387084047,-6.440273903983906,1.0
0.5210001570904275,0.33266876623170527,-0.24238188357502,-0.8470559942917187,-1.8703975584543284,-0.0036939952707640703,-0.21995051366945978,-0.00013691686252536813,15.17117657560405,-6.4367621636672725,14.985653948447347,-6.486609550834012,1.0
0.5209957052260404,0.3323039039234826,-0.24390362901088541,-0.8500918610716921,-1.8703954902001718,-0.0036518063340327863,-0.22000502254003063,-0.00013511172876574736,15.17258906718676,-6.483391512083823,14.986950299131234,-6.533122605966652,1.0
0.5209912408047138,0.33193515448797273,-0.2454291830789056,-0.8531362911618835,-1.8703959550269191,-0.003609235958715373,-0.22005726525041752,-0.00013318345471944235,15.17391985412379,-6.530160716304356,14.988164617595045,-6.5797751888732465,1.0
0.5209867616008509,0.33156086430397846,-0.24695991348895519,-0.85619078408294,-1.8703983156425552,-0.0035668486936959514,-0.2201078154562724,-0.00013186214305290262,15.175132087288432,-6.577121977767404,14.98925999595381,-6.626619443551012,1.0
0.5209822694534203,0.33118166032974217,-0.2484943853058651,-0.8592540974558233,-1.8704032192585571,-0.0035242950445516716,-0.2201555967467544,-0.00012978746816151994,15.176232597461274,-6.6242291579714365,14.99024331341051,-6.6736092790895505,1.0
0.5209777633163889,0.3307976895748491,-0.25003331113497546,-0.8623269380191838,-1.8704103727742356,-0.0034815950500121907,-0.22020124078632894,-0.00012816082149373815,15.177231169910888,-6.671501606532405,14.99112432769242,-6.720764018032164,1.0
0.5209732448909232,0.3304086803747262,-0.25157624480640456,-0.8654081478484557,-1.870420036692997,-0.0034387129502724705,-0.22024409974422515,-0.00012597694367424896,15.178116505705313,-6.718928593951413,14.991891784330395,-6.768072975235939,1.0
0.52096871127373,0.3300139962742695,-0.25312331468094995,-0.8684996899953377,-1.8704313368925498,-0.0033961621504375664,-0.22028541648998867,-0.00012420989432370224,15.178871353313731,-6.766518800120415,14.992528355408698,-6.8155447553952815,1.0
0.520964164940049,0.32961428587789054,-0.25467431496939513,-0.8715998911921293,-1.8704445237623692,-0.0033536718943071014,-0.2203249668185638,-0.00012215513090256186,15.17951272067047,-6.814261233125372,14.993051113998284,-6.863168430693103,1.0
0.5209596060997237,0.3292094597965348,-0.25622932625919553,-0.874708603060241,-1.8704602220983257,-0.0033109507880786327,-0.22036162547223775,-0.00012001633163996592,15.180038665355758,-6.862158902658741,14.993458122951552,-6.910947016505718,1.0
0.520955033039302,0.32879870794101385,-0.2577878429123944,-0.8778269805758013,-1.8704774631667676,-0.003268641201999359,-0.22039665443881584,-0.00011796188776923304,15.180421996944009,-6.91020360471607,14.993722146625723,-6.958872264585637,1.0
0.5209504466554913,0.3283829638143772,-0.25935118715283595,-0.8809544303987052,-1.8704968529240433,-0.003226129063222955,-0.22042952487528583,-0.00011599531134603217,15.180699821667236,-6.958426062910468,14.993880315341618,-7.006974921274723,1.0
0.5209458479744048,0.32796095600140096,-0.2609176759160691,-0.8840902332090078,-1.8705181110094962,-0.0031839341558549295,-0.22045999295620183,-0.00011411596435406324,15.18082249345927,-7.006787790724714,14.993883009052388,-7.055216527610348,1.0
0.5209412358137738,0.3275337420414789,-0.2624869289733919,-0.8872352065785097,-1.870541210721492,-0.0031418461944412897,-0.22048841916804657,-0.00011215312522880853,15.18081746187769,-7.055269648435775,14.993757646907014,-7.103577912551206,1.0
0.5209366110278066,0.32710034483176753,-0.26406030102029543,-0.890388762151654,-1.8705658919397916,-0.0031000574662022767,-0.2205150634524235,-0.00011011142339147943,15.180667180322786,-7.103918160996901,14.993486704366639,-7.15210562358836,1.0
0.5209319733357698,0.32666172337347515,-0.26563770121486724,-0.8935510999280794,-1.8705925066814058,-0.003058190119416153,-0.22053962563853624,-0.00010815985265741832,15.180398507080023,-7.152723259723549,14.993097032720756,-7.2007895843759915,1.0
0.5209273232499354,0.3262167472115957,-0.2672183085280291,-0.8967218571306935,-1.8706205754484138,-0.0030167377954147027,-0.22056239871788985,-0.00010559132679242633,15.179972561409402,-7.201670141944715,14.992549764078667,-7.249615006139798,1.0
0.520922660506986,0.3257653884126024,-0.26880205032897087,-0.899901202621949,-1.8706504538328406,-0.002975519212597197,-0.22058273861163036,-0.0001035799367444266,15.179387980869068,-7.250756942513911,14.991843528719091,-7.298580017264774,1.0
0.5209179844336633,0.3253077203967373,-0.27038873922274537,-0.9030896049140519,-1.8706814487189878,-0.002934824236447028,-0.22060182600732856,-0.00010140711310661663,15.17864542746787,-7.2999777151820515,14.990978971446753,-7.347678653554789,1.0
0.5209132970086164,0.32484436260920896,-0.2719779698406802,-0.9062857174652147,-1.8707143096549097,-0.0028941911040676004,-0.22061850806552283,-9.944721977482602e-05,15.177759523729359,-7.349315965237863,14.989970766510266,-7.3968944718798095,1.0
0.5209085957837629,0.3243737951478888,-0.27357107996305957,-0.9094912029279698,-1.870748690069032,-0.0028539443302456895,-0.22063304095771305,-9.757943137396707e-05,15.176697036930229,-7.398821999918285,14.988785617060977,-7.446277715786456,1.0
0.5209038835500351,0.3238975040171793,-0.2751669021238666,-0.9127041709645658,-1.8707839780988753,-0.0028141397098930708,-0.22064679348201408,-9.502458210451421e-05,15.175491550321876,-7.448450668753833,14.987457179654204,-7.495783307217377,1.0
0.5208991587902219,0.3234146808193296,-0.2767659965004505,-0.9159256383744929,-1.8708211028079693,-0.0027744336859585146,-0.22065796079609573,-9.314592659304016e-05,15.174124214369268,-7.49822438269014,14.985966564490491,-7.545433618168223,1.0
0.5208944216393039,0.3229261607200491,-0.2783673673723454,-0.9191555286768608,-1.8708597384477246,-0.002734873820383224,-0.22066721679203832,-9.081844810972368e-05,15.172611279499307,-7.548108026837145,14.98433002611445,-7.5951935366786465,1.0
0.5208896726672373,0.32242995513773604,-0.27997126898337826,-0.922393429460566,-1.8708992314717436,-0.0026960761335613425,-0.22067508817668202,-8.873647270225332e-05,15.170897572471391,-7.598124379233618,14.982492405245177,-7.645085856585421,1.0
0.5208849116458488,0.3219270200222108,-0.28157761981943213,-0.9256395089200982,-1.8709397876413103,-0.0026577444504611203,-0.22068150257098376,-8.659904918571647e-05,15.169009934947251,-7.648263661714752,14.980480538074293,-7.695100793280807,1.0
0.520880135942221,0.3212252347496152,-0.2831051639286877,-0.9288937385392614,-1.8705882927115172,-0.002686643236805962,-0.2210123381517826,-8.440746520581421e-05,15.1607949072363,-7.6976862212952595,14.972140826352847,-7.744398694871871,1.0
0.520875348775994,0.32051616295295543,-0.28463266294172984,-0.9321557771334906,-1.8702366318926649,-0.0027159133669604884,-0.22134286570324463,-8.262180348919753e-05,15.15237051832827,-7.747164391988147,14.963591454100111,-7.793751908441189,1.0
0.520870550189659,0.31979987991661063,-0.28616117574257255,-0.9354255990254482,-1.8698848709867846,-0.0027453900853688417,-0.22167305508579313,-8.032059050276783e-05,15.143747174624183,-7.796728018889591,14.95484282895199,-7.843190280068546,1.0
0.5208657396737026,0.31907651341748455,-0.28768958042985493,-0.9387035514099712,-1.8695332543699958,-0.0027751834988249424,-0.22200268274876925,-7.788363398018932e-05,15.134919822984362,-7.8463438755984365,14.945889884466645,-7.892680570052985,1.0
0.52086091838516,0.3183460015565829,-0.2892192806252806,-0.941988851252775,-1.8691816238619139,-0.002805181235047499,-0.22233203754711245,-7.578426849136291e-05,15.125897596791814,-7.896052767275135,14.93674178444123,-7.942263613550221,1.0
0.5208560850312879,0.3176085834008701,-0.29074892140574493,-0.9452823760084312,-1.8688300944115057,-0.00283558414453895,-0.2226611771608391,-7.375636035597175e-05,15.116676837131905,-7.945813914955714,14.927394836078474,-7.991898597984112,1.0
0.5208512407695475,0.3168641351070653,-0.29227988420709233,-0.9485833404908626,-1.8684794831557132,-0.002865832214539085,-0.22298867469887226,-7.16617845782742e-05,15.107264725009323,-7.995667968288585,14.917856250737033,-8.04162620308076,1.0
0.5208463857819652,0.31611173492384154,-0.29381029343854326,-0.9518916095522986,-1.8681289155414769,-0.002896861625229648,-0.22331590545837346,-6.946478175749854e-05,15.097620170127763,-8.0455682031457,14.908084942447271,-8.09139970988915,1.0
0.5208415192974744,0.31535251259160474,-0.2953409275973656,-0.9552077197420512,-1.8677795071094023,-0.0029278894975673744,-0.2236414025044694,-6.712505885545205e-05,15.087781709337504,-8.095528208985328,14.898119428354967,-8.14123268731425,1.0
0.520836640948302,0.3145866244918597,-0.29687272873619075,-0.9585319266516532,-1.8674308942105693,-0.002958919377917064,-0.2239659027907454,-6.538945156676763e-05,15.0777611763828,-8.145573847100158,14.887971532793555,-8.191150986857945,1.0
0.5208317530598252,0.3138137899477679,-0.29840345741648033,-0.9618626348557835,-1.8670830333541883,-0.0029904954249337034,-0.2242895987900786,-6.321288504952276e-05,15.067533042238184,-8.195642919130835,14.877615787031655,-8.241092471275964,1.0
0.5208268539445484,0.31303429534809,-0.2999356243389687,-0.9652010057151875,-1.8667367071867609,-0.0030217563259266477,-0.2246111932879612,-6.096019902646156e-05,15.057125106037743,-8.245805369814729,14.867079946585923,-8.291127040818067,1.0
0.5208219312213966,0.31224890589381804,-0.3014624460379889,-0.9685554630473054,-1.8663931073734057,-0.003053457541418778,-0.22492941380447257,-5.997534549485472e-05,15.046506708107785,-8.295860468738356,14.856333028046787,-8.341053642384212,1.0
0.5208170105893621,0.31145517988130833,-0.3029939374700759,-0.9719085014504999,-1.8660491877412642,-0.0030853562854136047,-0.22524806724703386,-5.8352276385962293e-05,15.035685318636753,-8.346114692145143,14.845383172790774,-8.39117942278765,1.0
0.5208120802563571,0.31065476679444304,-0.30452547733226554,-0.9752681570816889,-1.865706670566699,-0.003117404286185838,-0.2255651951960636,-5.627553710842852e-05,15.024672514032376,-8.396422551591412,14.83424164939116,-8.441358585748047,1.0
0.5208071387816899,0.3098469383806111,-0.30605767459272143,-0.9786354120207202,-1.8653656529973448,-0.0031495805680191234,-0.2258803906627466,-5.38810893255609e-05,15.013452127797393,-8.446807237814458,14.822892253751421,-8.491614284382702,1.0
0.5208021759072688,0.30903417262510247,-0.30758539123490025,-0.982017258710744,-1.865028001586033,-0.003181783369840847,-0.22619182172008784,-5.3111706572944054e-05,15.002055499634894,-8.497101943016784,14.811366057849954,-8.541779443038436,1.0
0.5207972151959214,0.30821319974492306,-0.3091159406493832,-0.9853976334724608,-1.864690814441041,-0.003214298288610368,-0.22650280837966613,-5.119618748560666e-05,14.990445302765258,-8.547541983886974,14.799626349792206,-8.592089993746384,1.0
0.52079224277557,0.3073850496952539,-0.3106471032813035,-0.9887859955910014,-1.8643557580411891,-0.0032467236090059724,-0.22681111466024073,-4.9091916329509735e-05,14.978634034822347,-8.598055741373189,14.787685265295229,-8.642473955103057,1.0
0.520787253366006,0.30655155772019926,-0.3121743056971083,-0.9921859426171591,-1.86402310510806,-0.003279709192347051,-0.2271174014320806,-4.809037468926268e-05,14.966638893959972,-8.648497571088447,14.775559864639755,-8.69278554491207,1.0
0.5207822614388469,0.3057106536531739,-0.3137050220663445,-0.995587614711951,-1.8636921721526676,-0.0033122095250397517,-0.2274215765994633,-4.621385715511184e-05,14.954458400258677,-8.699098188431556,14.763249045781656,-8.743255856267677,1.0
0.5207772529601759,0.3048634399604903,-0.31523200591186157,-0.9990005688951759,-1.8633640082541993,-0.003345299138149147,-0.22772285786532362,-4.52866131992448e-05,14.94206799326736,-8.74964095448331,14.750727881647164,-8.793667884155154,1.0
0.5207722412138617,0.30400897867556187,-0.31676134412117407,-1.0024157572580175,-1.8630382599468758,-0.0033778707764875572,-0.22802111953507997,-4.3537157259087785e-05,14.929487943856698,-8.800307918404595,14.738016990071449,-8.844204024328668,1.0
0.5207672208873732,0.30314712348848033,-0.31828947249463074,-1.005836796464373,-1.8627146955726819,-0.003410950949175373,-0.22831702442389107,-4.1759150560941526e-05,14.916686363796043,-8.850997867988125,14.725084343995372,-8.894762926039373,1.0
0.5207621912498818,0.3022790222676495,-0.3198172081476787,-1.0092641914365543,-1.8623938599618923,-0.0034439182544055663,-0.22861013067386834,-3.9406069204702693e-05,14.90370261191084,-8.901725357595295,14.711969283429228,-8.945359124306881,1.0
0.520757151851377,0.301404803986159,-0.32134446002656447,-1.0126982523246721,-1.8620757205986793,-0.003476811891699733,-0.22890063380463913,-3.7730975841729234e-05,14.890539692018512,-8.952486774201507,14.698674800575901,-8.995988994225847,1.0
0.52075210376666,0.3005243054769141,-0.3228715813507487,-1.016138243050748,-1.861760959947903,-0.003509279049685654,-0.22918733280764847,-3.5873741772072626e-05,14.877195652848712,-9.003293526567461,14.685198972084434,-9.046663972753505,1.0
0.5207470423034194,0.29963740859134946,-0.32439626637183533,-1.0195873578817733,-1.8614479291336097,-0.00354271792331483,-0.22947325892740175,-3.468359980184983e-05,14.863649205128759,-9.054080339061622,14.67152038605514,-9.097318661897285,1.0
0.520741976071833,0.29874266927697896,-0.3259210786232799,-1.0230397254973453,-1.8611386213810373,-0.0035758294960124078,-0.22975420539838365,-3.291447355193577e-05,14.849878704466501,-9.10493201398399,14.657617622728338,-9.148038088866638,1.0
0.5207369000488689,0.2978419524992004,-0.3274445694801838,-1.0264987759454736,-1.8608328805078536,-0.0036087589629516304,-0.23003144463311267,-3.1047263012851925e-05,14.83592652761327,-9.155792467043046,14.643532927993173,-9.198766037977075,1.0
0.5207318142806464,0.29689240271892003,-0.32894435406591765,-1.0299639295208716,-1.8611721712290135,-0.003627595763047906,-0.22967765556486022,-2.9469091847377606e-05,14.820386828429928,-9.206352207211083,14.627860463492025,-9.249193012827305,1.0
0.5207267208354128,0.2959370601880176,-0.3304423766960805,-1.0334343538663775,-1.8615110815289202,-0.003646458977853409,-0.22932396221835874,-2.7500817652819672e-05,14.804667302008346,-9.256906610201295,14.61200797134224,-9.299614450089315,1.0
0.520721618248244,0.29497524558689747,-0.3319392693349395,-1.0369110545513083,-1.8618490809250419,-0.0036655902052627563,-0.2289710406290651,-2.5963534772612137e-05,14.788753368718046,-9.30747914811426,14.595960833671112,-9.350053783621453,1.0
0.5207165075366967,0.2940078276717853,-0.33343538498062136,-1.0403933333256556,-1.8621863651554385,-0.0036845884075682104,-0.22861883977180497,-2.4364048292211537e-05,14.772672729951465,-9.358073187287246,14.579746778434664,-9.400514406324573,1.0
0.5207113885814086,0.2930338669194102,-0.33492974865931735,-1.0438812656630134,-1.8625226851256504,-0.003703825776910839,-0.22826711192408086,-2.2376070373320822e-05,14.756390795925602,-9.40866803179258,14.563331212733914,-9.450975619155018,1.0
0.5207062606494252,0.29205456311739153,-0.33642320256463126,-1.0473753671451722,-1.8628577920210585,-0.0037229707513660873,-0.22791681731667027,-2.0825271439470677e-05,14.739948613479434,-9.459278549810872,14.54675516427386,-9.501452271159426,1.0
0.5207011247171472,0.29106976453881706,-0.3379150812333432,-1.0508749595246745,-1.863191969086381,-0.0037419418945856767,-0.22756716067673236,-1.9319775451714986e-05,14.723336627193826,-9.509886789419102,14.530009103124573,-9.55192643590398,1.0
0.5206959806508911,0.29007855527489057,-0.3394054173274359,-1.054380129302616,-1.863524662726188,-0.0037611251968962217,-0.22721865240525232,-1.7751391908289895e-05,14.706528774063546,-9.560500826917787,14.513066962790974,-9.602406186199344,1.0
0.5206908289372236,0.2890828893407238,-0.34089539681921244,-1.0578905548388013,-1.8638562659176057,-0.00377967371069452,-0.22687153293005824,-1.5973726244155723e-05,14.689590436497076,-9.611139517835307,14.4959941383835,-9.65291039027586,1.0
0.5206856727637419,0.28807938519608606,-0.34238409378189194,-1.0614040556300095,-1.8641836551445112,-0.0037998282674609417,-0.22652957761355072,-1.4717186079360062e-05,14.67241718951744,-9.66180255484832,14.478686288138235,-9.703438824023245,1.0
0.5206805057952514,0.2870719488500388,-0.3438695763841134,-1.0649249451553164,-1.8645112729945872,-0.0038188961640424793,-0.22618609742289078,-1.3428756998081916e-05,14.655106310739432,-9.712404084293553,14.461240524288057,-9.753905468396304,1.0
0.5206753305076252,0.28605828023877045,-0.34535468181196305,-1.0684515347997094,-1.8648373762367567,-0.0038377318055325678,-0.2258437788336534,-1.2003232940762033e-05,14.637613774336256,-9.763043521116725,14.44361288563948,-9.804409802974078,1.0
0.5206701485714613,0.28504016029401685,-0.3468379695257249,-1.0719826905436447,-1.8651612416452028,-0.003856391011298074,-0.22550413859013937,-1.0196546870778261e-05,14.61997951420264,-9.813665577337405,14.425843349698638,-9.854896583387532,1.0
0.5206649639080979,0.2840140344791459,-0.34832069791121845,-1.0755157420246224,-1.8654803542184337,-0.0038765944788415646,-0.22517033175660423,-9.229570535263486e-06,14.602111139882979,-9.864334053801914,14.407839628377491,-9.905429712850555,1.0
0.5206597669977819,0.28298437453388603,-0.34980101891150756,-1.0790571645208085,-1.865799658527575,-0.003895284251198943,-0.22483506425020755,-7.597788377093046e-06,14.584122878202104,-9.914961136575924,14.38971569998521,-9.955921128913161,1.0
0.5206545634846662,0.2819493148999162,-0.3512786798840954,-1.0826031216756178,-1.8661168659139482,-0.003913897979859322,-0.22450141518948927,-6.179306854248236e-06,14.565959079473183,-9.965554026841362,14.371416062177058,-10.00637818009937,1.0
0.5206493512195878,0.28090829726931926,-0.3527551383827034,-1.0861550737461083,-1.866431537158095,-0.003932499232061878,-0.22417020209832197,-4.697879733481268e-06,14.547615083380403,-10.016158987766643,14.35293599853276,-10.056847073473131,1.0
0.5206441325757358,0.2798619570629334,-0.35423014905805145,-1.0897114046365695,-1.866742978935346,-0.003951236755041336,-0.2238427387753764,-3.6244478923071783e-06,14.529107207283603,-10.066763989862762,14.334291888364879,-10.107315841498169,1.0
0.520638907567127,0.2788102407918321,-0.35570273215352455,-1.093272095368827,-1.8670523119067646,-0.003969706004015136,-0.223516755240774,-1.9177613299631505e-06,14.510426281264017,-10.117341297663323,14.315474562120558,-10.157756749073995,1.0
0.5206336753390903,0.2777533855412809,-0.3571737217278245,-1.0968377409884476,-1.8673586454828093,-0.003988080560705542,-0.22319402508634203,-5.97473178546841e-07,14.491585627326446,-10.167913044238832,14.296497319493184,-10.208191906959701,1.0
0.5206284364409135,0.2766913139933062,-0.3586423280049767,-1.1004079702789629,-1.8676618035605355,-0.004006527209942639,-0.2228745538057699,3.194319636017686e-07,14.472576863666328,-10.218457132044161,14.277351793017504,-10.258599231949466,1.0
0.5206231910601203,0.2756239693282507,-0.3601096526799196,-1.1039826173737195,-1.8679624542914703,-0.004024543579688571,-0.2225573979006505,1.4495485582777764e-06,14.453406938655592,-10.269005660874038,14.258044935960799,-10.309010828733374,1.0
0.5206179395707158,0.27455134396671205,-0.3615748678705562,-1.1075614551060966,-1.8682597468331958,-0.004042590948770654,-0.22224374011090478,3.1162324862809085e-06,14.434069179679629,-10.319534897216162,14.238570085471958,-10.359402973562622,1.0
0.5206126816664797,0.27347349629092926,-0.3630379230707499,-1.111144695595266,-1.868553994053146,-0.004060479568155806,-0.22193299949403258,4.130965301856474e-06,14.414564874954866,-10.370042940754908,14.218928521773453,-10.409773758127624,1.0
0.5206074172677153,0.2723904764922699,-0.3644988702630276,-1.114732380143842,-1.8688447157500192,-0.0040783626542298095,-0.22162598092975702,5.32734359614862e-06,14.394895872913619,-10.420530897068685,14.199122091217093,-10.460124285926288,1.0
0.5206021465415425,0.27130226008967523,-0.3659578010514485,-1.1183243976520243,-1.8691320507297284,-0.004096125991712258,-0.22132240923485816,6.643420754961099e-06,14.375062181779452,-10.471001588856435,14.179150806389151,-10.510457384020262,1.0
0.5205968707816954,0.2702095865529278,-0.3674151087110664,-1.1219198668734978,-1.869416624106941,-0.004113205016938867,-0.22102156986127963,7.989919589587535e-06,14.35508809799638,-10.521460540030269,14.159038997506913,-10.56077861009493,1.0
0.5205915880610393,0.2691108916992572,-0.3688693431109797,-1.1255201039246283,-1.8696969566462038,-0.004130836881064078,-0.22072493703721313,8.658790746776007e-06,14.334917400237444,-10.571878295830924,14.138730392935061,-10.611058459082669,1.0
0.5205862996854732,0.26800788488489735,-0.3703218925592027,-1.1291242028045998,-1.869974320171964,-0.0041477753354702595,-0.22043134865481648,9.894355203564111e-06,14.31461000797548,-10.622281414916419,14.118284946237265,-10.661323523732332,1.0
0.5205810057981282,0.26689959699754334,-0.3717718751640384,-1.132732077592144,-1.8702475115944635,-0.004164902073172798,-0.22014219926213888,1.0847608330647898e-05,14.29413119989564,-10.672652107455335,14.097667939835157,-10.711556017948977,1.0
0.5205757064114682,0.265785999385052,-0.373220323552453,-1.1363437132307381,-1.8705172620776338,-0.004181686632663092,-0.21985647343903159,1.191091215855821e-05,14.273488199243719,-10.723020271069242,14.076886597299902,-10.761785839679549,1.0
0.5205704011695947,0.2646671741550209,-0.37466619123492817,-1.1399593547658236,-1.8707833243460081,-0.004198361898054299,-0.21957429931103423,1.2903423809610353e-05,14.2526752152954,-10.77335520153951,14.05593511861636,-10.811982275414595,1.0
0.5205651037553635,0.26354156614456503,-0.37611241276275625,-1.1435696745928736,-1.8710428050325358,-0.004216071418140895,-0.21930081690027853,1.4112192829942294e-05,14.2316702503772,-10.823753165571885,14.034791863305594,-10.862241949054406,1.0
0.5205597883691182,0.2624130061519856,-0.3775537086198236,-1.1471922578551796,-1.8713009585151361,-0.004232408322390756,-0.2190270025294912,1.5289073111664925e-05,14.21054257590076,-10.87403294188119,14.013525429272438,-10.912382965806993,1.0
0.5205544674599272,0.2612801659193349,-0.3789916589645221,-1.1508186197811547,-1.871555364074094,-0.004248476190854719,-0.21875691196393812,1.5820749768961538e-05,14.189266176111827,-10.924250126646674,13.992110125748834,-10.962461246837806,1.0
0.5205491424803442,0.26014177584675835,-0.3804277316999965,-1.1544477602159364,-1.8718055201606212,-0.004264521087839704,-0.21849129188687846,1.6984493655108835e-05,14.16781598974178,-10.97445677695633,13.970520929385462,-11.012528887154138,1.0
0.520543811941516,0.2589991093501135,-0.38186153962992053,-1.1580807005271068,-1.872052119946775,-0.004279963359150388,-0.21822933673784967,1.8032467068087666e-05,14.146225610058837,-11.024631863854365,13.948791394583635,-11.062564818933287,1.0
0.5205384766210974,0.2578510299117667,-0.3832923584118828,-1.1617169129328517,-1.872294459651475,-0.004295497046958886,-0.2179715540247389,1.8905935709761894e-05,14.124456724050326,-11.074763422589543,13.926883228631565,-11.112557097724906,1.0
0.5205331362856989,0.2566985831454361,-0.3847211720366087,-1.1653565480830357,-1.8725327549376274,-0.004310571626309861,-0.2177182789978263,1.9603417505216216e-05,14.102547048944924,-11.12487158363559,13.90483414266523,-11.162525847910022,1.0
0.5205277921175047,0.2555405147649345,-0.3861463410813646,-1.1689988049262672,-1.8727667892120046,-0.004325862300265324,-0.21746885364915908,2.0296994323351066e-05,14.080447750273434,-11.174919000715926,13.88259533307667,-11.212433754073286,1.0
0.520522443238069,0.254378994458301,-0.3875696678012901,-1.172644270446388,-1.8729971567164332,-0.004340225085534137,-0.21722368389930263,2.1116278092257222e-05,14.058235231142845,-11.224940563825273,13.860243180040813,-11.262315683277363,1.0
0.5205170892996913,0.25321212969548756,-0.3889901319771254,-1.176293191405979,-1.8732226284951772,-0.004354836216928313,-0.21698377685787854,2.1856196130513728e-05,14.035847163152654,-11.274921714057752,13.837715346080342,-11.312157067539562,1.0
0.5205117313256751,0.25203964595298184,-0.3904070102957374,-1.1799448720244359,-1.8734442742969832,-0.004369400076648316,-0.21674694706179223,2.2498269405298675e-05,14.013270006674599,-11.324843795718692,13.8149983182806,-11.361939277878815,1.0
0.5205063697035555,0.25086350390128165,-0.3918214893202814,-1.1835990363364863,-1.8736613617321425,-0.004383530085350563,-0.21651561521014515,2.288858447829901e-05,13.990569343826229,-11.374725618648904,13.792157688875845,-11.41168113425264,1.0
0.5205010044364743,0.24968265866524042,-0.39323358634983047,-1.1872556821217874,-1.8738744788717774,-0.004397192878064659,-0.21628834669246547,2.381069143491074e-05,13.967715285230668,-11.424575825777648,13.76916356857122,-11.461391279672318,1.0
0.5204956348083598,0.2484972606989484,-0.3946431546397794,-1.1909153036590228,-1.874083448336807,-0.004410441672858687,-0.21606545854834763,2.4733671711124174e-05,13.944711019434948,-11.474389038794515,13.746019127220512,-11.511064317134197,1.0
0.5204902759238554,0.24730325582711696,-0.39605337675198354,-1.1945676123046751,-1.8742847715553697,-0.004425207618056474,-0.21585230890412777,2.5506504326014465e-05,13.9214646629698,-11.524288113502918,13.722632875665143,-11.56082349675238,1.0
0.520484898732308,0.24610846192011812,-0.3974563108340161,-1.1982323982211909,-1.8744850942374573,-0.004438131148608817,-0.21563812698361137,2.6090257142952608e-05,13.89813932875271,-11.573984286051111,13.699167168447655,-11.610379296300176,1.0
0.5204795183396149,0.2449088519654188,-0.3988561621409177,-1.2018993665116569,-1.8746806904251738,-0.004451032845690446,-0.21542902255609883,2.6948343798396087e-05,13.874651886241242,-11.623629587401389,13.675539269369043,-11.65988414108331,1.0
0.5204741338906639,0.2437045787630744,-0.4002527288936411,-1.2055691029153963,-1.8748719351281837,-0.004463739016029826,-0.2152243534439353,2.710415081689143e-05,13.85100516384113,-11.67321704141863,13.651751984512103,-11.709331032643723,1.0
0.5204687470453103,0.24249626980301828,-0.4016474923839059,-1.2092404600296698,-1.8750590337517494,-0.004475698303350868,-0.2150245224685019,2.7892078440723643e-05,13.827228717479498,-11.722784300326438,13.627834913134924,-11.758757666535985,1.0
0.5204633718190506,0.2412790072961382,-0.4030422683043172,-1.2129039074469965,-1.8752386309704292,-0.00448924026866953,-0.21483387673431073,2.890693443492481e-05,13.803195210262748,-11.77242169303709,13.60366108422213,-11.808254737550593,1.0
0.5204579779511315,0.24006103794280959,-0.4044299208449208,-1.2165800601734582,-1.875417015305478,-0.004500966770991081,-0.21464262096184558,2.9194479582201e-05,13.779086368823288,-11.821860285054058,13.579411434441202,-11.857552521226093,1.0
0.5204525808712065,0.23883915968167269,-0.4058146655831514,-1.2202583930559234,-1.8755911074511042,-0.004512177682673644,-0.21445616093716716,2.971070722568225e-05,13.754842847231812,-11.871245970547902,13.555027020657999,-11.90679731452821,1.0
0.5204471812692243,0.23761221189982007,-0.40719572259027353,-1.2239384461577723,-1.8757604651843576,-0.004523508417099745,-0.21427452115684748,2.9971207428633035e-05,13.73042520645639,-11.920565379956189,13.530468421851882,-11.955975765905803,1.0
0.5204417788890254,0.23638122075995668,-0.40857305330158233,-1.2276203867785598,-1.875925417882426,-0.004534567121732884,-0.21409755189715607,3.045630862451988e-05,13.705862634342932,-11.969809410078431,13.505764819181652,-12.005078765471273,1.0
0.5204363738308246,0.235145124721067,-0.40994770013899273,-1.2313041495202692,-1.87608645719463,-0.004545173876933835,-0.21392435543364566,3.0812128906954056e-05,13.68113275392277,-12.019016290508322,13.480893838294774,-12.054144545434447,1.0
0.5204309664309618,0.23390585836941188,-0.4113188110333131,-1.234989497946199,-1.8762429476516964,-0.004555315681687874,-0.21375652510521795,3.14292137027069e-05,13.656284505443637,-12.068146452048376,13.455904428219219,-12.103133545378078,1.0
0.5204255567836477,0.23266135875358712,-0.4126864228347332,-1.2386763795455529,-1.8763951453981833,-0.004565372810275522,-0.213592810953302,3.15960447598406e-05,13.631258897688557,-12.117217038201664,13.43073760019741,-12.15206291126464,1.0
0.520420143623589,0.23141190133802073,-0.4140512587402727,-1.2423656479686702,-1.8765428446211025,-0.004575217361994841,-0.21343394979352656,3.185212448993454e-05,13.606069500564958,-12.166246699881862,13.405406891105963,-12.200951260976991,1.0
0.520414729669466,0.23015883363179157,-0.41541203001557175,-1.2460554501249421,-1.8766864205704263,-0.004584628739098338,-0.21327941067609063,3.2016818588075376e-05,13.580744948875568,-12.215187866484179,13.379941006719466,-12.249751094882201,1.0
0.5204093131822896,0.22890153893977375,-0.41676933635611785,-1.249746970586305,-1.876825520500539,-0.004593788555809521,-0.21312977467523847,3.2625740116595384e-05,13.555272220457883,-12.264062602264687,13.35432687947865,-12.298484431839578,1.0
0.5204038946629678,0.2276398637544098,-0.41812332083768655,-1.2534398716272497,-1.8769605407815384,-0.0046025296841986875,-0.21298437821187033,3.278878730235e-05,13.529648012966632,-12.312876210426301,13.328561220114576,-12.347156588128371,1.0
0.5205145448147055,0.2264106373860507,-0.4194322196663882,-1.2572502806108776,-1.8771086320560046,-0.004573773930260853,-0.21286330028966918,3.3022957322950516e-05,13.501570005116795,-12.36014233025747,13.306406290877703,-12.394276732005723,1.0
0.5206220639651663,0.2251758658586346,-0.42074032205315487,-1.261059028124971,-1.8772517335008172,-0.004545748738994983,-0.21274683322654997,3.2851633180056524e-05,13.47340307038637,-12.407426005368444,13.283998899837046,-12.441414494861515,1.0
0.5207263979568145,0.22393609239024484,-0.42204700799624906,-1.264864970539237,-1.8773905491616436,-0.004518150173444363,-0.21263378469711913,3.3493472175059895e-05,13.445159569633168,-12.454705209665013,13.26134853628309,-12.488547894575415,1.0
0.5208275469147631,0.2226907233523233,-0.423351821653784,-1.268669306918285,-1.8775243827198833,-0.004491527216197095,-0.21252498881913529,3.3163693765360726e-05,13.416819019105258,-12.501971537622662,13.238434769055443,-12.535668479563592,1.0
0.5209255752139826,0.22143943069661898,-0.424656021446308,-1.272471308529522,-1.87765386392423,-0.004465378371298826,-0.21241977284094066,3.350881082798951e-05,13.388380271835034,-12.549263737233616,13.215259784133334,-12.582815025922528,1.0
0.5210203972974627,0.22018319435391648,-0.42595858813501175,-1.2762710126587586,-1.8777786831558694,-0.004439853351991663,-0.21231869118182062,3.343257432788799e-05,13.359865934875053,-12.596544940111512,13.191841723266414,-12.629950663592215,1.0
0.5211120576938914,0.21892086872361885,-0.4272596082456928,-1.2800680640127222,-1.8778987995007943,-0.004415201453702301,-0.21222146603770292,3.369291311999504e-05,13.331242754750237,-12.643826590003174,13.168149643902822,-12.677086850262503,1.0
0.5212004710647729,0.21765453304364085,-0.42855892096127246,-1.2838629466236342,-1.878014602942445,-0.004390826368388016,-0.21212818540991316,3.402637292069092e-05,13.302571606488886,-12.691087955557537,13.144239984507802,-12.72420283557761,1.0
0.5212856882330994,0.21638193245068296,-0.42985573746610345,-1.2876548674246853,-1.8781256222609088,-0.004367609484287087,-0.21203857992894298,3.39894790536249e-05,13.27378039709214,-12.738323940438764,13.120043274681079,-12.771293554098287,1.0
0.521367736773953,0.21510411139835747,-0.4311519270822725,-1.2914442600584595,-1.8782325139506477,-0.0043446105267192945,-0.21195266117878162,3.4282557503703055e-05,13.244913097613829,-12.785580212459468,13.095604942207245,-12.818404656615916,1.0
0.521446540906018,0.21382109867058866,-0.43244540789982905,-1.295231204471038,-1.8783348168533,-0.0043224985257213225,-0.21187049989699488,3.3798513553769325e-05,13.215956486055834,-12.832796771975298,13.070907811303838,-12.865476140688136,1.0
0.5215221292711367,0.21253244400979898,-0.43373656137382033,-1.299014544792642,-1.8784326954971542,-0.004301208264594312,-0.21179184482132293,3.420759356883447e-05,13.186900016608869,-12.879988117019037,13.045942787038438,-12.912522548876508,1.0
0.5215944956037162,0.21123866261239332,-0.4350258056751526,-1.3027959062649201,-1.8785261915327092,-0.004280524167692061,-0.21171702110850457,3.383934154347699e-05,13.157762031774917,-12.927162357491351,13.020727947496598,-12.95955192836823,1.0
0.5216636636848679,0.2099393042382618,-0.4363135225988348,-1.306574125159267,-1.8786154221253222,-0.004260405665301964,-0.2116458595549229,3.401193641555569e-05,13.128532108994259,-12.974334003467444,12.995254066925412,-13.00657883405604,1.0
0.5217296001741825,0.20863436803934174,-0.43759864257184755,-1.3103492745614238,-1.8787002632374674,-0.004241147666426735,-0.2115782311573694,3.416822360096699e-05,13.099202944093813,-13.021472383302997,12.969512103202321,-13.053572591524768,1.0
0.5217922776069447,0.20732482148220718,-0.438881122830603,-1.3141214252029751,-1.8787809126114214,-0.004222476903863355,-0.21151417673605546,3.375051800202968e-05,13.069802886895387,-13.068568828363095,12.94352897507208,-13.10052452926932,1.0
0.521851720089087,0.20601021589102367,-0.44016133766454696,-1.317889419451371,-1.8788573329756557,-0.0042044240684116704,-0.21145378897319578,3.407825575416136e-05,13.040321494455709,-13.115637626104007,12.917295453668158,-13.147448979252642,1.0
0.5219079217081859,0.2046900968912123,-0.44143867184034447,-1.3216548798677383,-1.8789295707329612,-0.004187205425720108,-0.2113966691975232,3.347898756554928e-05,13.010741213048323,-13.162664717073977,12.89079373874392,-13.194331819852415,1.0
0.5219609025898737,0.2033640147161554,-0.44271350232790463,-1.3254166436346793,-1.8789975429794588,-0.00417086826340539,-0.2113429958873644,3.362503727950742e-05,12.981051690070743,-13.209664472547303,12.864014483683277,-13.241187467126396,1.0
0.52201061664761,0.20203393496539934,-0.44398576649746563,-1.329174821173219,-1.8790617661429894,-0.00415480874994083,-0.2112925890349416,3.340550120884003e-05,12.951310298810274,-13.25661992811304,12.837012660324202,-13.28799895191044,1.0
0.522057080492836,0.20069801383451474,-0.4452542621698867,-1.33292983318802,-1.8791216856844244,-0.00413991258696279,-0.21124538759163605,3.3524513317794113e-05,12.92145443450529,-13.303510903150002,12.809726546692906,-13.33474607808762,1.0
0.522100325413699,0.19935688387564182,-0.4465212584540615,-1.336680871112047,-1.8791778405807398,-0.00412532818158073,-0.21120156974628812,3.3536682956225466e-05,12.891519221155406,-13.350397783859732,12.782192870001495,-13.381489262217624,1.0
0.5221403071384269,0.19801071889578112,-0.4477845214950169,-1.3404284585060529,-1.879229918554953,-0.00411165565627631,-0.2111609709292719,3.3180273279047745e-05,12.861493644516967,-13.397215095807136,12.754398324205148,-13.42816301021399,1.0
0.5221770495704684,0.19665933812614203,-0.44904515402022643,-1.344172217266047,-1.8792780342636433,-0.004098648142477712,-0.21112379030409484,3.321417842724741e-05,12.831380591704438,-13.443996012725858,12.726347030051254,-13.474800510189086,1.0
0.5222105214931154,0.1953037252524039,-0.45030206916932813,-1.3479122451191532,-1.8793225613115028,-0.00408619546449533,-0.21108938101123273,3.2536750094151114e-05,12.801200889945934,-13.490701754174918,12.69805818872086,-13.521362977908236,1.0
0.5222407506724018,0.1939425861650712,-0.4515554992673636,-1.3516477711610817,-1.8793629639356506,-0.004074745205953234,-0.21105836676818923,3.280206061586956e-05,12.770918582772211,-13.537349092398552,12.66949726359724,-13.567867215442403,1.0
0.5222677380226779,0.19257629821061548,-0.45280598385893295,-1.3553800005040753,-1.8794000068769867,-0.004063781293749593,-0.21102982816203605,3.221589401882881e-05,12.7405488040224,-13.583950723270698,12.640679482763524,-13.614325872160236,1.0
0.5222914719598724,0.19120544360524083,-0.45405287642407033,-1.3591078313462102,-1.879433043407694,-0.004053629568798685,-0.21100487245608363,3.200796091631954e-05,12.710103762051821,-13.630483617629855,12.611616407399529,-13.66071596126528,1.0
0.5223119662090515,0.18982899172733167,-0.4552961022420214,-1.3628313063470294,-1.879462404863997,-0.004044368456551047,-0.21098263744779364,3.169531845283655e-05,12.679553044576622,-13.676953697354978,12.582278343343177,-13.707043403107647,1.0
0.5223292126876395,0.18844791735058442,-0.45653559800127574,-1.366550479225455,-1.8794883821016923,-0.004035707580519659,-0.21096297046994936,3.179287467718221e-05,12.648924547702176,-13.723351685548845,12.552692766900922,-13.753298918593499,1.0
0.5223432172988697,0.18706207093703647,-0.4577714482795654,-1.3702650143979138,-1.8795106483251267,-0.0040278185839506785,-0.21094647048217396,3.141674278474581e-05,12.618214632307868,-13.769681257146102,12.52285633436537,-13.799486195455174,1.0
0.5223539889491152,0.18567085768918618,-0.4590042020319322,-1.3739761078949992,-1.8795296250595306,-0.0040205208025244,-0.21093248572442566,3.1096834884344494e-05,12.587410344843127,-13.815962914948233,12.492756602958512,-13.845625690728031,1.0
0.5223615165551622,0.18427554624626225,-0.4602324338509434,-1.3776818975774727,-1.8795450042930326,-0.004014033487070407,-0.21092148562122645,3.065786322058732e-05,12.556537771703663,-13.862146033273943,12.462419009048995,-13.891666850097403,1.0
0.5223658081064474,0.1828754243834248,-0.46145580813979054,-1.3813832453440325,-1.879557073715399,-0.004008451186083551,-0.21091268385282175,3.063373275604905e-05,12.525573516765933,-13.908226426589994,12.431820606492069,-13.937605455183965,1.0
0.5223668736886923,0.18147045842429316,-0.46267632188525737,-1.3850801064147331,-1.8795656063839148,-0.00400346738316405,-0.21090723548282495,3.0321633766281175e-05,12.494531958516085,-13.954261863649464,12.400976299034081,-13.983499276061416,1.0
0.5223647111450843,0.1800614981466397,-0.4638919686291278,-1.3887722488201195,-1.8795713243831893,-0.0039990520709010935,-0.21090350373447617,3.0099018156854473e-05,12.463422204098073,-14.000188177030864,12.369895072082091,-14.02928415443684,1.0
0.5223593282597813,0.17864750676904387,-0.46510374546000816,-1.3924596133266438,-1.8795737910942982,-0.003995393504641332,-0.21090232843418755,2.9620280222327582e-05,12.432222111748175,-14.046042157382363,12.338555188056961,-14.074996883188799,1.0
0.5223507287829574,0.17722852112226922,-0.46631056069548443,-1.3961423676712021,-1.8795727482474864,-0.003992851537334372,-0.21090381959000357,2.9368718841864903e-05,12.400924334990068,-14.091792240098666,12.306949502525235,-14.120605891467706,1.0
0.5223389177918634,0.17580533281760097,-0.46751350323693847,-1.3998200634362148,-1.8795686683142068,-0.003990853825460525,-0.21090786577739334,2.885705216490498e-05,12.369560082985908,-14.137463696654148,12.27510947287876,-14.166136467604176,1.0
0.522323900315411,0.17437792128226623,-0.46871250069535386,-1.4034927467445668,-1.879561843135633,-0.003989307578817623,-0.21091398974891357,2.8469292900737557e-05,12.338128216544092,-14.183054710673495,12.243034224240047,-14.211586793470905,1.0
0.5223056697367037,0.1729424031981074,-0.46990795375169553,-1.4071529191969858,-1.8795505604720426,-0.003989611260278673,-0.21092413228957743,2.8979174434453994e-05,12.306520658405876,-14.22860682962771,12.210615046196823,-14.256998704220779,1.0
0.5222842703184917,0.1715064270750763,-0.471096948952356,-1.4108155244175782,-1.879537760377357,-0.003989722227245289,-0.21093458557099218,2.8241991588024408e-05,12.274933435353333,-14.2739774720248,12.178050849513758,-14.302229045360686,1.0
0.5222596850536341,0.1700659010127655,-0.4722810594697557,-1.4144725098522333,-1.879522087841357,-0.003990661175170813,-0.2109470476933565,2.817460170750728e-05,12.24326182901034,-14.31924349963138,12.145235719117235,-14.347354987402971,1.0
0.5222318921744094,0.16861847972136465,-0.4734622098254728,-1.4181177909805842,-1.8795020646256082,-0.003993109954018616,-0.2109640941055458,2.8382768268514392e-05,12.211454144814143,-14.3644783953069,12.112116590872503,-14.392450246274871,1.0
0.5222009546649884,0.16716914086535786,-0.47463709428270173,-1.4217645159122934,-1.879480888338322,-0.003995491683575878,-0.2109806027064551,2.7668041642714877e-05,12.179626123887369,-14.409548941213167,12.078812998100323,-14.437381100376776,1.0
0.5221668166031411,0.16571262155648311,-0.4758080651683611,-1.4253990261929539,-1.8794554634155582,-0.00399963346836893,-0.2110011926663813,2.8151616909089024e-05,12.147646545188397,-14.454563374180768,12.045190276575058,-14.482256309994225,1.0
0.5221295743490171,0.16425487126215071,-0.47697192853320025,-1.4290342675112804,-1.879428617128876,-0.0040039354801041024,-0.21102168624161916,2.8030958596767378e-05,12.115659073431486,-14.499384154614301,12.01139761811126,-14.526937839445637,1.0
0.5220891942651593,0.16279355137122004,-0.4781305530334149,-1.432664230365155,-1.8793994811333317,-0.004008816156151975,-0.21104361165333152,2.7342927597663215e-05,12.083612077054966,-14.544083113991803,11.97738140476113,-14.57149775036586,1.0
0.5220456728465805,0.16132866908852292,-0.47928491935828227,-1.4362889060182717,-1.879367479092297,-0.004014335044224885,-0.21106836260961556,2.6883213287482284e-05,12.051513584833952,-14.588688502766233,11.943149482192437,-14.61596429331796,1.0
0.5219989638801328,0.15985663598561736,-0.4804349456038664,-1.4399019041107513,-1.8793324444581836,-0.004021243103772096,-0.2110951805366455,2.703315027965521e-05,12.019261268527405,-14.633225771270242,11.90859686408203,-14.660363163903924,1.0
0.5219492091263123,0.15838296991104922,-0.4815770139897115,-1.4435147846097487,-1.8792952471143627,-0.004029002812629796,-0.21112290212908655,2.6690153214271965e-05,11.986981913694134,-14.677548498716725,11.873858180254237,-14.704547498461247,1.0
0.5218963475982166,0.1569063742037139,-0.4827148511121971,-1.447121698342551,-1.8792561612595198,-0.004036915431422724,-0.21115212209370174,2.6186744157274023e-05,11.954668957954976,-14.721773862612798,11.838923460609275,-14.748634698059389,1.0
0.5218403828971198,0.15542501861318808,-0.48384627303884425,-1.4507232321350192,-1.8792146428257592,-0.004046059705705509,-0.2111824511807155,2.5654717149582583e-05,11.922252876563558,-14.765853405684819,11.803723390371347,-14.792576283478548,1.0
0.521781342028541,0.15394060510272742,-0.4849724467695669,-1.454318613166107,-1.879170905068879,-0.004055802254468556,-0.21121451023432902,2.5269061557957643e-05,11.889791074069894,-14.80980758261211,11.76831675487033,-14.836392738590556,1.0
0.5217191531094406,0.15244993762459708,-0.4860939915101807,-1.4579024239618756,-1.879123941865144,-0.0040670388875302145,-0.21124935229264225,2.555078317399534e-05,11.857198586825367,-14.853679002308763,11.732614629590632,-14.880126880125138,1.0
0.5216539829811062,0.15095819530188917,-0.4872085867659142,-1.4614852759698904,-1.8790760889909255,-0.0040783675818404815,-0.21128366947950256,2.5392130711900844e-05,11.82460184536326,-14.897361112341201,11.6967525625448,-14.923671749040897,1.0
0.5215857959460005,0.1494635916857011,-0.4883166042454846,-1.4650626819539723,-1.8790258552965866,-0.004090711901581209,-0.21131966708957595,2.4574888892811684e-05,11.79195350983245,-14.940878489478157,11.660681178147811,-14.967052094053251,1.0
0.5215145377479776,0.14796467037799801,-0.4894192884298617,-1.468633591746142,-1.8789737433398623,-0.004103843336610368,-0.21135657341932848,2.4369777419635994e-05,11.759222926308823,-14.984278311877874,11.624366949684681,-15.010315133369382,1.0
0.5214402962066103,0.14646340999412535,-0.49051561556918466,-1.4721979666420546,-1.8789193970070557,-0.004117835632898658,-0.21139522219020596,2.3905902982741357e-05,11.726456839365378,-15.027515917357945,11.587861205296695,-15.053416206344709,1.0
0.5213629232353865,0.14495606848590695,-0.4916077941315028,-1.475751568736878,-1.8788624761549488,-0.00413301278499712,-0.21143599015432354,2.395080446455334e-05,11.693568903167497,-15.070683887686094,11.551069705120645,-15.09644805710082,1.0
0.5212826477246394,0.14344726245180325,-0.4926920694935322,-1.4793035001495383,-1.8788043936938728,-0.004148833658144097,-0.2114763881992255,2.3548003681079095e-05,11.660656605005919,-15.113638753904711,11.514102235429805,-15.139266868182325,1.0
0.5211994277746481,0.14193610014610022,-0.49376977861323207,-1.4828490760982116,-1.8787447353224833,-0.004165357329238468,-0.2115174225196418,2.300225965000407e-05,11.627705981110893,-15.156425899702581,11.476942465620164,-15.181918202505791,1.0
0.521113239423886,0.14042155001415232,-0.4948409318289701,-1.486388254667394,-1.8786827403390576,-0.0041831304289835875,-0.21156012133536556,2.271704775729926e-05,11.594688189633894,-15.199053763832339,11.439560301146223,-15.224410500476914,1.0
0.5210241048438266,0.13890456912432253,-0.49590643753592956,-1.4899209792123078,-1.8786196137310516,-0.004201261155740139,-0.21160310630044762,2.1829465764694307e-05,11.561637322109886,-15.241541137772815,11.401990989110203,-15.266762555591566,1.0
0.520932027005299,0.1373837316711949,-0.496964592111104,-1.493446334953559,-1.87855403783085,-0.004221022050110502,-0.21164755263975452,2.1599125707795167e-05,11.52849918931821,-15.28385026052179,11.364180460201064,-15.308936642046454,1.0
0.5208370360354908,0.13586059979927087,-0.4980168812230313,-1.4969656828088893,-1.8784874957832334,-0.004241151216066215,-0.21169201386479536,2.130204803187633e-05,11.495329525137825,-15.326011830209334,11.32618607352766,-15.350963405698085,1.0
0.5207391496713444,0.13433478470205049,-0.49906254866086497,-1.500478148511888,-1.8784193221889462,-0.004262224136378649,-0.21173723651945908,2.0857975443434864e-05,11.462110917689621,-15.368007249872061,11.28799130967183,-15.392824283177214,1.0
0.520638377698719,0.13280622829457062,-0.50010158884835,-1.5039836331121326,-1.8783493404297569,-0.0042843622326071236,-0.21178352874071998,2.0208592489483823e-05,11.428841489860348,-15.40983693758055,11.249594798715346,-15.434519696284264,1.0
0.5205347335248256,0.13127491840975353,-0.5011339247094441,-1.5074821928375002,-1.8782780015217715,-0.004307415462566231,-0.2118301079823199,2.0181452851859112e-05,11.39552002768557,-15.45149890331906,11.210996028929687,-15.476047652765116,1.0
0.5204282344080677,0.12974093626743832,-0.502159472173236,-1.510974051009739,-1.878204943256944,-0.0043315836112597355,-0.21187760540031902,1.9588061736860496e-05,11.362147839910461,-15.492990232176622,11.172197218443115,-15.517405229396045,1.0
0.5203189364345701,0.12820518777444695,-0.5031781911485351,-1.51445904606994,-1.8781309934252137,-0.004356378728871183,-0.21192488353438055,1.876695128164818e-05,11.328749264981237,-15.534302835762476,11.133225628117271,-15.558584343656957,1.0
0.5202067982685479,0.12666656409239946,-0.5041901437083117,-1.5179369610465339,-1.8780554138652057,-0.004382342283124562,-0.21197291943512087,1.831426361612904e-05,11.295294086530914,-15.575447265746789,11.094048875145111,-15.599595555495,1.0
0.5200918733338995,0.1251259267052789,-0.5051953621570427,-1.5214074780429152,-1.8779783384753663,-0.004409284806621595,-0.21202177239197326,1.8225657012136955e-05,11.261805999416126,-15.616417854383396,11.054693431423917,-15.640433209413212,1.0
0.5199741388464985,0.1235824491740488,-0.5061936233854115,-1.5248711778222723,-1.8779006005490686,-0.004437070599492606,-0.21206969670830664,1.746830634737911e-05,11.228260175185516,-15.657214780186179,11.0151333009232,-15.681097461933373,1.0
0.5198536619173368,0.12203718687198832,-0.5071849250935321,-1.5283280955018825,-1.8778210113176503,-0.004466075960825876,-0.2121190533962358,1.7103879959793585e-05,11.19468523782759,-15.697829869278543,10.97540061329688,-15.721580137413692,1.0
0.5197304053424174,0.12048918374635277,-0.5081694173464708,-1.5317737175807402,-1.8777400024356814,-0.004496274277855356,-0.21216889759532426,1.700285077583025e-05,11.161056018275064,-15.738274941545248,10.935468083905905,-15.761893228870424,1.0
0.5196044647454376,0.11893945480564329,-0.509146090478153,-1.5352153162954636,-1.8776583329116074,-0.004527442409154605,-0.21221780164953055,1.6735815424872825e-05,11.127391218392495,-15.778513329583598,10.89535968558893,-15.801999790490342,1.0
0.5194758438528899,0.11738884148634372,-0.5101166633174659,-1.5386499909110944,-1.877575893077036,-0.004559059082225198,-0.21226698327620788,1.598926143176895e-05,11.093728466654483,-15.818587900947755,10.855113130601493,-15.841942800608797,1.0
0.5193444750410027,0.11583463149550179,-0.5110791619742995,-1.542074012007785,-1.8774918175232527,-0.004592556734312904,-0.21231623486126713,1.6179685605184403e-05,11.059976306109178,-15.858463220171162,10.814633288337502,-15.88168696674078,1.0
0.5192104821118203,0.1142795903786021,-0.5120348251571512,-1.5454937172601177,-1.8774066553347861,-0.004626897789028631,-0.2123660081402773,1.5641935956989986e-05,11.026220578684852,-15.898153486631132,10.774012707071291,-15.921246245687433,1.0
0.5192052829453562,0.11278296319968607,-0.5129468988082622,-1.54903685142655,-1.8773369973013374,-0.004627551314048484,-0.21243353398595197,1.4938380559042158e-05,10.990442108692784,-15.936141530802198,10.738098511470477,-15.959098564249752,1.0
0.5192000905754067,0.11128476336666782,-0.5138535964252371,-1.5525753523191332,-1.8772670216449825,-0.004627916553048158,-0.212501727120443,1.450939789626216e-05,10.954576468266453,-15.973987566973566,10.702097322860201,-15.996809052237175,1.0
0.5191949088887106,0.1097838162588969,-0.5147526028789218,-1.5561065784548707,-1.8771959445160653,-0.004629216287211555,-0.21257052522936315,1.4554382790833297e-05,10.918571732230681,-16.011634244602174,10.665957317529625,-16.034320460570978,1.0
0.5191897313200087,0.10828397241679799,-0.5156457341528424,-1.559634993323057,-1.8771250421358656,-0.004629749164043921,-0.21263970386851347,1.4067096499486214e-05,10.882552811020078,-16.049103654279584,10.629803234525543,-16.071654708454908,1.0
0.5191845614512587,0.10678314632363159,-0.5165316184003915,-1.5631581630342264,-1.8770537113275376,-0.004630548258084766,-0.21270907877465778,1.3495844976135738e-05,10.846449006126434,-16.086372678939952,10.59356446884769,-16.108788772331064,1.0
0.5191793991461633,0.10528132323576996,-0.5174112083310681,-1.566676178373578,-1.8769824426329487,-0.00463115313982993,-0.21277827731484503,1.2945104162711946e-05,10.810267355728541,-16.123468802199778,10.55724805511678,-16.14575013225787,1.0
0.5191742454071214,0.10377917467716703,-0.5182846865337765,-1.5701883550148321,-1.8769108548708107,-0.004631597661371528,-0.21284823867691535,1.2814670884499538e-05,10.774028563778575,-16.160391996282083,10.520874723452879,-16.18253878662624,1.0
0.5191690994862432,0.10227586320963472,-0.5191508995836343,-1.5736952058281655,-1.8768390334343086,-0.00463233365065801,-0.2129180517470337,1.2274806221728566e-05,10.737699548583214,-16.197115699812674,10.484411372638803,-16.219128154538115,1.0
0.5191639612747198,0.10077237811085853,-0.520010821247672,-1.577196802190368,-1.876767165231512,-0.004632865870505316,-0.21298814816917866,1.16539098163241e-05,10.701316352873624,-16.233660136230213,10.447894042565231,-16.255538456591673,1.0
0.519158831807825,0.09926837189997344,-0.5208636222876569,-1.5806924409312453,-1.8766948917370119,-0.004633673159653448,-0.21305866154507067,1.1448885567580698e-05,10.664862484342253,-16.270004195189102,10.41130626795071,-16.29174860946741,1.0
0.5191537096068154,0.09776322807762765,-0.5217100296233278,-1.5841831285327916,-1.8766226395440309,-0.004634480405603937,-0.21312905890284695,1.0834595688095296e-05,10.62832594588862,-16.3061736056813,10.374636013091775,-16.327784303554306,1.0
0.5191485958950751,0.09625854147281183,-0.5225502368529119,-1.58766802980012,-1.8765504812929823,-0.0046349697431439674,-0.21319975071857067,1.0492854540981681e-05,10.591754045750795,-16.3421614200348,10.33793061816326,-16.363638623117115,1.0
0.519143491534907,0.09475300323568206,-0.5233843621263974,-1.5911465580328314,-1.876478544795617,-0.0046352822707460975,-0.2132702378004639,1.0034407919506439e-05,10.555110100851477,-16.377981273906773,10.3011534225985,-16.399325226323647,1.0
0.5191383948583369,0.09324706456726443,-0.5242111169066181,-1.5946198520197197,-1.8764066735723024,-0.004635811677219268,-0.21334029613944389,9.712105167662472e-06,10.518396996921242,-16.413592643120694,10.26430726858517,-16.434803545454475,1.0
0.5191333089957718,0.09173976033109253,-0.5250310235262993,-1.5980857781850466,-1.8763342885142693,-0.0046368418844543085,-0.21341092525098412,9.51445121928966e-06,10.481591060291317,-16.449018051479555,10.2273685641746,-16.47009618603269,1.0
0.5191282301556479,0.09023315553420161,-0.5258444069991586,-1.6015469179061534,-1.8762625252256413,-0.004637472550891991,-0.2134808914111763,8.912308458951077e-06,10.444754199089925,-16.48425070707121,10.190399118515236,-16.505196257166375,1.0
0.5189997448844099,0.0886690903268158,-0.5266821542404155,-1.6048782721867114,-1.8762060922406691,-0.004605252452938102,-0.2135685558935192,8.975829777511716e-06,10.406455430899252,-16.523857569301462,10.151972732133236,-16.53822245395279,1.0
0.5188743602952332,0.08710727206399817,-0.5275115277418639,-1.6082066567112803,-1.8761493894359267,-0.004574067614886378,-0.21365543806894718,8.450337077354653e-06,10.368160177343366,-16.563130345260955,10.113549974237491,-16.571076338859335,1.0
0.5187520427328417,0.08554691719603459,-0.5283314491282615,-1.6115325298968097,-1.8760917556292138,-0.004544654288500431,-0.2137419780065847,7.889203560779981e-06,10.32983730919404,-16.602044957228028,10.075099698496388,-16.603732094108068,1.0
0.5186328084511719,0.08398929957962241,-0.5291432535814962,-1.614854540031696,-1.8760342809143806,-0.0045159657179165156,-0.21382729540550277,7.43483161548012e-06,10.291533682096667,-16.640629250287486,10.036668812228267,-16.636218361737406,1.0
0.518516570385859,0.08243268388186359,-0.5299458070295205,-1.6181732542003922,-1.8759766858840958,-0.004488707925994878,-0.2139109358572865,7.122704429554193e-06,10.253190397184852,-16.67886641346098,9.998198394869828,-16.668513806789612,1.0
0.5184034203563304,0.08087966558353024,-0.5307403347281054,-1.6214880240537464,-1.8759190750634325,-0.004462141935887553,-0.2139939258723474,6.77145016066411e-06,10.214891432474984,-16.71676876550028,9.95977244905453,-16.700635517340004,1.0
0.5182932108780669,0.07932783787773871,-0.531526558478302,-1.6248001781306776,-1.875860989182508,-0.004436890949780288,-0.21407639222188132,6.652609927867919e-06,10.176565342427347,-16.754350919352373,9.921319478434237,-16.732590456899633,1.0
0.5181860520327298,0.07777926311929764,-0.5323039258172635,-1.6281077732071558,-1.8758028594014313,-0.0044126610823487155,-0.21415780691910166,6.188138268868388e-06,10.138266816317891,-16.791577860370573,9.882894246571627,-16.764349283956545,1.0
0.5180818427051895,0.07623279356267157,-0.5330730214086034,-1.6314128271143036,-1.8757446133466604,-0.004389482454693912,-0.21423833990872065,5.807497605527631e-06,10.09996736433512,-16.828477879216837,9.844468186531927,-16.79593508702185,1.0
0.5179805206727407,0.07468768566369363,-0.5338342007216877,-1.6347138027582684,-1.875686540047634,-0.004367231370014504,-0.21431752378293234,5.925978043597639e-06,10.061648247093892,-16.865068572032182,9.806022617754554,-16.827362154731798,1.0
0.5178821768152915,0.07314570429720313,-0.5345866027598518,-1.6380102641094474,-1.8756281587299235,-0.004346157790141081,-0.21439615966492173,5.592925115338625e-06,10.02335321380275,-16.901308860225875,9.767601305904133,-16.858594136927422,1.0
0.5177867466343065,0.0716063718870904,-0.5353309376933856,-1.6413035529759865,-1.8755701285728767,-0.004325841063776379,-0.2144733704314804,4.912381351685735e-06,9.985074010754408,-16.93722443355796,9.729195946067987,-16.889653407071673,1.0
0.5176942091220773,0.0700698230493334,-0.5360676623209091,-1.6445918520116407,-1.8755118972399392,-0.004306400991618556,-0.21455035218791246,4.721554364417292e-06,9.946817918479418,-16.972827817169065,9.69081388852093,-16.92055132373741,1.0
0.517604514811132,0.06853480821765608,-0.5367953861276558,-1.6478768609701318,-1.8754536121032774,-0.004288327698757504,-0.21462594984188013,4.644355312555794e-06,9.908537999539217,-17.008090070746626,9.652408130548755,-16.951256429164957,1.0
0.517517724064206,0.06700367671720843,-0.5375153759798763,-1.6511574177602915,-1.8753962560807806,-0.004270552882259666,-0.21469956910046065,4.472496461975104e-06,9.870311522582202,-17.04302740212597,9.61405598518822,-16.981788038371473,1.0
0.5174336933633261,0.0654736171092833,-0.5382276499115498,-1.6544338993281098,-1.8753379592961186,-0.004254268371044346,-0.21477385071112542,3.7678631385603257e-06,9.832057778245602,-17.077666103761885,9.575676728711517,-17.012164965027868,1.0
0.5173525060215746,0.06394707663973431,-0.538932385499522,-1.657705330506375,-1.8752800298746548,-0.004238558622358173,-0.21484714187349258,3.6628420851559582e-06,9.793848280220736,-17.111989725425474,9.537341912327319,-17.042375071207758,1.0
0.5172741020162545,0.06242308729130863,-0.5396295402505008,-1.6609718963611153,-1.8752227299754562,-0.0042234486648223424,-0.21491878120267383,3.4074616593106933e-06,9.755654773746615,-17.146006127566647,9.499023273960844,-17.07242309085825,1.0
0.5171984495330118,0.060900870818024914,-0.5403180663756353,-1.664234089512457,-1.875164877303942,-0.004209864891081345,-0.21499015714340886,3.0554554243447076e-06,9.717446534137355,-17.17969207982658,9.460690070139417,-17.102284151363154,1.0
0.5171255816386543,0.059382254700573234,-0.5409989553750311,-1.6674918055456358,-1.8751080141831198,-0.004196642177169852,-0.21505945381720828,2.6278886750369226e-06,9.679283718795293,-17.21306066435423,9.422402462247199,-17.131973057325034,1.0
0.517055422720606,0.05786581637426189,-0.5416724527112212,-1.6707441684349391,-1.8750510916992833,-0.004184365431281919,-0.21512830250894968,2.276642618811462e-06,9.641127284794004,-17.246132032120794,9.384121440937278,-17.161505978363184,1.0
0.5169880023960151,0.05635289394760298,-0.5423383746322983,-1.6739920790180287,-1.8749945070355416,-0.004172769268857543,-0.2151961948304582,2.2648134552350102e-06,9.60301409510229,-17.278889450585684,9.345883834629547,-17.190867762812818,1.0
0.5169232499414466,0.05484204448164308,-0.5429969082807693,-1.6772346712205821,-1.8749382213706827,-0.004161997824292789,-0.2152630076543059,2.1199309077863915e-06,9.564904069947648,-17.311351437537827,9.307649596627975,-17.220073202878627,1.0
0.5168611829599973,0.05333436354417192,-0.5436479904777485,-1.6804723026079,-1.8748824226643295,-0.004151876843070585,-0.21532859628459738,1.4618799718309374e-06,9.52682805466295,-17.343506958488376,9.269449558598748,-17.249112196805406,1.0
0.5168017471791572,0.05182876322869296,-0.544291656022628,-1.6837048822410563,-1.874826952388918,-0.004142604512026667,-0.21539304338613435,1.2146265829990968e-06,9.488754980728437,-17.37536691816759,9.231252655638126,-17.277992812111076,1.0
0.5167449770887936,0.05032701949929054,-0.544927969259437,-1.6869320908677272,-1.874772200010358,-0.004133807362828546,-0.21545603619689563,9.16064839244895e-07,9.450736222585972,-17.406918136636403,9.193110274291254,-17.30670365748742,1.0
0.5166908193656596,0.048828049134332696,-0.5455569778887174,-1.6901538368749216,-1.8747177105279302,-0.0041258140190453775,-0.21551817297022535,5.897469131518917e-07,9.41274095326681,-17.43817182968636,9.154991591314559,-17.335253160966026,1.0
0.5166392849473331,0.047332499225604695,-0.5461773665001145,-1.6933716401360606,-1.8746637710908503,-0.004118793890941441,-0.21557847028034413,5.156123440699305e-07,9.374777275430594,-17.46908470758963,9.11690465085342,-17.36359866239001,1.0
0.5165902896160678,0.04583882176914498,-0.5467918212062504,-1.6965822909278288,-1.874609968477055,-0.004112385606435185,-0.2156385767112726,-2.618991078569875e-09,9.33682182264791,-17.499748267935782,9.078826209431535,-17.391827139342986,1.0
0.5165438647952855,0.04434854243710823,-0.5473990398069072,-1.699787082448418,-1.8745571293806145,-0.004106421769196786,-0.21569674890626608,1.497354646669101e-07,9.298908022163891,-17.530112126627763,9.040789644756202,-17.41988989789912,1.0
0.5164999664896242,0.042861060054671676,-0.5479999094780058,-1.7029869714463512,-1.8745043105801584,-0.004101167264382278,-0.2157548903351934,-3.633064288638502e-07,9.261025555406356,-17.560207531629768,9.002784601605601,-17.44781592565125,1.0
0.5164586175656577,0.04137745063462285,-0.5485927413840991,-1.7061800811497125,-1.874452021030551,-0.004096750911673146,-0.2158115418606357,-7.832493280906603e-07,9.223191821280476,-17.589976837664597,8.964828550777375,-17.47554869930554,1.0
0.5164197517244455,0.03989637097695782,-0.5491792420565874,-1.7093679970240356,-1.874400657770679,-0.0040926881234660106,-0.21586655389178327,-9.88482300531747e-07,9.185381701477638,-17.619481252391527,8.926896313229351,-17.503146025752265,1.0
0.5163833657750125,0.03841815180324727,-0.5497587043947804,-1.712549349227961,-1.8743493892385612,-0.004089524605341577,-0.2159210765192985,-1.3391198163389653e-06,9.147598980618444,-17.64869787730648,8.888991726055893,-17.530584787411087,1.0
0.51634944239394,0.03694292683169705,-0.5503310114375233,-1.7157245824880125,-1.8742988853135627,-0.004086993408804344,-0.21597392627539275,-1.0985759302510352e-06,9.109846492512606,-17.67762264516634,8.851117606175867,-17.557860029464926,1.0
0.516317975116827,0.03547150715931679,-0.550895812626965,-1.718895576396918,-1.8742493541648837,-0.004085025221854408,-0.21602471040337803,-1.4840601842244734e-06,9.072144693612332,-17.706239112689993,8.813294337851053,-17.58495504331332,1.0
0.5162889268302647,0.034003044330625405,-0.5514548698965057,-1.7220584571625694,-1.8742000558321927,-0.004083578350695073,-0.21607533980607982,-1.7326762711230196e-06,9.034483018916724,-17.73460551267536,8.77551150454154,-17.6119259755826,1.0
0.5162622936811873,0.03253836740009172,-0.5520068123574706,-1.7252151302965015,-1.874151163148554,-0.0040828769481116405,-0.21612502101119893,-2.037610351161033e-06,8.996874369923445,-17.76267590656575,8.737781934721754,-17.638726759568716,1.0
0.5162380344222064,0.031076112002401124,-0.552552747049704,-1.7283649516389332,-1.8741029407520462,-0.004082653654029856,-0.21617356094381648,-2.4040391265832165e-06,8.959288260169377,-17.790493863948782,8.70007516660778,-17.66539878663223,1.0
0.5162161390782485,0.029616596245517247,-0.5530915221867693,-1.731508716796142,-1.874055333735896,-0.004083226586176657,-0.21622056848350654,-2.661049080378267e-06,8.92172464149065,-17.81802396358448,8.66239112153639,-17.691906145228685,1.0
0.5161966013065525,0.028161408799757908,-0.5536242651656774,-1.734645687071334,-1.874008611818148,-0.004084026015555513,-0.2162663441155424,-2.806589576780175e-06,8.884237948052675,-17.84528607345846,8.624784261985738,-17.71826834387206,1.0
0.5161793926575063,0.026709206669599823,-0.5541501048291585,-1.7377752161999351,-1.8739620969192752,-0.004085739779355992,-0.2163114109984689,-2.8377412320905965e-06,8.84678265270156,-17.872266488634658,8.587209085523357,-17.744470167535642,1.0
0.5161644933839,0.025260442215844187,-0.554669798739336,-1.740898433032919,-1.8739167411089692,-0.004087703590443991,-0.21635454250031583,-2.930331229780833e-06,8.809377689046913,-17.898983774640005,8.549684482529367,-17.770529193963625,1.0
0.5161518842631673,0.02381498611344792,-0.5551834106745412,-1.7440151492807783,-1.8738718665024352,-0.0040902319640650974,-0.2163968904653178,-3.279260603469863e-06,8.772019779426238,-17.925441203392726,8.512207182552748,-17.79644768424245,1.0
0.5161415507444489,0.022372985675913323,-0.5556902285013234,-1.7471236575552869,-1.8738271590262299,-0.004093659038858449,-0.21643867192176405,-3.176282507322715e-06,8.734707413679196,-17.95161749536136,8.474775740814419,-17.822203533751395,1.0
0.5161334686694418,0.02093427620701716,-0.5561908800892471,-1.750225886878804,-1.873783464965391,-0.004097463235485189,-0.2164786798381577,-3.6022648463499156e-06,8.697440810501986,-17.977532482540244,8.43739030213395,-17.84781538704369,1.0
0.5161276218187765,0.019499248080690194,-0.5566855729552002,-1.7533206420255292,-1.873740477802666,-0.004101701799549784,-0.21651757777843741,-3.5464599599515928e-06,8.660232732630178,-18.00318939023467,8.400063675018345,-17.873285576831385,1.0
0.5161239900762135,0.018067158339647935,-0.5571741702490335,-1.756408595841674,-1.8736984381117237,-0.004106388376746011,-0.21655475321043027,-4.212226400070838e-06,8.623060726192302,-18.028590603524858,8.362773379827441,-17.898615463683942,1.0
0.5161225547565892,0.016639356996545448,-0.5576559024329316,-1.7594884624519544,-1.8736566290665453,-0.004111941522706983,-0.21659127270500314,-4.23058474136267e-06,8.58595735876605,-18.053703773387042,8.325552033337539,-17.92377167381676,1.0
0.5161232979287677,0.015214481496074444,-0.558132497693541,-1.7625617136967455,-1.8736156782288245,-0.004117747248581146,-0.2166266199762157,-4.334789303716363e-06,8.54889718501871,-18.078589649011438,8.288374133907915,-17.948814076534017,1.0
0.516126200083196,0.013793614458028135,-0.5586032394374579,-1.7656265172363812,-1.8735753877992989,-0.004124001341600911,-0.21666095319155096,-4.1581452377597485e-06,8.511905510750925,-18.103219552686472,8.25126505750998,-17.973712905349355,1.0
0.5161312399834489,0.0123761949945979,-0.5590669459935746,-1.768683929558399,-1.8735355458811267,-0.004131191383678902,-0.21669397695905573,-4.541287172015859e-06,8.47495684656092,-18.127564467296757,8.214199274254138,-17.998438074870258,1.0
0.5161384043170547,0.010962069893146895,-0.5595256033040042,-1.771733735059101,-1.8734970001766253,-0.004138416157510447,-0.21672511489984472,-4.892459575628897e-06,8.438062469804246,-18.151682875929932,8.177188069752763,-18.023047364876394,1.0
0.5161476650536926,0.009552156374592303,-0.5599782504362061,-1.774775847120713,-1.8734588607713176,-0.004146268759649611,-0.21675556454216865,-5.168108420026237e-06,8.401241042822978,-18.175540590723493,8.140250109640911,-18.047505120734474,1.0
0.5161590068635874,0.008146063445657296,-0.5604249745905695,-1.777809553778054,-1.8734213239568978,-0.004154688097716121,-0.2167849398662765,-5.163187191369509e-06,8.364481837886418,-18.199143339884856,8.10337469345949,-18.07181624300468,1.0
0.516172417016248,0.006743058520893501,-0.5608656640721663,-1.7808355268652079,-1.8733840582422834,-0.004163933078481301,-0.21681362131610324,-5.290898273247684e-06,8.327763024537754,-18.222494134604347,8.066539965036895,-18.095983103926486,1.0
0.5161878632383564,0.005344708963072757,-0.5613013671590531,-1.7838529617097518,-1.8733481334044104,-0.004173099222278619,-0.21684048584063773,-5.381350016936577e-06,8.291137829187713,-18.245611432667882,8.029799181644407,-18.12002244541834,1.0
0.5162053418795209,0.0039493553142191315,-0.5617309927488354,-1.7868626824391154,-1.8733124488599904,-0.004183150329721837,-0.2168666259299688,-5.605329822853613e-06,8.25454995796126,-18.268477066889993,7.9930960177772885,-18.1439159413356,1.0
0.5162248228674525,0.0025583036917032082,-0.5621556622907975,-1.7898633313873786,-1.873278133352891,-0.004193157348365111,-0.21689081114684328,-5.5105397173948325e-06,8.218045710710545,-18.29111362041304,7.956476825328417,-18.167684552689863,1.0
0.5162462837620634,0.0011711902646279599,-0.5625742005186641,-1.7928563441139123,-1.8732440141621771,-0.004204024033536173,-0.21691441381709306,-5.825458246395812e-06,8.1816053283487,-18.313490731380682,7.919921790222006,-18.19129680100491,1.0
0.5162697178222044,-0.00021255336643919505,-0.562986729076349,-1.7958406417696422,-1.8732103013056736,-0.004215685404293266,-0.21693701471372426,-5.525491257554206e-06,8.145213403048418,-18.335616518170323,7.883415545872078,-18.21476041145787,1.0
0.5162950993604681,-0.0015919639681129165,-0.5633951751674912,-1.7988162016697478,-1.8731780593384841,-0.00422704402054339,-0.21695783068919516,-5.941175516574957e-06,8.108912800706127,-18.357539271000505,7.84700095925854,-18.238122332030752,1.0
0.516322386023295,-0.0029668575459586236,-0.5637971740946329,-1.8017856579152975,-1.873146483463728,-0.004239126433953247,-0.2169771117790848,-6.053130511899226e-06,8.072690099754611,-18.379190652865006,7.810664507662696,-18.261312115567176,1.0
0.5163516038776172,-0.004338710331682461,-0.5641934670570532,-1.804743893590907,-1.87311484324272,-0.004252195681568176,-0.21699621131629468,-5.9948745300157545e-06,8.03650866701675,-18.400602973227528,7.77436975398818,-18.28436323641833,1.0
0.5163827158393741,-0.005706435008160222,-0.5645856225813098,-1.8076932447810987,-1.8730845175561348,-0.0042650989616463885,-0.217013657387323,-6.084771415237652e-06,8.000412136418879,-18.421813503845282,7.738160242794976,-18.30731111952946,1.0
0.5164156865716555,-0.00706996772652455,-0.5649716495633882,-1.810633976993274,-1.8730540281582058,-0.004279077109512496,-0.2170310034818497,-6.179566498049963e-06,7.964386558836703,-18.44276544523232,7.702022014664097,-18.33009713075063,1.0
0.5164504968672488,-0.008428968409347664,-0.5653526068775105,-1.8135648070105512,-1.873024955984716,-0.00429309750766919,-0.21704607408677087,-6.2231911708725735e-06,7.928450021583326,-18.463486963117965,7.665973206109844,-18.352748383791283,1.0
0.5164871657957524,-0.009784715528798935,-0.5657293170440215,-1.8164872702612251,-1.8729962788347085,-0.004307506676924588,-0.21706080401865369,-6.615582496870736e-06,7.8925723376149275,-18.484011192119965,7.629983571302982,-18.375299067688356,1.0
0.5165256229361537,-0.011135830449828932,-0.5660998834503824,-1.8194002460238157,-1.872968135671311,-0.004322680100083053,-0.21707420321166293,-6.476327775102294e-06,7.856778026799686,-18.504274587829713,7.5940776728742705,-18.397681918552525,1.0
0.5165658807756485,-0.012482940835193981,-0.5664661527581344,-1.8223045198851089,-1.8729409564525303,-0.004337956412549581,-0.2170863183862269,-6.901627379800214e-06,7.8210636704213385,-18.52433472068994,7.558252062236261,-18.419955188660776,1.0
0.5166078606912418,-0.013824777379682365,-0.5668259999154096,-1.825200829953615,-1.8729145396080493,-0.004353946144481365,-0.2170966049508671,-7.055069650579072e-06,7.785448888403128,-18.544122538832042,7.522526330785898,-18.442045749722848,1.0
0.5166516353359442,-0.015163301033372644,-0.56718197651171,-1.8280850501253074,-1.8728881530517527,-0.004370413551376829,-0.21710725381478424,-6.672083347110929e-06,7.749897469627495,-18.563724914661517,7.486864425635745,-18.464044109166043,1.0
0.5166971484279136,-0.01649796007149748,-0.5675325495430132,-1.8309605964173752,-1.8728626942996034,-0.004387370672874869,-0.21711602254401335,-6.928321316560988e-06,7.714413173726029,-18.58309482957316,7.451269975654037,-18.485900440643906,1.0
0.516744352958205,-0.01782757142090915,-0.5678789236783698,-1.8338257503520994,-1.8728377904072655,-0.004404535596677114,-0.21712429007314107,-6.781415013456013e-06,7.679039430281087,-18.60225871822308,7.415786476130424,-18.5076386587435,1.0
0.5167932741718413,-0.019153725641889566,-0.5682199201763518,-1.8366815492120918,-1.8728136127442891,-0.004422331378839188,-0.2171309121013478,-6.916737161242965e-06,7.643721267820333,-18.621194584606272,7.3803589159006355,-18.52923812520768,1.0
0.5168438306000327,-0.02047451022187594,-0.5685565207280818,-1.839527793973977,-1.8727903019182368,-0.00444024737051382,-0.21713638807451466,-7.073324329805868e-06,7.608521322053938,-18.6399175754529,7.345049938282505,-18.55070972563056,1.0
0.5168960552563528,-0.021791469820216285,-0.5688878633141506,-1.842363493852199,-1.8727668437012297,-0.004459142018624069,-0.21714176123042314,-6.909583462486467e-06,7.573388407905011,-18.658414258068653,7.309808396074866,-18.57204171309817,1.0
0.5169498908507865,-0.023103466769365755,-0.569214810369944,-1.8451889584463241,-1.8727443101228436,-0.004478188652321324,-0.21714576625294194,-7.027978616359227e-06,7.538361987036731,-18.676701844075367,7.274673739250834,-18.593248319780532,1.0
0.5170053486809345,-0.024411296940694348,-0.5695372604102763,-1.848004705403876,-1.8727227149507957,-0.004497489391709684,-0.21714818087199256,-6.939351141212519e-06,7.503418407174236,-18.694783354326916,7.2396222955880285,-18.614333176332753,1.0
0.5170624214491931,-0.025715184762378433,-0.5698552597525358,-1.8508103249927494,-1.8727013978552403,-0.004517357480464972,-0.21715009803346083,-7.160633678464565e-06,7.4685515697511615,-18.71266204120998,7.204647982287764,-18.63529913836209,1.0
0.5171209567657902,-0.027012530725710502,-0.5701675679191334,-1.8536071848129514,-1.8726809875011285,-0.0045376770153623645,-0.21715014253251474,-7.198780246052815e-06,7.433826324446111,-18.73028568318917,7.169815596496088,-18.656086080515497,1.0
0.5171810590206836,-0.028305784211924003,-0.5704752871392006,-1.8563943743126416,-1.8726609936955887,-0.004558554263311557,-0.2171493345717136,-7.399938829568068e-06,7.399181030551184,-18.74770250778919,7.1350635324723966,-18.67674764560503,1.0
0.5172427679542093,-0.029595707592745532,-0.5707797819161693,-1.859168242028402,-1.8726416018686398,-0.0045795580994693235,-0.2171479233112467,-7.1677642564532145e-06,7.3646044861180044,-18.76495668976804,7.100380728139462,-18.697329943381405,1.0
0.5173059283302698,-0.03088014364747493,-0.5710787313481046,-1.8619313735144742,-1.8726223262488921,-0.004601452659210366,-0.21714580848711465,-7.044817256720513e-06,7.33014035223356,-18.7819685415709,7.065810745615123,-18.71774528030058,1.0
0.5173706090855855,-0.03216050186183167,-0.571373950084528,-1.8646849303496063,-1.8726034831527214,-0.004623665575550704,-0.21714316376827253,-7.569593052520559e-06,7.29576249299976,-18.798799417040982,7.031327404539317,-18.738058653890203,1.0
0.5174367388480215,-0.03343588075674179,-0.5716646070387602,-1.8674267793297779,-1.872585412789849,-0.004646233221394627,-0.2171390611362302,-7.270728950307719e-06,7.261490187749182,-18.815420212509608,6.996950065661294,-18.758237152688192,1.0
0.5175042884043173,-0.03470594421808089,-0.5719515866657402,-1.8701575811146605,-1.8725680670909124,-0.004668881985606149,-0.21713407216954955,-7.401528170533926e-06,7.2273400664483765,-18.83185438704664,6.9626953340292905,-18.778302735443024,1.0
0.5175732684902139,-0.03597172797787452,-0.5722328766857927,-1.8728775098041037,-1.8725505052491143,-0.004692770743704533,-0.2171285485907652,-7.302203486882376e-06,7.193266532916061,-18.848052011304233,6.928517606487485,-18.798206040300077,1.0
0.5176436320042486,-0.03723210626399706,-0.5725113292010331,-1.8755866261304908,-1.8725344459700333,-0.00471613599226768,-0.21712120202657342,-7.316119036368616e-06,7.159324381687543,-18.864087296612006,6.894471675512276,-18.81801882145572,1.0
0.5177153543342338,-0.03848750791872431,-0.5727848304046715,-1.8782863348085228,-1.8725184670728714,-0.004740336751172111,-0.217113238545294,-7.3953991350614974e-06,7.125484671635496,-18.87990351571444,6.860528545995488,-18.83768312062001,1.0
0.5177884723473951,-0.039738724407741156,-0.5730537241867696,-1.8809730006302348,-1.8725024200504692,-0.004765410235271605,-0.21710494497923297,-7.224039585311488e-06,7.091727317369497,-18.895515849861003,6.826668271774756,-18.857215904671627,1.0
0.5178628697225608,-0.040984024509956286,-0.5733187450850191,-1.8836480838444007,-1.8724873626017462,-0.004790510177015639,-0.2170951242784841,-7.587377335709179e-06,7.058107839013534,-18.910934738193397,6.792946317212064,-18.87662159532466,1.0
0.5179386321793116,-0.04222519748619066,-0.5735798366023124,-1.8863121004377539,-1.8724725623997955,-0.004816142946963256,-0.21708470733043908,-7.5035343952184385e-06,7.024574425693317,-18.92617036748605,6.759310851394776,-18.89591487485632,1.0
0.5180156518688506,-0.043460767757054236,-0.5738370547766497,-1.8889639817420814,-1.872458008085955,-0.004842180833464487,-0.21707392297749464,-7.464732410032215e-06,6.991169868018622,-18.94121554309473,6.725804706095488,-18.915082876617102,1.0
0.5180939545875114,-0.044691518203162896,-0.5740902773706742,-1.8916042619503481,-1.8724440533659037,-0.004868580641397947,-0.21706194975226445,-7.083642179452029e-06,6.957870736599833,-18.956072206210216,6.692404431420649,-18.93412890914188,1.0
0.5180902195501688,-0.045954904980454805,-0.5743468856364143,-1.8941496387250474,-1.8724437373814464,-0.004867042783969754,-0.21706421987024888,-7.338201210389392e-06,6.923658575859427,-18.973424873699255,6.658094766547509,-18.951384072498186,1.0
0.5180865030616727,-0.0472123490905378,-0.5745989168692223,-1.896682374855192,-1.8724440154819868,-0.0048655017118445065,-0.21706589935752174,-7.489040302805305e-06,6.889580890336061,-18.990599261329297,6.623920061113932,-18.968461440218015,1.0
0.5180828067835717,-0.04846440686733929,-0.5748474309923615,-1.8992013392727947,-1.872444919185482,-0.004863632762958616,-0.21706743166018747,-6.914396064222931e-06,6.85563001673454,-19.007630157143726,6.589872695199879,-18.985395843719914,1.0
0.5180791292532577,-0.049711602896442116,-0.5750902590447219,-1.901707524767831,-1.872446377997698,-0.004862247690326466,-0.217067619695206,-7.0303792677998e-06,6.821773851625948,-19.02445942133321,6.555920527194671,-19.00212910501278,1.0
0.5180754710524449,-0.05095312593606665,-0.5753294114688161,-1.904200538472775,-1.8724482928132247,-0.004860671119257161,-0.21706782365482855,-7.19546794449982e-06,6.788051491753457,-19.04113839580468,6.5221026690272765,-19.018712581189348,1.0
0.5180718327213585,-0.052188163727212376,-0.5755648505003789,-1.9066800123915801,-1.8724509416890611,-0.00485874994009096,-0.21706759274423687,-6.97453268248736e-06,6.754485956011448,-19.057659599425616,6.488442153694803,-19.03513880521982,1.0
0.5180682112674221,-0.05341772534716712,-0.5757953202982957,-1.9091479834726615,-1.872454392839826,-0.00485695456706276,-0.21706595605506682,-7.24953356424715e-06,6.721038429204603,-19.07399494347711,6.454900087879933,-19.05137961026329,1.0
0.5180646098548974,-0.05464186354837132,-0.5760210074792569,-1.9116022959065324,-1.8724578870321396,-0.004855576156919392,-0.21706427523111038,-7.258054777924781e-06,6.687708821291773,-19.09015015888529,6.421476464145407,-19.06744080984977,1.0
0.5180610308921179,-0.05586039075719281,-0.5762429745142449,-1.9140413097390807,-1.872462067766,-0.004853965978213331,-0.2170620340129413,-6.824853061599255e-06,6.6545108416137815,-19.10615424667744,6.388185054702221,-19.083351467876728,1.0
0.518057471823504,-0.057073453272581336,-0.5764610246526206,-1.9164667658453052,-1.8724666621138564,-0.004852336735371087,-0.2170595406184873,-7.196350800387808e-06,6.621438773634204,-19.122002739392297,6.355020076299884,-19.099107050168826,1.0
0.5180539326616294,-0.058280057514776044,-0.5766751079503842,-1.9188786563631097,-1.8724716137345876,-0.004850680727580131,-0.21705692007738459,-7.131360832721234e-06,6.588520753882943,-19.137686386607506,6.322009665796527,-19.114698306631936,1.0
0.5180504140373241,-0.05948142227819809,-0.576885183826043,-1.9212765506225187,-1.8724772812315493,-0.004848932640537615,-0.21705337750859632,-6.653694055396446e-06,6.555721455467929,-19.153213599017977,6.289118512768072,-19.130133664428968,1.0
0.5180469151301396,-0.060676274845677745,-0.5770911505881802,-1.9236610075363303,-1.872483691896911,-0.004847055032205051,-0.21704890061073812,-6.857605954647524e-06,6.523076634219675,-19.168571455498984,6.256382351627001,-19.14540018101716,1.0
0.5180434375877025,-0.061865163714273565,-0.577293084706039,-1.9260309047131765,-1.8724901560741338,-0.004845374481938546,-0.21704461999572217,-7.00572077025988e-06,6.490571118394523,-19.18376644276094,6.223786053641387,-19.160504386118657,1.0
0.5180399798287079,-0.06304856098921574,-0.5774908467426988,-1.9283873193687646,-1.8724966324257724,-0.0048439937269321755,-0.21704044472685416,-6.8945811382276045e-06,6.45819027385584,-19.19879828913489,6.191314943394211,-19.17544596678411,1.0
0.5180365430248476,-0.06422486889836242,-0.5776853908322962,-1.9307294544155134,-1.872504288866855,-0.004841988581151538,-0.2170350307744555,-6.734733449255521e-06,6.425987468931485,-19.213681808583527,6.159022419800662,-19.190239767563554,1.0
0.5180331238873126,-0.06539498271446191,-0.5778745281083925,-1.933059547863959,-1.8725120347544428,-0.004840650727565288,-0.2170288821843213,-6.9806159513567e-06,6.393919820516198,-19.228361230451732,6.126865513900251,-19.204829931946634,1.0
0.5180297285714317,-0.06655896420825207,-0.578061538830562,-1.935373409610128,-1.872520366685909,-0.004838662195199795,-0.2170229677336844,-6.638504067847481e-06,6.362011274517177,-19.24293115174378,6.094868332286655,-19.219311217624107,1.0
0.5180263522349755,-0.06771519712305095,-0.5782430964136335,-1.937674334902974,-1.872528984839457,-0.004837209703393107,-0.21701601841418375,-6.749354960169639e-06,6.3302821376022615,-19.257283397482695,6.063051055220042,-19.233575323211326,1.0
0.5180229984596171,-0.06886687679038689,-0.5784223635845437,-1.9399598867299692,-1.8725379635946344,-0.004835369834414248,-0.2170093860575849,-6.754180295546656e-06,6.298665484987616,-19.27153387119914,6.031346851417092,-19.247738245739466,1.0
0.5180196663721445,-0.07001172075263191,-0.5785972003931433,-1.9422306576240802,-1.8725475857038798,-0.004833631236705535,-0.21700153370458167,-6.875734374155517e-06,6.26721003496884,-19.285603180237423,5.9998044163779785,-19.26172056975741,1.0
0.5180163561012596,-0.07114976533819056,-0.5787686033500562,-1.944486561239275,-1.8725572818122835,-0.004831926412626456,-0.2169939571116653,-6.4571161942872e-06,6.235922579858109,-19.29952022171202,5.968430545774675,-19.275551195739435,1.0
0.5180130639190749,-0.07228075819460389,-0.5789363350707234,-1.9467301373852193,-1.8725671138665918,-0.004830308867140282,-0.2169864016240795,-6.416723663558722e-06,6.204808545974703,-19.31327624093168,5.937230568608971,-19.289221271676798,1.0
0.5180097962291197,-0.07340485986772552,-0.5790996300585449,-1.9489570213153693,-1.8725773176739422,-0.004828950085611215,-0.21697797952214706,-6.359530286843025e-06,6.173857216725343,-19.326850434319454,5.906193935453413,-19.302710161158373,1.0
0.5180065493501061,-0.07452282879554606,-0.5792602616876859,-1.9511697238300003,-1.8725881955972832,-0.004827164496191085,-0.21696908112782032,-6.3735679490620654e-06,6.1430608102401845,-19.34029973656442,5.8753127683371655,-19.316074702772248,1.0
0.5180033250471259,-0.07563425726521351,-0.5794172923004525,-1.9533670409195873,-1.8725989968154675,-0.004825597045497173,-0.21696045399665126,-6.062448259904071e-06,6.112423633733123,-19.35359399096633,5.844591420552303,-19.329284785896363,1.0
0.5180001213918319,-0.07673849902525448,-0.5795705626367531,-1.9555502863885448,-1.8726100563388224,-0.004824133825114547,-0.21695145082768608,-6.080538255690799e-06,6.081963015260897,-19.366723564041596,5.814047169815562,-19.34233072670711,1.0
0.5179969400640936,-0.0778361199979225,-0.5797210890482924,-1.9577183167004195,-1.8726217058318904,-0.0048223206546433904,-0.2169420018121648,-6.379190494819875e-06,6.051670676522739,-19.379722068402717,5.783671781679602,-19.35524618167043,1.0
0.517993781854063,-0.07892638992555764,-0.5798668580703977,-1.959870591093923,-1.8726334808513947,-0.004821022640332617,-0.21693177281823617,-5.937384842220695e-06,6.021551735815827,-19.392525930949645,5.7534703950687325,-19.3679675983134,1.0
0.5179906442794323,-0.08000946567176888,-0.5800107222777353,-1.9620088042926493,-1.8726457623203139,-0.004819127126648365,-0.21692168601733094,-5.81232304047266e-06,5.9916241605335365,-19.405218327384098,5.72346091257503,-19.38057808753644,1.0
0.5179875297022192,-0.08108614679423708,-0.5801507381994551,-1.96413134423353,-1.872658059072776,-0.004817556472015475,-0.216911383300972,-5.624610619404292e-06,5.961849670573431,-19.417749708832936,5.693605115757151,-19.393028162127504,1.0
0.5179844348657963,-0.08215433600258921,-0.58028670671661,-1.966240430282822,-1.8726705745749583,-0.004816209524230201,-0.21690051996350246,-5.875513135616647e-06,5.9322869638160824,-19.430097899030056,5.663961617480552,-19.40529556080537,1.0
0.5179813655022563,-0.08321596411932616,-0.5804198299742603,-1.9683321573444967,-1.872683282657461,-0.0048147855725960125,-0.21688964913159833,-5.972103788636599e-06,5.902889978486219,-19.44231253054857,5.634484505607749,-19.417430065780945,1.0
0.5179783181592557,-0.08426986767057443,-0.5805499044754354,-1.9704088779518056,-1.872696328643803,-0.004813250920320694,-0.2168784489159522,-5.613873892130685e-06,5.873690566349152,-19.45437865001609,5.605205541779719,-19.4294166335575,1.0
0.517975292936726,-0.08531707964137236,-0.5806768914940781,-1.9724705235482947,-1.872709597813566,-0.004811725187832637,-0.2168669895284162,-5.506302644969955e-06,5.844658758439047,-19.466303269082967,5.576094759639363,-19.44126227839413,1.0
0.5179722914880383,-0.08635715683176065,-0.5808008170614714,-1.974515967546835,-1.8727228971240206,-0.004810279510846067,-0.2168556107011053,-5.32902590917791e-06,5.815807463180828,-19.478083625154433,5.547165110773296,-19.452964280857746,1.0
0.5179693120182974,-0.0873894941137685,-0.5809215519401701,-1.976546432992634,-1.872736402138435,-0.00480886704824393,-0.2168439432490323,-5.193733974383659e-06,5.787153062100652,-19.489711268043607,5.518432929851466,-19.464514143905266,1.0
0.5179663560025183,-0.08841358766775627,-0.5810401043827702,-1.9785609157696842,-1.8727502878592115,-0.004807062634632787,-0.2168322575043864,-5.310051380373491e-06,5.758717934253192,-19.50121116441627,5.489920634434194,-19.475936872708118,1.0
0.5179634220395587,-0.089430968371942,-0.5811543632208392,-1.9805603683945032,-1.8727643356798986,-0.004805746045319827,-0.2168195947796623,-5.212585878250351e-06,5.730441528446092,-19.512534753714245,5.46156763675194,-19.48718387013094,1.0
0.5179605124417387,-0.09044040895240765,-0.5812664102496423,-1.9825432172725805,-1.8727781490593118,-0.0048043593196268365,-0.21680785793297758,-4.992165979255342e-06,5.702375432848876,-19.523732126134895,5.4334255853379485,-19.498305286734816,1.0
0.5179576249440495,-0.09144115127803668,-0.5813750573606752,-1.984511004694355,-1.8727925083265906,-0.004802938143189537,-0.21679504918336712,-5.182703116760615e-06,5.674532097566694,-19.534763228514446,5.405506871168724,-19.509261010227323,1.0
0.5179547606955597,-0.09243557746511664,-0.5814813421288056,-1.9864629485131073,-1.8728068895449619,-0.00480146487324926,-0.21678247403369172,-5.0003866887235826e-06,5.646851268651993,-19.54567657965667,5.377751270293445,-19.52009958940897,1.0
0.5179519201556717,-0.09342084574883228,-0.5815842113818723,-1.988398734690715,-1.8728214230384983,-0.004800147698972743,-0.2167694466879285,-4.884369396481488e-06,5.619406252633691,-19.5564195717236,5.350232101233858,-19.530768428434612,1.0
0.5179491044400877,-0.09439932840730848,-0.5816846896391334,-1.9903176036721553,-1.8728357241855755,-0.004798908670235113,-0.21675703328627483,-4.579834393681417e-06,5.59213697603297,-19.567040271916685,5.322889319636839,-19.5413156236314,1.0
0.5179463113544746,-0.09537028773743073,-0.5817816198906859,-1.9922210497289756,-1.8728501993914592,-0.004797941717590514,-0.21674389253070273,-4.55690027867994e-06,5.5650555457401385,-19.577499679959175,5.295734975109054,-19.551702117438936,1.0
0.5179435422892263,-0.09633218930934434,-0.581877012627271,-1.9941081273710128,-1.872865045825618,-0.004796442121246148,-0.21673087934277843,-4.785327704335457e-06,5.538221821724892,-19.58784343284962,5.268828963916803,-19.561973583152376,1.0
0.5179407982462927,-0.09728637394825353,-0.581968861552218,-1.9959781518437094,-1.8728797035662583,-0.004795393486081187,-0.21671770369209703,-4.6701851683730055e-06,5.511581502876328,-19.598024455924065,5.242117011105339,-19.57208297226392,1.0
0.5179380775088607,-0.09823325904204849,-0.5820590476569647,-1.9978322947083498,-1.8728948700916563,-0.004793873304479174,-0.2167041842555256,-4.546196997101922e-06,5.485137425794582,-19.6081000655105,5.215601908456947,-19.582087556283707,1.0
0.517935380830515,-0.09917109723713916,-0.5821465814574198,-1.999670041581078,-1.8729097902253558,-0.004792511551451031,-0.21669110981019987,-4.128773313318971e-06,5.458931968232962,-19.618028088697116,5.189326053397462,-19.591945181972456,1.0
0.5179327082226284,-0.10010089694743299,-0.5822303764872173,-2.001491383580893,-1.87292496717196,-0.0047914924067180495,-0.21667691980110282,-4.2254153691390815e-06,5.432927624171412,-19.627785261007705,5.163251940203711,-19.601632585150846,1.0
0.5179300605422846,-0.10102294124095647,-0.5823124564115922,-2.003295738424992,-1.8729400293117222,-0.0047903205503168605,-0.2166633486302772,-3.952297624637212e-06,5.407132176624732,-19.637431905045727,5.1373873742649,-19.611210110796737,1.0
0.5179274368634468,-0.10193691663392705,-0.58239274074052,-2.0050837369991585,-1.8729551141226501,-0.004788964838733045,-0.21665010085870895,-4.122939540182186e-06,5.381554004965363,-19.646963253219127,5.111740710779028,-19.62067296714363,1.0
0.5179248370995646,-0.1028417979720228,-0.5824691570529893,-2.006855436745376,-1.8729702617535164,-0.004788086727825065,-0.21663594760620547,-3.867365126264041e-06,5.356206238633377,-19.656311730144022,5.086325076926749,-19.629953576548232,1.0
0.5179222629153253,-0.10373814220501548,-0.582544735828738,-2.008609705488412,-1.8729855771944435,-0.004786647702596005,-0.21662236978884788,-3.972279462307235e-06,5.33109670871195,-19.66556871276872,5.061148347248337,-19.639143359415947,1.0
0.5179197136094158,-0.10462671415221368,-0.5826174108695797,-2.010347019514368,-1.873000686340498,-0.004785544071755814,-0.2166087671277677,-3.7359052219278004e-06,5.3061872037047095,-19.674680897393767,5.03617229193946,-19.648188993739357,1.0
0.5179171889910931,-0.10550644934211201,-0.5826871220979591,-2.0120675087361413,-1.8730157743265095,-0.004784695870443284,-0.21659480632688635,-3.469570472821918e-06,5.2815078178375146,-19.683638183463085,5.011427000246578,-19.65708037398299,1.0
0.5179146883321125,-0.10637809779455355,-0.5827548237236292,-2.0137716701069612,-1.8730307602879381,-0.004783850715911394,-0.21658110317078944,-3.6487934727502753e-06,5.257044532142698,-19.692473880013598,4.986898434191008,-19.665850790172748,1.0
0.5179122146551787,-0.10724068531029217,-0.5828215105207014,-2.0154574444862896,-1.8730464850244484,-0.004782280828681399,-0.21656679167545076,-3.259634816645643e-06,5.232833107677977,-19.701208843916096,4.962622433738959,-19.674521178087918,1.0
0.5179097643337496,-0.10809497869639884,-0.5828851237108231,-2.0171273016687485,-1.8730612697889932,-0.004781467452400342,-0.2165535153037908,-3.3289145256590417e-06,5.208835371878024,-19.709790038702163,4.938560731653277,-19.683038406588256,1.0
0.51790734083187,-0.10894015687065528,-0.5829466214370174,-2.0187788817194696,-1.8730767525797485,-0.00478034171072603,-0.21653901703604006,-3.065617471254331e-06,5.1850823951259395,-19.718238468456146,4.914744488746862,-19.691423570187908,1.0
0.5179049419900255,-0.10977648175390733,-0.5830059815546123,-2.0204136562345054,-1.8730916840700442,-0.004779492787026785,-0.2165253811972034,-3.2120589726493536e-06,5.161566509650486,-19.726555584815,4.891165980873786,-19.699678064149136,1.0
0.5179025694849448,-0.11060452320801298,-0.5830631787513811,-2.022030482522163,-1.8731064377121633,-0.0047787857196363625,-0.21651190140131768,-3.230937282138555e-06,5.138271130473707,-19.734745121831086,4.867808666827535,-19.70780566629575,1.0
0.5179002214584135,-0.1114236523903218,-0.5831190842578203,-2.02363062746542,-1.8731219767439957,-0.004777491292704308,-0.21649741770605374,-3.27216416426048e-06,5.115221193795828,-19.74282716999546,4.844697434299155,-19.715826418609627,1.0
0.5178978997568026,-0.11223449157220879,-0.5831727668380554,-2.025212832152278,-1.8731369225665364,-0.004776568316039019,-0.21648370860543464,-3.150069064414399e-06,5.092391478471292,-19.750779860926563,4.821807110343092,-19.7237185009092,1.0
0.5178956042019234,-0.11303598217408084,-0.5832241467246495,-2.026777217958838,-1.8731518535414202,-0.004775771536336696,-0.21646974841994251,-2.707984588118763e-06,5.069811754364383,-19.758592574254468,4.79916746017197,-19.73147128817289,1.0
0.5178933338986244,-0.11382781733388159,-0.5832741890329058,-2.0283243954674752,-1.8731665413261667,-0.004774885607479769,-0.21645645660311413,-2.701198708563125e-06,5.047498438706807,-19.76629061734316,4.776794877649325,-19.739110064396513,1.0
0.5178910906869972,-0.11461162351802308,-0.583321870406355,-2.0298531100635384,-1.87318113904027,-0.004774231228797209,-0.21644290622192333,-2.797003497943376e-06,5.025396750852639,-19.773857379624243,4.754634630165312,-19.74661826704775,1.0
0.5178888727154521,-0.1153857722280064,-0.5833680918073315,-2.031364624100727,-1.8731962083689393,-0.004773231124119865,-0.2164286734010348,-2.8902675997273484e-06,5.0035605652540305,-19.781305937940243,4.732740543835841,-19.75400892463289,1.0
0.5178866816213495,-0.11615081575336601,-0.583412897602423,-2.0328578217473012,-1.8732108576886517,-0.004772293492458318,-0.21641526027825803,-2.3313548249162167e-06,4.98197435056506,-19.788641889574,4.711097130058718,-19.761287677178494,1.0
0.5178845156402684,-0.11690715655992603,-0.5834552051501087,-2.034333904773459,-1.8732250598115328,-0.004771814904473248,-0.21640206208846796,-2.485144008483835e-06,4.960618052417106,-19.795837336345624,4.689684288404646,-19.768426580444,1.0
0.5178823775753134,-0.11765374667014192,-0.5834959937960268,-2.035790963442606,-1.8732395817956087,-0.0047711123171245125,-0.21638832574953334,-2.4942347787806784e-06,4.939529432436983,-19.80291211339862,4.668539853676224,-19.7754455427487,1.0
0.5178802656506134,-0.11839198117622447,-0.5835362099190223,-2.0372302084077702,-1.8732543105404085,-0.004769955374235038,-0.21637470964899191,-2.3919356985226655e-06,4.918675902600753,-19.80990439587464,4.647631191489929,-19.782382692874652,1.0
0.5178781805121772,-0.11912008048636803,-0.5835738363869023,-2.0386511984441187,-1.8732686840464694,-0.004769255097302385,-0.21636106084218434,-2.4549141814900967e-06,4.8980926778698475,-19.81674224846288,4.626993533671424,-19.789166112375295,1.0
0.5178761222737909,-0.11983908162875372,-0.583609849462054,-2.0400538564497666,-1.8732826844103134,-0.0047687201860029445,-0.21634790348377708,-1.8815964426402056e-06,4.877757662196594,-19.823461861873717,4.606604787143455,-19.79583199493142,1.0
0.5178740908938406,-0.12054897023811385,-0.5836451931955857,-2.0414382111602674,-1.8732968047635559,-0.004767823401975709,-0.21633490467882502,-2.1964469801785715e-06,4.857678697851802,-19.83009022936713,4.586472793090489,-19.80240733271666,1.0
0.5178720870887902,-0.12124899168756924,-0.5836778358495953,-2.042803773482459,-1.8733107487822038,-0.0047673792527946485,-0.21632141480515657,-1.9042932287208972e-06,4.837861452779637,-19.836563061852257,4.566603238160166,-19.80882785534363,1.0
0.5178701093292992,-0.12193962289750516,-0.5837097571315077,-2.0441515864519184,-1.873324217352455,-0.004766876209499048,-0.21630902725768597,-1.751983007967943e-06,4.818307832940043,-19.842940976203575,4.546997988388597,-19.81515413976297,1.0
0.5178681591847806,-0.12262139956648761,-0.5837408870064491,-2.0454805804235208,-1.873338201049587,-0.004765911154365463,-0.21629596929044673,-1.7266496273332533e-06,4.799001884153257,-19.849226155578524,4.5276411305659545,-19.821388410102063,1.0
0.5178662366349959,-0.12329331420205773,-0.5837692400971003,-2.0467907685049354,-1.8733514231052442,-0.004765721588594219,-0.2162833026405566,-1.6020434883577667e-06,4.779956909222518,-19.85535366156543,4.5085459669671515,-19.827465727420908,1.0
0.5178643415979104,-0.12395533897299145,-0.5837977237867873,-2.0480822075789646,-1.8733654185781738,-0.004764650673048796,-0.21627002058341963,-1.3549875423194535e-06,4.761196590226224,-19.86140675662564,4.489736177529049,-19.83346935203931,1.0
0.5178624734399374,-0.12460825703698046,-0.5838243750664212,-2.0493553287610244,-1.8733784147561985,-0.004764177922629721,-0.21625800375714954,-1.4847130175411722e-06,4.7426829975496965,-19.867335245943735,4.471173816097018,-19.839349072601898,1.0
0.5178606344448917,-0.12525084689226074,-0.5838491272527017,-2.0506085756531554,-1.873391467769564,-0.0047638443135496695,-0.21624541084843105,-1.225056997651349e-06,4.724450649817705,-19.87312756955661,4.452893460915411,-19.845093388765157,1.0
0.517858821333119,-0.12588399241143886,-0.5838739224798148,-2.0518441838246395,-1.873404640748417,-0.004762992423640019,-0.21623318923801355,-1.6013084687869404e-06,4.706489495815406,-19.87884649131824,4.4348849751531505,-19.850764978766826,1.0
0.5178570374641395,-0.12650783647637698,-0.5838967735149886,-2.0530598632536643,-1.8734174712730423,-0.004762509295772377,-0.2162209795681103,-1.2799329707233602e-06,4.68877974761056,-19.884436029651642,4.4171286585791565,-19.85630794873108,1.0
0.5178552811166298,-0.12712179378718166,-0.5839186274671659,-2.0542567872715134,-1.8734301105630673,-0.004762012485338404,-0.21620904855910453,-1.3378778709440126e-06,4.671345687674988,-19.889918793838394,4.399648748729647,-19.861744863003896,1.0
0.5178535522588062,-0.12772585438693496,-0.5839394390463191,-2.0554349774938485,-1.8734427680246468,-0.004761433347691025,-0.21619698957043415,-1.2858172689427832e-06,4.654187245325687,-19.89529340402217,4.382445174091901,-19.867074340899226,1.0
0.5178518525200582,-0.12831957244925526,-0.5839582070728531,-2.0565933232578666,-1.8734550179892486,-0.004761305196007717,-0.2161849513037457,-1.3243664384461553e-06,4.637309319911695,-19.90052758089491,4.36552287655059,-19.87226414564465,1.0
0.5178501811167721,-0.1289036808599286,-0.5839768904303689,-2.057732359071033,-1.8734672439589386,-0.004760816009813617,-0.21617334818936265,-9.541826304718596e-07,4.62070629544821,-19.905683348469193,4.34887621966448,-19.87737628079631,1.0
0.5178485372246399,-0.12947790064127898,-0.5839944509687292,-2.0588526465136616,-1.8734792136180904,-0.0047604256426455145,-0.2161619741559032,-9.834419732667147e-07,4.604378021485698,-19.91072871118772,4.332505031465255,-19.88237872927812,1.0
0.5178469232168761,-0.1300420385756744,-0.5840118682488546,-2.059952568214557,-1.8734913417126204,-0.004759627276478505,-0.21615065638761613,-8.251733540478214e-07,4.5883377246874355,-19.91569024265244,4.316422600569579,-19.887298126645426,1.0
0.5178453367134315,-0.13059628699390224,-0.5840271112697976,-2.061033746140931,-1.8735028315803186,-0.004759473984458296,-0.21613958644025288,-1.0373415801940737e-06,4.572563927005717,-19.92051116894884,4.300607386797939,-19.892077636851905,1.0
0.5178437795537376,-0.13114027121431404,-0.5840421425149782,-2.0620949267132374,-1.8735144948523175,-0.0047589481084771585,-0.2161284706965628,-8.551911296267884e-07,4.557082809277212,-19.925244865612463,4.285085619005847,-19.896770683451944,1.0
0.517842251615002,-0.13167494969705287,-0.5840559685000475,-2.0631361936826984,-1.873525481106642,-0.004758783060902947,-0.21611816584874158,-4.609361398866714e-07,4.541859031957434,-19.929870350557696,4.2698219544432865,-19.901356281154396,1.0
0.5178407522898174,-0.13219811792842037,-0.5840694915756207,-2.064157960953047,-1.8735370468478572,-0.004758102087289921,-0.2161070468491254,-4.6246390715566227e-07,4.5269630046185805,-19.934396187994274,4.2548867868259315,-19.905842978312474,1.0
0.5178392821318275,-0.13271196404670346,-0.58408173869161,-2.06515985122464,-1.8735481255656636,-0.004757739925605692,-0.21609633674167802,-2.6096034207717195e-07,4.512324231183322,-19.938811652928855,4.240209634529462,-19.910220064385843,1.0
0.5178378401800232,-0.13321516231945807,-0.584092674430815,-2.066142519410498,-1.8735586986773363,-0.004757715657939213,-0.2160860475414717,-4.3064029705179026e-07,4.497980511474039,-19.943105304516187,4.225828272288867,-19.91447607344186,1.0
0.5178364281098278,-0.1337082827713952,-0.5841042531433708,-2.0671048237351664,-1.8735696821499437,-0.004756974676702939,-0.21607568955709228,-4.1906741322057425e-07,4.483930839072518,-19.94733772283294,4.211741737423296,-19.918671629294565,1.0
0.5178350459501878,-0.13419133693801116,-0.5841134784747581,-2.0680467444719293,-1.8735799454160076,-0.004757040877996094,-0.21606548605568546,-2.0556968644143432e-07,4.470151296615712,-19.951422961069046,4.197926113325364,-19.922720785889542,1.0
0.5178336928063993,-0.13466402036962724,-0.5841233171442409,-2.068968891348034,-1.8735900634688152,-0.0047566668326221116,-0.21605611535175023,-7.571820012996598e-08,4.4566739893852425,-19.95544381828764,4.184413481920205,-19.926706318933448,1.0
0.5178323687081813,-0.13512634603013482,-0.5841317010340158,-2.0698712441104177,-1.8736003668553782,-0.004756407177201095,-0.21604582618215637,-5.193218886401309e-08,4.443482265348624,-19.959341011969254,4.171187191951157,-19.93056894668263,1.0
0.5178323694883495,-0.1360177105388773,-0.5841486222480051,-2.069870712437599,-1.8736104192306067,-0.0047558798937003145,-0.21603633607325198,1.075909069798805e-08,4.4180212406408526,-19.96684324663824,4.145726187609884,-19.938071201718117,1.0
0.517831078609747,-0.13645087321530097,-0.584155581354305,-2.070750426538131,-1.8736198369031956,-0.004756019986585102,-0.2160270162598105,4.309833260174259e-07,4.405655244786282,-19.970469557172237,4.133326493029688,-19.94166381352649,1.0
0.517829818121538,-0.13687213703731335,-0.5841620637951312,-2.0716094300483774,-1.8736292403941337,-0.0047560499954506195,-0.21601764337471993,2.61768837737582e-07,4.393626762662171,-19.973988137985007,4.121265105529176,-19.94514948896286,1.0
0.5178285874172706,-0.1372832978299804,-0.5841670291556793,-2.0724481362563525,-1.8736386374916105,-0.004756335052727212,-0.2160075812008438,2.754240340124499e-07,4.381876047683538,-19.977383257788645,4.1094822626917695,-19.948512480907723,1.0
0.5178273865160907,-0.137684361833526,-0.584172499578393,-2.0732665321141335,-1.8736476172284398,-0.004756389589433533,-0.21599865980141042,4.947754767995859e-07,4.370418837531958,-19.980713027171518,4.097993702698863,-19.95181090044927,1.0
0.5178273603069434,-0.13846344935650184,-0.584184212811696,-2.0732843932486706,-1.8736566408573547,-0.004756089119192485,-0.21598994963931303,5.556820421514482e-07,4.348141069835185,-19.987182397184846,4.075715250805404,-19.958279586265913,1.0
0.5178261970414274,-0.1388348610732064,-0.5841881701696794,-2.0740771409749788,-1.8736650368884127,-0.004756491907862141,-0.21598132582832624,6.624927326354625e-07,4.3375228824671215,-19.990234831759754,4.065066696084921,-19.961301653488402,1.0
0.5178250642466802,-0.139195408005111,-0.5841915402517011,-2.074849123336534,-1.8736735899720809,-0.0047567903691128,-0.21597221001476977,9.586825579672165e-07,4.3272116437148425,-19.993184494152757,4.054725885427663,-19.964221743976427,1.0
0.5178250142300561,-0.1399037503758907,-0.5842001282720392,-2.074883208903789,-1.8736818570578815,-0.004756901472531703,-0.21596383506288572,1.0165469521218012e-06,4.306940939072207,-19.99900760554947,4.034453875087895,-19.970043549676006,1.0
0.5178239200413308,-0.140234981770577,-0.584201955643865,-2.0756288824309896,-1.8736896352909562,-0.004757675105279992,-0.2159552691101745,9.036559522167567e-07,4.297458806585744,-20.001681716206964,4.024943178516814,-19.97268909624888,1.0
0.5178228572813481,-0.14055667825190138,-0.5842041648041404,-2.0763531371675756,-1.8736975306288954,-0.00475806464082894,-0.21594678073207038,1.078783145800537e-06,4.288253052384795,-20.004291333090965,4.015709680686843,-19.97527096950386,1.0
0.5178218249185881,-0.14086649029550227,-0.5842067507892883,-2.077056676948777,-1.8737051655185504,-0.004758237775608702,-0.21593901611526578,1.1456923182346815e-06,4.279391113572996,-20.00681783133058,4.006820791773517,-19.97777051764195,1.0
0.517820823215657,-0.14116650956941354,-0.5842086824511519,-2.077739322615065,-1.8737125435656208,-0.004758555621435062,-0.2159313602670602,1.196026941181217e-06,4.270804810504384,-20.009248063904533,3.998208338986284,-19.980174600497282,1.0
0.5178198528291726,-0.1414549610881421,-0.5842099413752485,-2.0784006266981048,-1.8737196626843937,-0.0047590255271938685,-0.21592380598380534,1.441115947935325e-06,4.262544955298165,-20.011567520284387,3.989923151585525,-19.982468724682597,1.0
0.5178189137959998,-0.14173185916117043,-0.5842114988761435,-2.0790405638993588,-1.8737268641015643,-0.004759175149951031,-0.21591630620261104,1.3788468356236553e-06,4.254618782362459,-20.01380420148906,3.981972464941727,-19.984680892179178,1.0
0.5178180055322648,-0.14199900736995139,-0.5842123435123961,-2.079659532301689,-1.873733785643567,-0.004759520179043488,-0.2159088875952463,1.3004367434443347e-06,4.246966550161993,-20.015943269910387,3.974296522277441,-19.98679625013669,1.0
0.517817130271482,-0.14225416660279797,-0.5842134751371355,-2.080256009518063,-1.8737404102068727,-0.004759731875708442,-0.21590214605501964,1.2084618310546562e-06,4.239660392574612,-20.017995778744197,3.9669675157769957,-19.988825910057436,1.0
0.5178162850029907,-0.14249931581767863,-0.584213854923162,-2.080832047545963,-1.8737467422837824,-0.00476016974629124,-0.21589546612462682,1.311161016322361e-06,4.232635348486029,-20.019947516407285,3.9599204057320074,-19.99075558176412,1.0
0.5178154736499124,-0.14273279043903891,-0.5842144666572339,-2.081384972651061,-1.873753133711646,-0.004760346438248109,-0.2158888001591199,1.6842688583019929e-06,4.225946906399358,-20.021813575372267,3.953210783059714,-19.99260046014348,1.0
0.5178146922426548,-0.14295524315128502,-0.5842143141131897,-2.0819174904174114,-1.8737588476444762,-0.004760936141961958,-0.21588283268694525,1.4673993467356296e-06,4.219568534866905,-20.02357053956605,3.946812012685166,-19.99433702549517,1.0
0.5178146209352192,-0.14339786395505458,-0.5842168908757093,-2.0819660854895607,-1.8737649604566697,-0.004760807142106763,-0.21587681503121117,1.4896347311515924e-06,4.206880611572096,-20.02712977295494,3.934122227890988,-19.99789439738469,1.0
0.5178145359765263,-0.14381264813290073,-0.5842184380042397,-2.082023983932989,-1.8737707221060758,-0.0047610350213635995,-0.21587078738973103,1.5112584392187136e-06,4.194984044965481,-20.030440490929223,3.9222234434153367,-20.00120289748994,1.0
0.5178138239700093,-0.14399310130046578,-0.5842175783595901,-2.0825092061734263,-1.8737759704446784,-0.004761698141718871,-0.21586501778217307,1.2442354542476258e-06,4.189805151643418,-20.03184563101041,3.9170259629757767,-20.002589450453627,1.0
0.5178137262136008,-0.14435915002798042,-0.5842191117874348,-2.0825758258724814,-1.8737814571422795,-0.00476172433765956,-0.21585945984928978,1.263801921473847e-06,4.179308005928605,-20.034772484984455,3.9065262653041954,-20.005513752470904,1.0
0.5178130679872951,-0.14451350146342634,-0.5842184838211424,-2.083024397486992,-1.8737864373587538,-0.004762190452035383,-0.21585413843713097,1.2628112373863173e-06,4.174879704240201,-20.035978105757987,3.9020807804448645,-20.006702190073508,1.0
0.5178124420817416,-0.1446556516683694,-0.5842179906887565,-2.0834509429332457,-1.8737916572557283,-0.004762381132641701,-0.21584841860379872,9.538374832214976e-07,4.170802381273455,-20.03709113034727,3.897987118048932,-20.007798875233604,1.0
0.5178118495123789,-0.14478694815796217,-0.584216676473276,-2.0838547699258254,-1.8737959663690815,-0.004763143089669826,-0.21584371760671756,9.412423137072334e-07,4.167029806883115,-20.038094705064715,3.8941990744794417,-20.008786980771898,1.0
0.5178117409894207,-0.1450605936908024,-0.5842172329430129,-2.0839287266684203,-1.8738007116602524,-0.004763214475419942,-0.2158388353165802,9.856447202578643e-07,4.1591783225406,-20.04026626220374,3.8863447571165453,-20.01095570489054,1.0
0.5178112058713266,-0.145166054968129,-0.5842170807991311,-2.084293401496791,-1.8738052991579304,-0.004763249080700606,-0.21583413930107603,1.231598618852676e-06,4.156155962504194,-20.04109907943458,3.883308427681471,-20.011774552722716,1.0
0.517811088901302,-0.1453924710118333,-0.5842166418195017,-2.084373115153282,-1.873809552343923,-0.004763618813347923,-0.2158294408951572,1.2590522664349933e-06,4.149652870395355,-20.04287037349249,3.8768022820393595,-20.013542793247353,1.0
0.5178106118317053,-0.14547230995998156,-0.584215654422761,-2.0846982311666453,-1.8738136406532062,-0.004763958745815709,-0.21582493779959247,1.4458030120517507e-06,4.147358880897111,-20.043476750241343,3.8744958385137482,-20.01413671596884,1.0
0.5178104878631946,-0.1456499990798334,-0.5842162241294256,-2.0847827138726402,-1.873817787668478,-0.004763795787153917,-0.21582087765649663,1.464620397366745e-06,4.1422629347007955,-20.044893517763438,3.869396656086837,-20.01555024726034,1.0
0.5178100704781776,-0.14570578206007861,-0.5842153845223613,-2.0850671557299747,-1.8738215718807794,-0.004764035573293013,-0.2158167772620338,9.122683804987779e-07,4.140660057239579,-20.04531398868276,3.867782882679912,-20.015959822233956,1.0
0.5178096889885327,-0.1457495986905041,-0.5842146311576328,-2.0853271351108136,-1.8738252133709477,-0.004764219896695675,-0.21581286978058953,1.4397723793249661e-06,4.139400984221844,-20.04564226724486,3.866513850774604,-20.016278141908483,1.0
0.5178093402917403,-0.14578239680771282,-0.5842139518674502,-2.0855647669056667,-1.8738287030166747,-0.004764360352155745,-0.21580915760347136,1.4324678101796025e-06,4.138458444718947,-20.045885505762225,3.865562208450178,-20.016512277604317,1.0
0.5178090260183691,-0.14580373343418318,-0.5842133410550868,-2.085778939629457,-1.873832041899539,-0.004764460978721484,-0.21580563480854623,1.1976563408381724e-06,4.137845092681975,-20.046040034797212,3.864940652224148,-20.016658602450246,1.0
0.5178087462194069,-0.14581362855436808,-0.5842127917568003,-2.0859696185101972,-1.8738352307546544,-0.004764526595659649,-0.21580229459762784,1.2353481627020856e-06,4.137560298741681,-20.046105810813298,3.864648554058313,-20.01671707424079,1.0
0.5178085009445539,-0.14581210172936773,-0.5842122978927594,-2.086136769718905,-1.8738382689920137,-0.004764561875188475,-0.21579913308584767,1.545554890951092e-06,4.1376034526688725,-20.04608281237266,3.8646853050209224,-20.01668767283557,1.0
0.5178082893961535,-0.14579888456454135,-0.5842118534390226,-2.086280936872511,-1.8738411543660654,-0.004764571483994087,-0.2157961497015228,1.3396125491193596e-06,4.1379822239116315,-20.045968763895527,3.8650585537370192,-20.016568101831773,1.0
0.517808113312944,-0.14577457079753192,-0.5842114555094302,-2.0864009350004014,-1.8738438889179856,-0.004764558062740198,-0.21579333852648178,1.1948830684512312e-06,4.1386795188336825,-20.045768233692108,3.8657512519605475,-20.01636297492983,1.0
0.5178079718945225,-0.14573889108302154,-0.5842110994586248,-2.0864973095762505,-1.8738464737671587,-0.004764524117993155,-0.21579069563175485,1.3227033554535741e-06,4.139703045086973,-20.045478978387372,3.8667710864487312,-20.01607002785999,1.0
0.5178078486667769,-0.145697248402417,-0.5842107674112382,-2.086581287482416,-1.8738489037123944,-0.004764483026166017,-0.21578821365749953,1.3363324784286877e-06,4.140897739405246,-20.04514323304474,3.867962563874275,-20.015731065624628,1.0
0.5178077263624205,-0.1456554261759872,-0.5843937793277323,-2.0866645957287115,-1.8760370479896624,-0.004588834946197859,-0.21377562305385095,1.3490300684815288e-06,4.143540898402916,-20.050070476698284,3.8706025300845353,-20.02065511649076,1.0
0.5178076049777668,-0.14561321626850704,-0.5849002591829762,-2.0867472060077543,-1.8820381859176085,-0.00411305337796521,-0.2082501710752467,1.3608085843430578e-06,4.148741584929745,-20.06428249549862,3.875800047833036,-20.034863966512773,1.0
0.5178074845763492,-0.1455708230936342,-0.5856721482331622,-2.0868290909949057,-1.8910034534023916,-0.0034281373270220773,-0.19996972288207857,1.3716806795918935e-06,4.156036880224723,-20.08611383778181,3.8830922000173236,-20.05669216568527,1.0
0.5178073652218977,-0.14552842344471703,-0.586655171242086,-2.0869102242766324,-1.9020964608586057,-0.0026294214070786627,-0.18967533351727306,1.381659192518717e-06,4.164994442555874,-20.114007471691608,3.892046646569112,-20.084582683815707,1.0
0.5178072469782452,-0.14548618221100162,-0.587790599886087,-2.0869905803454336,-1.9144732692904933,-0.0018062769439077205,-0.17812157072115348,1.3907571361384425e-06,4.175147215731104,-20.146278408894965,3.9021963329626748,-20.116850534237397,1.0
0.5178071299078911,-0.14544425704996186,-0.5890114168190195,-2.0870701345930707,-1.927292412406348,-0.0010321718115232023,-0.1660764329808413,1.398987688337809e-06,4.185963097570487,-20.181003598969735,3.9130091586496567,-20.151572668159766,1.0
0.5178070140706188,-0.14540280102204553,-0.5902386879155946,-2.0871488633035087,-1.9397056410053315,-0.000360018346379585,-0.1543352572292234,1.406364182198405e-06,4.19681630564903,-20.215917785260253,3.9238593427657227,-20.186483830487806,1.0
0.5178068995216527,-0.14536195884468608,-0.59138126167194,-2.087226743645062,-1.9508633283250854,0.00017874711203094392,-0.14371623395672745,1.4129000963943334e-06,4.206985118347303,-20.248404844244703,3.9340251651330926,-20.218967899141354,1.0
0.5178067863107758,-0.1453218623055976,-0.5923361367326183,-2.0873037536631784,-1.9599051989546636,0.0005696316915775203,-0.13506514576877324,1.4186090458005786e-06,4.215654899677172,-20.275508302397856,3.9426919910632274,-20.246068401894775,1.0
0.517806674482252,-0.14528262062421038,-0.5929930336231353,-2.08737987227371,-1.9659717013241367,0.0008081561696776879,-0.12923706507834185,1.4235047722035496e-06,4.221954365663605,-20.294062529949223,3.9489885377366187,-20.2646197101331,1.0
0.517806564077267,-0.14524431398932816,-0.5932382655365226,-2.087455079258402,-1.9681881155559826,0.0008896669321421475,-0.12710205821341555,1.4276011351745378e-06,4.224986241558784,-20.30080383310956,3.95201753148061,-20.27135813114225,1.0
0.5178064550852424,-0.14520666590011608,-0.5932410134510085,-2.087529355208955,-1.9681923264660883,0.0008896674102945957,-0.12709774385308412,1.4309121030822735e-06,4.226090297839777,-20.30058778257819,3.953118742496119,-20.2711392353454,1.0
0.5178063474866386,-0.14516937393060628,-0.5932437680477348,-2.0876026815622937,-1.9681964042333149,0.0008896618019886117,-0.12709355607898432,1.433451744246685e-06,4.227184163137051,-20.30037470906993,3.9542097989035243,-20.270923352947275,0.0
0.5178062413073866,-0.145132449607124,-0.5932465277779103,-2.087675040647185,-1.968200349482105,0.0008896502337090728,-0.12708949445478276,1.4352342182417096e-06,4.22826749396164,-20.300164658517215,3.9552903578908003,-20.270710530557245,0.0
0.5178061365721895,-0.14509590404122175,-0.5932492911188346,-2.0877464156294625,-1.968204162890678,0.0008896328323784123,-0.12708555848977704,1.4362737673381236e-06,4.22933995895551,-20.299957674352555,3.9563600887447885,-20.270500812252706,0.0
0.5178060333045341,-0.14505974793243248,-0.5932520565742914,-2.087816790503699,-1.9682078451896128,0.0008896097252797583,-0.1270817476402258,1.436584708092467e-06,4.230401238815441,-20.299753797541353,3.957418672775399,-20.27029423961218,0.0
0.5178059315267036,-0.1450239915711736,-0.5932548226749191,-2.0878861500846373,-1.9682113971604338,0.0008895810399816154,-0.127078061310679,1.4361814230808675e-06,4.231451026212396,-20.299553066615218,3.9584658032353057,-20.270090851748996,0.0
0.5178058312597908,-0.14498864484179783,-0.5932575879785601,-2.0879544799983765,-1.9682148196341995,0.0008895469042641784,-0.12707449885530725,1.435078352776004e-06,4.232489025706493,-20.299355517705827,3.959501185235259,-20.269890685345462,0.0
0.5178057325237111,-0.14495371722578607,-0.5932603510705857,-2.088021766673333,-1.9682181134900942,0.0008895074460472505,-0.12707105957923026,1.4332899875708874e-06,4.233514953657723,-20.299161184579233,3.9605245356551446,-20.269693774687525,0.0
0.5178056353372161,-0.14491921780507794,-0.5932631105642011,-2.0880879973309803,-1.9682212796540246,0.0008894627933197257,-0.12706774273984317,1.4308308599390073e-06,4.234528538132528,-20.298970098670623,3.961535583050922,-20.269500151699887,0.0
0.5178055397179077,-0.14488515526553564,-0.5932658651007264,-2.0881531599763754,-1.9682243190972206,0.0008894130740706981,-0.12706454754814048,1.4277155367480427e-06,4.235529518806379,-20.298782289119487,3.962534067557563,-20.269309845981542,0.0
0.517805445682252,-0.14485153790053637,-0.5932686133498564,-2.088217243388486,-1.968227232834842,0.0008893584162221897,-0.12706147317003677,1.4239586117105289e-06,4.236517646862482,-20.298597782805153,3.963519740788127,-20.269122884841668,0.0
0.517805353245594,-0.14481837361468936,-0.5932713540098979,-2.088280237110321,-1.9682300219245905,0.0008892989475634403,-0.1270585187276838,1.419574697977671e-06,4.237492684886727,-20.298416604382666,3.964492365729091,-20.2689392933359,0.0
0.5178052624221724,-0.14478566992767272,-0.5932740858079857,-2.088342131438879,-1.9682326874653293,0.0008892347956868299,-0.12705568330078318,1.4145784208802392e-06,4.238454406759024,-20.298238776318996,3.9654517166320655,-20.268759094302908,0.0
0.5178051732251344,-0.14475343397818624,-0.5932768075002759,-2.0884029174149195,-1.9682352305957085,0.000889166087925403,-0.1270529659278941,1.408984410810419e-06,4.239402597541134,-20.2980643189295,3.966397578902025,-20.268582308401264,0.0
0.517805085666551,-0.14472167252801516,-0.5932795178721191,-2.0884625868125677,-1.9682376524927991,0.0008890929512919566,-0.12705036560773592,1.4028072962397249e-06,4.240337053361142,-20.29789325041468,3.967329748982172,-20.268408954146583,0.0
0.5178049997574327,-0.14469039196620137,-0.5932822157382107,-2.0885211321287582,-1.9682399543707354,0.0008890155124197348,-0.1270478813004843,1.3960616968918474e-06,4.241257581294674,-20.297725586897126,3.9682480342355615,-20.268239047948885,0.0
0.5178049155077448,-0.14465959831331726,-0.5932848999427215,-2.088578546572532,-1.968242137479365,0.0008889338975046783,-0.12704551192906124,1.388762217042517e-06,4.242163999242996,-20.297561342458692,3.9691522528236107,-20.268072604150177,0.0
0.5178048329264238,-0.14462929722583823,-0.5932875693594062,-2.088634824054189,-1.9682442031029093,0.0008888482322493177,-0.12704325638041786,1.3809234389701203e-06,4.243056135808117,-20.297400529177835,3.9700422335816157,-20.267909635062203,0.0
0.5178047520213932,-0.14459949400060954,-0.5932902228916923,-2.0886899591743067,-1.9682461525586323,0.0008887586418081327,-0.12704111350680955,1.3725599165438986e-06,4.2439338301650125,-20.297243157167095,3.970917815891397,-20.26775015100435,0.0
0.5178046727995799,-0.14457019357940365,-0.5932928594727482,-2.0887439472126346,-1.9682479871955207,0.0008886652507345344,-0.12703908212706333,1.3636861689529908e-06,4.244796931931095,-20.29708923461072,3.971778849551194,-20.267594160341687,0.0
0.5178045952669305,-0.1445414005535636,-0.5932954780655312,-2.0887967841168718,-1.9682497083929746,0.0008885681829293819,-0.1270371610278365,1.354316674570393e-06,4.245645301033047,-20.296938767802366,3.972625194642929,-20.267441669523116,0.0
0.5178045194284281,-0.14451311916872855,-0.5932980776628153,-2.0888484664913323,-1.9682513175595082,0.0008884675615910297,-0.12703534896486637,1.3444658649645753e-06,4.24647880757114,-20.2967917611829,3.973456721396962,-20.267292683119585,0.0
0.5178044452881093,-0.14448535332963747,-0.593300657287201,-2.088898991585511,-1.968252816131463,0.0008883635091669227,-0.1270336446642106,1.334148119043311e-06,4.247297331681157,-20.296648217378234,3.974273310054446,-20.267147203862386,0.0
0.5178043728490807,-0.1444581066050069,-0.5933032159911046,-2.088948357282555,-1.9682542055717325,0.0008882561473066184,-0.12703204682347757,1.3233777573375289e-06,4.24810076339403,-20.29650813723722,3.9750748507274123,-20.267005232681463,0.0
0.5178043021135359,-0.144431382232479,-0.5933057528567289,-2.088996562087649,-1.9682554873684992,0.0008881455968164671,-0.12703055411304662,1.3121690364209451e-06,4.248889002493318,-20.29637151986952,3.975861243256689,-20.266866768743753,0.0
0.5178042330827732,-0.14440518312363582,-0.5933082669960166,-2.0890436051163226,-1.9682566630339846,0.000888031977615614,-0.12702916517727747,1.3005361434715718e-06,4.24966195837063,-20.29623836268352,3.976632397067775,-20.266731809491528,0.0
0.5178041657572124,-0.14437951186907608,-0.5933107575505839,-2.089089486082683,-1.9682577341032117,0.0008879154086935934,-0.12702787863570864,1.2884931909629855e-06,4.250419549879115,-20.296108661424167,3.977388231024777,-20.26660035068069,0.0
0.5178041001364122,-0.14435437074355056,-0.5933132236916383,-2.0891342052875888,-1.9682587021327809,0.0008877960080693373,-0.12702669308424433,1.2760542114952847e-06,4.251161705185123,-20.295982410210776,3.9781286732825287,-20.266472386419043,0.0
0.5178040362190879,-0.14432976171115258,-0.5933156646198777,-2.0891777636067626,-1.9682595686996605,0.000887673892751629,-0.1270256070963295,1.2632331527612563e-06,4.25188836161816,-20.295859601574797,3.9788536611369936,-20.26634790920449,0.0
0.5178039740031286,-0.14430568643055944,-0.5933180795653736,-2.0892201624788562,-1.9682603353999903,0.0008875491787009955,-0.1270246192241128,1.2500438726445449e-06,4.252599465519227,-20.295740226497465,3.97956314087407,-20.26622690996317,0.0
0.517803913485615,-0.14428214626032157,-0.593320467787437,-2.0892614038934734,-1.9682610038479005,0.0008874219807930078,-0.12702372799959674,1.2365001344533754e-06,4.253294972087671,-20.295624274447373,3.980257067616897,-20.26610937808746,0.0
0.5178038546628371,-0.14425914226419567,-0.5933228285744687,-2.0893014903791545,-1.9682615756743436,0.0008872924127830053,-0.1270229319357755,1.2226156022871628e-06,4.253974845226651,-20.29551173341792,3.9809354051717762,-20.265995301473907,0.0
0.5178037975303112,-0.1442366752165182,-0.5933251612437945,-2.089340424991334,-1.9682620525259438,0.0008871605872721807,-0.12702222952775888,1.2084038365336e-06,4.2546390573873065,-20.295402589964638,3.9815981258728104,-20.265884666561004,0.0
0.5178037420827988,-0.14421474560761574,-0.5933274651414842,-2.089378211300275,-1.9682624360638594,0.000887026615675023,-0.1270216192538834,1.193878289500141e-06,4.25528758941176,-20.29529682924236,3.982245210425361,-20.26577745836682,0.0
0.5178036883143232,-0.14419335364924893,-0.5933297396421562,-2.0894148533789862,-1.9682627279626623,0.0008868906081881376,-0.1270210995768092,1.1790523011748212e-06,4.255920430375036,-20.295194435042237,3.9828766477484314,-20.26567366052649,0.0
0.5178036362181879,-0.14417249928008635,-0.5933319841487683,-2.0894503557911324,-1.9682629299092316,0.0008867526737604008,-0.1270206689446032,1.163939095118375e-06,4.256537577425998,-20.29509538982858,3.9834924348160725,-20.265573255329514,0.0
0.5178035857869941,-0.14415218217120526,-0.5933341980923941,-2.089484723578937,-1.9682630436016648,0.0008866129200643823,-0.12702032579180764,1.1485517744826314e-06,4.257139035627425,-20.294999674775518,3.9840925764979134,-20.265476223756863,0.0
0.5178035370126585,-0.14413240173161565,-0.5933363809319857,-2.0895179622510907,-1.968263070748205,0.0008864714534691279,-0.12702006854049427,1.1329033181577336e-06,4.25772481779529,-20.29490726980343,3.984677085398911,-20.26538254551791,0.0
0.5178034898864309,-0.14411315711380465,-0.5933385321541242,-2.0895500777706686,-1.968263013066183,0.0008863283790141851,-0.12701989560130378,1.1170065770552908e-06,4.25829494433737,-20.29481815361521,3.98524598169842,-20.265292199087117,0.0
0.5178034443989122,-0.1440944472192978,-0.5933406512727574,-2.089581076543059,-1.9682628722809778,0.0008861838003848865,-0.12701980537446994,1.100874270506111e-06,4.258849443091265,-20.294732303732257,3.985799292988671,-20.26520516174052,0.0
0.5178034005400721,-0.14407627070423434,-0.5933427378289247,-2.0896109654039154,-1.9682626501249936,0.0008860378198889029,-0.12701979625082882,1.084518982792395e-06,4.259388349161917,-20.29464969653027,3.9863370541127594,-20.265121409591973,0.0
0.5178033582992662,-0.14405862598495348,-0.5933447913904717,-2.0896397516071334,-1.9682623483366526,0.0008858905384339852,-0.12701986661281234,1.0679531598001139e-06,4.259911704758737,-20.294570307274775,3.986859307002223,-20.26504091762912,0.0
0.5178033176652539,-0.14404151124358813,-0.5933468115517525,-2.0896674428128583,-1.968261968659406,0.0008857420555069533,-0.12702001483542616,1.051189105802429e-06,4.260419559032411,-20.294494110156382,3.9873661005143144,-20.264963659749142,0.0
0.5178032786262164,-0.144024924433664,-0.5933487979333221,-2.08969404707553,-1.968261512840763,0.0008855924691538329,-0.12702023928721193,1.0342389803562834e-06,4.260911967911485,-20.294421078325808,3.987857490269042,-20.26488960879422,0.0
0.5178032411697736,-0.14400886328570028,-0.5933507501816178,-2.08971957283197,-1.9682609826313346,0.0008854418759611885,-0.12702053833119345,1.0171147953326743e-06,4.261388993938815,-20.294351183928597,3.988333538486074,-20.26481873658671,0.0
0.5178032052830016,-0.14399332531280984,-0.5933526679686315,-2.089744028889515,-1.9682603797838985,0.0008852903710385849,-0.12702091032580667,9.998284120605058e-07,4.26185070610796,-20.294284398139563,3.988794313821591,-20.26475101396405,0.0
0.5178031709527771,-0.14397830781587306,-0.5933545509894145,-2.0897674244145388,-1.9682597061061224,0.0008851380535163508,-0.12702135356752556,1.0028880135019852e-06,4.262297179690484,-20.294220691127382,3.9892398912045683,-20.264686410752322,0.0
0.5178031381644804,-0.14396380789084698,-0.5933563989704487,-2.0897897689193443,-1.9682589632430132,0.0008849850043245714,-0.1270218665270084,9.85391938843841e-07,4.262728496108922,-20.29416003236942,3.9896703516758936,-20.26462489604725,0.0
0.5178031069043048,-0.14394982243131924,-0.593358211654076,-2.0898110722528243,-1.9682581530542764,0.000884831325190773,-0.12702244743888128,9.879569651214382e-07,4.263144742710727,-20.294102390194624,3.9900857822225855,-20.26456643781734,0.0
0.5178030771570019,-0.14393634813710146,-0.593359988813189,-2.0898313445864978,-1.9682572772390587,0.0008846770995710957,-0.12702309471026205,9.905251699305987e-07,4.263546012666598,-20.294047732302413,3.9904862756172874,-20.26451100336396,0.0
0.517803048907188,-0.143923381518053,-0.5933617302423183,-2.089850596404277,-1.9682563375476263,0.0008845224149619256,-0.12702380668995006,9.930963871961546e-07,4.263932404773483,-20.293996025519824,3.990871930255346,-20.264458559112544,0.0
0.5178030221390381,-0.14391091890005786,-0.5933634357594011,-2.0898688384906507,-1.9682553357271642,0.0008843673573007742,-0.12702458172738937,9.95670454458123e-07,4.264304023300874,-20.293947235903325,3.9912428499931383,-20.264409070706446,0.0
0.5178029968363027,-0.14389895643054412,-0.5933651052053973,-2.0898860819192833,-1.9682542735209656,0.0008842120109562564,-0.1270254181734827,9.982472129850307e-07,4.264660977829083,-20.293901328771042,3.9915991439867824,-20.264362503039596,0.0
0.5178029729823249,-0.14388749008398222,-0.5933667384438996,-2.0899023380416915,-1.9682531526676381,0.0008840564587190572,-0.12702631438138795,1.000826507886448e-06,4.2650033830880805,-20.293858268734613,3.9919409265314134,-20.2643188202888,0.0
0.5178029505597762,-0.14387651566772963,-0.5933683353624265,-2.0899176184757304,-1.9682519748577263,0.0008839007761563674,-0.12702726875583922,9.828912495194572e-07,4.2653313588033015,-20.293818019785785,3.9922683169001,-20.264277985993438,0.0
0.517802929551794,-0.14386602882598035,-0.593369895865234,-2.089931935095583,-1.9682507419040849,0.0008837450541746642,-0.12702827955908844,9.84974754818253e-07,4.265645029510809,-20.293780545106262,3.992581439188702,-20.26423996289501,0.0
0.517802909940316,-0.14385602504746012,-0.5933714198831361,-2.089945300019017,-1.968249455483371,0.0008835893651315568,-0.12702934520485487,9.870603557764608e-07,4.265944524435382,-20.293745807431993,3.992880422150482,-20.26420471325795,0.0
0.5178028917072179,-0.1438464996692817,-0.5933729073662458,-2.0899577255975665,-1.9682481173078803,0.0008834337854348283,-0.12703046406294305,9.891479137269133e-07,4.2662299773078365,-20.293713768860247,3.9931653990431126,-20.264172198706383,0.0
0.5178028748340486,-0.14383744788269046,-0.5933743582852796,-2.089969224405407,-1.9682467290815304,0.0008832783898834154,-0.12703163450913937,9.912372942229155e-07,4.266501526213768,-20.293684390935777,3.993436507470518,-20.264142380303387,0.0
0.517802859302046,-0.14382886473838727,-0.5933757726311393,-2.089979809228613,-1.9682452924991762,0.000883123251663934,-0.1270328549259059,9.933283670874176e-07,4.266759313437215,-20.29365763468048,3.993693889226947,-20.26411521858107,0.0
0.5178028450921525,-0.14382074515181517,-0.5933771504144894,-2.0899894930545275,-1.968243809245944,0.0008829684423480766,-0.12703412370305683,9.954210064481e-07,4.267003485305335,-20.2936334606227,3.9939376901420585,-20.264090673570283,0.0
0.5178028321850309,-0.1438130839084076,-0.5933784916653326,-2.0899982890612434,-1.9682422809965847,0.0008828140318908476,-0.1270354392384178,9.975150907672618e-07,4.2672341920341665,-20.29361182882616,3.994168059927084,-20.26406870482994,0.0
0.5178028205610792,-0.14380587566879646,-0.593379796432582,-2.090006210607199,-1.9682407094148435,0.0008826600886296194,-0.12703679993846798,9.996105028640222e-07,4.267451587575519,-20.29359269891846,3.994385152022119,-20.26404927147592,0.0
0.5178028102004459,-0.14379911497397826,-0.5933810647836312,-2.090013271220892,-1.9682390961528498,0.0008825066792839992,-0.1270382042189648,1.0017071299211644e-06,4.267655829465059,-20.293576030119223,3.994589123444602,-20.264032332209624,0.0
0.5178028010828248,-0.14379279625073707,-0.5933822968050532,-2.0900194845904982,-1.9682374428211868,0.0008823538634244347,-0.12703965054193017,9.832698689182385e-07,4.2678470786747775,-20.29356178130553,3.994780134636423,-20.264017845378035,0.0
0.5178027931883502,-0.14378656719683475,-0.5931394564093379,-2.0900248645546933,-1.9660224451614647,0.0008024525819210211,-0.12917469408129234,9.848677511052922e-07,4.266114313545519,-20.28654010176674,3.9930471634198264,-20.256995959751904,0.0
0.5178027864962905,-0.14378016525852091,-0.5924750873088135,-2.0900294250914406,-1.9599505182440184,0.0005783700434514091,-0.13502248698700142,9.864665360013901e-07,4.2610680748408365,-20.2674135720876,3.988000750017164,-20.237869255374786,0.0
0.5178027809859433,-0.14377373691250592,-0.5914990714155349,-2.0900331803090677,-1.9508957702751637,0.00022297126638846893,-0.1437217860695393,9.880661282115652e-07,4.253569185847104,-20.239338416247914,3.9805017171743686,-20.209793955686038,0.0
0.5178027766364296,-0.14376743416433702,-0.5903226909936361,-2.0900361444363926,-1.9397218013356137,-0.00025535075645571247,-0.15441738423877938,9.896664366432095e-07,4.2444893352604085,-20.205511110435726,3.971421753042473,-20.17596653632865,0.0
0.5178027734267073,-0.14376140586385888,-0.5890532426222833,-2.0900383318132003,-1.9272947041574493,-0.0008432177596654359,-0.16625656702519423,9.912673744913737e-07,4.234668925749242,-20.169013663874363,3.9616012597406622,-20.139469005976643,0.0
0.5178027713355855,-0.14375578782445053,-0.587787844137451,-2.090039756880853,-1.914468844242289,-0.0015158506199178393,-0.17840974804700427,9.928688591736954e-07,4.224868603708006,-20.13263571800476,3.951800883110141,-20.103091005517754,0.0
0.5178027703417376,-0.1437506994311457,-0.5866117149220602,-2.0900404341730385,-1.9020944281082284,-0.002232003324427805,-0.1900679667948067,9.944708123064785e-07,4.215755818464561,-20.09882514127216,3.942688071922035,-20.069280402840494,0.0
0.517802770423715,-0.14374624144941528,-0.5855971846315073,-2.0900403783066563,-1.8910117490652005,-0.0029324682223144695,-0.200450137604863,9.960731596412751e-07,4.207897081515954,-20.069659549136027,3.9348293371134706,-20.0401148128444,0.0
0.5178027715599602,-0.1437424991395899,-0.5848062657475368,-2.090039603972845,-1.8820612213033865,-0.0035412625704499883,-0.20879182902485421,9.976758310082993e-07,4.20177812913591,-20.046920195061677,3.9287104143954075,-20.017375488432034,0.0
0.5178027737288198,-0.14373954575099757,-0.5842933817965875,-2.090038125928152,-1.8760745340983593,-0.0039715972670745425,-0.2143481408751361,9.992787602776006e-07,4.197825299528938,-20.032170334138353,3.924757641407082,-20.002625684127356,0.0
0.5178027769085568,-0.1437374526255959,-0.584112613752313,-2.090035958985848,-1.8738955255088818,-0.004133163190036119,-0.21636554421271584,1.000881885259e-06,4.196462288940845,-20.02696337063382,3.9233947138268603,-19.997418803630694,0.0
