0.0,0.17095526139897996,0.0,0.03678531665273126,0.0,-0.39221024903354623
0.5235359761049453,-0.03687908588740283,0.009884862496984231,0.03111920863030044,-0.23582610392251238,-0.3460177222480242
0.497358103430892,-0.03501601382019771,0.009419440490219652,0.028755461829910636,-0.2242930854391721,-0.3288570745065212
0.47248831927500284,-0.03324592584288448,0.008980423043196602,0.026825655930238567,-0.21330410304852443,-0.3125100562014001
0.44886141350498154,-0.03156040487769311,0.008565724198827361,0.02507416099118183,-0.20283496483572538,-0.29694976955449304
0.426415411943523,-0.029953905739545136,0.008173131725296157,0.02343019546058786,-0.1928643820380689,-0.2821517944067677
0.4051209068582013,-0.02989568791007044,0.008105190290040936,0.021650834926022808,-0.1891359441691014,-0.2646078260116049
0.38487607022148224,-0.028354600053271867,0.007738106373654538,0.019912719973685364,-0.1803331779285553,-0.2517876369174723
0.365639606106315,-0.0268420806720764,0.007382391936535259,0.017992428851513295,-0.17316012144230314,-0.2403211579522075
0.34735613009602084,-0.025392070475217948,0.007044794222783027,0.01686566359594755,-0.16875971662091932,-0.23036909711401626
0.3299861537240063,-0.024001550075473516,0.006724005455689374,0.015812781777967723,-0.16439846563630514,-0.22078277283285277
0.3134842951521086,-0.02266953757448172,0.0064188161507650636,0.014830142633667954,-0.1600602935068965,-0.21154335333067584
0.2978073024761175,-0.02139013863914724,0.006128877554231066,0.013914071020957958,-0.1557308026024851,-0.20263348080411836
0.2829146653378233,-0.020319294029478047,0.005828414970250106,0.013043722900349074,-0.1514046713093579,-0.19404184070663372
0.2687663938583072,-0.019133433893360825,0.005567312834301673,0.012246635690075594,-0.1470626951844222,-0.18574776828762912
0.2553256691904845,-0.017994872031538187,0.005318860064067657,0.011502404360278308,-0.14270298416462873,-0.17774217916918872
0.2425571722594601,-0.01690124484174039,0.005082403819401458,0.010807178915702698,-0.1383201972135017,-0.17001334413930633
0.23042793597393943,-0.01605507947947544,0.0048311069980678766,0.010135772626283186,-0.13392385540343002,-0.1625586313590948
0.21890509471787004,-0.015034473103408863,0.004618183984453566,0.00952547033395791,-0.12949444597785587,-0.15535638727911524
0.20795920210092467,-0.014281785986810836,0.004389006425759898,0.008936892743203969,-0.1250553863154319,-0.14840931241933913
0.19756051290393742,-0.013325868065342153,0.004197268872900684,0.008404126166099934,-0.12057490417580097,-0.1416935482805106
0.18768252860979345,-0.012658743966754748,0.003988275131042606,0.00788753299366448,-0.11608381115104123,-0.1352146497960123
0.17829882969118263,-0.012025045293937163,0.003789401806622192,0.007403333657595509,-0.11156387643252877,-0.12895582315991405
0.16938416507341242,-0.0111459920453565,0.003626195550932739,0.006968044457585998,-0.10699346593626871,-0.12289966008245545
0.16091591129760818,-0.010588045778980353,0.003444835436237898,0.006542257965844216,-0.1024168185086052,-0.11705654669230607
0.152871337864825,-0.010058047752936642,0.0032723254592553607,0.006142780661014728,-0.09781000755483314,-0.1114086117926733
0.14523187438425647,-0.009257819179645485,0.0031342716146123507,0.005786899633552143,-0.09315047565382639,-0.10593960679765745
0.1379688992212772,-0.008484475757499573,0.0030024018531434565,0.005453665588865352,-0.08848050815032411,-0.10065803493920299
0.1310702956117219,-0.008072080817912141,0.002852131528955384,0.005124396431446156,-0.08404456172986033,-0.09563998206393035
0.1245166909054173,-0.007679044892299331,0.0027091587627477076,0.004815812654792815,-0.07983143250443935,-0.09087143856279122
0.11829082783494578,-0.00730451566310366,0.002573144586806825,0.004526509186004654,-0.07582987187699904,-0.08634005586108791
0.11237526171741462,-0.006579188348463268,0.0024666966192790555,0.004272450613617465,-0.0720298242868294,-0.0820332783448697
0.10675555625593133,-0.005876393029264771,0.002365014756043926,0.004034928281375438,-0.06842055870684251,-0.07794085147082738
0.10141791813388214,-0.005589600580587852,0.0022457443342455688,0.0037959664164426018,-0.0649918827754043,-0.07405291768250513
0.09634622145712365,-0.00491274965078769,0.0021538585309069567,0.003587979481944936,-0.061735876657691355,-0.07035781112970252
0.09152912995279487,-0.00467278474428245,0.0020449577171949822,0.0033772078323951915,-0.05864270863414675,-0.0668474403927788
0.08695289514609093,-0.0044441361983346625,0.0019414469629572433,0.0031792274584048624,-0.05570474438785621,-0.06351189774911672
0.08260460254487974,-0.003789637983378642,0.0018630231869654068,0.003008704518922181,-0.05291474299886966,-0.06034187902560718
0.07847464437932923,-0.003604150657302149,0.0017685083464890892,0.0028338514792815334,-0.05026414377232211,-0.05733043732658082
0.07455034679999444,-0.00296970215899754,0.001697577738293876,0.002684389580419149,-0.04774703859599275,-0.05446848769450392
0.07082312200312033,-0.002824392439645473,0.0016112780141920933,0.002529863226602502,-0.04535563086444338,-0.05174975181532642
0.06728225422810553,-0.002685936424698135,0.001529296036209839,0.002384738101299102,-0.04308414912289868,-0.04916653679387196
0.06391767587780142,-0.002063235855185444,0.0014687686098484645,0.0022624253060052183,-0.040927074413594305,-0.046711616708408565
0.06072136519966869,-0.0014604333888920678,0.0014107482047545396,0.002147786910556716,-0.038878123798563945,-0.044379123305890146
0.0576856063762444,-0.0013893855260967618,0.0013387723912202437,0.0020270876009307473,-0.03693138689009619,-0.042163413301121576
0.05480161256020658,-0.0013216148090938768,0.0012704175064383537,0.0019138804011765626,-0.035082238549613995,-0.040058212092104244
0.052061174014184336,-0.0007241196272065654,0.0012208488624499553,0.0018205717334733905,-0.03332623620285833,-0.03805762537964881
0.04945839906359315,-0.0006892330817763053,0.0011584188943273965,0.0017207133604342055,-0.031657763400197846,-0.0361572267883273
0.046985736764650614,-0.000655895050782573,0.0010991460186147253,0.001627302400274059,-0.030072911177531123,-0.03435164569970237
0.04463669024598,-0.0006240532430973401,0.0010428731157491964,0.0015420258582772314,-0.028567849258090902,-0.03263621883911023
0.04240455941871185,-1.8713687239656068e-05,0.001002926005395983,0.0014724054520295121,-0.027138238373338504,-0.03100602530350691
0.0402845552716859,-1.850395167646066e-05,0.0009515076120785905,0.001395795654886438,-0.025779826361110963,-0.029457487958963576
0.038270526517663044,-1.8184530704180926e-05,0.0009026992871301579,0.0013245132044084418,-0.02448946410983471,-0.027986236969977478
0.03635718193030152,-1.777705599668886e-05,0.0008563702356747979,0.0012584414366906074,-0.02326374805851006,-0.026588408491175324
0.03453948240394271,-1.72993744979947e-05,0.0008123939419223836,0.0011963495834536148,-0.022099357368069575,-0.025260525718819853
0.03281265180061007,-1.676764875592101e-05,0.0007706559084357672,0.001137905594040085,-0.020993228400467252,-0.023999174923224002
0.031171788532055156,0.0006208308058478776,0.0007420147195975369,0.0010904909608047352,-0.019942650832016257,-0.022801885771918988
0.029613321052519636,0.0005895496627236751,0.0007038456020007813,0.0010376842681875313,-0.018944409167948623,-0.021663857566355006
0.028132762128004,0.0005598859823227378,0.0006676210143916532,0.0009876077149728985,-0.01799610095953696,-0.020583023278498324
0.026725918586029743,0.0011978252165374633,0.0006430838389882142,0.0009459579722413122,-0.01709540774399436,-0.019557931769771893
0.02538970900311728,0.0011378076063683752,0.0006099499429122109,0.0008999507504806384,-0.01623957568195442,-0.018582986847042834
0.024120034304154585,0.001766925752266164,0.0005876550302892449,0.0008608204369310103,-0.015426702248237103,-0.01765883396004758
0.02291410265151637,0.001678498737065805,0.0005573460730543094,0.0008181874507724164,-0.014654318295842484,-0.01677942258461396
0.021768218418995365,0.0023006657222306008,0.0005370822833767491,0.0007811321120821664,-0.013920694924876218,-0.015946234179519597
0.02067986162010142,0.002185586241119248,0.0005093542330541891,0.0007414522812209584,-0.013223621325712934,-0.0151529101882386
0.019645905956602826,0.0020762820765060893,0.0004830483952185678,0.0007033378543205429,-0.012561410759563393,-0.014399504879584864
0.018663632911526316,0.001972460922015207,0.00045809117747303083,0.0006666859662198582,-0.011932318525313028,-0.01368399396222325
0.01773029275506208,0.0026170634400837223,0.0004416972932696091,0.0006336998406021676,-0.011334783075309501,-0.013006595005516949
0.016843787608134313,0.002486218688312373,0.0004188559317000423,0.0005995323583585377,-0.010767037653263702,-0.01236085294898938
0.016001594526311034,0.00236192715486281,0.0003971883963768916,0.000566702500470742,-0.010227691480517104,-0.011747484278209097
0.015201499168291515,0.002243859094878202,0.00037663380103134897,0.0005351563433531155,-0.009715324850017672,-0.011164833313660054
0.014441397643792347,0.002131701460655124,0.00035713676431471723,0.0005048833084802957,-0.009228590793128575,-0.010611303939021263
0.013719191802844569,0.0028154765542424322,0.00034463375333450015,0.0004768017710850421,-0.008766266052419088,-0.010087513953164255
0.013033194773647951,0.0026747397932525333,0.0003267776629649261,0.00044875314832211016,-0.008327014559312606,-0.00958760988804801
0.012381405312521044,0.0033494181613051093,0.00031537244411661996,0.00042255529542981865,-0.007909790226712184,-0.009114542616843916
0.011762287782788957,0.003181984431885283,0.00029901984324772314,0.0003966719101233223,-0.007513397393537935,-0.008662958179829958
0.011174119882159161,0.0030229266661626272,0.00028351041586533745,0.0003719076285782507,-0.007136844386846212,-0.008233833409663596
0.010615352953475977,0.002871823562897713,0.00026880072784780766,0.0003482030859016312,-0.006779138187599638,-0.007826030819697573
0.010084517756383547,0.0027282767035100397,0.0002548496612670239,0.0003255233903893561,-0.006439338453257752,-0.007438474136066965
0.009580216863327572,0.002591906499794784,0.0002416186561670732,0.00030381649374337284,-0.006116549695823937,-0.007070142447446946
0.009101098377405022,0.003323906323299982,0.0002334036343687124,0.0002829738410857472,-0.005809947848833109,-0.00672156546401877
0.008645963240502878,0.0031577506371631443,0.00022127680647436037,0.0002630970019479996,-0.005518671488887696,-0.006388586850647458
0.008213561863932075,0.0038795171386773273,0.00021376922114248032,0.00024382382375995174,-0.005242002435248726,-0.006073429033720971
0.0078027991683301216,0.0036855772081503986,0.00020265518814482585,0.0002256382072362218,-0.004979167404004856,-0.005772383082471843
0.007412570785213082,0.0035013341535068327,0.0001921158859528671,0.0002082685430230076,-0.004729495539345592,-0.005486205260605957
0.007041851472585553,0.0033263009106528495,0.0001815864284000887,0.00019113264247038508,-0.004479419277949619,-0.005215419734428978
0.00668966469205978,0.003160019084525482,0.00017162429293389648,0.00017479958852515562,-0.004242535629175242,-0.004957881887018862
0.00635508436612085,0.003002050814889098,0.00016220029052284904,0.00015923921411821837,-0.004018155243140152,-0.004712931774727263
0.006037229580795349,0.0028519790200106964,0.00015328596092368553,0.00014442755509485146,-0.003805627227854289,-0.004479941608252857
0.005735265689028619,0.0027094100864847627,0.0001448551631442654,0.00013029233472596692,-0.0036043092589207897,-0.004258326798810846
0.0054483984224421135,0.0025739688468497963,0.00013688195909696945,0.00011682670522122462,-0.003413624819955867,-0.004047517882925435
0.005175873338891426,0.0024452987515103638,0.00012934251657475968,0.00010400560625310711,-0.003233021051091783,-0.0038469741388301297
0.004916972815571101,0.0023230602491876376,0.0001222138583982637,9.177763878297554e-05,-0.0030619541543787385,-0.003656196253840558
0.004671016809231961,0.002206932755295165,0.00011547428348880387,8.013296894637467e-05,-0.00289993356891951,-0.0034746948910008035
0.004437358341134215,0.002096610651796197,0.00010910310243573612,6.903256520953584e-05,-0.002746479709398018,-0.003302012251519985
0.004215381985169101,0.001991802980598283,0.00010308046527377563,5.845233622391068e-05,-0.0026011415002491468,-0.003137714150252554
0.004004504739084243,0.001892234712049846,9.738822219473983e-05,4.836062668741556e-05,-0.002463491342904461,-0.0029813856905117507
0.0038041718310318894,0.0017976438399824983,9.200871351414668e-05,3.874312016063551e-05,-0.002333126141927862,-0.0028326353697063055
0.0036138554674892665,0.0017077810526080661,8.692475345621587e-05,2.9580596540910593e-05,-0.002209664332113291,-0.0026910896317359242
0.003433055182740665,0.0016224100442828373,8.212080438020634e-05,2.083474079950736e-05,-0.0020927395124136446,-0.0025563927155573154
0.0032613554849783635,0.002567835048066195,7.942975926370853e-05,1.1119018695367186e-05,-0.001981169221263998,-0.0024282015446757217
0.0030981807048184678,0.0024394582643473745,7.50490537195253e-05,3.1973706654058837e-06,-0.0018764087306062853,-0.0023061864111867353
0.002943165961122441,0.0023174998975150646,7.090987711572442e-05,-4.360372813900877e-06,-0.0017771966897945925,-0.0021900674512962464
0.0027959032808889703,0.0022016390023521753,6.69990440040996e-05,-1.1567132135901907e-05,-0.0016832406829320565,-0.0020795555178373367
0.002656004753622196,0.00209156990082258,6.330430813933015e-05,-1.8439783691681832e-05,-0.0015942683465807164,-0.0019743772435319817
0.0025231027319743957,0.001987003778465535,5.981395549540391e-05,-2.500785954742136e-05,-0.0015100121427781687,-0.0018742680666986907
0.002396846979839384,0.0018876649141115307,5.6516733948231054e-05,-3.127776834572874e-05,-0.0014302276110404783,-0.0017789821551224875
0.0022769053493710803,0.0017932920445158703,5.340225980474433e-05,-3.725132723682481e-05,-0.001354682798743045,-0.0016882877111015762
0.0021629625922755438,0.0017036374064270349,5.04605532974986e-05,-4.2959736070133854e-05,-0.0012831513001417025,-0.0016019573064990477
0.0020547183837686675,0.001618464694733373,4.768204376369662e-05,-4.841185749673391e-05,-0.001215422341962938,-0.001519777928604342
0.0019518879844566909,0.0015375498724332747,4.505800209553689e-05,-5.361234876582366e-05,-0.0011512986975660067,-0.0014415531792283604
0.0018542009628824431,0.0014606804180187815,4.2579746962127175e-05,-5.858557844178161e-05,-0.0010905888512279145,-0.0013670881847677565
0.0017613999128609488,0.0013876537893714532,4.023935038976331e-05,-6.333617570480101e-05,-0.0010331141920009695,-0.0012962024902243357
0.001673240636593202,0.0013182779179329888,3.802930075470213e-05,-6.787756448266458e-05,-0.0009787043535962807,-0.001228722792577869
0.001589490972048073,0.001252370359458854,3.5942234796962264e-05,-7.220794220865647e-05,-0.0009271998379910742,-0.001164489490038022
0.001509930831386201,0.0011897577815451943,3.397151882618351e-05,-7.635085501896101e-05,-0.0008784463446644311,-0.001103343126151231
0.0014343504269376027,0.0011302753787189289,3.211061641990459e-05,-8.031395434181227e-05,-0.0008322997071978225,-0.0010451375080060114
0.0013625507899289384,0.0010737666944880579,3.0353440156256406e-05,-8.409775665050387e-05,-0.000788623699042896,-0.000989734924499146
0.001294342894475133,0.0010200830875712295,2.8694222357498045e-05,-8.772015719387404e-05,-0.0007472877939524512,-0.0009370005687017603
0.0012295474196720112,0.0009690832222929401,2.7127588731030113e-05,-9.118770888969374e-05,-0.0007081687370262064,-0.0008868031798146468
0.0011679932702076009,0.000920633164811274,2.5648297632511938e-05,-9.449635675287016e-05,-0.0006711518573222419,-0.0008390372806809594
0.0011095188345751686,0.0008746051694165101,2.425154853643551e-05,-9.766605670657605e-05,-0.0006361251306395477,-0.0007935748553334017
0.0010539699139753241,0.0008308782996299075,2.2932718982937487e-05,-0.00010069040867197694,-0.0006029852550357536,-0.000750317218441925
0.0010012001355519952,0.0007893374828148864,2.1687335847259102e-05,-0.00010359061337799183,-0.0005716325809317392,-0.0007091611458902465
0.000951070500468045,0.0007498737930145738,2.0511436422888158e-05,-0.00010636093152634542,-0.0005419738379931004,-0.0006700095314931121
0.0009034492355789496,0.0007123827768544453,1.940103507579161e-05,-0.0001090050604416109,-0.0005139203473745535,-0.0006327734800636625
0.0008582107772215267,0.0006767661069762124,1.8352490015129723e-05,-0.00011154385511113357,-0.0004873872195847785,-0.0005973543104862319
0.0008152359665782354,0.0006429300760594575,1.736232309127534e-05,-0.00011397007091074854,-0.00046229552333247826,-0.0005636794986455427
0.000774411600719078,0.0006107856586327758,1.6427245734062663e-05,-0.00011629368956371013,-0.00043856955229493096,-0.0005316622094794932
0.0007356301350476754,0.0005802482772817613,1.5544152146775856e-05,-0.00011851227280137358,-0.00041613833908507976,-0.0005012451715623147
0.0006987894006091165,0.00055123758052041,1.4710108534169983e-05,-0.0001206392595081423,-0.00039493384699705727,-0.00047234018436991275
0.0006637921855916858,0.0005236776643139002,1.3922304582447947e-05,-0.00012267778353000256,-0.00037489215168829863,-0.00044488244693517074
0.0006305465915222468,0.0004974951348038141,1.3178206161830449e-05,-0.00012462043507344936,-0.000355952883658704,-0.00041882421873944516
0.0,0.0,0.0,-0.00012658101338786087,-0.0003379411198020007,-0.0003941485191773231
0.0005989093661624181,0.00047262177836934955,1.2478357318301019e-05,-0.00012827821582930197,-0.00032124119096033755,-0.0003705628223271929
0.0005689097846350723,0.0004489921114204571,1.181536788024485e-05,-0.00012999359295614622,-0.00030526568992693203,-0.0003483143207537913
0.0005404117930278498,0.00042654377448574934,1.1188826496971101e-05,-0.00013162697602492657,-0.0002901812903410701,-0.00032723348591687153
0.0005133402471292885,0.00040521763538407547,1.0596644763230164e-05,-0.0001332018318848463,-0.00027594202273921816,-0.00030726036643537495
0.00048762382153291837,0.00038495762702426075,1.0036906081082044e-05,-0.0001347064582666844,-0.0002625041766527982,-0.0002883485912526244
0.0,0.0,0.0,-0.00013619486093391364,-0.0002497643725154801,-0.0002705088728831573
0.0004631457579245186,0.00036571056487181983,9.523190318483021e-06,-0.0001375324929072229,-0.00023796205226015026,-0.00025351800889066175
0.0004399410348736524,0.00034742597338300354,9.022344309264225e-06,-0.00013886296134963687,-0.00022667907797757088,-0.0002375568518182012
0.0,0.0,0.0,-0.0001401798886118133,-0.0002160001785132614,-0.00022252517063311994
0.0004178510641029956,0.0003300556795171457,8.548577279545703e-06,-0.00014136761902595684,-0.00020612586042857058,-0.00020826075468996058
0.00039691303616982054,0.0003135537475675688,8.093459914846995e-06,-0.00014254999907940634,-0.0001966844790462225,-0.00019490597799606263
0.0003770233801632349,0.00029787673255075295,7.662410690514932e-06,-0.0001436932926412098,-0.00018780014950927585,-0.00018232597170387532
0.00035812958739089005,0.00028298322180190204,7.254126521361346e-06,-0.0001447830933341067,-0.000179444019414366,-0.00017052864873725324
0.00034018179228618214,0.000268834795567155,6.867428249085095e-06,-0.0001458460858321229,-0.00017159085015229576,-0.00015945701352125757
0.00032313274654459845,0.000255393577073641,6.501201739348569e-06,-0.00014686938981283516,-0.00016421509911184959,-0.00014907895876112783
0.0,0.0,0.0,-0.00014787889622780437,-0.00015727263122553044,-0.0001393777855835665
0.0003068979319573428,0.00024262419068885415,6.1543115080170545e-06,-0.00014880735915692497,-0.00015089926280919486,-0.0001302735241403779
0.0,0.0,0.0,-0.00014974805497824928,-0.00014479261884527494,-0.00012183997712122974
0.0002914759806732765,0.0002304934880208399,5.825703935611861e-06,-0.00015062657499681365,-0.00013921140907964338,-0.00011395669352684152
0.0002768646461893789,0.0002189691712294094,5.514465584526273e-06,-0.0001515004563683701,-0.00013387681381969482,-0.00010668326377297207
0.0,0.0,0.0,-0.00015237099955289768,-0.0001288867674106456,-9.994817468905737e-05
0.0,0.0,0.0,-0.00015318277851755768,-0.00012434968345288754,-9.370004374170682e-05
0.00026291044381080174,0.00020802134332452386,5.219685295261036e-06,-0.0001539689001988251,-0.00012014211680071563,-8.794562870702803e-05
0.0002497286273726882,0.00019762074499891737,4.9404579605406335e-06,-0.0001614803215503569,-0.00011609463192446564,-8.263026740460692e-05
0.00023720713612929262,0.0001877397051037735,4.6760448601033925e-06,-0.00016873131662247957,-0.00011235592600157628,-7.778223821210263e-05
0.00022531289450451633,0.0001783531215659728,4.425675042237118e-06,-0.0001757334567215574,-0.00010891233315852363,-7.335237278649429e-05
0.0,0.0,0.0,-0.00018250737270181228,-0.00010574730000802556,-6.93504107888987e-05
0.0002139811801164141,0.00016943560065365958,4.188587362105204e-06,-0.00018915843828770524,-0.00010297032479027589,-6.569744975309537e-05
0.0,0.0,0.0,-0.00019551123950245497,-0.0001003357021588278,-6.245251890918402e-05
0.0,0.0,0.0,-0.0002017763537773276,-9.806669144441177e-05,-5.952774619999435e-05
0.00020318404648955832,0.00016096417626828394,3.964035568722848e-06,-0.00020785214710651448,-9.604466255171778e-05,-5.693813576896627e-05
0.00019299288115733767,0.00015291611359469724,3.7513754572945943e-06,-0.00021367204772473336,-9.414422040220998e-05,-5.468816340565695e-05
0.00018331239766013644,0.000145270900232767,3.5500422892448364e-06,-0.00021935645489177695,-9.248246318425998e-05,-5.273536611585426e-05
0.00017411702615856045,0.00013800730594655018,3.359420069561195e-06,-0.0002248919585354072,-9.105085266045769e-05,-5.104894126615541e-05
0.0001653824768614787,0.00013110731760676054,3.178958668208615e-06,-0.00023031829657424707,-8.984806677652295e-05,-4.9621362078684396e-05
0.00015708568938615524,0.00012455176591049793,3.0081132610396947e-06,-0.0002356332807668566,-8.886682668390536e-05,-4.841231264509951e-05
0.0,0.0,0.0,-0.00024085142076513133,-8.810324815809777e-05,-4.7417149685979876e-05
0.00014917750435481284,0.00011832450282807715,2.84635506716337e-06,-0.00024604533660170546,-8.765881945873972e-05,-4.659966767948276e-05
0.0,0.0,0.0,-0.0002512236627227882,-8.324025729418717e-05,-4.5949373349979394e-05
0.0,0.0,0.0,-0.0002564102947146818,-7.906884224674279e-05,-4.545918937151616e-05
0.00014163898128751793,0.00011240855668809537,2.693181045916168e-06,-0.00026151150582868013,-7.510869462380479e-05,-4.5111882295533985e-05
0.000134531168197263,0.00010678797984558736,2.548163570317814e-06,-0.0002664676705522823,-7.132168457194946e-05,-4.4888429458811864e-05
0.00012777968782274864,0.00010144876674822163,2.4108943626400924e-06,-0.00027135317941173997,-6.772543827867475e-05,-4.475838015363121e-05
0.00012136667951158303,9.637670265156009e-05,2.280955848970911e-06,-0.00027620508193192865,-6.431036393757781e-05,-4.4720924662383146e-05
0.0001152752369254629,9.155779367858858e-05,2.15797257760008e-06,-0.00028101801776608386,-6.106732805563605e-05,-4.474223260927958e-05
0.00010948920416350946,8.697998995533745e-05,2.0415618915126536e-06,-0.00028578480929571283,-5.798767458360644e-05,-4.480612112709562e-05
0.00010399329465568728,8.263136799437803e-05,1.931380523483864e-06,-0.00029053037611262395,-5.506319115835936e-05,-4.490389146272891e-05
9.877298187154895e-05,7.849938879596382e-05,1.8270933602606144e-06,-0.000295260104334823,-5.228605052800765e-05,-4.501160574761492e-05
0.0,0.0,0.0,-0.0002999700026529717,-4.964698161979267e-05,-4.5096949243594864e-05
9.379423771224272e-05,7.457461495512225e-05,1.7283822064021067e-06,-0.00030474267001780414,-4.715923580696293e-05,-4.516810459705547e-05
0.0,0.0,0.0,-0.0003094275296215976,-4.477752041094118e-05,-4.5184313971546874e-05
8.906544703495897e-05,7.08461350547951e-05,1.6349454967534744e-06,-0.000314190107482167,-4.253331124377117e-05,-4.515200616094791e-05
8.459330085054678e-05,6.730384893484449e-05,1.5465166324488416e-06,-0.0003188777478183609,-4.0385515946836375e-05,-4.503105731440565e-05
0.0,0.0,0.0,-0.00032360251597735035,-3.8344498307834155e-05,-4.48082482389367e-05
8.032702167256383e-05,6.393845902365501e-05,1.4628182489961257e-06,-0.0003283951900471837,-3.642213752445823e-05,-4.447715813377694e-05
0.0,0.0,0.0,-0.00033316108792902366,-3.458020753679429e-05,-4.399864655529884e-05
0.0,0.0,0.0,-0.0003380090488177001,-3.284465455460271e-05,-4.336226614021221e-05
7.625686025131476e-05,6.0741679652367365e-05,1.3835891902957072e-06,-0.00034291021349180446,-3.119719056639218e-05,-4.256593423261497e-05
0.0,0.0,0.0,-0.0003477898751192421,-2.9617328924006143e-05,-4.155199727001735e-05
7.24089374379298e-05,5.770475694411722e-05,1.3086060506376864e-06,-0.0003527865156871076,-2.81312095938283e-05,-4.0336586430472414e-05
6.877157914021778e-05,5.4819574943310935e-05,1.2376585854991515e-06,-0.0003577742402789486,-2.6706675944186615e-05,-3.887253102096557e-05
6.53167372807914e-05,5.207874960872933e-05,1.1705237186323748e-06,-0.0003628548269283203,-2.5354151412289216e-05,-3.71425232572291e-05
0.0,0.0,0.0,-0.00036803711846666864,-2.4069148111659096e-05,-3.511589211735444e-05
0.0,0.0,0.0,-0.0003733555624250151,-2.2859779956852182e-05,-3.2780979869195814e-05
6.200337342346943e-05,4.947480366149314e-05,1.1069825998266047e-06,-0.0003787821425154161,-2.171152844903691e-05,-3.0112162692719728e-05
0.0,0.0,0.0,-0.0003842841517138207,-2.060947850325963e-05,-2.7052697705920448e-05
0.0,0.0,0.0,-0.00039000606716682595,-1.957313836928996e-05,-2.3593475859062796e-05
5.8856560598620585e-05,4.700119749146541e-05,1.0468459532283017e-06,-0.00039585618290659535,-1.8588877230185528e-05,-1.970633774504111e-05
5.589868741912441e-05,4.465096299929909e-05,9.89957771913563e-07,-0.00040184073066790453,-1.7644085766115546e-05,-1.5325985249297467e-05
5.3089301995054777e-05,4.241842533325687e-05,9.361353807965581e-07,-0.0004080506555588537,-1.6747200012620362e-05,-1.0420355485462381e-05
5.042095766116916e-05,4.0297689597270926e-05,8.852147149510328e-07,-0.0004144719584904005,-1.5895795685963728e-05,-4.949122502827761e-06
0.0,0.0,0.0,-0.0004211617245847288,-1.5087779917125255e-05,1.1550296208917565e-06
0.0,0.0,0.0,-0.00042817888928037284,-1.432808625431546e-05,7.930021316271407e-06
0.0,0.0,0.0,-0.0004355249876734635,-1.3606271015366932e-05,1.5453568317114197e-05
0.0,0.0,0.0,-0.00044322543940028547,-1.2920440761545033e-05,2.3799335550078737e-05
0.0,0.0,0.0,-0.00045132649390611235,-1.2268788446066416e-05,3.305456280350283e-05
0.0,0.0,0.0,-0.0004598756350159827,-1.1649596261262681e-05,4.331399833668037e-05
4.780351459451195e-05,3.8282945338334716e-05,8.369834368875298e-07,-0.0004689163690533599,-1.105971894155203e-05,5.46699925645531e-05
0.0,0.0,0.0,-0.00047848939471123453,-1.0494983805731198e-05,6.730205732030647e-05
0.0,0.0,0.0,-0.0004886694519818935,-9.964339385476341e-06,8.127158451970429e-05
4.53721991398936e-05,3.636882330557381e-05,7.913711378464652e-07,-0.000499526945219881,-9.457656536046722e-06,9.676694094658392e-05
4.3090347343337715e-05,3.455009574775135e-05,7.482366441941615e-07,-0.0005110204864907195,-8.971594862376992e-06,0.00011398044234885125
4.092313583941316e-05,3.282279023630748e-05,7.07436816572261e-07,-0.0005231788724501511,-8.510342895776492e-06,0.00013302856603738416
0.0,0.0,0.0,-0.0005359789001189164,-8.075811475256781e-06,0.00015410429068596354
3.885246753399107e-05,3.11813837955383e-05,6.688334914925303e-07,-0.0005493701594570542,-7.66236475844063e-06,0.00017732173070915058
3.6898071377702385e-05,2.962228651367101e-05,6.323279258044921e-07,-0.0005629556625052573,-7.267357134225679e-06,0.00020275413129500764
3.504187345970764e-05,2.8141163982438394e-05,5.977969334808103e-07,-0.0005761719173181131,-6.892522900683845e-06,0.00023018288392729553
3.327895609258972e-05,2.6734558262393648e-05,5.651379224806225e-07,-0.0005881206475282983,-6.536843509279899e-06,0.0002591920663692778
3.16046377470347e-05,2.5397505245133374e-05,5.342488571924389e-07,-0.0005972725789562956,-6.199355180420968e-06,0.00028882656617033636
3.0014463566686913e-05,2.412752703253841e-05,5.050340453433892e-07,-0.000601391666217975,-5.8791614785764286e-06,0.00031745571289844917
2.850421411743013e-05,2.2921495395167725e-05,4.774048315185061e-07,-0.0005975284133487513,-5.575407777606462e-06,0.00034260944590840245
0.0,0.0,0.0,-0.0005828768964196707,-5.29233531063496e-06,0.000361670273507142
0.0,0.0,0.0,-0.0005558601072817027,-5.020982676254684e-06,0.0003726042070933966
2.7051330107183436e-05,2.177511633564924e-05,4.512609687030822e-07,-0.0005170651326015347,-4.757692056809075e-06,0.0003750182274015087
0.0,0.0,0.0,-0.00046921457796389454,-4.515848783349748e-06,0.0003703512681819676
2.5680885084545505e-05,2.0686756845424407e-05,4.265412615088698e-07,-0.0004159548401171081,-4.278207229075737e-06,0.0003607807686397944
0.0,0.0,0.0,-0.00036026564525198923,-4.060189072073677e-06,0.0003484143538223239
0.0,0.0,0.0,-0.0003043532280243566,-3.850147699908177e-06,0.0003347309392679465
2.4370843624977627e-05,1.965201823817432e-05,4.0315864830378973e-07,-0.00024944282172042635,-3.6465537724736146e-06,0.000320650105419989
2.3143957101906337e-05,1.8669613640381893e-05,3.810583969061403e-07,-0.00019613770304242905,-3.4560165716788792e-06,0.000306694978304646
2.1978777305371218e-05,1.773597120013795e-05,3.601615132995868e-07,-0.0001448094621650694,-3.275343404345449e-06,0.0002931308909059896
2.0872191276041114e-05,1.684916619816962e-05,3.404004125457688e-07,-9.557269957229128e-05,-3.1040214430333746e-06,0.0002800891631731458
1.9821259355419637e-05,1.600710351355573e-05,3.217148311407794e-07,-4.842523064722143e-05,-2.9415747404944866e-06,0.0002676223539634446
1.8823193103663847e-05,1.5206781171209751e-05,3.040478684552402e-07,-3.34189818974102e-06,-2.787542984062749e-06,0.0002557477246436022
0.0,0.0,0.0,3.97785839022502e-05,-2.6436772080219662e-06,0.0002444546892044208
1.7868550646257167e-05,1.4446420504415383e-05,2.873374034302208e-07,8.097587253255869e-05,-2.5037303717947422e-06,0.00023372850250036269
0.0,0.0,0.0,0.00012041149681224494,-2.3739733172458743e-06,0.00022354460907719753
1.696213157660569e-05,1.3723870845549522e-05,2.715385789801594e-07,0.00015807513986914687,-2.2479637546396186e-06,0.00021388484482085993
1.6107796744188224e-05,1.3037637020133636e-05,2.566056421245387e-07,0.00019413306994423747,-2.129323427316886e-06,0.0002047194043079928
0.0,0.0,0.0,0.00022862989411781554,-2.018345582760628e-06,0.00019602490350512092
0.0,0.0,0.0,0.00026163525612682426,-1.9122939377713012e-06,0.00018778126466334477
0.0,0.0,0.0,0.00029324182843271096,-1.8114945057982898e-06,0.00017996408255965823
0.0,0.0,0.0,0.00032352343665775773,-1.7156845133517715e-06,0.00017255201872562465
1.5272150869484107e-05,1.2386088494600084e-05,2.424697426958214e-07,0.00035251827088933696,-1.6233938301504947e-06,0.00016552807792296858
0.0,0.0,0.0,0.00038036915772693414,-1.5374027463821274e-06,0.000158865670174424
1.4496791585783143e-05,1.176669114486945e-05,2.291209643191674e-07,0.00040705701983826775,-1.4543572260858759e-06,0.0001525525577819865
0.0,0.0,0.0,0.0004326571626534492,-1.3768740514387447e-06,0.00014656853868127984
0.0,0.0,0.0,0.00045723034616668157,-1.3030769045899724e-06,0.00014089799008754067
1.3754934644304775e-05,1.1178402011810655e-05,2.1649787344414236e-07,0.0004808186801868712,-1.2320437717850717e-06,0.0001355284750127827
0.0,0.0,0.0,0.000503531839475102,-1.165673437639031e-06,0.00013043466375117774
0.0,0.0,0.0,0.0005253115925604179,-1.1025543141015816e-06,0.00012561295992430388
0.0,0.0,0.0,0.0005462718320081161,-1.042547071111073e-06,0.00012104736461165944
1.3045168991048973e-05,1.06195097794758e-05,2.0456128652536425e-07,0.000566422864683349,-9.847959675027208e-07,0.00011672582744234429
1.2387615045315904e-05,1.0088347922121506e-05,1.932913912172144e-07,0.0005858637714501213,-9.301032461549596e-07,0.00011262902000649425
1.1763176531887189e-05,9.583684977767703e-06,1.826383449571425e-07,0.0006045797321344187,-8.783763878013654e-07,0.00010875275925812468
1.1170182156526196e-05,9.104921870870452e-06,1.7256782371034002e-07,0.000622629349726249,-8.294603022460361e-07,0.0001050825308787859
0.0,0.0,0.0,0.000640005101260277,-7.836920903538096e-07,0.00010160525894270522
1.0602395689748333e-05,8.649782070146377e-06,1.6304500884425803e-07,0.0006567646401328402,-7.398536881073124e-07,9.832313818882974e-05
1.0067839657525074e-05,8.216987866166177e-06,1.5404788974603628e-07,0.000672953072527944,-6.982533256782959e-07,9.521171096367742e-05
0.0,0.0,0.0,0.0006885923615090328,-6.593201951633608e-07,9.226840046183682e-05
9.55593781946893e-06,7.8061344970468e-06,1.455401869449529e-07,0.0007036676752446248,-6.221080179157041e-07,8.948815997604712e-05
9.074070100137253e-06,7.415838372043647e-06,1.3750253053344147e-07,0.0007182780137212775,-5.867530327849846e-07,8.685879716343021e-05
8.616481644375628e-06,7.045337787045755e-06,1.2990614504675865e-07,0.000732383237775759,-5.53349965616955e-07,8.437434330813876e-05
8.18194646415281e-06,6.693044793679195e-06,1.227261059089596e-07,0.0007460538979283994,-5.21795314272875e-07,8.202371390940109e-05
7.769305988132066e-06,6.358357309276666e-06,1.1594013625606028e-07,0.0007592940561650018,-4.91986926525251e-07,7.980368138662599e-05
7.377456312153721e-06,6.04009385826404e-06,1.0952636645282098e-07,0.000772110933011796,-4.638303697343464e-07,7.77069313734398e-05
7.005354103624669e-06,5.738053909669023e-06,1.0346522338439787e-07,0.0007845493813359613,-4.372380384069123e-07,7.572596877965891e-05
0.0,0.0,0.0,0.0007966062220677306,-4.123298578660955e-07,7.385423661809831e-05
0.0,0.0,0.0,0.0008082757673779639,-3.8883372762480246e-07,7.209196822355324e-05
6.645773839376766e-06,5.451506597387974e-06,9.773206951608918e-08,0.0008196308484346398,-3.66299616392696e-07,7.042656931173921e-05
6.310515569757809e-06,5.178974420645807e-06,9.232035510351776e-08,0.0008306715571524843,-3.4483415530500347e-07,6.88591694225542e-05
5.9921538780522736e-06,4.919789557476627e-06,8.720582033580346e-08,0.0008414067102236185,-3.2458268846128035e-07,6.73767355232911e-05
5.689840704196318e-06,4.673921194016166e-06,8.237282892899493e-08,0.000851837385996277,-3.0547510790061206e-07,6.59822752388279e-05
0.0,0.0,0.0,0.0008619955831655757,-2.875912181915325e-07,6.466620651790489e-05
0.0,0.0,0.0,0.0008718647375613453,-2.707627536284149e-07,6.342790038094126e-05
5.397557274219874e-06,4.440236684683561e-06,7.780188653326401e-08,0.0008814867609346818,-2.546253208678233e-07,6.226456101419911e-05
5.125196097192621e-06,4.217915694458507e-06,7.348770948644441e-08,0.000890856375129944,-2.3923241350016636e-07,6.117082125258273e-05
0.0,0.0,0.0,0.0009000217037283265,-2.24843458071129e-07,6.01376052693503e-05
0.0,0.0,0.0,0.0009089542570986375,-2.113308834653725e-07,5.916600161304242e-05
4.861787976570565e-06,4.007565926494657e-06,6.940739115834322e-08,0.0009176532923708346,-1.9836785794527075e-07,5.82588308457046e-05
4.616421474669902e-06,3.806905727427702e-06,6.555679125958078e-08,0.0009261694576830783,-1.8599335648735013e-07,5.740291655203291e-05
4.3834275725256355e-06,3.6163887245689177e-06,6.191819649114767e-08,0.0009344899679570993,-1.7434656967964393e-07,5.660034332771337e-05
0.0,0.0,0.0,0.0009425899785214797,-1.634751440248145e-07,5.584819159698551e-05
4.160101363422454e-06,3.4359230508641214e-06,5.847894707039582e-08,0.000950541090775345,-1.532023423049156e-07,5.514459143106755e-05
0.0,0.0,0.0,0.0009583205095036185,-1.434705598915276e-07,5.4480911270249344e-05
3.948120158307316e-06,3.2637313690635655e-06,5.522972887630225e-08,0.0009659226369641231,-1.3428157869082301e-07,5.386540878819493e-05
3.748818301249081e-06,3.1007509888533134e-06,5.2161992922415516e-08,0.0009733659001550764,-1.2550022095865602e-07,5.328757017769234e-05
0.0,0.0,0.0,0.0009806532265892454,-1.1732077644639113e-07,5.274506620844832e-05
0.0,0.0,0.0,0.0009877976494794272,-1.0967591749336278e-07,5.224037167339546e-05
3.5559278667772605e-06,2.9457678104328467e-06,4.926070536764632e-08,0.0009948023074143114,-1.0233537368566335e-07,5.177012773755617e-05
0.0,0.0,0.0,0.0010016685828700966,-9.537819476590674e-08,5.1330073220445804e-05
3.3746542993480488e-06,2.798342339215505e-06,4.6522275615848827e-08,0.0010084011894277904,-8.882700708242175e-08,5.092247826229325e-05
0.0,0.0,0.0,0.001015007783577826,-8.261761753013645e-08,5.054215479083357e-05
0.0,0.0,0.0,0.0010214732591957154,-7.683479481429942e-08,5.018758943686752e-05
0.0,0.0,0.0,0.0010278418029383563,-7.133174279450252e-08,4.986049862609754e-05
0.0,0.0,0.0,0.0010340826806682912,-6.609442618094952e-08,4.955760471825332e-05
3.1975736191390284e-06,2.6583302077504077e-06,4.393190918749559e-08,0.0010401998422546095,-6.105463541404486e-08,4.9277633149983955e-05
3.036099070231487e-06,2.5256020916853857e-06,4.1491742069613604e-08,0.001046230530746257,-5.62268640837775e-08,4.901690793761073e-05
2.8827736760190743e-06,2.3991737850381905e-06,3.918625978708501e-08,0.0010521647751744686,-5.1720791029481425e-08,4.8778320545686693e-05
0.0,0.0,0.0,0.001057968846711499,-4.654588858322741e-08,4.855613409127102e-05
2.7371811700488966e-06,2.2792481110246294e-06,1.0045505278999993e-06,0.0010636867974264824,-4.467906724844201e-08,4.8354124448680966e-05
0.0,0.0,0.0,0.0010692981880747743,-4.194679573153513e-08,4.816978021293661e-05
2.6003902109804533e-06,2.165162722548915e-06,9.632293798714644e-07,0.001074821642187736,-4.0297413537041285e-08,4.799968780095059e-05
2.4704391674117702e-06,2.057245387854963e-06,9.193066053436337e-07,0.001080233225485488,-3.823861527545441e-08,4.784343788462717e-05
0.0,0.0,0.0,0.0010855775653730304,-3.5865628724720105e-08,4.770116744523545e-05
2.3469793214506457e-06,1.9540673963701246e-06,8.813574802316159e-07,0.0010908197982375223,-3.449058885354769e-08,4.7570761831137875e-05
0.0,0.0,0.0,0.0010959780453469459,-3.232105298162544e-08,4.74525525214764e-05
2.229689508941123e-06,1.8565265271823218e-06,8.448879036879578e-07,0.0011010319016383377,-3.111099879252941e-08,4.7348104155527574e-05
0.0,0.0,0.0,0.001106023055145955,-3.023312791755833e-08,4.7250970732326536e-05
2.116784050168898e-06,1.7635338513265695e-06,-1.9457570823796597e-07,0.0011109035000256332,-2.702841883137424e-08,4.716804451128686e-05
2.0095202660504603e-06,1.6753598075833828e-06,7.716722768028077e-07,0.0011157339483906443,-2.3546865068235895e-08,4.7091552941666094e-05
1.9090982854149526e-06,1.5917843857175233e-06,7.363366156720346e-07,0.0011204801709436053,-2.2341682690921626e-08,4.702273541946696e-05
1.8136948929665144e-06,1.5120337462653806e-06,7.025993370709158e-07,0.001125112078531633,-2.119885908452864e-08,4.696187246650541e-05
0.0,0.0,0.0,0.0011296963349506917,-1.9776924632349212e-08,4.6906645359445776e-05
1.7230567877570665e-06,1.4364365536439732e-06,6.732926292696451e-07,0.0011341939864580488,-1.912455237452261e-08,4.686036929479264e-05
0.0,0.0,0.0,0.001138620627674003,-1.781968677705374e-08,4.681900070591105e-05
1.636948471579892e-06,1.3645208623590851e-06,6.451427693593023e-07,0.0011429401318604649,-1.725434544524642e-08,4.6785694373553244e-05
1.5551454910967455e-06,1.2968385289276326e-06,6.155091018967978e-07,0.0011472219652735227,-1.6372704277321388e-08,4.675749663253274e-05
0.0,0.0,0.0,0.0011513965429993944,-1.5233169314059295e-08,4.6727847983540904e-05
0.0,0.0,0.0,0.0011555226314803324,-1.4467205074467718e-08,4.670760774083682e-05
1.4774266951558286e-06,1.2316891315483122e-06,5.921522382642016e-07,0.0011595560043563748,-1.4048364231853205e-08,4.6691441118975546e-05
0.0,0.0,0.0,0.0011635179217994729,-1.3035280575933905e-08,4.667508808164911e-05
1.4035939804159516e-06,1.170154528498043e-06,5.672296443631726e-07,0.0011673891941323318,-1.2677757268780908e-08,4.666307632362148e-05
1.333452874924311e-06,1.1116929818983995e-06,5.41095932607945e-07,0.0011712070947472693,-1.2030886777493101e-08,4.6655497971356566e-05
0.0,0.0,0.0,0.0011749568926395226,-1.1143861606058171e-08,4.664567733181357e-05
1.2668153047924526e-06,1.055966673424804e-06,5.182486252617326e-07,0.0011786189410159151,-1.0858820037796912e-08,4.6642380642388145e-05
0.0,0.0,0.0,0.0011821824408324022,-1.0041488243446428e-08,4.663745884103676e-05
0.0,0.0,0.0,0.0011857068580044539,-1.0722348250518385e-08,4.6633947402452414e-05
0.0,0.0,0.0,0.0011891595019495327,-8.65663997557079e-09,4.662997993432061e-05
0.0,0.0,0.0,0.0011925134698439477,-6.692639474099011e-09,4.662800421018076e-05
1.1992999365916213e-06,1.0031583322668033e-06,-5.043292046856533e-07,0.0011958051307369905,-4.495668939443986e-09,4.6627837786644644e-05
1.1379722992415462e-06,9.52966352404714e-07,4.767470158615335e-07,0.0011990055553798963,-2.127539726215784e-09,4.662666236730354e-05
0.0,0.0,0.0,0.001202152038492721,-1.7664761361105418e-09,4.662331365434813e-05
0.0,0.0,0.0,0.0012052257695345792,-1.6749783910827281e-09,4.662347030071068e-05
0.0,0.0,0.0,0.0012082212749389143,-1.5880567717169931e-09,4.661916300463531e-05
0.0,0.0,0.0,0.0012111337599980398,-1.5054818682929287e-09,4.661384613313668e-05
1.081099771007816e-06,9.052367209983987e-07,4.6168883246385605e-07,0.0012139591737721008,-1.6820759519503378e-09,4.661135837147577e-05
1.0270748533253183e-06,8.602405048357189e-07,4.402721123973835e-07,0.0012167144856031825,-1.5937467265031907e-09,4.660405913172272e-05
9.75749737682497e-07,8.171298404065086e-07,4.198379632130042e-07,0.0012194180966907835,-1.5104359560820708e-09,4.659390283799562e-05
9.269894395577086e-07,7.763044021455422e-07,4.003433184151777e-07,0.0012220102537777691,-1.4318163161033555e-09,4.6586146396623296e-05
0.0,0.0,0.0,0.0012245308138664757,-1.1444105154009453e-09,4.6574298695367666e-05
8.806647104472837e-07,7.375370793289579e-07,3.8314860552603966e-07,0.0012269772876829525,-1.299173226278025e-09,4.6560035055396074e-05
8.366560244177339e-07,7.007157758825729e-07,3.653323273573286e-07,0.0012293567376131364,-1.2324069564706439e-09,4.654204429882065e-05
0.0,0.0,0.0,0.0012316620581173665,-9.733443129680285e-10,4.6523804322573525e-05
7.948456207134011e-07,6.654840174611472e-07,3.495923386055385e-07,0.001233866744438427,-1.1195608135530368e-09,4.65009506044312e-05
0.0,0.0,0.0,0.0012359795399672358,-8.743726519743467e-10,4.647688812620121e-05
7.551246192856645e-07,6.320381969155541e-07,3.344998268397571e-07,0.0012380236960492096,-1.0179873378228164e-09,4.644870310265069e-05
0.0,0.0,0.0,0.0012400023152931983,-7.858218230839149e-10,4.6420505310229565e-05
7.173885201164366e-07,6.007886664884066e-07,3.2002916984435706e-07,0.0012418610853366637,-9.265350948497504e-10,4.638734438495592e-05
6.815390671663661e-07,5.707472807203615e-07,3.0509878496844224e-07,0.0012436664740929988,-8.805387828203299e-10,4.634840566876311e-05
6.474810887357686e-07,5.420864220462728e-07,2.9085801941469136e-07,0.001245407411671389,-8.370639451623835e-10,4.630823488542027e-05
6.151250569419446e-07,5.147577448185528e-07,2.7727539361899815e-07,0.001247027258227529,-7.95951353695039e-10,4.626651194992376e-05
0.0,0.0,0.0,0.0012485652329243813,-6.05567576106405e-10,4.62167847109507e-05
5.843852011112198e-07,4.891236494290648e-07,2.652192090212849e-07,0.001250014670354823,-7.25894542907209e-10,4.6166537251683135e-05
0.0,0.0,0.0,0.0012513806481543321,-5.454847329407506e-10,4.611195459691686e-05
5.55181516125856e-07,4.645981057133655e-07,2.5366374784876306e-07,0.0012526642239847664,-6.627275073945299e-10,4.605387807585505e-05
5.274377639627006e-07,4.416984614565914e-07,2.4179025312766244e-07,0.001253871281019787,-6.311740815512316e-10,4.598869093180358e-05
5.009219908367226e-07,0.0012533383418865758,2.3001465068219736e-07,0.001249110002572222,-5.977045841984371e-10,4.7858664763989395e-05
4.758895044972286e-07,0.0011906714228568677,2.192569613477842e-07,0.0012504788651376917,-5.697600175657602e-10,4.770055669388865e-05
4.5210797884146997e-07,0.0011311378530904177,2.0899607032884253e-07,0.0012517167351505504,-5.43256475257295e-10,4.7540690204980635e-05
4.295149097585887e-07,0.0010745809272247916,1.99210588846851e-07,0.0012528631778418067,-5.181180064293859e-10,4.7381140147678e-05
4.08050826594982e-07,0.0010208518987722928,1.898778480297543e-07,0.0012539116583140239,-4.942625968472218e-10,4.7223181975559335e-05
3.876593852588191e-07,0.0009698092858680073,1.8097811576371052e-07,0.0012548182588883337,-4.716191096455288e-10,4.705882067767411e-05
0.0,0.0,0.0,0.0012556518832286256,-3.5038802688726536e-10,4.6318251518684406e-05
0.0,0.0,0.0,0.0012561995315319985,-3.318587382955893e-10,4.6176012425958035e-05
3.682856595842617e-07,0.000921318836152264,1.7357414997654958e-07,0.0012566259530621027,-4.148089320129565e-10,4.660679407902226e-05
3.4988134525122125e-07,0.0008752528246743185,1.6542195393370287e-07,0.001257114312025756,-3.9636851472696686e-10,4.643832678351578e-05
3.323966941371089e-07,0.0008314902561508056,1.5764839733429708e-07,0.0012575213352657895,-3.788356966697492e-10,4.626576730782091e-05
0.0,0.0,0.0,0.001257806431102071,-2.7489636038955727e-10,4.559501262824117e-05
3.1578530680418247e-07,0.0007899157751031271,1.5069210470259137e-07,0.0012578251189662693,-3.478777631407808e-10,4.593242193936322e-05
3.0000452229373586e-07,0.0007504199405541829,1.4360020342376662e-07,0.0012578874050428888,-3.328069580906446e-10,4.5752996021914616e-05
0.0,0.0,0.0,0.0012578304325826517,-2.388428720341725e-10,4.5118525056841996e-05
2.8501189437199545e-07,0.0007128989866380783,1.3724404007690643e-07,0.0012575275448379753,-3.0601570176249614e-10,4.5400524565876345e-05
2.7076889764822405e-07,0.0006772540216121286,1.307753641451048e-07,0.0012572598610843862,-2.930372308039203e-10,4.521001231736386e-05
2.572376546517641e-07,0.0006433912793818161,1.2460831570985872e-07,0.0012568602743815113,-2.806582138804366e-10,4.5016577169715725e-05
0.0,0.0,0.0,0.001256375244683361,-1.9971031831399757e-10,4.443662472963794e-05
2.443822341941176e-07,0.0006112218984169357,1.1907013991345544e-07,0.0012556448433526013,-2.584275164544509e-10,4.463288652277264e-05
0.0,0.0,0.0,0.0012549448435748012,-1.8168424156327458e-10,4.406680138457908e-05
2.321692565457133e-07,0.000580660849199106,1.1376752194403319e-07,0.0012540053029116802,-2.3823480460967825e-10,4.423789691951802e-05
2.2056689842438362e-07,0.0005516276136663011,1.0838941007622887e-07,0.0012530496940645938,-2.2855227101458392e-10,4.402522683994687e-05
0.0,0.0,0.0,0.001251983863237105,-1.4114842160837104e-09,4.3482823595120124e-05
2.0845019467425594e-07,0.0005240462474598633,1.0300744199589702e-07,0.001250699295201887,1.208617053509068e-09,4.36005991024735e-05
1.9828206911216756e-07,0.0004978440092682638,-9.021264222531756e-07,0.0012493856058931117,5.211929306540692e-10,4.3377499622559255e-05
1.8704497461184594e-07,0.0004729517677561589,9.29403053618009e-08,0.0012479891983347596,2.464721937769949e-09,4.314978003392938e-05
0.0,0.0,0.0,0.0012464502535488586,2.3908714003259225e-09,4.263884335109491e-05
1.7769734056488873e-07,0.0004493041205920872,8.877206205389125e-08,0.001244719246026286,2.2202866539151647e-09,4.26937244467464e-05
1.6881701337789606e-07,0.0004268389210082713,8.456113996483705e-08,0.0012429178474585962,2.1073074442632124e-09,4.2452006589915286e-05
1.603804532346574e-07,0.0004054970844759869,8.054805991595832e-08,0.0012410380187319952,2.0000419386125083e-09,4.22073219801353e-05
0.0,0.0,0.0,0.0012390226413597771,1.942553683762608e-09,4.171809863995346e-05
1.5236533598870273e-07,0.00038522222436181597,7.692106132549382e-08,0.0012367950071112532,1.801380274805184e-09,4.171275550692636e-05
1.4475090184829797e-07,0.00036596101769168713,7.326522359817627e-08,0.0012345262634014845,1.7095176609460515e-09,4.145439238263337e-05
1.375169753355241e-07,0.00034766301541266703,6.978153327452378e-08,0.001232152535331601,1.6223135657415517e-09,4.11908224385145e-05
1.306445477251581e-07,0.0003302798770861829,6.646175410222198e-08,0.0012296381144775682,1.5395356927131486e-09,4.0923020617256235e-05
0.0,0.0,0.0,0.00122699515883129,1.4972792936310747e-09,4.045818629483389e-05
1.2411544039222118e-07,0.00031376582744906595,6.345405821488939e-08,0.001224193091422582,1.3863502672223379e-09,4.038160111764444e-05
0.0,0.0,0.0,0.001221283832727904,1.350025084667488e-09,3.991599754971098e-05
0.0,0.0,0.0,0.0012182270523837246,1.2827816687043202e-09,3.9636647240492984e-05
1.1791249268902102e-07,0.0002980776250970883,6.072165684413778e-08,0.001215040592116128,1.1843318857363833e-09,3.953442786364358e-05
0.0,0.0,0.0,0.0012117745448031458,1.1564396373036504e-09,3.906686485832811e-05
1.1201961151913455e-07,0.00028317378245730073,5.796012005486176e-08,0.0012083300612875923,1.0660120528578217e-09,3.8943193882062724e-05
1.0639259058704206e-07,0.0012158552116043283,5.511346412573819e-08,0.0011469444040112238,1.013301118075093e-09,4.010150450653763e-05
1.0107547251737825e-07,0.001155062390103873,5.248340607956057e-08,0.0010898601386852998,9.628036693956658e-10,3.9796829834198735e-05
9.602406830855476e-08,0.001097309215363519,4.9977465881675216e-08,0.0010356280409154327,9.148026381671768e-10,3.948536061314743e-05
9.122511191993104e-08,0.001042443787951682,4.758982035376326e-08,0.0009841075707358348,8.691776711185671e-10,3.916249999811847e-05
8.664326667293876e-08,0.001904121160049478,4.525283492811359e-08,0.0009340392548170493,8.260997211786428e-10,3.9993269117221856e-05
8.231310431545442e-08,0.0018089152451062946,4.309112283004161e-08,0.0008876080799345527,7.848498624240752e-10,3.957590137399362e-05
7.819932705163602e-08,0.001718469204263792,4.1031365886298376e-08,0.0008434951238868258,7.456478193208023e-10,3.9157442036828254e-05
7.429113778286822e-08,0.0016325456114060402,3.9069011157261736e-08,0.0008015878435036847,7.08393455332079e-10,3.8731139602104235e-05
7.057826418419424e-08,0.0015509184883499745,3.7199396925458505e-08,0.0007617727420743027,6.72990631278136e-10,3.830441912741208e-05
6.705092900139013e-08,0.0014733723721652816,3.541816301112909e-08,0.0007239446170067663,6.393481656496288e-10,3.7877757830990706e-05
6.368395058854326e-08,0.0022617094747406498,3.367774778944617e-08,0.0006870162722294823,6.075804429763252e-10,3.8384355275206e-05
6.050115788040806e-08,0.00214862374556709,3.206502741761228e-08,0.0006529316021983624,5.771816735306125e-10,3.788455467234002e-05
5.747742760016405e-08,0.002041192408017248,3.052868099196782e-08,0.0006205479581190855,5.48297816264275e-10,3.738874847999439e-05
5.460480678521962e-08,0.0019391326653151887,2.9064987400541388e-08,0.0005897794712812396,5.208552279528794e-10,3.6892697214045245e-05
5.1875749276067165e-08,0.0018421762374190077,2.767063118769937e-08,0.0005605462400942021,4.947822714420671e-10,3.6396118374596483e-05
4.9283073303073556e-08,0.0017500673169676985,2.6342405580781595e-08,0.0005327702995000208,4.700102866742433e-10,3.5904350076241366e-05
4.681996541607198e-08,0.001662563825140903,2.5077140314272065e-08,0.0005063797107281974,4.4647628603075926e-10,3.5410019873638835e-05
4.447995538003262e-08,0.0015794357328247515,2.387195189453089e-08,0.0004813036978675864,4.2411742203943605e-10,3.492093465275035e-05
4.225688503847392e-08,0.0015004637846952114,2.2724052191989847e-08,0.00045747927427282353,4.028764908744938e-10,3.4428814421058414e-05
4.013565672162379e-08,0.0022066223696170515,2.1605497070786233e-08,0.0004340369698500927,3.8281070740588953e-10,3.463576780565857e-05
3.8129698074756224e-08,0.002096291079931696,2.0566354998153092e-08,0.00041257539060228385,3.6362885247409335e-10,3.4095059823889655e-05
3.622398735476002e-08,0.00199147623478612,1.9576556127642467e-08,0.00039218116199670887,3.454072593324494e-10,3.356113843217575e-05
3.441351832702099e-08,0.0018919023879854684,1.8633837477141575e-08,0.0003728028426104989,3.2809858479171115e-10,3.302812606977083e-05
3.2693527701754256e-08,0.0017973070868421068,1.7735954858532593e-08,0.0003543884074224002,3.11657076459345e-10,3.249928255406514e-05
3.105949739804432e-08,0.00170744173617596,1.6880846970734047e-08,0.0003368901599406837,2.960394013574964e-10,3.19739348488326e-05
2.950075091459184e-08,0.002346973733758126,1.6049153540510563e-08,0.00031957584053897767,2.812804350016575e-10,3.2016036720681034e-05
2.802628292724771e-08,0.002229624420196421,1.527510679977175e-08,0.0003038149647489995,2.671811416837475e-10,3.1455579237895566e-05
2.6625505314467097e-08,0.0021181428241105207,1.4537952648872935e-08,0.0002888377841699288,2.537893711808087e-10,3.089899325428632e-05
2.5294735915828464e-08,0.002012235848404422,1.3835915969476041e-08,0.0002746033066059169,2.410696227795198e-10,3.034924917460015e-05
2.4025522820270322e-08,0.002598140312179643,1.3153958988109762e-08,0.00026046449731706255,2.290461667271182e-10,3.029043184832074e-05
2.2824691495102442e-08,0.0024682326362769355,1.2518489834288778e-08,0.00024764472557415554,2.1756560781312057e-10,2.9711176006121658e-05
2.1679533626343416e-08,0.0030112277582974595,1.1901552800592904e-08,0.00023488464168602193,2.0671150702423867e-10,2.959160500210978e-05
2.0595952586907543e-08,0.0028606664134432913,1.1326316668619013e-08,0.0002233385419978332,1.9635014958725874e-10,2.8992345221223e-05
1.95665247929929e-08,0.0027176325487935304,1.0778516428830435e-08,0.00021236436805449773,1.865097419482592e-10,2.840163608819997e-05
1.8588546418895e-08,0.002581751009425025,1.0256856625153698e-08,0.00020193316742731562,1.771643124156762e-10,2.7816940282315682e-05
1.765610190438249e-08,0.003078853454914638,9.751048474125833e-09,0.00019151139417348997,1.683263059977144e-10,2.7627941409497386e-05
1.6773603764461983e-08,0.0029249107355019,9.27884859578667e-09,0.00018211588187788715,1.5989279557689132e-10,2.703093689448782e-05
1.5935211450245708e-08,0.002778665140776619,8.829234340436679e-09,0.0001731853486792435,1.5188370449186045e-10,2.644079424582681e-05
1.5138718054620248e-08,0.0026397309969425175,8.401080679040416e-09,0.00016469502588425448,1.4427793286029411e-10,2.5856700234614817e-05
1.4379471191858834e-08,0.003093721863180874,7.986497191646861e-09,0.00015618208147235988,1.3708266312559804e-10,2.561553424991933e-05
1.36583446172652e-08,0.0035147180327804546,7.592504290890362e-09,0.00014811020461525366,1.3024590267240456e-10,2.533631052425087e-05
1.297564908021307e-08,0.0033389810956688465,7.2240954781009216e-09,0.0001408640576595635,1.237255906899367e-10,2.472943188072451e-05
1.232498962906521e-08,0.003727609792388085,6.867679572143177e-09,0.00013358178495786067,1.1755625147189612e-10,2.4415793632303958e-05
1.1708935998103095e-08,0.003541229337995294,6.534191786665013e-09,0.00012705383537135476,1.1167364196273062e-10,2.3807553026561375e-05
1.112367146522779e-08,0.003364167457543537,6.216657361110779e-09,0.00012084621438746091,1.0608739870778256e-10,2.3208384706844772e-05
1.0565967001854914e-08,0.003719777782639582,5.909773279599928e-09,0.00011459452189047456,1.0080027006398179e-10,2.2869896069142996e-05
1.00378282430325e-08,0.003533788348435489,5.6223463133639475e-09,0.00010900106983335649,9.576045517599021e-11,2.2271395772457735e-05
9.534619590632289e-09,0.003859454249416711,5.3447448096093875e-09,0.0001033621513390874,9.098992944147757e-11,2.1908321072428743e-05
9.056666146166206e-09,0.0041576691007423235,5.080894730955073e-09,9.801585093932152e-05,8.645748241831201e-11,2.1526509547538156e-05
8.603963987539087e-09,0.003949785143603683,4.833531443123741e-09,9.323944227621735e-05,8.21382409205973e-11,2.092661696075921e-05
8.173888234171038e-09,0.0037522957787251257,4.598038685353018e-09,8.869684637554585e-05,7.803665079436596e-11,2.0335985757985622e-05
7.76421091392367e-09,0.00402411127263208,4.370891192061444e-09,8.410908429818718e-05,7.415276744967085e-11,1.9941222834449444e-05
7.3761061301950504e-09,0.003822903978216549,4.157730899879243e-09,8.001324386233235e-05,7.045246291919883e-11,1.936017925020204e-05
7.00645644860917e-09,0.004069236973013861,3.952270830762385e-09,7.587642794866406e-05,6.694812732317233e-11,1.8952308413352234e-05
6.6562262141130466e-09,0.003865774712069105,3.759336437861371e-09,7.218337967630314e-05,6.360994812178504e-11,1.837999723331533e-05
6.323501133491754e-09,0.00367248579058882,3.5756881367473638e-09,6.867004224036647e-05,6.043971657988382e-11,1.7819115179181493e-05
6.006656495675875e-09,0.0038923495102829073,3.3988526328617914e-09,6.512195302422014e-05,5.7436693330362483e-11,1.740646168699523e-05
5.706398144415578e-09,0.003697731831918737,3.2326417899811254e-09,6.195282344462576e-05,5.457684843493497e-11,1.685530576384747e-05
5.421146781319023e-09,0.003512844117941943,3.074440806132491e-09,5.893694809864151e-05,5.186058838149902e-11,1.631581464192382e-05
5.150152972418631e-09,0.003337201713289827,2.9238684194633667e-09,5.606701984455922e-05,4.928102357305055e-11,1.5786661209073558e-05
4.89215935135983e-09,0.0035290527410900877,2.7790992959024143e-09,5.3174548370464796e-05,4.6836494378239523e-11,1.5375745487397092e-05
4.647605909003993e-09,0.0033525996368652354,2.6428494963163746e-09,5.058457465518627e-05,4.450915452553855e-11,1.4858720402208201e-05
4.415276020522789e-09,0.0031849692295484425,2.5131914982352326e-09,4.812003681830005e-05,4.2298480194962464e-11,1.43519218401978e-05
4.1945584537101064e-09,0.003025720138209645,2.3897994563057926e-09,4.577391284653939e-05,4.0198902140706725e-11,1.3855683743746548e-05
3.98487308584054e-09,0.002874434160875575,2.27238135427069e-09,4.354066801094334e-05,3.820479273827319e-11,1.3369651846323516e-05
3.785312313961901e-09,0.0030321179673974776,2.1596980334813745e-09,4.130184998432987e-05,3.6314235007403936e-11,1.2968467882699564e-05
3.596082852345208e-09,0.0028805116574614244,2.0534748003275054e-09,3.928528032943968e-05,3.451467881089643e-11,1.2496198121013368e-05
3.416311517290609e-09,0.002736485405129475,1.9524005471109366e-09,3.736524777394843e-05,3.280546054068755e-11,1.2034570399963597e-05
3.245255712606021e-09,0.0028657160692800877,1.8555105513057264e-09,3.5449757073560525e-05,3.1184494877129835e-11,1.1639511124409109e-05
3.0830205861170516e-09,0.002722429153903208,1.764083396236955e-09,3.371508154332457e-05,2.9641885437894323e-11,1.1193636320240698e-05
2.928672812691307e-09,0.0028281758509620166,1.676501412291249e-09,3.199074888115535e-05,2.8178744657994918e-11,1.0804168807106841e-05
2.7822625872307023e-09,0.0026867668934280227,1.5938033540091896e-09,3.042324490746409e-05,2.678652770965119e-11,1.037407637818534e-05
2.64317046164894e-09,0.0025524280455233445,1.515127055762497e-09,2.893053355874817e-05,2.5463893098313017e-11,9.95510452894966e-06
2.5108686319578475e-09,0.0026308282666074653,1.4398451606760509e-09,2.7456442513841524e-05,2.420898007441525e-11,9.580194573614282e-06
2.3853425152036027e-09,0.002499286342418616,1.3686863222126237e-09,2.6106699810660596e-05,2.3015215553666628e-11,9.178956356168965e-06
2.2660907991525024e-09,0.0023743211978457597,1.3009957710517313e-09,2.4821606955317178e-05,2.1881036851163726e-11,8.788466134505735e-06
2.1528000691746755e-09,0.002255604730334037,1.2366099494710245e-09,2.3598225343718566e-05,2.0803589467709938e-11,8.408636326275051e-06
2.045071179565257e-09,0.002300472069713851,1.1750961886274015e-09,2.2402699724948756e-05,1.978077147858443e-11,8.058625838522944e-06
1.9428286482945864e-09,0.002185447984333342,1.1168727114409352e-09,2.1295942550178418e-05,1.8807909295041387e-11,7.698639065464655e-06
1.8456199063889082e-09,0.0022087690805078146,1.0612873475464555e-09,2.0220374443600088e-05,1.7884331196368897e-11,7.3627198248314126e-06
1.753347793060329e-09,0.002098330577303979,1.0086370708989831e-09,1.921877264646948e-05,1.700594083432916e-11,7.023756091241583e-06
1.665631009705201e-09,0.0021018207729182493,9.584133011457397e-10,1.825097158909611e-05,1.6171921961836464e-11,6.704166292454865e-06
1.5823559391109814e-09,0.0019967289502257116,9.108071935379171e-10,1.7344559035790633e-05,1.5378737840555678e-11,6.387052567798351e-06
1.5032046019167631e-09,0.0019797470958740656,8.654303161541824e-10,1.6473556851795424e-05,1.4625398633438468e-11,6.0854539820068285e-06
1.428017648101151e-09,0.0019510875361557407,8.223043984508342e-10,1.564732105030819e-05,1.3909308147499914e-11,5.793502541963957e-06
1.356620840635912e-09,0.0018535329926276727,7.813840583906346e-10,1.4867480502143274e-05,1.3228675648813147e-11,5.510191788165701e-06
1.288793178597313e-09,0.001760855848425078,7.424740366152051e-10,1.412575942334402e-05,1.2581706623634733e-11,5.238615569826044e-06
1.2243437468877918e-09,0.0017050619488499555,7.054428068448942e-10,1.3419099448710163e-05,1.1966952268751849e-11,4.9790886247059475e-06
1.1631219378134797e-09,0.001638165489439684,6.702482536482651e-10,1.2748060925159309e-05,1.1382620821205605e-11,4.731241440448884e-06
1.1049672182208503e-09,0.0015562567294120128,6.36807541606657e-10,1.2110690930626925e-05,1.0827164066234016e-11,4.495631500256663e-06
1.0497201064878218e-09,0.001478443911081601,6.050222826317778e-10,1.150507731860912e-05,1.0298989759936031e-11,4.2718808099241696e-06
9.972351707492184e-10,0.0014045217327605598,5.748208451054579e-10,1.079820660179278e-05,9.785795906198532e-12,4.65808071831788e-06
9.47374460294785e-10,0.0013342956624940088,5.4612472279218e-10,9.250214065497858e-06,9.28161605415999e-12,9.087185904354707e-06
9.000066727706376e-10,0.0012675808949222525,5.188590730132386e-10,6.5878288627028355e-06,8.791818568830742e-12,1.9144424423605478e-05
8.550071288482828e-10,0.0012042018649516242,4.929526574700156e-10,3.0183698161798606e-06,8.319603578571943e-12,3.441839596300679e-05
8.122575020104516e-10,0.0011439917857404948,4.68338029034335e-10,-9.663433289881321e-07,7.866955005899115e-12,5.307747414095043e-05
7.716451872214275e-10,0.0010867922097880854,4.449508647143382e-10,-4.790850165825937e-06,7.43544329684149e-12,7.247567965790481e-05
7.33063543762201e-10,0.0010324526119666235,4.227302072760309e-10,-7.949112852070487e-06,7.026550687511775e-12,8.969940940105063e-05
6.964108797912261e-10,0.000980829993402828,4.016179344233185e-10,-1.0114014753768718e-05,6.64205951438314e-12,0.00010217853300253678
6.615908508647148e-10,0.0009317885051653477,3.81558976542212e-10,-1.1183598301249226e-05,6.2839144912271335e-12,0.000108269360556174
6.285117254064525e-10,0.0008851990907682575,3.6250077099109907e-10,-1.1294518563500318e-05,5.954312809126346e-12,0.00010790748295824174
5.970865303759996e-10,0.0008409391465482176,3.443935436906195e-10,-1.0814876589072748e-05,5.655500585583109e-12,0.00010317817704916825
5.672325584292783e-10,0.0007988921990229997,3.2718998457108485e-10,-1.0274034311796724e-05,5.379849243364773e-12,9.801955083030748e-05
5.38871252601738e-10,0.0007589475983839541,3.108449905918091e-10,-9.760243743820046e-06,5.117631726237304e-12,9.311882834079553e-05
5.119279398963842e-10,0.0007210002273112144,2.9531584445741255e-10,-9.272151363755169e-06,4.868215751158303e-12,8.846311708718525e-05
4.863317989129219e-10,0.000684950224349765,2.805618666663931e-10,-8.80847141923682e-06,4.630988943899596e-12,8.404016893708234e-05
4.620154580022972e-10,0.0006507027211162444,2.665444760831241e-10,-8.367982525807035e-06,4.405235111597361e-12,7.983834792765453e-05
4.389149741894613e-10,0.0006181675926450967,2.5322692554861696e-10,-7.94952444439205e-06,4.190373050087642e-12,7.584659968037256e-05
4.169693885802033e-10,0.0005872592202185778,2.4057430094929543e-10,-7.5519950128664605e-06,3.98621341295068e-12,7.205442234142077e-05
3.9612107475562573e-10,0.0005578962660529018,2.285534300664333e-10,-7.1743472397521e-06,3.79185297814456e-12,6.845183897727158e-05
3.7631518975162426e-10,0.0005300014592532425,2.171328138420382e-10,-6.81558653632849e-06,3.607044038285362e-12,6.502937134179612e-05
3.5749946654194293e-10,0.000503501392468427,2.0628250652117654e-10,-6.474768092371113e-06,3.4312582867861535e-12,6.177801496022292e-05
3.3962470596509316e-10,0.00047832632871375424,1.9597422193885258e-10,-6.150994384000416e-06,3.2639754704480075e-12,5.86892154533635e-05
3.226435374266338e-10,0.00045441001785367,1.8618069545820503e-10,-5.843412802031231e-06,3.104909197260078e-12,5.575484604581769e-05
3.06511446104277e-10,0.0004316895222574796,1.7687636456713435e-10,-5.551213405297887e-06,2.9535207503518468e-12,5.2967186195628864e-05
2.911860057576731e-10,0.0004101050511764887,1.6803680700880562e-10,-5.273626781308614e-06,2.8095177842471808e-12,5.0318901295057584e-05
2.7662685042749023e-10,0.0003895998033978564,1.5963881296730192e-10,-5.009922018512421e-06,2.6724937870953546e-12,4.780302338123985e-05
2.62795544940092e-10,0.00037011981776921706,1.5166032133789542e-10,-4.7594047775238725e-06,2.5422509734186623e-12,4.5412932812914644e-05
2.4965597251504656e-10,0.0003516138311950158,1.4408050594117805e-10,-4.521415459114302e-06,2.418265621691738e-12,4.314234086206119e-05
2.3717326109451915e-10,0.00033403314373390257,1.3687932134600418e-10,-4.295327466350775e-06,2.3003239411202128e-12,4.098527317415913e-05
2.253145810431747e-10,0.00031733149044058974,1.3003786848278917e-10,-4.080545552272941e-06,2.1881990971866297e-12,3.8936054056769336e-05
2.1404889024143933e-10,0.0003014649196174379,1.2353826118012612e-10,-3.876504248596937e-06,2.0814846170406674e-12,3.698929155079235e-05
2.0334651749649896e-10,0.0002863916771505814,1.1736340797208286e-10,-3.682666377247429e-06,1.980075195761713e-12,3.513986324952084e-05
1.9317920444127628e-10,0.00027207209663115175,1.1149708197283566e-10,-3.498521633834537e-06,1.8835206467974806e-12,3.338290282537724e-05
1.8352037442585998e-10,0.00025846849497121054,1.0592398004221907e-10,-3.3235852411506613e-06,1.791577089765222e-12,3.171378722932595e-05
1.7434437344470137e-10,0.00024554507323531046,1.0062926689359257e-10,-3.157396673273457e-06,1.7042799635504136e-12,3.012812453149471e-05
1.6562716763750854e-10,0.00023326782243593416,9.55991879099444e-11,-2.9995184411527274e-06,1.6211715417777958e-12,2.8621742368204198e-05
1.5734592744974961e-10,0.0002216044340329648,9.082050856805658e-11,-2.849534939274852e-06,1.542041672341526e-12,2.719067696603806e-05
1.494786546471774e-10,0.00021052421491434312,8.628059891968147e-11,-2.7070513512729078e-06,1.4669069203313333e-12,2.58311627163562e-05
1.4200480610920105e-10,0.0001999980066227326,8.19676123952569e-11,-2.5716926098414773e-06,1.3953238361420248e-12,2.4539622267765693e-05
1.3490453510695883e-10,0.00018999810862267762,7.787012965080813e-11,-2.443102407356951e-06,1.3272793817660367e-12,2.3312657116604717e-05
1.281593132391767e-10,0.00018049820540630665,7.397741400080899e-11,-2.320942257858756e-06,1.262610372356668e-12,2.2147038666053882e-05
1.2175139466224637e-10,0.00017147329723994493,7.027930627776938e-11,-2.2048906063072047e-06,1.2009867575930467e-12,2.103969973347916e-05
1.1566380246028659e-10,0.00016289963437653675,6.676600737378786e-11,-2.0946419800641492e-06,1.142406604460228e-12,1.998772647961232e-05
1.0988066727651927e-10,0.00015475465455661283,6.3428322855517e-11,-1.9899061842319708e-06,1.086688385129953e-12,1.8988350744273694e-05
1.0438656186180126e-10,0.00014701692363266452,6.025741821389345e-11,-1.8904075385132587e-06,1.033671241017125e-12,1.80389427630147e-05
9.916721015017393e-11,0.00013966607916457785,5.7245008373341116e-11,-1.7958841506120524e-06,9.833519246536352e-13,1.713700424915879e-05
9.420886425370574e-11,0.00013268277683434247,5.4383211342185326e-11,-1.7060872254357669e-06,9.353945070384888e-13,1.6280161819832426e-05
8.949841574350794e-11,0.0001260486395393805,5.1664444912298944e-11,-1.6207804115960514e-06,8.897040055925111e-13,1.5466160753013935e-05
8.502353414010305e-11,0.00011974620903167011,4.908159528025488e-11,-1.5397391773966416e-06,8.463635558128621e-13,1.4692859054521938e-05
8.077236331093538e-11,0.00011375889997577162,4.662784211843262e-11,-1.462750221057076e-06,8.050872331063581e-13,1.3958221822744747e-05
7.673371677623336e-11,0.00010807095630289999,4.429673680123527e-11,-1.3896109069444705e-06,7.658142754503088e-13,1.3260315894803696e-05
7.289709412631352e-11,0.00010266740974737673,4.208217703484372e-11,-1.3201287345856692e-06,7.28496226947036e-13,1.2597304759617534e-05
6.92521990959686e-11,9.75340404566163e-05,3.9978277570823616e-11,-1.2541208292574403e-06,6.929033995651159e-13,1.1967443726887664e-05
6.578953371152021e-11,9.265733957056674e-05,3.7979593045439556e-11,-1.1914134622797016e-06,6.591715360115383e-13,1.1369075335581849e-05
6.250005849239857e-11,8.802447367226433e-05,3.608076079673911e-11,-1.1318415932698235e-06,6.270090660185404e-13,1.080062499404268e-05
5.937497493724528e-11,8.362325101472213e-05,3.42768560952758e-11,-1.0752484338399843e-06,5.96491735068742e-13,1.0260596835297084e-05
5.6406259460315065e-11,7.944208943877888e-05,3.256322082641299e-11,-1.0214850378894554e-06,5.672878922512171e-13,9.74756978313267e-06
5.3585910992512126e-11,7.546998589276008e-05,3.093517019018666e-11,-9.704099067741055e-07,5.397115213617268e-13,9.260193811406136e-06
5.090665990372303e-11,7.169648747796133e-05,2.938854733250051e-11,-9.218886177369692e-07,5.133399341796303e-13,8.797186393258257e-06
4.836135386190269e-11,6.811166393960571e-05,2.7919263271659358e-11,-8.757934706657149e-07,4.882947289437854e-13,8.357329124031534e-06
4.5943230699890495e-11,6.470608153666367e-05,2.652337442833952e-11,-8.320031508018094e-07,4.645263934747045e-13,7.939464518228163e-06
4.364608573073435e-11,6.147077821392121e-05,2.519730735245333e-11,-7.904024101367281e-07,4.4176449252994656e-13,7.542492962637817e-06
4.146378272133275e-11,5.839724001981113e-05,2.393750437189956e-11,-7.508817629075706e-07,4.2025627756193647e-13,7.165369821642266e-06
3.939056886638086e-11,5.547737869943184e-05,2.2740712001490235e-11,-7.133371999336817e-07,3.99776609070411e-13,6.807102690925334e-06
3.74209750690103e-11,5.2703510411221264e-05,2.1603703710438222e-11,-6.776699109956166e-07,3.802583524901583e-13,6.466748784048404e-06
3.5549976253339005e-11,5.0068335504882e-05,2.0523597271492344e-11,-6.437860285529355e-07,3.6169080427619707e-13,6.143412452893021e-06
3.377247683408736e-11,4.7564919313266856e-05,1.949747912399283e-11,-6.115963777888344e-07,3.4405804340753226e-13,5.836242829983099e-06
3.2083789663669414e-11,4.518667390187161e-05,1.8522626919812994e-11,-5.810162437293618e-07,3.272982233513056e-13,5.544431590912291e-06
3.0479649555390614e-11,4.292734073350022e-05,1.7596542872891363e-11,-5.519651472020426e-07,3.113334183928263e-13,5.267210825776546e-06
2.895563463763933e-11,4.078097419702134e-05,1.671677487888778e-11,-5.24366632947168e-07,2.961324660018612e-13,5.003851019391503e-06
2.7507963942419707e-11,3.8741925962581615e-05,1.5881033851620432e-11,-4.981480699768978e-07,2.81554473325379e-13,4.7536591317477e-06
2.6132388213336252e-11,3.6804830115928106e-05,1.508690849298366e-11,-4.732404571734859e-07,2.679690568658243e-13,4.515976773820192e-06
2.482588547679308e-11,3.496458903932871e-05,1.4332653133834392e-11,-4.4957824566011217e-07,2.5480173650478664e-13,4.290178475292025e-06
2.3584615715353496e-11,3.321635999492728e-05,1.3616091777092346e-11,-4.270991629446559e-07,2.4235456980850203e-13,4.075670039086028e-06
2.240535663327853e-11,3.155554238248006e-05,1.2935263261502288e-11,-4.057440510383652e-07,2.305034605422089e-13,3.871886977154666e-06
2.128512779968043e-11,2.9977765631016968e-05,1.2288532908560804e-11,-3.8545670999125866e-07,2.1930673903815857e-13,3.6782930254196693e-06
2.022078690545771e-11,2.8478877698981766e-05,1.167407153506035e-11,-4.534878789765114e-07,2.089510096350979e-13,4.176045484625097e-06
1.9209833189091735e-11,2.705493414585274e-05,1.1090464433921808e-11,-1.1042795834272988e-06,1.994888704705745e-13,9.08577595898232e-06
1.824923218398234e-11,2.570218775395702e-05,1.0535917213580561e-11,-2.622329337354493e-06,1.9100190986164245e-13,1.9979078099474116e-05
1.733675787749674e-11,2.441707866579282e-05,1.0009109311515342e-11,-5.04388676312756e-06,1.8313609045815148e-13,3.617928888440281e-05
1.6469949537530686e-11,2.319622501718125e-05,9.508695051872746e-12,-8.175836360541755e-06,1.7561421050994926e-13,5.551543679602184e-05
1.564644788063235e-11,2.2036414036749344e-05,9.033247381275895e-12,-1.162912381535888e-05,1.6843232269250716e-13,7.510747902322359e-05
1.4864111333045367e-11,2.0934593591669063e-05,8.581600192168528e-12,-1.4879776408256581e-05,1.6144257552690339e-13,9.201900494059398e-05
1.4120876415353033e-11,1.9887864155964452e-05,8.152529774589073e-12,-1.7385272150734464e-05,1.5450880887854866e-13,0.0001038734530447888
1.341491561438914e-11,1.889347117998128e-05,7.744925313783542e-12,-1.8732844841129624e-05,1.4767655299751025e-13,0.00010933979297639207
1.2744193240865936e-11,1.794879784139895e-05,7.357703226623735e-12,-1.8820452041834736e-05,1.4091520825927543e-13,0.00010861421378375956
1.210697669780355e-11,1.7051358158411105e-05,6.989837162471959e-12,-1.8017306907148692e-05,1.3417157995967383e-13,0.0001038079455395962
1.1501606636902523e-11,1.619879044936089e-05,6.6403224439660296e-12,-1.7116440482855425e-05,1.275171264531221e-13,9.861755382372631e-05
1.0196210098316213e-05,1.5388851115653452e-05,5.999928093780639e-06,-1.6260617484550667e-05,5.265255943893083e-10,9.368668115089561e-05
3.984197392650811e-05,1.4619408715200813e-05,2.2955382587472272e-05,-1.5447549962078437e-05,2.0978899482144323e-09,8.900228966705037e-05
8.846481674718814e-05,1.388843780036191e-05,5.080494127153524e-05,-1.4675032378861197e-05,4.824766778408598e-09,8.45519380069628e-05
0.0001541158771011224,1.3194016910042874e-05,8.900081032492136e-05,-1.3940972505312325e-05,8.746599125603392e-09,8.032381211583833e-05
0.00023644373695776995,1.2534316686078522e-05,0.00013655144988424656,-1.3243391571888841e-05,1.3944419252959114e-08,7.630670396139723e-05
0.0003346145494178242,1.1907594788364067e-05,0.0001929754612323216,-1.2580413644982096e-05,2.048034901195955e-08,7.248997265770873e-05
0.0004478361597588683,1.1312210471093102e-05,0.00025831551326970594,-1.1950262637665934e-05,2.841240667992676e-08,6.886351984195097e-05
0.0005744230049278142,1.0746626719935204e-05,0.00033188714353188587,-1.1351257560716295e-05,3.7756400027770577e-08,6.54177629714384e-05
0.0007155728449976719,1.0209248493883578e-05,0.00041280452983630397,-1.0781810753078213e-05,4.860259397375356e-08,6.214361466381208e-05
0.0006797941803944922,9.698498313731032e-06,0.00039122579816750977,-1.0223418424948448e-05,1.0006122344991108e-07,5.9003047871918144e-05
0.0008542280499259706,9.21355492695267e-06,0.0004921635549402615,-9.710020185241811e-06,1.0969295061737954e-07,5.6049078965261005e-05
0.0008115166260372598,8.753488546583089e-06,0.0004682758669843017,-9.200115278067865e-06,1.6928609862879923e-07,5.32045779185357e-05
0.000770940910037361,8.315924539271408e-06,0.00044504720137518493,-8.713248353271873e-06,2.300031683892258e-07,5.049787427867923e-05
0.0007323938905313116,7.899796517603719e-06,0.0004218891264188766,-8.247825305690671e-06,2.918879651977947e-07,4.792149276060554e-05
0.0009816686918865372,7.071607412370135e-06,0.0005657941793505147,-7.833019843802475e-06,2.9329896893627774e-07,4.55212975749868e-05
0.0009325854135545557,6.7187335099633e-06,0.0005381895081294645,-7.406043011122589e-06,3.6398731728040944e-07,4.318432267683269e-05
0.0008859562713764519,6.382850242007386e-06,0.0005112382018731004,-6.997306719366939e-06,4.351123460281119e-07,4.0958526872852153e-05
0.0008416584575171287,6.063505404177217e-06,0.000485032948837896,-6.605692819195203e-06,5.067596501804246e-07,3.8838457914194054e-05
0.001162509717163958,5.576478219175903e-06,0.0006700316539703762,-6.27264879722964e-06,4.989498575094977e-07,3.689180957821447e-05
0.0011043842473183957,5.298144917244158e-06,0.0006365300878832461,-5.91131987560675e-06,5.799104489177932e-07,3.496507953196613e-05
0.00104916497958724,5.033723928960672e-06,0.0006047035886444889,-5.564186089998365e-06,6.609882942608231e-07,3.3127985334104324e-05
0.0014162898985785397,4.41572095736298e-06,0.0008174226134806409,-5.282608698810364e-06,6.478643865350018e-07,3.146581569597031e-05
0.0017826536131389209,4.263098677702475e-06,0.0010292906513675452,-5.014219007615302e-06,6.397656284456174e-07,2.9885146520465668e-05
0.0016935211520974372,4.049093417689831e-06,0.0009768884063463001,-4.7046289071417185e-06,7.396344564620386e-07,2.8288942737821507e-05
0.001608845283744918,3.847856678614458e-06,0.0009288992945003342,-4.406259771739441e-06,8.378449295318451e-07,2.6765646825788676e-05
0.0015284032554263554,3.6553876580041573e-06,0.0008823504013975047,-4.118518006742242e-06,9.346739705453064e-07,2.5310522035906466e-05
0.0014519833077866638,3.472595849733988e-06,0.0008381385741259192,-3.840889997584249e-06,1.0302107675332196e-06,2.392075761425126e-05
0.0013793842634584785,3.2991684765986576e-06,0.0007964376945654507,-3.5723373944471347e-06,1.124347141799998e-06,2.2592316961090647e-05
0.0013104152500974587,3.1341960075770548e-06,0.0007566365177461553,-3.3124156880853305e-06,1.2174821528986315e-06,2.1321886518568232e-05
0.0012448947692691806,2.977472805746957e-06,0.0007188415850928999,-3.0608341081314193e-06,1.3096173142507493e-06,2.0106922132150763e-05
0.0017683312869449118,3.0305116091574805e-06,0.0010211699301485378,-2.903783034325269e-06,1.265256779581611e-06,1.9094628345592422e-05
0.0022842606338095528,2.895810245929214e-06,0.0013188924771753085,-2.753365384450892e-06,1.229312463440215e-06,1.8130840683130715e-05
0.0021700471450910182,2.7509395896485385e-06,0.0012528973310955234,-2.5239166375815713e-06,1.3460665835563132e-06,1.7065296315826914e-05
0.002701590651077875,2.883449961550568e-06,0.0015600282535267146,-2.391673336152687e-06,1.3105930933317826e-06,1.620155331564737e-05
0.003224654918459999,2.574707508194545e-06,0.0018620725862994194,-2.265203191694762e-06,1.2831745032787621e-06,1.5379550520430904e-05
0.0030634211782937606,2.445444298184754e-06,0.0017685527663045422,-2.0559801246878977e-06,1.4222309528466924e-06,1.4444068591084736e-05
0.002910250701481609,2.323368168765042e-06,0.0016802809629042528,-1.8507048621758692e-06,1.5561807519884605e-06,1.3544482262273408e-05
0.0027647387501042024,2.2071354303568825e-06,0.0015962283045354347,-1.649597159596033e-06,1.6853332184584509e-06,1.267917451811141e-05
0.0026265020450125937,2.0965719565528e-06,0.0015161850533406105,-1.4523493133001073e-06,1.8108629005673755e-06,1.1846262418648204e-05
0.0024951771137841808,1.992200461565265e-06,0.0014407276894199503,-1.2579015276255785e-06,1.9326613081445152e-06,1.104320412524225e-05
0.002370418141638999,1.8922020100024432e-06,0.0013683613780808217,-1.067242363631157e-06,2.051217795656667e-06,1.0269492279314564e-05
0.002251897893889265,1.7976897642518588e-06,0.001299896149047615,-8.791912822365253e-07,2.166047177375231e-06,9.522699204674068e-06
0.0021393029196099286,1.708027646682491e-06,0.0012349556181679,-6.93851752794722e-07,2.2781111211882893e-06,8.801740260984024e-06
0.002849774210480345,1.5448989190408838e-06,0.0016452998690009426,-6.527820695043854e-07,2.1935063650870233e-06,8.350608737857854e-06
0.0027072857317255025,1.467619505661184e-06,0.0015629873444489956,-4.753021030538145e-07,2.3201294317342744e-06,7.682166182487495e-06
0.0025719217438195984,1.39405015956489e-06,0.001484599560687357,-2.9949913773421694e-07,2.442147391704034e-06,7.034520246966544e-06
0.0024433260344049385,1.324708449060442e-06,0.0014104952647375408,-1.2495231342758185e-07,2.5605419378574784e-06,6.406528480905995e-06
0.002321160155993505,1.2585314372670164e-06,0.0013399007481590512,4.7953807605250035e-08,2.675698623276652e-06,5.79748463167548e-06
0.0022051025907160924,1.1961196077893775e-06,0.001273229234458868,-5.293204612798947e-05,2.8353688672484892e-06,5.209334797522182e-06
0.002094847834668058,1.1363503276277873e-06,0.0012096989062522175,-0.00010443816741495101,2.9886650643096843e-06,4.637628103564791e-06
0.0019901056105443658,1.0790491408326733e-06,0.0011489539848065307,-0.0001545971949644198,3.1354935795373806e-06,4.0810629971944086e-06
0.0018906005187100626,1.0252322262807158e-06,0.0010916066614145062,-0.00020344722212961808,3.2769962177830937e-06,3.5392159936166673e-06
0.001796071052750235,9.738157524432564e-07,0.001036941581521537,-0.0002509788167667017,3.4127229969324977e-06,3.010702273237205e-06
0.0017062679817308637,9.254557730188213e-07,0.0009853844013276703,-0.0002972321887553419,3.543129495667527e-06,2.495286112434365e-06
0.0016209552322530305,8.78803529341391e-07,0.0009360101719602682,-0.00034217639992047805,3.6680849566338578e-06,1.9921662323155016e-06
0.0015399078909177496,8.346879033260168e-07,0.0008891885323653908,-0.0003859851188931674,3.7891730513654683e-06,1.5000417905283184e-06
0.001462912971082488,7.926778867787636e-07,0.0008445945254759486,-0.0004286036407900809,3.905782274478155e-06,1.018846737684093e-06
0.0013897678697769868,7.533296400872047e-07,0.0008026018194207665,-0.0004700578919340674,4.018038869424898e-06,5.478917617392882e-07
0.0013202799777843601,7.149170252556732e-07,0.0007620221876063479,-0.0005103403939318726,4.127238509881339e-06,8.642559283011776e-08
0.0012542665937853833,6.796548581435448e-07,0.0007241150159309779,-0.0005494350629219961,4.2314985339755115e-06,-3.653948222484886e-07
0.0011915536304356424,6.454923766375775e-07,0.0006877220733316198,-0.0005875279732908254,4.333136367848012e-06,-8.094397332474327e-07
0.0011319767607450913,6.136429416899792e-07,0.0006534869441360619,-0.0006245056731156747,4.431653546480839e-06,-1.2450817533959853e-06
0.0010753782042564417,5.831099569479532e-07,0.0006208804084818068,-0.0006604238607041133,4.526203826019408e-06,-1.6733233683553475e-06
0.0010216098242844319,5.538662939161901e-07,0.0005897739343927514,-0.0006953852729400748,4.618973758097284e-06,-2.094796900569577e-06
0.000970529429513498,5.263051798680526e-07,0.0005603425849505959,-0.0007292477084258489,4.7086330318987e-06,-2.5093032745530143e-06
0.0009220036236260002,5.002292750524724e-07,0.0005325273607814839,-0.0007620943487586,4.795037694781295e-06,-2.9172700708257005e-06
0.000875903904517368,4.7446852911573323e-07,0.0005055041594938509,-0.000794054998825963,4.88029257514972e-06,-3.3198415208294594e-06
0.0008321091582483412,4.5158285133538983e-07,0.0004806985890831129,-0.0008250105279552287,4.962340232350193e-06,-3.7167341863917735e-06
0.0007905044332584655,4.284696478518887e-07,0.00045652154392195645,-0.0008550115267747814,5.042609936120766e-06,-4.108401126827855e-06
0.0007509799280825339,4.0690746964490956e-07,0.00043371063197092293,-0.0008842115835985057,5.1216103036189024e-06,-4.4958533614500186e-06
0.0007134313481835785,3.8626505349261666e-07,0.0004119281911356495,-0.000912388675854525,5.197924354865207e-06,-4.87808114987251e-06
0.0006777597855424862,3.6665372423216165e-07,0.00039113352417279447,-0.0009397461996379394,5.2726273213655934e-06,-5.256838977088004e-06
0.0006438725197941852,3.4915038997109597e-07,0.0003720300834958998,-0.0009661988231624971,5.345848868869473e-06,-5.631069625603341e-06
0.0006116795757182197,3.3106691723524286e-07,0.00035325409600512757,-0.0009917895238060579,5.4176571367297114e-06,-6.001839849632743e-06
0.0005810957648225828,3.1411912429735283e-07,0.00033540202118149964,-0.001016591299343351,5.487655687378952e-06,-6.369290376559043e-06
0.000552041371196837,2.984083764434957e-07,0.00031853412530811516,-0.0010404830094917804,5.556819570812748e-06,-6.733245298546505e-06
0.0005244398998282266,2.8421122152345785e-07,0.0003029409096893565,-0.001063616523415442,5.623936955362799e-06,-7.094509519831164e-06
0.0004982184858084137,2.6982106102535964e-07,0.0002878234317826407,-0.001086000539532233,5.690399451939239e-06,-7.453438832328974e-06
0.0004733087646088236,2.558908458691875e-07,0.00027330193854610844,-0.0011075443597763945,5.756089587124737e-06,-7.809636823529706e-06
0.00044964323941770333,2.4287303452506566e-07,0.00025951785750940036,-0.0011283008494426222,5.81997311037423e-06,-8.16312670333897e-06
0.0004271615666473532,2.3048757708468333e-07,0.0002462893060868057,-0.0011482486542009097,5.883147810416324e-06,-8.514382925268791e-06
0.0004058046314961819,2.1966968661453763e-07,0.00023412191094153895,-0.0011674563560485982,5.945053621426976e-06,-8.863524550470386e-06
0.0,0.0,0.0,-0.0011859831388778552,5.8763198847430254e-06,-9.210300355277923e-06
0.00038551588497384704,2.0959687099425844e-07,0.00022259540529277674,-0.001204762500546124,6.063191746458019e-06,-9.57082669300094e-06
0.0003662403565642692,1.9866785135897815e-07,0.00021118419331097842,-0.0012217153475167948,6.123611613346063e-06,-9.914440856036181e-06
0.00034792888982096356,1.893717018451014e-07,0.0002007753874542298,-0.0012379104772281514,6.182569609065375e-06,-1.0256043197811283e-05
0.0003305328966404899,1.8025661749337097e-07,0.00019086446193741815,-0.0012534521225320689,6.2413359323372286e-06,-1.0596699467591486e-05
0.0003140071670703612,1.7087563649122186e-07,0.00018111486834598343,-0.0012682534817368143,6.300088109615518e-06,-1.0935854251438124e-05
0.0,0.0,0.0,-0.00128237333087855,6.247643730770535e-06,-1.1273275312584374e-05
0.0002983080238602357,1.624494492046898e-07,0.00017201149194596646,-0.0012966322599658492,6.41068846481125e-06,-1.1623713660887258e-05
0.0002833933607085501,1.5492990393356416e-07,0.00016356951980675593,-0.001309365013173456,6.467029504239095e-06,-1.1959553236923948e-05
0.00026922466991997814,1.4694087987164238e-07,0.0001551902146175719,-0.0013213758810954076,6.522282156760283e-06,-1.2294570393090017e-05
0.0002557638596459682,1.4048847584871567e-07,0.0001477320870641903,-0.0013327462042985912,6.577674119332342e-06,-1.2628974568937888e-05
0.00024297681685098675,1.3339260416748938e-07,0.00014037107966434918,-0.0013435430563818432,6.632605585624993e-06,-1.2963663161007143e-05
0.0002308282664445925,1.2660031049426495e-07,0.0001333690812849184,-0.0013536046459900932,6.685947652160499e-06,-1.32969924015152e-05
0.00021928743579706172,1.195613257310552e-07,0.00012637494970874733,-0.0013630203390590494,6.739941630300292e-06,-1.3630248145632552e-05
0.00020832336386610901,1.1382967299975116e-07,0.00011996538377694392,-0.001371860743282732,6.791999864099312e-06,-1.39641352366694e-05
0.00019790756104730702,1.0898840213064262e-07,0.00011415295836628242,-0.0013800513468917943,6.843986709078813e-06,-1.4297143019606416e-05
0.00018801304410130136,1.0391655543053573e-07,0.00010855648177367016,-0.0013875552706512507,6.895153670156302e-06,-1.4629424603667754e-05
0.0001786135396349634,9.884527709198734e-08,0.00010321011099581166,-0.0013945159336985864,6.946505426153634e-06,-1.4963015882832134e-05
0.0,0.0,0.0,-0.0014007694578528351,6.92965669113043e-06,-1.529444051562301e-05
0.00016968403455442665,9.380656857341402e-08,9.798502601937924e-05,-0.0014068266169747544,7.0452708627689125e-06,-1.5634959734693383e-05
0.00016120119325522766,8.908081910389625e-08,9.308517464569037e-05,-0.001411870610499281,7.094688964292829e-06,-1.59675876874691e-05
0.00015314222659302892,8.421944874302222e-08,8.821603099595049e-05,-0.0014162658639860677,7.145001670501973e-06,-1.629929013912447e-05
0.0001454856991391254,8.04237614212983e-08,8.383138554540714e-05,-0.0014200895359045124,7.1937049853311425e-06,-1.663189331747684e-05
0.00013821206319803515,7.683306755660379e-08,7.971022664034855e-05,-0.001423328848373972,7.241839819962484e-06,-1.696457036135454e-05
0.00013130269024241525,7.31635215609166e-08,7.57312747561949e-05,-0.0014259430103366242,7.289602470106489e-06,-1.729758859828395e-05
0.00012473848841155574,7.011590920000614e-08,7.220332423664545e-05,-0.0014279087682251871,7.336593398976112e-06,-1.7630008360901092e-05
0.00011850209379108984,6.592405629506772e-08,6.841050709157017e-05,-0.001429305800864832,7.383158697718443e-06,-1.796285632039265e-05
0.0,0.0,0.0,-0.0014300961544160273,7.383823906841291e-06,-1.8295914275823222e-05
0.00011257846539077952,6.28254208284505e-08,6.485764661537586e-05,-0.0014318167855029316,7.761071731765343e-06,0.00010945371899869558
0.00010695031081864893,6.000266116873584e-08,6.164073790147911e-05,-0.0014324720421904982,8.06487451114865e-06,0.00022911906631021517
0.00010160363861417979,5.785989782058115e-08,5.8904857890970025e-05,-0.001432348485551741,8.338289565623013e-06,0.00034150910019139114
9.652428515556038e-05,5.3776553844814e-08,5.5583862067799185e-05,-0.001431530592873393,8.587930739446419e-06,0.00044706454111229505
9.169846116644988e-05,5.11567082570318e-08,5.2690177780945746e-05,-0.0014299533250484461,8.812125358111762e-06,0.0005459563202714479
8.711375446150489e-05,4.95035567867132e-08,5.0265823822068717e-05,-0.0014276910851381771,9.013484958825883e-06,0.0006385808854711578
8.27593680131695e-05,4.689342638760278e-08,4.7652494918232004e-05,-0.0014247188673815383,9.19412593257925e-06,0.0007251477067484887
7.862183742596916e-05,4.474455459651418e-08,4.5236594126921656e-05,-0.001421014930632711,9.353761761405784e-06,0.0008058612732735474
0.0,0.0,0.0,-0.0014167153442508074,9.433097031358767e-06,0.0008811868137256207
7.469200661735123e-05,4.377030396398243e-08,4.339192676643424e-05,-0.0014118652214656824,9.62126409341581e-06,0.0009514203978488379
7.095920666937468e-05,4.065759562607565e-08,4.103631414879948e-05,-0.0014062444172747153,9.731174992199881e-06,0.001016386208195007
6.741180083576074e-05,3.8324436104074746e-08,3.8904818462902364e-05,-0.001400016697512065,9.827310867100371e-06,0.0010765657483833764
0.0,0.0,0.0,-0.0013930803938325687,9.845955771767108e-06,0.0011319696665625933
6.404322767171352e-05,3.7006001349178676e-08,3.717600506799956e-05,-0.0013856819917368883,9.977314159982948e-06,0.0011832026989090833
0.0,0.0,0.0,-0.0013775746445773285,9.972495298771132e-06,0.0012300045343781596
6.084209893216989e-05,3.452484978542564e-08,3.523382120198465e-05,-0.0013689298586896264,1.008108909726662e-05,0.0012728336182538554
5.7800069659303474e-05,3.265974708702745e-08,3.3516345087828575e-05,-0.001359627064584957,1.0117834362192469e-05,0.0013116327253617861
5.4911284415801176e-05,3.027946383474678e-08,3.1631189900272396e-05,-0.0013497048579562874,1.0145514680025097e-05,0.0013466128558072955
5.216723581870517e-05,2.8357338559096596e-08,2.977835081723794e-05,-0.0013391935804140387,1.0164747261716975e-05,0.0013779641986408704
4.955995988777503e-05,2.851129225160974e-08,2.868766775393697e-05,-0.001328125916742531,1.0175564181086878e-05,0.0014058752406603517
4.70819496725392e-05,2.6936502731054316e-08,2.72598317518034e-05,-0.0013164495964911175,1.0179263715639717e-05,0.0014303770930003037
4.4728871223903915e-05,2.4519730271959205e-08,2.5470590906373144e-05,-0.0013042265976588206,1.017623706484834e-05,0.001451694855328931
4.2493272353912854e-05,2.4841123784464774e-08,2.4557160329386302e-05,-0.0012914163003335938,1.0166079467825992e-05,0.0014698725971576884
0.0,0.0,0.0,-0.0012780694275839055,1.0105080066507697e-05,0.0014851020239607937
0.0,0.0,0.0,-0.0012642016504692544,1.0084440675534462e-05,0.0014975112916724154
4.037125735189692e-05,2.363719882284844e-08,2.3400327745486955e-05,-0.0012497344774581893,1.0104373345470345e-05,0.0015070615785592683
3.8353581506295275e-05,2.1793124967676136e-08,2.2021773207062326e-05,-0.001234693020676501,1.0074712276144735e-05,0.0015138859581015096
3.643699441840354e-05,2.061845315201418e-08,2.075481398284049e-05,-0.0012190967700478547,1.0039948422736046e-05,0.0015181056566499962
3.4616428650867644e-05,2.136695590553327e-08,2.023553322188849e-05,-0.0012029399697615255,1.0002635157893517e-05,0.0015197942247731034
3.2886633254560534e-05,1.933167962019662e-08,1.9046625723202826e-05,-0.0011862265728934723,9.961189630445729e-06,0.0015190335168424756
3.124287325345789e-05,1.759077551109339e-08,1.7806775509417065e-05,-0.0011689874617376317,9.916645254954043e-06,0.0015159526017148796
2.9681478278626077e-05,1.799670258810127e-08,1.7252979408299278e-05,-0.0011511876621489118,9.868815561356414e-06,0.0015105630143099629
2.81981879107757e-05,1.6852775307534677e-08,1.6403704910645614e-05,-0.0011328326624000247,9.818473165070144e-06,0.0015029389862507491
2.678931710367197e-05,1.5859260093853712e-08,1.56465858576812e-05,-0.0011139466798360577,9.765374464567843e-06,0.0014931870191232642
2.5450892647705365e-05,1.3790981320681457e-08,1.4487533163642601e-05,-0.0010944902031382164,9.710058566267282e-06,0.0014812979473030556
2.4178552124788422e-05,1.3907131850226689e-08,1.3902319210364382e-05,-0.0010745144728092067,9.651953354996716e-06,0.0014674201021148319
0.0,0.0,0.0,-0.0010540076930644071,9.569173747721434e-06,0.0014515862205135566
2.2972604216524954e-05,1.3409737098022141e-08,1.3229989294570023e-05,-0.0010329569654875786,9.532637904139158e-06,0.001433825791886855
2.1823582103523848e-05,1.3013442854902157e-08,1.2652933898444444e-05,-0.0010113527831169867,9.468973158355992e-06,0.001414171886152635
2.073445214795514e-05,1.1920548964829964e-08,1.1885783348641178e-05,-0.0009892088624571078,9.405916630851299e-06,0.0013926943908176117
1.9698659005832753e-05,1.2206053937074175e-08,1.158265525385798e-05,-0.0009665339053235687,9.340296673473804e-06,0.0013694542365793086
1.871392418142727e-05,9.878959538985845e-09,1.0487172564436529e-05,-0.0009433284618861673,9.274215070712651e-06,0.0013444916149916396
1.7779092082295402e-05,1.0418453279210676e-08,1.0072462042036734e-05,-0.0009195711560246038,9.205692377652942e-06,0.001317813163832369
1.6891561621681586e-05,1.0912543621462935e-08,9.799820501965396e-06,-0.0008952987856807654,9.137406738342213e-06,0.0012895193661994003
0.0,0.0,0.0,-0.0008704830785446482,9.052973080089099e-06,0.0012595964152593009
0.0,0.0,0.0,-0.0008451336489896377,8.982066868487303e-06,0.0012280964601711908
1.6050116484361677e-05,9.643990860698266e-09,9.182987611092409e-06,-0.0008192677427149848,8.925028717225775e-06,0.0011950808349951907
1.5248814078007025e-05,9.62667303900737e-09,8.831332754199961e-06,-0.0007928572416070407,8.853291363324043e-06,0.001160533463833545
1.4487031946229177e-05,8.854829845656384e-09,8.297958305540704e-06,-0.0007659138573108238,8.78078322734758e-06,0.0011245027212249223
1.3763051911635108e-05,9.029486892303514e-09,8.070423743712181e-06,-0.0007384452572493616,8.707001882406025e-06,0.0010870311020911541
1.3077360721648595e-05,7.980022938240695e-09,7.55219421164516e-06,-0.0007104462840317659,8.633689047966813e-06,0.0010481349107787084
1.2424145924531193e-05,7.341079624768284e-09,7.078276706692689e-06,-0.0006819254724030234,8.558920621969339e-06,0.0010078549292155915
1.1803648064204624e-05,7.665590343000363e-09,6.908446177594206e-06,-0.0006528754573750699,8.484578191394242e-06,0.0009662030219666014
1.1214463480757442e-05,6.5406875361383556e-09,6.359172784250897e-06,-0.0006233031993780042,8.408769867335373e-06,0.0009232124150568706
1.0653787639731705e-05,7.560395469936355e-09,6.467388044891856e-06,-0.0005932064486143126,8.33307567638294e-06,0.0008789033731375381
0.0,0.0,0.0,-0.0005625887572189292,8.25006221020972e-06,0.0008333000894775733
1.0123718633580579e-05,4.705812542798218e-09,5.829378960997052e-06,-0.0005314496755648359,8.180246401125594e-06,0.0007864213563843598
9.618382131973601e-06,5.0119270774083835e-09,5.739675971285927e-06,-0.0004997927945387106,8.102976487692922e-06,0.0007382943663656739
9.138707752677479e-06,3.4807648658749932e-09,5.1372633701167455e-06,-0.0004676154122767087,8.026803288229355e-06,0.0006889293068472982
8.68331605021989e-06,3.731996983103993e-09,4.904866466745807e-06,-0.0004349275672055314,7.949176805156547e-06,0.000638362646316573
8.24875236306453e-06,3.766363594334377e-09,4.633673638067187e-06,-0.00040172266752699454,7.871057231012692e-06,0.0005865976881503199
7.838297688356215e-06,3.885286938091737e-09,4.389760778608735e-06,-0.0003680010771294087,7.793735932842393e-06,0.0005336505245493258
7.446899326866752e-06,4.398830005747284e-09,4.307449376721106e-06,-0.00033376998025441294,7.714461388180572e-06,0.00047954818623844865
0.0,0.0,0.0,-0.00029902556834626726,7.633815367765233e-06,0.0004242972580555948
7.07821298084872e-06,3.3226132400235684e-09,3.87348827204948e-06,-0.0002637742651181687,7.55832886752839e-06,0.0003679209586809151
6.7242940921141405e-06,4.726249104246261e-09,4.068481761069719e-06,-0.00022801914985058714,7.47834327843501e-06,0.00031043977521865134
6.389004124275911e-06,3.4690136590497527e-09,3.664701928547351e-06,-0.00019176656179550693,7.399261943029684e-06,0.0002518729622873927
6.071692325689694e-06,3.893332768935077e-09,3.688991695754354e-06,-0.0001550071811876312,7.320581749290764e-06,0.00019221826773424704
5.768407605555546e-06,2.940290537261656e-09,3.404683254194461e-06,-0.00011774288918561905,7.2406520584620255e-06,0.0001314874612630034
5.4813878986441835e-06,2.6817183750945373e-09,3.2702398929859594e-06,-7.999417287138018e-05,7.161504156077439e-06,6.972735869553201e-05
5.2072555072960115e-06,2.2601650268406933e-09,3.107715215116782e-06,-4.1735177986142046e-05,7.080697324951576e-06,6.902143913773415e-06
4.94789277358822e-06,2.2334216982974084e-09,3.092730023356022e-06,-2.9957451891186468e-06,7.000458898862643e-06,-5.692691691402164e-05
4.702355748794551e-06,1.1325436730683598e-09,2.8108349002792496e-06,3.623790748682986e-05,6.920186714922218e-06,-0.00012177618170421115
4.4691487544822656e-06,2.7551553650885236e-10,2.468328950845372e-06,7.597522647947649e-05,6.839562359877578e-06,-0.00018765320837846222
0.0,0.0,0.0,0.00011618209415975578,6.758468778328078e-06,-0.00025449111352460196
4.246691305317708e-06,1.7250051689312717e-09,2.430536337899288e-06,0.00015688054853759553,6.677480935213128e-06,-0.0003223191251220248
4.035753453960262e-06,1.8340723424644315e-09,2.3611386913591835e-06,0.0001980665088829854,6.596533813045793e-06,-0.0003911254448544387
3.834446089731375e-06,2.0396038735467337e-09,2.3878296321945234e-06,0.0002397018753961275,6.514479078396872e-06,-0.0004608364289851976
3.6445892851760742e-06,1.4246267960685986e-10,1.7817391509077057e-06,0.0002818438212456916,6.432757003651086e-06,-0.0005315466716584802
3.4631598878957263e-06,1.6165218821178814e-09,1.9062292943897228e-06,0.0003244383839439752,6.351242830364617e-06,-0.0006031529987923719
3.290980784811476e-06,1.1214592431126659e-09,1.559721372820881e-06,0.0003675062066883194,6.268974047124996e-06,-0.0006756887967001895
3.1268593878264422e-06,2.7508487942167646e-09,1.7493539080955593e-06,0.0004110333413295153,6.186570088908434e-06,-0.0007491217776163497
2.972150667391046e-06,2.329539663407101e-09,1.499907563409887e-06,0.00045502903912073196,6.104602177890376e-06,-0.0008234654668143896
2.825504447849988e-06,3.0815312404600633e-09,1.5189785205520243e-06,0.000499478050000817,6.022093695336975e-06,-0.0008986864930431468
2.6845892802199276e-06,3.6900635630513594e-09,1.605522550483157e-06,0.0005443827980725033,5.938973068750388e-06,-0.0009747850575186082
2.5527718349142027e-06,3.5200717589601515e-09,1.5904503757215337e-06,0.0005897294940927387,5.856565836367799e-06,-0.0010517333183392835
2.4257574352321247e-06,2.900348764387068e-09,1.471812853452374e-06,0.000635565808918337,5.7723863483348e-06,-0.0011296096128809842
2.3048610607615164e-06,2.14668262226748e-09,1.2518901747337264e-06,0.0006818283342901732,5.689292201298807e-06,-0.0012083001543359993
2.1906627029063224e-06,2.0251438700348967e-09,1.1023296932745075e-06,0.0007284837648349157,5.605893617087168e-06,-0.001287743005972989
2.0830949442456344e-06,2.3139471824087947e-09,1.0193059037976205e-06,0.0007756116121522542,5.5224079855480205e-06,-0.0013680722757467261
0.0,0.0,0.0,0.0008231929675379668,5.439078507168519e-06,-0.0014492522663035468
1.980884497198507e-06,4.545684992625537e-09,1.31512686811058e-06,0.0008712040656647523,5.3529092098123485e-06,-0.0015312365726548682
1.8825704333788835e-06,3.594085556368525e-09,1.1702007678155629e-06,0.0009196318722598356,5.268737163409886e-06,-0.0016140029119419512
1.7907289117871528e-06,3.351810218207696e-09,1.1784027381463294e-06,0.0009684690215717078,5.1848727605674955e-06,-0.001697533472449339
1.702525213383313e-06,2.3353993957246573e-09,9.690021793597325e-07,0.0010176810738866597,5.100366607311536e-06,-0.0017817668570003359
1.617994654168173e-06,1.5314817045313726e-09,6.620414125111247e-07,0.0010673711824390965,5.016330476041486e-06,-0.0018668788270239877
1.539260180442651e-06,3.40176028408573e-09,1.0364713382305117e-06,0.0011174446936723656,4.931568239185172e-06,-0.0019527006155728285
1.4632330602233013e-06,2.085649912196547e-09,7.342027029805006e-07,0.0011679473736247118,4.8460831395239636e-06,-0.002039312989557483
0.0,0.0,0.0,0.0012188025413858439,4.761930606092929e-06,-0.002126577757785131
1.392261828970995e-06,2.422254474948901e-09,8.158590129259171e-07,0.0012700636193730375,4.675116978358626e-06,-0.002214587271269611
1.3247514634864108e-06,2.237360276584028e-09,7.666081335538965e-07,0.0013217020823107762,4.590365212821011e-06,-0.0023032890731346164
1.2596023686048333e-06,2.249334590454681e-09,7.741707641204488e-07,0.0013717455902489733,5.185355005868897e-06,-0.0021910268652832188
1.1974966054627718e-06,9.74066171973294e-10,3.7794390859068806e-07,0.0014221205408826174,5.731265634676547e-06,-0.00208439080778798
1.1381054482643861e-06,2.271617620977592e-09,5.007593885625553e-07,0.001472900972665172,6.2312069037342165e-06,-0.001983100929529376
1.0823547944491957e-06,3.451611140089316e-09,7.635391173098707e-07,0.001523999184001143,6.688690840072412e-06,-0.001886888726217463
1.0293957122683512e-06,2.765740878598845e-09,6.93478145214235e-07,0.0015755191471375038,7.105215105147471e-06,-0.0017955014912140897
9.79590804571564e-07,2.031339858937267e-09,5.569084615294975e-07,0.0016273500554498666,7.484512182566382e-06,-0.001708696860161679
9.308021958892321e-07,1.8620948277444364e-09,4.969951357988075e-07,0.001679601378911841,7.828380030825165e-06,-0.0016262470221748634
8.86111269139495e-07,2.098140051270656e-09,5.447015530174248e-07,0.0017321403570955231,8.141886789608366e-06,-0.0015479321165862722
8.431349836426487e-07,2.553122248891389e-09,7.462177479285566e-07,0.00178500427927744,8.425164839334848e-06,-0.001473546388544178
8.011787294435084e-07,5.94506753184491e-10,3.522121409288655e-07,0.0018382648332840369,8.678780192602303e-06,-0.001402894736246107
0.0,0.0,0.0,0.0018917380678472595,8.908308032915481e-06,-0.0013357862423836186
0.0,0.0,0.0,0.001945634028427734,9.111613695548374e-06,-0.001272048129350778
7.658031906244816e-07,1.7689433997415329e-09,7.376261245793099e-07,0.001999748117690257,9.29330429635763e-06,-0.001211508323311511
0.0,0.0,0.0,0.002054187734431223,9.454390016507178e-06,-0.0011540091340647152
7.301884965316327e-07,3.1461578202123147e-11,3.0946764098009245e-07,0.0021089235295337068,9.594690697233328e-06,-0.001099397167620608
0.0,0.0,0.0,0.0021640236227027376,9.71951805134064e-06,-0.0010475301698907868
0.0,0.0,0.0,0.0022192901765500928,9.826237307526738e-06,-0.0009982677896196446
6.982047206745323e-07,-3.081354642180987e-10,4.2226751961921823e-07,0.0022747980413668043,9.916637035255123e-06,-0.0009514794409348435
0.0,0.0,0.0,0.002330659948970193,9.994956536047724e-06,-0.0009070452152236674
6.662627143399697e-07,-3.0472026504650063e-10,5.563105614361409e-07,0.0023866697648008794,1.0058516661961089e-05,-0.000864842473210571
0.0,0.0,0.0,0.0024430319615367235,1.0109730748627095e-05,-0.0008247639636094206
6.350968990694976e-07,-1.4888960557520327e-09,4.014601569220377e-07,0.0024995390373726755,1.0150024469943959e-05,-0.0007867001468027264
6.031325644372026e-07,-2.0142098931174456e-09,2.1699145133402957e-07,0.002556319652897785,1.0179415387913697e-05,-0.0007505523977413333
5.755666476684963e-07,-1.8936356785318234e-09,7.693730852991085e-08,0.0026132680401182488,1.0200866339211092e-05,-0.0007162227731570635
5.480565426861739e-07,3.6715953046948903e-10,5.297937532261789e-07,0.002670438189129476,1.021345301739159e-05,-0.0006836212043597101
5.216818690054349e-07,-8.651569614573009e-10,3.228071495048263e-07,0.002727812582009141,1.0216177530535137e-05,-0.0006526613990725793
0.0,0.0,0.0,0.0027854347850883032,1.0211416017387901e-05,-0.0006232612734704546
4.976622986473231e-07,-6.677149033627585e-10,4.1667631128911596e-07,0.0028431770319199976,1.0200057680865493e-05,-0.0005953424055914463
4.741176941112258e-07,-1.1375787186057377e-09,3.6538187767404355e-07,0.0029011111777644282,1.0183941078986208e-05,-0.0005688305620470443
4.5223346736938614e-07,-1.1124985085220925e-09,4.338722795028686e-07,0.002959143917123306,1.0161905514968514e-05,-0.0005436550341621623
4.3030139115269235e-07,-2.14876358519102e-09,2.3287510368468368e-07,0.00281307763554724,1.0300478542817243e-05,-0.0005197335300253849
4.090138978850337e-07,-1.321049655329908e-09,4.432443369288784e-07,0.0026743210410328237,1.0420868910919543e-05,-0.0004970192610120075
3.9006911145464033e-07,-2.4568636736190303e-09,2.433208850013787e-07,0.002542508512708864,1.0523979464209788e-05,-0.00047545406993446403
3.7232357868156866e-07,-2.7076776426001762e-09,1.2816986819878832e-07,0.0024172932130515495,1.061011933300009e-05,-0.00045497945394062554
3.5531059953729986e-07,-1.3761938480296547e-09,4.247439119798413e-07,0.002298345544320311,1.0683315440856474e-05,-0.0004355402153159484
3.3893613764935357e-07,-2.308857495297956e-09,3.0572358405326344e-07,0.0021853510674440467,1.07411326757275e-05,-0.0004170852398641322
3.217433291694362e-07,-2.9237161065236727e-09,1.660232682357275e-07,0.00207801199651588,1.078598874677793e-05,-0.0003995636950763056
3.0693867483002895e-07,-2.8515338287477005e-09,1.1322932072287153e-07,0.001976046222416113,1.0820406315797915e-05,-0.00038292971758504906
0.0,0.0,0.0,0.0018791851836762463,1.0841693416992633e-05,-0.0003671385509393943
2.9343789444856133e-07,-2.2622342722314874e-09,3.1300359037444035e-07,0.0017871728360715651,1.0855649747490029e-05,-0.0003521479160538014
2.7939602534133374e-07,-3.367973652797429e-09,5.109567091333441e-08,0.0016997651446412488,1.0859195211237587e-05,-0.00033791520506055886
2.6658222199840023e-07,-3.138988497782879e-09,-4.63727553520138e-08,0.0016167352035788597,1.0854539217419728e-05,-0.00032440683255065224
0.0,0.0,0.0,0.0015378620047155067,1.0841208718574035e-05,-0.0003115822416424052
2.565363669913257e-07,-2.651305755728062e-09,-3.1607369396063416e-08,0.001462937499710858,1.0823037024955338e-05,-0.00029940988793035255
2.444824808718657e-07,-1.3813334812376227e-09,1.5020788768545247e-07,0.0013917654190895665,1.0796398012450873e-05,-0.00028785577048946737
0.0,0.0,0.0,0.0013241559500782873,1.076472443820754e-05,-0.0002768871632333747
2.3318282262220403e-07,-1.092389820516974e-09,2.3659726241746832e-07,0.0012599336455323636,1.0727965885041662e-05,-0.0002664786238344105
2.246746250993717e-07,-2.2740382572017512e-09,-6.551333407618464e-08,0.0011989269046775238,1.068564662767937e-05,-0.00025659976483214894
2.1367664695872454e-07,-4.1786672737752984e-10,2.9530231884790835e-07,0.001140976119710119,1.0639957204544398e-05,-0.00024722269723146545
2.0432660914241674e-07,-9.188529027911729e-10,2.9406964482289184e-07,0.001085927515495561,1.0589479651978014e-05,-0.0002383239010306608
1.9651376447634674e-07,-2.5453672999419533e-09,-7.268044409683148e-08,0.0010336352215745495,1.0535492897603234e-05,-0.00022987812553210057
1.8654234480368623e-07,-2.269938977351644e-09,-2.1674851534472835e-07,0.0009839632486692434,1.0477737959012059e-05,-0.0002218639687737034
1.7905106303433037e-07,1.8761111316533324e-10,2.07502645913269e-07,0.0009367804623068662,1.04174744064854e-05,-0.00021425862880086041
1.7137385424832564e-07,-7.587853362730946e-10,7.020475308554622e-09,0.0008919603271997217,1.0354426335744988e-05,-0.0002070417188449596
1.640352603559823e-07,-4.034486378038173e-10,1.2791405609537922e-08,0.0008493862503945441,1.0289127967741036e-05,-0.00020019391954344607
1.579000346241117e-07,3.626799107128709e-10,1.658728627430962e-07,0.0008089458559969263,1.0221758521406756e-05,-0.0001936967973775313
0.0,0.0,0.0,0.000770531727580237,1.015112589327824e-05,-0.00018753177295749435
1.5176339417178538e-07,-1.4973465968844304e-09,-5.878783208003126e-08,0.0007340417437739963,1.008061571118372e-05,-0.00018168313652665413
1.447197267881004e-07,-4.691073660508943e-10,9.535724683049989e-08,0.000699381595213162,1.0007337541002548e-05,-0.00017613437284979693
0.0,0.0,0.0,0.0006664580565166611,9.933322085386548e-06,-0.00017087021035777639
1.407420246885771e-07,-4.011785087433889e-10,2.950668441845877e-08,0.0006351858099939186,9.857863123176083e-06,-0.00016587773884313358
0.0,0.0,0.0,0.0006054812757899652,9.782088780554611e-06,-0.00016114218695117977
1.3530578429909982e-07,-1.5080093916234287e-10,-9.160381587756766e-09,0.0005772647929570792,9.705463156705394e-06,-0.0001566484424756711
1.309413931929618e-07,8.479691721027908e-10,2.161215709207159e-07,0.0005504645936295913,9.627571285759385e-06,-0.00015238810182475224
1.2541664284706444e-07,-8.638576716665907e-10,-1.7617698655189237e-07,0.0005250063051311309,9.54896460877238e-06,-0.00014834604813463033
1.2077479425887194e-07,8.087303799527855e-10,8.902333453673934e-08,0.0005008263472533722,9.470269896640621e-06,-0.00014451346533306088
0.0,0.0,0.0,0.000477859072264053,9.390133589741618e-06,-0.00014087919013183736
1.1597515162550994e-07,7.485902489258741e-10,3.0014602768527325e-07,0.00045604353133212695,9.310817057596181e-06,-0.00013743297371922439
1.112277340463481e-07,-3.9912105245784305e-10,1.793474203258268e-07,0.0004353223673831943,9.229967112444967e-06,-0.0001341658155659145
1.0721671943686238e-07,-1.0443250000481168e-09,8.187910648090874e-08,0.00041564022437180466,9.151247435678029e-06,-0.0001310671003563344
1.0197242081954218e-07,-8.752879537712645e-10,1.362999477533464e-07,0.00039694585151353037,9.069562423783121e-06,-0.00012812920619219374
0.0,0.0,0.0,0.0003791899257805653,8.988914231480197e-06,-0.00012534489346993638
1.0015733240550135e-07,-1.5388856536346177e-09,6.667257435956013e-08,0.00036232476063758967,8.910459547120829e-06,-0.00012270514162808044
9.723168750247098e-08,-2.436782039183551e-09,-2.3327452639133534e-07,0.0003463051231721787,8.829884093998104e-06,-0.00012020207521479075
9.34400157703582e-08,-5.666818271100348e-10,2.5897057445290744e-08,0.00033109078590261943,8.749012244949887e-06,-0.00011782987637317778
0.0,0.0,0.0,0.00031664060384772874,8.66782147536015e-06,-0.00011558217631091328
9.099684478425844e-08,-1.4499357777478282e-09,-2.991951127529457e-08,0.000302915061109565,8.58853430464485e-06,-0.00011345256652714025
0.0,0.0,0.0,0.0002898785302473117,8.508598283035464e-06,-0.00011143310208172608
8.95793133875905e-08,7.708859139717466e-11,2.595417368430927e-07,0.00027749708795130317,8.429253949128924e-06,-0.0001095193449567632
8.69578224630486e-08,-1.8110654812874334e-09,-1.2558254070077796e-07,0.0002657362993071201,8.350457989395062e-06,-0.00010770617157103798
0.0,0.0,0.0,0.0002545676192042823,8.2696825895048e-06,-0.00010598862521182806
8.48872171188625e-08,-7.466950118259641e-10,1.0053820049493275e-07,0.00024395957757598088,8.192092433813664e-06,-0.00010436179415476323
8.169537846618189e-08,-1.4457339058640992e-09,-8.05782579382889e-08,0.00023388398528203263,8.113594015252131e-06,-0.00010282028046326708
7.801965844550333e-08,-7.357261497829158e-10,-1.0210036136906597e-08,0.00022431497338545596,8.03420501290644e-06,-0.0001013599029872328
7.616695651705997e-08,-1.0376316229533645e-09,-1.7244476127531862e-07,0.00021522619983212733,7.9564266089514e-06,-9.997639539061326e-05
7.378129567674779e-08,-1.4785812968655423e-11,-8.642621141968805e-08,0.00020659401046915695,7.8788775635102e-06,-9.866498945829254e-05
7.03692500776823e-08,3.4964643546184665e-10,-1.0347192568239508e-07,0.0001983962639034775,7.80180990593628e-06,-9.74243857959745e-05
6.84572187763241e-08,1.6416652350970704e-09,1.6118076806968484e-07,0.00019061005304521516,7.723439082089671e-06,-9.624778500149237e-05
6.655431769233426e-08,6.569994878759064e-10,-2.550692943136278e-10,0.0001832147399429501,7.646663494695483e-06,-9.513412435722774e-05
0.0,0.0,0.0,0.0001761926132949343,7.5702038181955605e-06,-9.40817264422078e-05
6.498574872502395e-08,4.919080824107798e-10,-1.6945811360151075e-07,0.00016952190647793254,7.493611974066637e-06,-9.308271080561427e-05
6.35531672368804e-08,2.2373628853413974e-09,1.7600997459906382e-07,0.00016318750726826875,7.417121180448223e-06,-9.2136969097557e-05
0.0,0.0,0.0,0.00014777771685869912,-5.303027170255946e-05,-7.497224729158258e-05
6.289669111724008e-08,1.2815009665658895e-09,1.1495203112407667e-07,0.0001333769947185888,-0.00010894596917257109,-5.907870201116537e-05
0.0,0.0,0.0,0.000119933068684408,-0.00016053684377957743,-4.439122480115465e-05
0.0,0.0,0.0,0.00010740519824703476,-0.0002079831651989053,-3.085761934673581e-05
6.41820903788238e-08,8.451332986124716e-11,-2.7843062116118043e-07,9.574616017627322e-05,-0.0002515184188158551,-1.8423909304293272e-05
6.175991017743982e-08,1.7594172249006608e-09,-7.128316638536509e-08,8.491306187782322e-05,-0.0002913333729106147,-7.030360819299269e-06
6.060836691431534e-08,1.389827540886284e-09,-2.663240738583018e-07,7.486921092125157e-05,-0.000327562463061443,3.3632839556380394e-06
5.934543824874743e-08,2.802466021658486e-09,-1.0589791976988772e-07,6.557506258617281e-05,-0.0003604310626992508,1.2809773105732892e-05
5.7162267187779656e-08,3.925025073710613e-09,1.4662175976847954e-07,5.6999350772686404e-05,-0.0003900018324079231,2.1344788551320792e-05
5.5634720054202404e-08,3.0489466070896964e-09,4.7443037717554285e-08,4.910285785815129e-05,-0.0004165407701979909,2.901804864077676e-05
5.390160772160043e-08,3.6529373780882312e-09,2.9766032020765153e-07,4.18527955412802e-05,-0.0004401310798200286,3.587309129581384e-05
0.0,0.0,0.0,3.5220008228309396e-05,-0.00046092612374395466,4.194129354584408e-05
5.3896372339164494e-08,3.048349938599109e-09,1.9092652230685914e-07,2.9175922721287545e-05,-0.0004790735591914273,4.726430254353241e-05
0.0,0.0,0.0,2.3689457674724856e-05,-0.0004946762192539335,5.1875839957249426e-05
5.448368123032522e-08,2.5063362668007536e-09,3.145616224886443e-08,1.8734586643948745e-05,-0.000507868993231956,5.581338467904283e-05
0.0,0.0,0.0,1.428613216492014e-05,-0.0005187716730247989,5.910602136849352e-05
5.426690226622761e-08,1.2278029612833746e-09,-1.2847843465955632e-07,1.0319688169735646e-05,-0.0005274612669908152,6.178219238724954e-05
0.0,0.0,0.0,6.812913721288005e-06,-0.0005340568002180592,6.387487220671506e-05
5.415081059677874e-08,5.579529525156915e-10,-2.3527621551242754e-07,3.7406533203338116e-06,-0.0005386749433481063,6.541044960761484e-05
5.2748880725428086e-08,2.1907590934459615e-09,1.513229626535612e-08,1.08391283583138e-06,-0.0005414188778286283,6.641851370537702e-05
5.113617420790975e-08,1.8147914774196594e-09,-8.409561332085253e-08,-1.177683162214132e-06,-0.0005423265100626149,6.692055857487494e-05
5.0356752966366846e-08,2.901726419042704e-09,1.6923451826616278e-07,-3.062651506476533e-06,-0.0005415377417202929,6.694231741671938e-05
4.879659869704822e-08,2.823064717721259e-09,3.2948905290671025e-07,-4.5921365782541336e-06,-0.0005391089960381766,6.65101752596481e-05
4.729897030265422e-08,1.0915867613798828e-09,1.3424833118405847e-07,-5.7819277573231425e-06,-0.0005351234383988511,6.564242403142348e-05
4.6816728940963476e-08,1.3620031455764106e-09,3.4251583669213064e-07,-6.648263398648987e-06,-0.0005296558396357355,6.43623394885742e-05
0.0,0.0,0.0,-7.20824063538128e-06,-0.000522763628536514,6.26880208751679e-05
0.0,0.0,0.0,-7.4746969226380244e-06,-0.000514537429767639,6.0641302448649625e-05
4.824879215801429e-08,-1.368139373022814e-09,-5.078219046804093e-08,-7.465633233008043e-06,-0.0005050340834394188,5.823937751908632e-05
0.0,0.0,0.0,-7.192105891618006e-06,-0.0004943092900789498,5.5500219734105904e-05
4.89336829729314e-08,-1.0427971098717817e-09,-1.1106564328369604e-07,-6.668588066978178e-06,-0.00048243498364162855,5.244105381177346e-05
4.733268257921746e-08,5.628849789335191e-10,2.343051804216374e-07,-5.906371562280718e-06,-0.00046945672296466354,4.907757424198699e-05
0.0,0.0,0.0,-4.919499422939566e-06,-0.000455430809476093,4.542550119135402e-05
4.858503693174426e-08,-9.518308511398579e-10,6.673080168612988e-08,-3.7218771601145337e-06,-0.0004404128188963762,4.150570914847122e-05
4.724763051418786e-08,-1.5410008680871584e-09,-9.437852060204968e-08,-2.319941977810428e-06,-0.0004244449702092174,3.732395118787022e-05
4.5853450188815554e-08,-2.2660656052365316e-10,1.705731318698668e-07,-7.226052052877094e-07,-0.00040757865507208975,3.2892946463692294e-05
4.54489401473949e-08,-7.230784539166187e-10,1.5526389468355468e-07,1.0594900886348057e-06,-0.000389859921240138,2.8224154130015625e-05
4.373674803578716e-08,-8.19811110417928e-10,2.416712199892315e-07,3.0161885178403136e-06,-0.00037133007586586525,2.3332403616936825e-05
4.218597637375309e-08,-1.985304461054772e-09,7.961077489493687e-08,5.138895215165604e-06,-0.00035203179518474156,1.822737055147492e-05
4.245831893853747e-08,-1.8319427716831396e-09,1.5225843729662039e-07,7.419482992697901e-06,-0.0003320016711812248,1.2921122969863983e-05
4.1589069883578384e-08,-2.719595002765837e-09,-2.7517033615609366e-08,9.848632462979703e-06,-0.0003112819465241135,7.42449041276013e-06
0.0,0.0,0.0,1.2419360639337462e-05,-0.0002899097268042738,1.7475353748519495e-06
4.180338443854738e-08,-1.385371804530998e-09,1.9992286602331037e-07,1.5124043902765203e-05,-0.000267905513950089,-4.099070895484753e-06
4.061464294654806e-08,-3.098433730955755e-09,-1.843742342291491e-07,1.795282958053003e-05,-0.0002453264301610302,-1.0104814391048156e-05
0.0,0.0,0.0,2.0902263082489547e-05,-0.000222189187627518,-1.6261894045910275e-05
4.143414287014714e-08,-1.6322545279782285e-09,1.063786051175891e-07,2.3963720718371682e-05,-0.0001985252807770391,-2.256161129185882e-05
0.0,0.0,0.0,2.7132435562515766e-05,-0.00017436602274919951,-2.899841724957053e-05
4.24728158144008e-08,-1.1633486072971019e-09,5.25722740327692e-08,3.0402216870082993e-05,-0.00014972686872889124,-3.556066253001492e-05
4.1630213904371395e-08,-3.6473849086056404e-10,3.134465152769122e-07,3.376572674827968e-05,-0.00012465290401095415,-4.224043491250098e-05
4.0212310531901733e-08,-2.2122535068977466e-09,1.436983849442453e-08,3.721632702907574e-05,-9.91720594964172e-05,-4.9030206646784675e-05
0.0,0.0,0.0,4.0752119445652824e-05,-7.331556420137804e-05,-5.592611984694962e-05
4.024227091963002e-08,-2.0493767667893445e-09,-5.419231263841941e-08,4.436719788028959e-05,-4.707038324755758e-05,-6.29205520820892e-05
4.096198255673317e-08,-1.5207996575369743e-09,3.6719416991993323e-09,4.8055265088658435e-05,-2.047465833582309e-05,-7.000457121697985e-05
3.953419101416536e-08,-1.6824466099554608e-09,-9.230492961610679e-08,5.181245128531481e-05,6.4128647662709145e-06,-7.717398665534028e-05
3.866225646847855e-08,-1.6075671895021102e-09,-2.1086603999048638e-07,5.563578890575105e-05,3.3631087700235275e-05,-8.44249636283285e-05
0.0,0.0,0.0,5.95190784952182e-05,6.110960633312904e-05,-9.174785642795946e-05
3.950775619766937e-08,5.195466784046077e-10,3.5159355535322597e-09,6.345922752238679e-05,8.88644987882648e-05,-9.913894118883886e-05
3.798919698892471e-08,1.3988660241910597e-09,2.705194026049498e-07,6.745232064031457e-05,0.00011684737624169036,-0.00010659312656272132
3.758903810058476e-08,-6.808357157118427e-10,-1.188204607984862e-07,7.149013989393064e-05,0.00014504080684487033,-0.00011409990686246135
3.609185595005403e-08,5.11686017416616e-10,1.0811681695941203e-07,7.55786810913399e-05,0.00017346122805604708,-0.00012166700882552007
0.0,0.0,0.0,7.970443882399092e-05,0.00020204069699804577,-0.00012927508243165686
3.769450947621245e-08,-8.14911831125206e-11,7.351376284330859e-08,8.387320828425684e-05,0.00023081353025357568,-0.00013693445284967
0.0,0.0,0.0,8.80776939072847e-05,0.0002597539909964226,-0.00014463364158345815
3.722164411456285e-08,-7.206287112637183e-10,9.686607832906595e-09,9.231084700975652e-05,0.0002888110553959315,-0.0001523620188758495
3.744685567723725e-08,-1.5238260571728211e-10,1.6802847751775043e-07,9.657477044625165e-05,0.0003180093191562108,-0.00016012314005177822
0.0,0.0,0.0,0.00010086445789214693,0.0003472894463315206,-0.00016791172573293878
3.8686936097991535e-08,-3.8428169827315264e-10,-5.237320672090143e-08,0.00010518027125776925,0.0003767169022601703,-0.00017572593318322324
3.6699202102520164e-08,3.5763687986155755e-10,1.0310271877397503e-07,0.00010951754166589439,0.0004061983657815581,-0.0001835604326216287
3.6359284680208266e-08,1.1399846493854321e-10,1.129142659158706e-07,0.00011387313896060138,0.0004357496071126612,-0.00019141098971936689
3.606827605177437e-08,-7.904555763347387e-10,-8.330342637985485e-08,0.00011824533507426616,0.00046536308259191356,-0.00019927554694778123
3.5082746437106524e-08,9.071510041109452e-10,3.4470381207345324e-07,0.00012263361101067245,0.0004950310829937283,-0.00020715165650611375
3.5782136319509006e-08,-5.775815908484088e-10,2.06796646189269e-07,0.00012703390786275362,0.0005247419706324148,-0.00021503635014505685
3.395013706616867e-08,-2.2532852217306666e-09,-1.5650052643461145e-07,0.00013144075129005277,0.0005544463185023613,-0.00022291982139316185
3.3755933993827486e-08,-1.5823442436702953e-09,-1.5244707652241644e-07,0.00013585914068603474,0.0005841876072285864,-0.00023080979811654261
3.416231598206259e-08,1.6811921555478337e-10,2.149530306023919e-07,0.00014028326368505412,0.0006139159219642036,-0.0002386968926877215
3.202237103377398e-08,-1.366508664134692e-09,-8.348111475757407e-08,0.0001447141234815167,0.0006436687245883109,-0.00024658616393190443
0.0,0.0,0.0,0.00014914660773179822,0.0006733856795918266,-0.00025446652239491385
3.46913572227506e-08,-6.591040651437379e-10,1.0973370019142649e-08,0.00015357429433295676,0.000703057427889015,-0.0002623286341013309
3.401185207840902e-08,-1.5456561723021942e-11,1.9935555246354092e-07,0.00015800740887219494,0.0007327445921492165,-0.0002701900081968038
0.0,0.0,0.0,0.00016243549357064513,0.000762312853176515,-0.0002780346463534533
3.4449074893649224e-08,-1.6383020602700987e-10,2.2017318115947507e-07,0.00016685834039621223,0.0007918951871595522,-0.00028586014529825203
3.406135420378397e-08,-1.0478849895864142e-09,1.2987915787687072e-07,0.00016045783277503868,0.0007523769849828815,-0.00027493172102542823
3.387154267020843e-08,-2.112309726929591e-09,-1.2403135295233557e-07,0.00015437439596797275,0.000714828978414454,-0.000264544971719276
0.0,0.0,0.0,0.00014859516721266175,0.0006791516551335254,-0.00025467689465552557
3.508889064058916e-08,-5.501133057037624e-10,8.424056150078552e-08,0.00014310314467761264,0.0006452561814841626,-0.000245298922967873
3.36271140371721e-08,-8.521363848640893e-10,3.9150189046371574e-08,0.0001378832445595854,0.000613047398253081,-0.000236386048012896
3.348571629918323e-08,-1.2639469389765439e-09,-9.070541730762894e-08,0.0001329217437638141,0.0005824451064685408,-0.00022791453227866127
3.201264807157281e-08,-1.1987226432164746e-09,-2.0112260564593773e-07,0.00012820622238352139,0.0005533677422327685,-0.00021986290447810155
3.0835661474945376e-08,4.611648931712261e-10,1.045943610637819e-07,0.00012372401603348413,0.000525738307226422,-0.0002122085489203553
2.9754556663672127e-08,-1.4425847671695582e-10,-9.355351645138433e-10,0.00011946253517995748,0.0004994870290656198,-0.00020493210086060848
2.9370791473189617e-08,-6.560943012880431e-10,-1.901428708820026e-07,0.00011541082240128769,0.0004745428092454919,-0.0001980139684350873
3.0209092604379315e-08,6.769964261440102e-10,3.3000831946063044e-08,0.00011155853911825644,0.0004508420090713823,-0.0001914352119657146
3.02399535300704e-08,2.6631230525170627e-11,-1.5531600623440547e-07,0.00010789571111480968,0.0004283220033285202,-0.000185180992209283
2.8951956652935016e-08,7.91785115242486e-10,-7.493428865166347e-08,0.0001044122028201396,0.00040692225350896105,-0.0001792321546370507
2.828689270722507e-08,9.144828825299253e-10,-1.1301932789099476e-07,0.00010109908865641594,0.0003865878079355296,-0.00017357452112688965
0.0,0.0,0.0,9.794789116535085e-05,0.000367267120045864,-0.0001681929303958274
3.010480560488285e-08,1.6823166284317151e-09,-4.23266426323157e-09,9.494997849041395e-05,0.0003489095097919697,-0.00016307326949957643
2.9584790605368944e-08,1.0880077855936892e-09,-1.9629232174395793e-07,0.00010261611663971507,0.0003961256537383276,-0.00017642116654938928
2.936617678354371e-08,3.073733056884493e-09,2.7232078609207935e-07,0.00010962169054552185,0.0004392021952489917,-0.00018861967690415068
2.8166546884920884e-08,1.7850024172009606e-09,1.4748907348615126e-07,0.00011600059686257157,0.0004783668361686795,-0.0001997311196003348
2.9424534202596613e-08,8.08849677609662e-10,-1.7798258580342464e-08,0.00012178959224257625,0.0005137937233099733,-0.00020981776669386576
0.0,0.0,0.0,0.00012701740498122227,0.0005457446113022272,-0.00021892909817533557
2.9643273712529942e-08,7.481128907079129e-10,-1.5452884803096935e-07,0.0001317205987269182,0.000574376201049448,-0.00022712906992175584
0.0,0.0,0.0,0.00013591889509578792,0.0005999125743366046,-0.00023445145946998647
3.084526249401906e-08,2.072391226314222e-09,-1.3502730853581201e-09,0.0001396518215272286,0.0006225374723864841,-0.00024096521724972377
0.0,0.0,0.0,0.00014293205596660474,0.0006423696986417361,-0.00024669284674505576
0.0,0.0,0.0,0.0001457933842735626,0.000659607709880371,-0.00025169271211200606
3.256594475544918e-08,3.4555687045405142e-09,1.309089542587983e-07,0.00014826328264716998,0.000674421325164962,-0.00025601142181174905
0.0,0.0,0.0,0.0001503510932787666,0.0006868903873462216,-0.0002596670332294382
3.361780385144125e-08,1.3440827077906221e-09,-2.7608035140420055e-07,0.00015208385169453062,0.0006971917594023952,-0.0002627066346965214
0.0,0.0,0.0,0.0001534808575802682,0.0007054568979535235,-0.00026516138664112177
0.0,0.0,0.0,0.0001545651841716733,0.0007117736074178884,-0.0002670729789386872
3.527891330128398e-08,3.620929460004926e-09,1.307165398199606e-07,0.00015534540884704003,0.000716275392943672,-0.0002684562490070752
3.614622413264338e-08,2.042787433869521e-09,-2.385644868963238e-07,0.0001558493821021009,0.0007190859810058471,-0.00026936050644442216
3.51870079841874e-08,3.3496578223210692e-09,-1.2789435473937176e-08,0.00015608455182492806,0.0007202955664807708,-0.0002697962415098368
3.397714752814843e-08,3.4896358291903537e-09,6.002023815108439e-08,0.00015606934537345884,0.0007200055161270437,-0.00026979723506960083
3.431452849803982e-08,3.1065912076170473e-09,2.8470598198630022e-08,0.00015581955886441923,0.0007182774620135907,-0.00026939080896024156
3.310619256204471e-08,2.6148885315685716e-09,-8.004258546375206e-08,0.0001553433969286344,0.000715214944849528,-0.0002685911325747182
3.297474280826378e-08,2.6546404100986403e-09,-1.1960340457263882e-07,0.0001546594826939628,0.0007109171255624238,-0.0002674302269178589
3.261239975431012e-08,3.765103298765808e-09,1.7515498757783255e-07,0.0001537755774859312,0.00070544350191869,-0.00026592098858427195
3.260375292714476e-08,3.5791546944695654e-09,3.3225525197632455e-07,0.00015270775426286145,0.0006988822226224163,-0.0002640924169650496
3.202396058860269e-08,1.4764397677818994e-09,-2.8449556262452617e-08,0.0001514626795070385,0.0006912911090089848,-0.0002619569474937605
3.1241249894886085e-08,1.6651740478760432e-09,1.6275071955801085e-08,0.00015005569540304942,0.0006827433122861891,-0.00025953907717228444
2.9911785335159924e-08,1.5568461448503311e-09,5.23299501712739e-09,0.0001484901442062008,0.0006732894093588462,-0.0002568457293916821
0.0,0.0,0.0,0.00014677913823157862,0.0006629961375787194,-0.0002538996213642397
3.179700665726581e-08,2.0716145079368813e-09,1.2895347907900075e-07,0.00014493066237854363,0.0006518964841816469,-0.00025071406537247693
3.1314347206951483e-08,9.270600184613583e-10,-1.2969918612679e-07,0.00014295555821645527,0.000640090315623727,-0.0002473093257129679
3.014650608177232e-08,2.4762238912349378e-09,2.8951245178571274e-07,0.00014085942750297994,0.0006275994712327585,-0.00024369261501910267
3.09163616020273e-08,8.626659731097783e-10,3.1800688935981546e-08,0.00013865127299570308,0.000614490363656487,-0.00023988272864026598
3.03556372905259e-08,3.3641863141073643e-10,-1.2699882520862423e-07,0.00013633384850087656,0.0006007713983044153,-0.00023588260745451622
2.9158531633226528e-08,8.928944075371946e-10,-6.646433991486491e-08,0.0001339203518872997,0.0005865217698675306,-0.00023171489224400004
2.9697719702442893e-08,8.334819137539789e-10,-1.5431671658981887e-07,0.0001314143999103074,0.000571767213121966,-0.00022738676133101168
0.0,0.0,0.0,0.00012882294432436936,0.0005565442796444241,-0.0002229087702726451
3.138780540234635e-08,1.400064097306354e-09,2.014911702168924e-07,0.00012615066875453954,0.0005408897118414856,-0.00021829135191450433
3.03973687712357e-08,7.646397815394861e-10,1.7999953719410238e-07,0.00012340306409751718,0.000524847615963009,-0.0002135428133516653
3.028260933629327e-08,4.77463348713977e-11,9.63057866786809e-08,0.00012058480016103012,0.0005084392543730251,-0.00020867151310026668
3.04620956448943e-08,-5.83904583894933e-10,-5.371318069693542e-08,0.00011770384242940653,0.0004917104127855918,-0.00020369126882966693
3.027735928473852e-08,-4.835850906925943e-10,-9.912569724946152e-08,0.00011476421525935285,0.0004746792569022639,-0.00019860867396124585
2.8628485571281023e-08,2.5184362154842532e-11,-3.904591549948778e-08,0.00011176836891206095,0.00045737788505198767,-0.00019342800930539857
2.9026150055557678e-08,6.325293667089911e-10,1.290863745603249e-07,0.00010872198282954333,0.00043983099316044445,-0.0001881591532171207
2.7948142102758052e-08,5.76409422800137e-10,2.321993010036909e-07,0.00010562939585920867,0.00042206697906059754,-0.00018281003364075708
2.786566788657475e-08,-4.733509513057508e-10,7.202592723985219e-08,0.00010249434607292422,0.00040410937796392686,-0.0001773876206794845
2.8468212972819416e-08,1.6672058410895959e-10,3.567645028950047e-07,9.932027889466434e-05,0.00038597942979668197,-0.0001718962110553592
2.7839776198669306e-08,-1.423204706645541e-09,1.0930150507421193e-07,9.611095332612753e-05,0.0003677006664407134,-0.00016634465655019308
2.7370922779008223e-08,-9.866762964565001e-10,3.3826950062747185e-07,9.287026676898015e-05,0.00034929287836225935,-0.0001607373035248606
2.6317007461389777e-08,-3.1301344883783713e-09,-1.5881799666617145e-07,8.960067676526598e-05,0.00033077604369577065,-0.00015508131472253653
2.7027364914201394e-08,-2.1291231877015783e-09,-1.54912614280003e-08,8.630558000539126e-05,0.00031217151358148976,-0.00014937928337712802
2.6569910466331584e-08,-1.8011948378987111e-09,3.6632247899449116e-08,8.298876855439374e-05,0.00029349059803318345,-0.0001436395924960086
0.0,0.0,0.0,7.96519664305606e-05,0.0002747531150625732,-0.00013786444488894656
2.794791063603124e-08,-2.447626434588431e-09,1.2807361777564125e-07,7.62976091547083e-05,0.0002559838596910239,-0.00013205985849759676
2.6618694007029182e-08,-3.1683926125529646e-09,-8.056127378696517e-08,7.29289669283359e-05,0.00023718338530208984,-0.00012623026700510806
2.6107218582338533e-08,-3.127242278299776e-09,-2.2099154543811013e-07,6.955246523805113e-05,0.000218375582953437,-0.0001203866521273682
2.6545687122024103e-08,-2.0018629414578126e-09,-8.598036039743619e-08,6.616708266408079e-05,0.00019957377397645338,-0.00011452675922893991
2.737896999012958e-08,-1.6487209892214778e-09,-8.974913971737742e-08,6.277465886375749e-05,0.00018079171783797894,-0.00010865482323845658
2.632779088794564e-08,-1.2107022260354184e-09,-5.90902107885401e-08,5.9377519724705835e-05,0.00016203254233415276,-0.00010277442927541266
2.6322979025011245e-08,-1.2401954884565392e-09,-1.6829707854457215e-07,5.59773660571189e-05,0.00014331928279698547,-9.688897991132369e-05
2.4745184208317744e-08,-1.6944520269633398e-10,3.8276718987925055e-08,5.257654419412611e-05,0.00012465052545128052,-9.100140250123135e-05
2.4994386118934334e-08,-7.644530780958552e-10,-1.7177888564068773e-07,4.917666750988365e-05,0.00010605586936142306,-8.511635271240578e-05
2.5727680589312097e-08,7.751347560368676e-10,2.2797651740265323e-07,4.57799580512178e-05,8.754269747787919e-05,-7.923510532631543e-05
0.0,0.0,0.0,4.2386467764776725e-05,6.908843013106386e-05,-7.336109146682812e-05
2.5549073351650188e-08,-1.0839562537895082e-10,6.769485280269565e-09,3.899944306761602e-05,5.073940319282144e-05,-6.749708087286433e-05
2.5881504036103456e-08,2.812381985410753e-10,1.5062690676983507e-07,3.5620176293128575e-05,3.2507845424758085e-05,-6.164626261040379e-05
2.4914644246689287e-08,-9.460058006458412e-11,1.4312668474898941e-07,3.224931520500194e-05,1.4359895112135396e-05,-5.581026209577902e-05
2.614653704410882e-08,-4.6530908613514567e-10,1.2354870049573862e-07,2.8889497879642374e-05,-3.6481483885519733e-06,-4.9993304768509455e-05
2.5172225934188344e-08,-6.380721643423376e-10,1.5350370039286735e-07,2.55416443198564e-05,-2.1531770028269586e-05,-4.419681430028295e-05
2.491072474817292e-08,-1.767748703739058e-09,-1.721181364675565e-07,2.2204858774720172e-05,-3.931253868139123e-05,-3.842028094462719e-05
2.4853192718224742e-08,-7.124546508350542e-10,2.990282103356368e-08,1.8884270897630524e-05,-5.6922031841819466e-05,-3.267032841784711e-05
0.0,0.0,0.0,1.557779281347038e-05,-7.440968814147712e-05,-2.6946192745014308e-05
2.5553840888066188e-08,-6.748764393015045e-10,-3.0166841035123675e-07,1.2288673839477714e-05,-9.17126902234819e-05,-2.125092523127113e-05
2.5996217970941195e-08,1.2005193259460666e-09,1.3051597802181348e-07,9.017347943573983e-06,-0.00010888238883709314,-1.5585413825921604e-05
2.519017231573949e-08,3.449640045597661e-10,-7.905992031526512e-08,5.763556288934249e-06,-0.0001258765710581731,-9.951867264467801e-06
2.474285571968041e-08,1.0164998503706014e-09,1.0909893653692917e-07,2.530895868329053e-06,-0.00014272028802831183,-4.353803074932235e-06
2.4462740490495027e-08,4.997972797344241e-10,1.2149050453927097e-08,-6.831509296120616e-07,-0.0001593792740002229,1.2113498046127843e-06
2.3110032467674707e-08,1.8215027517302364e-10,-1.1098690296492285e-07,-3.8733723750918475e-06,-0.00017586660224164016,6.735260675042091e-06
2.386399186521263e-08,9.316112695580981e-10,7.991449653511401e-08,-7.042221469810932e-06,-0.00019215827253541372,1.222303571118365e-05
2.3645211834422035e-08,5.017922931126862e-10,-1.3768510307757002e-08,-1.0187164297512868e-05,-0.0002082711371832798,1.7668717825100414e-05
2.321829713973748e-08,8.068200400167983e-10,9.695229577883728e-08,-1.330854784640525e-05,-0.00022420359205091618,2.307419571353451e-05
0.0,0.0,0.0,-1.6407357715242377e-05,-0.000239954998845272,2.8439785718203936e-05
0.0,0.0,0.0,-1.9476736590529065e-05,-0.0002554630104698563,3.3755366840249046e-05
2.552466518632656e-08,5.476430532321341e-10,-3.273305633858228e-08,-2.2521347302924558e-05,-0.0002707740956339836,3.9027639805645974e-05
2.4915348410067245e-08,1.194193953955444e-09,2.0668073120451092e-07,-2.554054669815945e-05,-0.00028592956626702414,4.425668824530762e-05
2.5167948175403868e-08,9.7607147798223e-10,3.318430522435834e-07,-2.8528658310953366e-05,-0.0003008179436102707,4.943161247919079e-05
2.5651245346427808e-08,-1.039388620321156e-09,-1.9481359633793658e-07,-3.149167745867488e-05,-0.0003155369632102548,5.456142444017703e-05
2.510761815072851e-08,1.819326436544352e-10,9.975732217272302e-08,-3.4423958746225496e-05,-0.00033003171160978076,5.9640234817972356e-05
2.3753452298791236e-08,-3.4365481901924717e-10,-3.9372152295681724e-08,-3.7326067629432085e-05,-0.0003443374770323953,6.466566760172968e-05
2.4676542283929387e-08,-6.323151602370321e-12,4.750877266563402e-08,-4.019853520556781e-05,-0.0003583617353951231,6.964040001212259e-05
0.0,0.0,0.0,-4.303956806317455e-05,-0.00037223389206290876,7.456042014908348e-05
2.4664156968105503e-08,-4.4478710043110136e-11,7.141432718019619e-08,-4.585260260770866e-05,-0.00038586967832043037,7.943218648205572e-05
2.4809344205841094e-08,1.6649122984689426e-10,2.2088351874967258e-07,-4.86321896233925e-05,-0.0003992427377072816,8.42463006362445e-05
2.409728066402616e-08,-1.1777930409626126e-09,-1.6585361317996575e-07,-5.137687207523319e-05,-0.0004123927961964604,8.899858272029464e-05
2.3826745370257243e-08,-5.90080423822759e-10,-1.0972043209564908e-07,-5.4092120515112195e-05,-0.0004253394433263071,9.370111867138265e-05
2.3607723311023388e-08,-2.6922154634295273e-10,-1.0273040199918675e-07,-5.6772435048991675e-05,-0.0004380606559385006,9.834304007298199e-05
2.3155528500387874e-08,7.746069084863491e-10,2.446842910468895e-07,-5.278480299363791e-05,-0.0004163743940952598,9.143665291385953e-05
2.299226673160256e-08,-4.1753857803182617e-10,-4.623869790810157e-08,-4.9008807836499676e-05,-0.0003957715419828233,8.489515435477989e-05
2.2533837824252413e-08,-6.840673647056543e-10,-2.3671726344782337e-07,-4.543322296261059e-05,-0.0003761981456971515,7.870110111860892e-05
2.17943537237749e-08,1.058405089982014e-09,2.946856346107125e-07,-4.204701049200881e-05,-0.00035760381641537797,7.283692851583821e-05
2.1452584899648635e-08,4.268037829805401e-11,1.3405471852328264e-07,-3.884212766597913e-05,-0.0003399367958038452,6.72850402447953e-05
2.1519748922939847e-08,-6.853432061913878e-10,-7.955088618102257e-08,-3.580888180186673e-05,-0.00032315339272549477,6.203035274625251e-05
0.0,0.0,0.0,-3.293859972464119e-05,-0.0003072094882644577,5.7058935840070824e-05
0.0,0.0,0.0,-3.022296960164539e-05,-0.0002920613266260384,5.235445387863358e-05
2.3421739086641064e-08,-2.5065282723681904e-10,-1.0118791771429436e-08,-2.7653850248971914e-05,-0.0002776693141559378,4.7904496220426587e-05
2.2891354026914353e-08,6.100757735531325e-10,3.6685598021053826e-07,-2.5224297111428943e-05,-0.0002639968739256552,4.3696948279887214e-05
2.2377794578739146e-08,-1.0714212201484862e-09,-6.413096841365137e-08,-2.2928111513413475e-05,-0.00025100775799401427,3.9718473299349774e-05
2.2684791365863987e-08,-8.502011076494465e-10,-6.108955107990721e-08,-2.0757435496932862e-05,-0.00023866793102510166,3.595847001820067e-05
2.171919228896405e-08,2.0979447109981427e-10,3.529729846193643e-07,-1.870538821854775e-05,-0.00022694451592695944,3.2404895736837435e-05
2.097599086440237e-08,-1.0618395727418546e-09,8.393740585063893e-08,-1.676790574794826e-05,-0.00021580682588557084,2.9048155070422415e-05
2.1002704747274235e-08,-1.6044946393870893e-09,-1.333588562846397e-07,-1.4938321225303664e-05,-0.0002052254634253551,2.5878466310609746e-05
2.1586947090205263e-08,-1.1473169600391571e-09,-9.412717419849094e-08,-1.3210159824583578e-05,-0.0001951724118757569,2.28850647984966e-05
0.0,0.0,0.0,-1.1579694864316536e-05,-0.00018562248523882412,2.006098810436452e-05
2.2497511576334125e-08,-1.0265429209947743e-09,-1.876294538552633e-07,-1.0041292557571884e-05,-0.00017654790303444547,1.7395782077735715e-05
0.0,0.0,0.0,-8.590352207127339e-06,-0.00016792847297047086,1.488307895691765e-05
2.232597317753906e-08,-2.702495004728967e-10,2.8306310384352087e-08,-7.223624622932045e-06,-0.0001597379086724266,1.2515512110011608e-05
2.2029045603022792e-08,-4.5271985727252114e-10,-5.525646149579804e-08,-5.934955378915246e-06,-0.0001519577854797248,1.028310384430328e-05
2.088303030730523e-08,-6.918857849796965e-10,-2.564588475399138e-07,-4.7218839873913064e-06,-0.00014456540436122239,8.18140359581023e-06
0.0,0.0,0.0,-3.5796633688356394e-06,-0.00013754248013433698,6.203581861097263e-06
2.2616316356261892e-08,5.657841840612657e-10,1.68829007485297e-07,-2.5049380159916125e-06,-0.00013087036886849014,4.342108676435805e-06
2.2313327883627505e-08,1.8417995595381218e-10,1.4155669354455968e-07,-1.4954340418316612e-06,-0.00012453038763092286,2.5933713506515188e-06
2.141343938766609e-08,-2.6343514578811613e-10,4.1673913125660245e-08,-5.463671793587493e-07,-0.0001185078363444974,9.491769018826216e-07
2.173069290633474e-08,1.1846187638805922e-10,2.6451647455222653e-07,3.4505907113130727e-07,-0.00011278574257917548,-5.945114750369766e-07
2.1454543039144025e-08,-5.683420420010246e-10,1.5689651623272897e-07,1.1812083978745809e-06,-0.0001073490492798624,-2.043133779347111e-06
2.058629794181685e-08,-1.5426585013661374e-09,-2.3203932941400565e-07,1.9649274194664814e-06,-0.00010218432522949268,-3.4014805998397785e-06
1.9972421903269513e-08,-3.541771804128535e-10,1.1859489012104597e-07,2.699340231244517e-06,-9.727580745070696e-05,-4.6729268615221625e-06
1.9769882897613136e-08,-4.753844650636589e-10,1.509603525348863e-07,3.3867397721325035e-06,-9.261381910080216e-05,-5.8635981972444065e-06
0.0,0.0,0.0,4.029666071048155e-06,-8.818364502996418e-05,-6.977101813077091e-06
2.0515413750619903e-08,-1.3771186426983984e-09,1.8556858188783484e-08,4.629568183741062e-06,-8.397381640771876e-05,-8.016736072436151e-06
2.0434339095683083e-08,-1.669631256152796e-09,-1.737199631805234e-07,5.188994155510927e-06,-7.997409176738384e-05,-8.986149465667953e-06
1.9998824334515426e-08,-7.801392452056544e-10,8.789973382878161e-08,5.710628901160619e-06,-7.61739551349697e-05,-9.889230064988581e-06
1.9458664020651e-08,-8.60108508857324e-10,9.773358038720649e-08,6.1961840338058714e-06,-7.256319313484093e-05,-1.073031170806219e-05
1.956289505550414e-08,-8.320365890152151e-10,1.7609354330877157e-07,6.647243009271411e-06,-6.913226180801068e-05,-1.1511514864350512e-05
1.9584941880792763e-08,-1.0180033774921925e-09,2.1197075339350296e-07,7.065634853561697e-06,-6.587215559674231e-05,-1.2236217739635051e-05
1.897123066075432e-08,-1.696254614092761e-09,-4.6758310035752275e-09,7.452292519453138e-06,-6.277524266938333e-05,-1.2906410276346184e-05
1.8412370874603124e-08,-1.5888365641380075e-09,-7.382938337844621e-09,7.81036993209102e-06,-5.983109095658192e-05,-1.3526691215523684e-05
0.0,0.0,0.0,8.14021292505629e-06,-5.70341072873538e-05,-1.4097845969174294e-05
1.9616208884892794e-08,-1.7666826333515146e-09,-7.625923588858506e-08,8.442888469632453e-06,-5.4375785111578127e-05,-1.462250118471623e-05
0.0,0.0,0.0,8.721581671422562e-06,-5.1850023174035085e-05,-1.5105123811975929e-05
2.0027633460539097e-08,-1.1877226479329726e-09,1.2049387436811121e-07,8.975575859098606e-06,-4.944918627336747e-05,-1.5544910266326313e-05
2.019096084225289e-08,-9.747433217695023e-10,3.2185029879803353e-07,9.207372419043953e-06,-4.716783576317691e-05,-1.5946111770398878e-05
2.0112877105564475e-08,-1.5697457599843318e-09,2.4236178091578307e-07,9.417816931570102e-06,-4.499894364264279e-05,-1.6310822286320585e-05
1.9682070196081086e-08,-2.4111796974531504e-09,-8.891657238466965e-08,9.607126748903102e-06,-4.2938790408087296e-05,-1.6639336885584636e-05
1.948173457427128e-08,-2.108239586399378e-09,-7.701004223851379e-08,9.77732098594056e-06,-4.097979631228828e-05,-1.693413609464287e-05
1.8412110220507427e-08,-1.8263618237286086e-09,-5.612932382619546e-08,9.929796673259668e-06,-3.911866606765457e-05,-1.7198230091489082e-05
1.8208338880390026e-08,-1.1285204126357718e-09,2.5731607338395096e-07,1.0064758772611768e-05,-3.7349651701700164e-05,-1.7431513828088635e-05
1.7616435778718016e-08,-1.777217897708795e-09,5.7773870055241335e-08,1.0182828642694855e-05,-3.566697660343921e-05,-1.7636395873796606e-05
1.7590542643900508e-08,-1.49853796723445e-09,2.267718621573116e-07,1.0285767896346798e-05,-3.406806274940383e-05,-1.781446167664835e-05
0.0,0.0,0.0,1.037373169543443e-05,-3.2548666762010513e-05,-1.796730716208117e-05
1.8297650675067918e-08,-1.735256908014824e-09,1.8771487492857533e-07,1.0447839401564183e-05,-3.110290261882544e-05,-1.809532124836867e-05
1.790074347389406e-08,-2.2359089548703746e-09,-2.0975293662416768e-08,1.0508127153655332e-05,-2.9729704036251213e-05,-1.82001098658702e-05
1.7943945378125656e-08,-1.8770298529791568e-09,1.1178083191666031e-07,1.055642119813771e-05,-2.842349233832294e-05,-1.8283579362762095e-05
1.7757251492190856e-08,-1.6909575293483468e-09,2.7499446008016207e-07,1.0592706286637946e-05,-2.718090017343093e-05,-1.8346212860006375e-05
1.7736760016143804e-08,-2.415618964911508e-09,-7.375208405504469e-09,1.0617769803545736e-05,-2.59995299915112e-05,-1.8390092905350115e-05
0.0,0.0,0.0,1.063208775797797e-05,-2.4876909617087382e-05,-1.841448038242266e-05
1.786369246318559e-08,-2.385870515750725e-09,1.799068652197229e-07,1.0636451863354833e-05,-2.3808537591687823e-05,-1.8422235129363927e-05
1.6997533460342794e-08,-2.2767264660712565e-09,3.42107422702067e-07,1.063104672802709e-05,-2.279228104674458e-05,-1.841266833194123e-05
1.7065423009380354e-08,-2.987317751022671e-09,9.355576549384802e-08,1.0616405137627237e-05,-2.182561171622054e-05,-1.8387708918643967e-05
1.7399493385603832e-08,-3.124426855459581e-09,-2.673738483011986e-08,1.0593395562217592e-05,-2.090580297758574e-05,-1.8348048579905392e-05
1.6254604797696714e-08,-3.1123959025384883e-09,-1.6772572193189858e-07,1.0562563582182675e-05,-2.0031293985389067e-05,-1.8294855873310894e-05
1.62479951841783e-08,-2.6843037242625514e-09,-1.4619894373719755e-07,1.0524362512765479e-05,-1.9198904738687236e-05,-1.82286626690242e-05
1.6239398777956188e-08,-1.8743253698696946e-09,1.9622611625444877e-07,1.0478989546377246e-05,-1.840646033434675e-05,-1.81496075465676e-05
1.611518765088122e-08,-2.156455664156006e-09,1.0313800284414956e-07,1.0426387115463566e-05,-1.7652766198306322e-05,-1.8058650727135837e-05
1.595385128833526e-08,-2.430931211908235e-09,-9.124342880945794e-08,1.036749382636056e-05,-1.6934810542835704e-05,-1.7956923903799175e-05
1.5432051190420218e-08,-2.4267284829193878e-09,-2.8139955149588525e-07,1.0302573239069628e-05,-1.6251644661498277e-05,-1.784473455436321e-05
0.0,0.0,0.0,1.0232382589459021e-05,-1.5601393531119016e-05,-1.772254621379421e-05
1.578587654820092e-08,-1.8056625802515606e-09,-1.9019137114387095e-08,1.0156737305665488e-05,-1.4981644699889593e-05,-1.7591807874917135e-05
1.5286059788384443e-08,-1.8111316811230856e-09,-1.2322384428915045e-07,1.0075692369569149e-05,-1.4391415277254018e-05,-1.7451574633780605e-05
1.4593142861350604e-08,-1.545603752356127e-09,-1.1541975723445291e-07,9.990473548705028e-06,-1.3829922946885387e-05,-1.7303962606087332e-05
1.4248223729960812e-08,-1.5090718353321654e-09,-2.724491085705322e-07,9.900370692432469e-06,-1.3294259562342697e-05,-1.7148097860488257e-05
1.4347195578636925e-08,-5.083057123624503e-10,2.0714180492777599e-07,9.80665990594966e-06,-1.2783747055590115e-05,-1.698518963782371e-05
1.4231991406418344e-08,-1.2115989532633453e-09,-2.0037067218580434e-07,9.708551299069224e-06,-1.2297737706867438e-05,-1.6815777155704188e-05
1.3862908735258703e-08,-6.658208225703161e-10,2.5340171308745995e-10,9.606973986286962e-06,-1.183351812525118e-05,-1.6639596370327577e-05
1.4244453731613153e-08,-5.521425869073766e-10,6.121505754071452e-08,9.50216256718649e-06,-1.139144242386696e-05,-1.6457994714264274e-05
0.0,0.0,0.0,9.3942604504349e-06,-1.0970127675405469e-05,-1.6271188129968195e-05
1.4270455322814618e-08,-5.664244011488338e-10,6.842438555355855e-08,9.28332628076522e-06,-1.0567235732354639e-05,-1.607897033146142e-05
0.0,0.0,0.0,9.169631454475358e-06,-1.0183698884601071e-05,-1.588187307610678e-05
0.0,0.0,0.0,9.05346333224255e-06,-9.817298673374894e-06,-1.5680892177294403e-05
1.4600709970747125e-08,-6.902208344356756e-10,2.492863271727523e-07,8.934712049381356e-06,-9.466926570187254e-06,-1.5474992573957075e-05
1.4214982506787003e-08,-1.408581139885611e-09,-2.1187373347355666e-07,8.813827084065315e-06,-9.133203353817011e-06,-1.5266131303006393e-05
1.4157684686204343e-08,-8.553147959565618e-10,2.568960078552501e-08,8.691277578998244e-06,-8.81375641554664e-06,-1.505361041803753e-05
1.4115049415617359e-08,-9.771553543406422e-10,-1.1510805978563303e-07,8.566718549490847e-06,-8.508569363129725e-06,-1.483802182287413e-05
1.3639626753770224e-08,-8.323155741167359e-10,-1.4470493089087395e-07,8.440647260584454e-06,-8.21685632309931e-06,-1.4619688915240433e-05
1.3667757669899315e-08,-7.571276199149139e-10,-2.6377063942495635e-07,8.312695094454811e-06,-7.937215995312995e-06,-1.4398187307837633e-05
1.3513215720016041e-08,-1.6353136084172662e-10,2.6779362446945346e-08,8.183712879973193e-06,-7.670190114266902e-06,-1.417448578513823e-05
1.3541599143185893e-08,-2.596115947415817e-10,-6.138877952697461e-08,8.053445915879373e-06,-7.414587080934187e-06,-1.3948949457524052e-05
1.2969807561140997e-08,-8.376486954755945e-11,3.981571281800879e-08,7.921933390399569e-06,-7.170153211890223e-06,-1.3721067028701792e-05
0.0,0.0,0.0,7.789462965868132e-06,-6.9353804812599836e-06,-1.3491885774707946e-05
0.0,0.0,0.0,7.656233439234938e-06,-6.710679844345362e-06,-1.3261002405284827e-05
1.3632704730543502e-08,3.771149200791847e-10,2.2869346979573245e-07,7.522525126219513e-06,-6.494989346078244e-06,-1.3029106000367999e-05
1.3084420524765658e-08,1.0582938667867165e-10,1.6473100014795855e-07,7.3876525605753745e-06,-6.2883262205158924e-06,-1.2795570871740529e-05
1.2789833400198165e-08,8.549688445969923e-11,3.0449216488663355e-07,7.252578887117758e-06,-6.089677467138792e-06,-1.2561505036861077e-05
1.265111620179806e-08,-3.722160594678098e-10,6.98565265799261e-08,7.11694418582219e-06,-5.898700770383321e-06,-1.2326796906086783e-05
1.2210937406434626e-08,-4.462435902394534e-10,2.1610698394460792e-08,6.981048300148233e-06,-5.71578111871414e-06,-1.2091464324426415e-05
1.2304055308943912e-08,-3.0960559792237673e-10,1.7609076156093525e-07,6.844994389938627e-06,-5.539059004451644e-06,-1.1855688559504579e-05
1.200570048120531e-08,-3.751862890200672e-10,2.433426749210538e-07,6.708837313089849e-06,-5.3696767804902776e-06,-1.1619812659846966e-05
1.1657871158398722e-08,-5.722253652176849e-10,2.0404022964670092e-07,6.572667715371083e-06,-5.206259364857066e-06,-1.1384001938851945e-05
0.000764996220203218,-3.097460548477576e-08,0.00044153093542901055,6.242942466964858e-06,-4.95146053381751e-06,-1.0812909570788938e-05
0.0007267467753007895,-2.9466158694191435e-08,0.0004186391758004251,6.111893202624143e-06,-4.809539278202219e-06,-1.0585665829746091e-05
0.000690409667379715,-2.7044512400551073e-08,0.00039860015960364517,5.981155328158323e-06,-4.672250208593456e-06,-1.0358515756013667e-05
0.0006558892991152025,-2.5719653171424314e-08,0.0003786252704572949,5.850548498202545e-06,-4.538956910594747e-06,-1.0132386344620758e-05
0.0006230952243590993,-2.4595006159187698e-08,0.00035884641596238396,5.72066220589027e-06,-4.410298923416014e-06,-9.907361152254785e-06
0.001268700366808157,8.072160579806555e-08,0.0007321620215997716,5.437506211815615e-06,-4.198254885827101e-06,-9.416939039373415e-06
0.0012052654384293903,7.631399348631853e-08,0.0006945921719807228,5.3124448678952244e-06,-4.085902035933748e-06,-9.200349058540798e-06
0.0011450022200112215,7.339167137932508e-08,0.0006598626941178156,5.188620784817888e-06,-3.976374241891319e-06,-8.985080023395075e-06
0.0017101386999389514,2.3514159812480877e-07,0.0009861512479208627,4.935046605248487e-06,-3.7888958127564003e-06,-8.545901411055055e-06
0.0016246317813137859,2.249567475346929e-07,0.0009377549320184715,4.816111724914021e-06,-3.6927732104655573e-06,-8.33931118587286e-06
0.0015434002586234648,2.131159373276745e-07,0.0008899558846640641,4.697945211153933e-06,-3.598736000279806e-06,-8.134693567360999e-06
0.0014662305085821282,2.0390153057726538e-07,0.00084645730929217,4.580972386484351e-06,-3.5067665095141642e-06,-7.93153288237808e-06
0.0013929192899152956,1.9304564965505403e-07,0.0008031352380580834,4.464750986888567e-06,-3.4164034449595484e-06,-7.730371933827316e-06
0.0013232736438392096,1.840136239363955e-07,0.0007629785575587802,4.349735605014505e-06,-3.3275242895179054e-06,-7.5305804569141575e-06
0.0012571101817743346,1.7541802655610924e-07,0.0007248296750467766,4.235466226846719e-06,-3.2403548614622432e-06,-7.332200120837204e-06
0.0011942549180899537,1.6771708266991642e-07,0.000689465730923378,4.122283542346252e-06,-3.15456243272932e-06,-7.135832456440946e-06
0.0011345424529331796,1.592829631557576e-07,0.0006548713963654236,4.009366294246655e-06,-3.0702036236791705e-06,-6.940519971055708e-06
0.0010778155372585722,1.5142109398496814e-07,0.0006221967376080285,3.897754451131643e-06,-2.987163909769457e-06,-6.747362962725324e-06
0.0010239248253090761,1.4345294979784798e-07,0.0005902613501297242,3.7868340746641166e-06,-2.90532986798681e-06,-6.555280134520025e-06
0.0009727287095751085,1.371581043582791e-07,0.0005616326278986498,3.6772580369866195e-06,-2.824725822584047e-06,-6.365225935390538e-06
0.0013245839432365334,6.315752908677871e-08,0.000764805856729064,3.4986479817230275e-06,-2.69181970749579e-06,-6.0560633670822386e-06
0.0016393850708016297,-7.059628535939819e-09,0.0009465707146132914,3.330815059641776e-06,-2.567839137035615e-06,-5.7655573189245524e-06
0.0015574155214579336,-6.854478046182404e-09,0.0008989577747129943,3.2297226366213907e-06,-2.5006346226374756e-06,-5.5907446677229376e-06
0.0018225231943644542,-5.087918866219857e-07,0.0010524990994950285,3.076523199413651e-06,-2.38758926329259e-06,-5.325564501712254e-06
0.001731397137427273,-4.834260885035519e-07,0.0009998580127679462,2.9799954457719343e-06,-2.325527043146162e-06,-5.158539910683314e-06
0.0016448274077441906,-4.5943777145398547e-07,0.0009495407514838719,2.8844231795341146e-06,-2.26340569205114e-06,-4.993254834780301e-06
0.0015625855989567336,-4.3646669159429404e-07,0.0009019999009441816,2.7899597948583705e-06,-2.2010206372810337e-06,-4.829792786135508e-06
0.0017508261305604939,-6.653832003717284e-07,0.0010108919367059226,2.6588410025081754e-06,-2.1026203372375986e-06,-4.6028180505504675e-06
0.0016632849121315054,-6.320561316692863e-07,0.000960547190395085,2.5685686563356297e-06,-2.0438668731328745e-06,-4.44653413158392e-06
0.001808436605330993,-4.1646256768588965e-07,0.0010440334004305056,2.4490314503837785e-06,-1.953861245058139e-06,-4.239606004557954e-06
0.0017180145159956214,-3.955815390957704e-07,0.0009919949766960883,2.3627457239974205e-06,-1.897560406831675e-06,-4.090231753210672e-06
0.0018205111899556152,-3.7639645092184697e-07,0.0010514005382260409,2.2537835149509555e-06,-1.8151061020206906e-06,-3.901612201875315e-06
0.0017294854970178746,-3.577522272226385e-07,0.0009982719690238197,2.1712333071873915e-06,-1.760545065150231e-06,-3.7588322444436775e-06
0.0016430111515773843,-3.397343891147412e-07,0.0009488333010914021,2.089678624915699e-06,-1.7052074180619268e-06,-3.6175947022322848e-06
0.0015608605646176103,-3.2276502893893686e-07,0.0009013757945297208,2.009265624908925e-06,-1.6494158103315433e-06,-3.4784106443340284e-06
0.0014828175332840324,-3.066814038376655e-07,0.0008560632970130759,1.929920118522033e-06,-1.5930863555559179e-06,-3.3410954694704633e-06
0.0014086766682742309,-2.9134351187831127e-07,0.0008132772248281566,1.8517079092876676e-06,-1.5362680205104395e-06,-3.205707375159459e-06
0.0013382428525546078,-2.7673520273035806e-07,0.0007729049272277646,1.7746575580870033e-06,-1.4790074626280109e-06,-3.0723085319798815e-06
0.001271330727389674,-2.629201892911858e-07,0.0007340507133780101,1.6988263496333095e-06,-1.4214188754181556e-06,-2.941050887592431e-06
0.0012077642040644572,-2.4978775090102495e-07,0.00069719026740762,1.624174325540113e-06,-1.3634002509056582e-06,-2.811824966262211e-06
0.0011473760006787757,-2.3729601838737077e-07,0.0006624383332274832,1.5507941293648667e-06,-1.305063224696585e-06,-2.684791790099337e-06
0.0010900072037920397,-2.2543122528737813e-07,0.0006293164097613061,1.479713406673686e-06,-1.2478038377642573e-06,-2.561739478994844e-06
0.0010355068466014192,-2.1415967080557238e-07,0.0005978505832235205,1.2729574779591409e-06,-1.2041734012916474e-06,-1.8169310824558026e-06
0.0009837315071289932,-2.0345169345430563e-07,0.0005679580486896699,1.8354039593494585e-07,-1.1788412312218555e-06,2.997291941916598e-06
0.0009345449344948576,-1.9327911413612196e-07,0.000539560141489092,-2.057838121609117e-06,-1.1650265316467453e-06,1.3449293098251725e-05
0.0008878176903630941,-1.836151632311839e-07,0.0005125821301918085,-5.2375567363788e-06,-1.1582188731583187e-06,2.9114929238461707e-05
0.0008434268083142152,-1.744344095998837e-07,0.00048695301994566495,-8.856636842065378e-06,-1.1550929408354233e-06,4.815274573908941e-05
0.0008012554702501479,-1.6571269318222346e-07,0.00046260536564723785,-1.2332806268143815e-05,-1.1528663611435099e-06,6.790926758308243e-05
0.0007611926989769238,-1.5742706224607857e-07,0.0004394750944530875,-1.5154280437382374e-05,-1.1488450488482953e-06,8.546505804929669e-05
0.0007231330661597741,-1.4955571238788167e-07,0.000417501337166437,-1.6989802302721173e-05,-1.1402127966272069e-06,9.824529434118843e-05
0.0006869764148811702,-1.4207792980093455e-07,0.00039662626805508493,-1.7735153609238975e-05,-1.1239260858952198e-06,0.00010460211784171218
0.0006526275960686684,-1.3497403598183668e-07,0.000376794952676735,-1.7526843729909636e-05,-1.0967919684849388e-06,0.00010446711051275856
0.0006199962181034835,-1.2822533692796088e-07,0.0003579552033147862,-1.6734929663391773e-05,-1.0555313372421192e-06,9.992127027296352e-05
0.000588996408947883,-1.2181407246899617e-07,0.0003400574416416318,-1.589455594933693e-05,-1.0071910583211081e-06,9.491892912691712e-05
0.0005595465901651432,-1.157233709865503e-07,0.00032305456824861426,-1.5096374857314439e-05,-9.610408090137254e-07,9.016700582583805e-05
0.0005315692622407358,-1.0993720403284068e-07,0.00030690183870013706,-1.4338268783415484e-05,-9.169829408275059e-07,8.56529657148076e-05
0.0005049908006355745,-1.0444034579026015e-07,0.0002915567457845652,-1.3618226332430348e-05,-8.749240459417948e-07,8.136490143598906e-05
0.00047974126203754883,-9.921833001525624e-08,0.0002769789076529756,-1.293433699683137e-05,-8.347747824423447e-07,7.729150154614392e-05
0.0004557542002995095,-9.425741483499496e-08,0.0002631299615503948,-1.2284786103468168e-05,-7.964497046796761e-07,7.342202070571473e-05
0.0004329664915814614,-8.954454547585046e-08,0.00024997346286130924,-1.1667850011751432e-05,-7.598671014333305e-07,6.974625135640339e-05
0.0004113181682359236,-8.506731965596375e-08,0.00023747478920273864,-1.1081891552653087e-05,-7.249488400484209e-07,6.625449681594345e-05
0.00039075226099770616,-8.081395487014912e-08,0.00022560104931217424,-1.0525355693855464e-05,-6.916202152362161e-07,6.293754571676973e-05
0.0003712146490635241,-7.67732582610289e-08,0.00021432099649072264,-9.99676542482169e-06,-6.598098045975488e-07,5.978664772383963e-05
0.000352653917671482,-7.293459616803265e-08,0.00020360494637635721,-9.494717844680048e-06,-6.294493303558944e-07,5.679349046553064e-05
0.00033502122279713655,-6.928786737283476e-08,0.00019342469882572286,-9.017880447806127e-06,-6.00473525182181e-07,5.395017762097608e-05
0.0003182701626167441,-6.582347494814914e-08,0.00018375346370330908,-8.564987594771956e-06,-5.728200040061304e-07,5.124920809976578e-05
0.00030235665539832886,-6.253230206855108e-08,0.0001745657903815469,-8.134837158107626e-06,-5.464291412157063e-07,4.868345626414977e-05
0.0002872388234958587,-5.9405687620130687e-08,0.00016583750076452146,-7.726287340315595e-06,-5.21243951764481e-07,4.624615314255193e-05
0.0002728768831458017,-5.643540411679605e-08,0.000157545625662133,-7.338253646146616e-06,-4.972099785398635e-07,4.3930868579428116e-05
0.00025923303977263266,-5.361363462682246e-08,0.000149668344344083,-6.969706010020092e-06,-4.742751828138939e-07,4.173149428026949e-05
0.00024627138852919444,-5.09329535638104e-08,0.00014218492711698578,-6.619666065372781e-06,-4.5238983977882894e-07,3.9642227704225685e-05
0.0002339578198112168,-4.838630651962616e-08,0.0001350756807730125,-6.2872045528231815e-06,-4.3150643905218457e-07,3.765755676137487e-05
0.00022225992949425325,-4.5966991735856595e-08,0.00012832189676472002,-5.971438855046244e-06,-4.1157958800840074e-07,3.5772245278773416e-05
0.00021114693365969958,-4.3668642565578395e-08,0.00012190580197257074,-5.671530658910395e-06,-3.9256591943315496e-07,3.398131918865005e-05
0.00020058958758544874,-4.148521102051968e-08,0.00011581051193343541,-5.386683731662212e-06,-3.7442400448224175e-07,3.2280053412538006e-05
0.00019056010878467822,-3.9410950815176685e-08,0.0001100199864072436,-5.1161418096015505e-06,-3.57114266327775e-07,3.0663959398041034e-05
0.00018103210389549157,-3.744040375740405e-08,0.0001045189871666266,-4.859186593804888e-06,-3.405989008784039e-07,2.9128773281695353e-05
0.00017198049922354693,-3.556838411538001e-08,9.929303789550572e-05,-4.615135843790605e-06,-3.2484179786004353e-07,2.7670444641840495e-05
0.000163381474759231,-3.3789965142998086e-08,9.432838609389108e-05,-4.383341569457483e-06,-3.0980846705825765e-07,2.6285125817182312e-05
0.00015521240149351064,-3.210046720764895e-08,8.96119668870251e-05,-4.163188312301721e-06,-2.9546596701026786e-07,2.4969161756294483e-05
0.00014745178186786187,-3.049544415652256e-08,8.513136864414979e-05,-3.954091511359039e-06,-2.817828368279631e-07,2.3719080378293954e-05
0.0001400791932009148,-2.8970672550633196e-08,8.087480031576216e-05,-3.7554959548695236e-06,-2.6872903068100594e-07,2.253158341349017e-05
0.00013307523394598657,-2.7522139250379175e-08,7.68310604053673e-05,-3.5668743053405678e-06,-2.562758554759802e-07,2.1403537704021985e-05
0.00012642147263394773,-2.614603277280188e-08,7.29895074915609e-05,-3.3877257022254446e-06,-2.443959115411629e-07,2.033196693894486e-05
0.0001201003993681701,-2.483873140649789e-08,6.934003222354727e-05,-3.2175744318914196e-06,-2.330630340042936e-07,1.9314043803449205e-05
0.00011409537974765602,-2.3596795192385244e-08,6.587303071878198e-05,-3.0559686656536886e-06,-2.2225223966412628e-07,1.8347082519893085e-05
0.00010839061109073046,-2.2416955462514185e-08,6.257937928835443e-05,-2.902479261433212e-06,-2.1193967305259136e-07,1.742853176421584e-05
0.00010297108085026938,-2.1296108121896504e-08,5.945041042833609e-05,-2.7566986250410237e-06,-2.0210255760055925e-07,1.655596793430606e-05
9.78225271062758e-05,-2.0231302706043464e-08,5.64778900098129e-05,-2.6182396269803684e-06,-1.9271914647303573e-07,1.572708875855381e-05
9.293140103454846e-05,-1.9219738058137968e-08,5.3653995610392526e-05,-2.486734577763679e-06,-1.837686775521212e-07,1.4939707219273226e-05
8.82848312522208e-05,-1.8258751324160007e-08,5.097129592886251e-05,-2.361834249531375e-06,-1.7523132889707424e-07,1.4191745786553263e-05
8.387058994579281e-05,-1.734581388331166e-08,4.842273122926592e-05,-2.2432069511883643e-06,-1.670881774828628e-07,1.3481230935113387e-05
7.967706069162038e-05,-1.647852344326275e-08,4.6001594762079575e-05,-2.1305376463996494e-06,-1.5932115779948514e-07,1.2806287938834033e-05
7.569320788831532e-05,-1.5654597623309643e-08,4.370151511595779e-05,-2.0235271192186455e-06,-1.5191302542671535e-07,1.2165135925530872e-05
7.19085477138991e-05,-1.4871868036600596e-08,4.151643944959987e-05,-1.921891178021782e-06,-1.4484731802610533e-07,1.155608317764992e-05
6.831312053687845e-05,-1.4128274918042932e-08,3.944061756380383e-05,-1.8253599024121645e-06,-1.381083217526781e-07,1.0977522669446347e-05
6.489746470840996e-05,-1.3421861041988361e-08,3.746858676955741e-05,-1.7336769266525624e-06,-1.3168103727180594e-07,1.0427927828544731e-05
6.165259166171387e-05,-1.2750768337119527e-08,3.5595157512438673e-05,-1.646598758850313e-06,-1.2555114778796176e-07,9.905848506115189e-06
5.8569962257472537e-05,-1.211322995593475e-08,3.381539971518602e-05,-1.563894134006528e-06,-1.1970498789106334e-07,9.409907152667228e-06
5.56414643149929e-05,-1.1507568632257894e-08,3.212462980532699e-05,-1.485343401484445e-06,-1.1412951518666162e-07,8.938795184250974e-06
5.28593912606965e-05,-1.0932190339694182e-08,3.05183983880254e-05,-1.4107379407904987e-06,-1.0881228104666381e-07,8.491269528185033e-06
5.0216421851487493e-05,-1.0385581095362238e-08,2.8992478539127056e-05,-1.3398796077773644e-06,-1.0374140511189569e-07,8.066149344091983e-06
4.7705600904710036e-05,-9.866302235076519e-09,2.7542854679843017e-05,-1.2725802094923919e-06,-9.890554832975477e-08,7.662312909693869e-06
4.532032099792682e-05,-9.37298719476821e-09,2.6165712010873347e-05,-1.2086610030084047e-06,-9.429388983541871e-08,7.278694659266174e-06
4.305430507983735e-05,-8.90433775711311e-09,2.485742647296884e-05,-1.1479522230106147e-06,-8.989610284304003e-08,6.914282374527813e-06
4.090158995090874e-05,-8.459120849285428e-09,2.3614555209406168e-05,-1.0902926285916435e-06,-8.570233218005554e-08,6.568114511535703e-06
3.885651057213577e-05,-8.036165033941736e-09,2.2433827506562852e-05,-1.0355290775812071e-06,-8.170317341461075e-08,6.239277665471053e-06
3.6913685156634353e-05,-7.634357023974841e-09,2.13121361866326e-05,-9.835161176411744e-07,-7.788965226632884e-08,5.926904161326774e-06
3.5068001006245296e-05,-7.25263915583161e-09,2.024652943040225e-05,-9.341156021195263e-07,-7.425320517176874e-08,5.630169761725073e-06
3.331460105779451e-05,-6.890007219133316e-09,1.9234203009631518e-05,-8.871963212262134e-07,-7.078566010177466e-08,5.3482914955288055e-06
3.1648871101759925e-05,-6.545506913001388e-09,1.8272492907807402e-05,-8.426336558583504e-07,-6.747922009300837e-08,5.080525589704963e-06
3.0066427638837973e-05,-6.218231683114923e-09,1.7358868309067706e-05,-8.003092448597587e-07,-6.432644513215547e-08,4.826165507659734e-06
2.8563106344588467e-05,-5.907320392769086e-09,1.649092493832865e-05,-7.601106714880088e-07,-6.132023617250078e-08,4.584540086162515e-06
2.7134951110561994e-05,-5.6119545186372656e-09,1.566637873410855e-05,-7.219311649810539e-07,-5.845381981208292e-08,4.3550117618659265e-06
2.5778203634076235e-05,-5.331356713459427e-09,1.4883059838219044e-05,-6.856693165572708e-07,-5.5720733645312174e-08,4.136974892417741e-06
2.4489293527322842e-05,-5.0647891744414186e-09,1.4138906885187242e-05,-6.512288108480576e-07,-5.311481145065965e-08,3.92985415495618e-06
2.3264828922198805e-05,-4.811549484438075e-09,1.3431961578134254e-05,-6.185181696543405e-07,-5.063017079827913e-08,3.733103031980538e-06
2.2101587543918185e-05,-4.570971968525105e-09,1.2760363534860448e-05,-5.874505090261144e-07,-4.826119922536641e-08,3.546202365279127e-06
2.0996508230972776e-05,-4.342423490559566e-09,1.2122345392035924e-05,-6.451871674196412e-07,-4.5683587796801595e-08,4.049670785752715e-06
1.9946682880514192e-05,-4.125302363809425e-09,1.1516228154826867e-05,-1.2861973128368474e-06,-4.268471953930993e-08,8.963702855540225e-06
1.89493487944641e-05,-3.919037380042561e-09,1.0940416777943868e-05,-2.795013618201072e-06,-3.944891244743403e-08,1.9860252768176608e-05
1.800188140992083e-05,-3.7230855910732675e-09,1.0393395968586377e-05,-5.207847132265123e-06,-3.615321171078803e-08,3.606300734863982e-05
1.7101787391747728e-05,-3.536931062288321e-09,9.873726198215702e-06,-8.331511786492141e-06,-3.295405276174788e-08,5.5401321519072556e-05
1.6246698072078383e-05,-3.3600846079725347e-09,9.380039915192589e-06,-1.1776883847921064e-05,-2.9976367230762564e-08,7.499544444744033e-05
1.5434363215747912e-05,-3.1920803581226536e-09,8.911037944993706e-06,-1.501994481484647e-05,-2.731110743897713e-08,9.190922397043156e-05
1.4662645099888492e-05,-3.032476252069204e-09,8.46548607211532e-06,-1.751816253145678e-05,-2.5014753095469103e-08,0.00010376631698392673
1.3929512887318418e-05,-2.880852682973112e-09,8.042211791611249e-06,-1.885879539188481e-05,-2.3113485663571562e-08,0.00010923586054108423
1.3233037283657173e-05,-2.7368099056683413e-09,7.640101224293096e-06,-1.8939847610265503e-05,-2.1606998148623004e-08,0.00010851413340290839
