0.5235987755982988,-0.1,0.1,0.0,-0.2,0.2,-1.6,0.0,0.0,0.0,0.0,0.0,0.0
0.5235987755982988,-0.10066630852404931,0.0996153065942768,-4.725158275698508e-17,-0.18160880302505802,0.3003247548018689,-1.72726371484676,3.521682902848312e-18,-0.016197617083082663,-0.0161976170830814,-0.016197617083082157,-0.016197617083083374,0.0
0.5235603658475368,-0.0984214252767101,0.09521088255963914,-0.02615705334406927,-0.16609529703470188,0.394502977236098,-1.835111488976975,-0.0004929886729387604,0.08280264977131777,-0.1260646669519231,0.08179995311984758,-0.1250619703004543,0.0
0.5235238828881384,-0.09611997990649188,0.09061494159798979,-0.05100451887999814,-0.12460849372601986,0.42850691170435534,-1.9088514258501492,-0.0009140348537147476,0.1848845909459996,-0.24097453431796334,0.1829294970386568,-0.23901944041062206,0.0
0.5234892295042103,-0.09389383149629205,0.08581541490994885,-0.07460807908994839,-0.07074248965077862,0.4297932778354973,-1.9623414990699972,-0.0012710762225721615,0.2863506762535994,-0.3622918875529299,0.28349094663949986,-0.359432157938832,0.0
0.5234563134654207,-0.09181789118637386,0.08083398188916686,-0.09703010573178729,-0.008475273540703612,0.40601062292461587,-1.9992480387505531,-0.0015712517473189848,0.3848809572241738,-0.48997219666965275,0.3811619457553568,-0.4862531852008373,0.0
0.5234563134654207,-0.08564695272567893,0.08439560280025724,-0.11832982993723107,0.14152472645929637,0.25601062292461585,-1.999248038750447,-0.0018210002592818858,0.5348809572241738,-0.3399721966696527,0.5311619457553568,-0.33625318520083736,0.0
0.523441461432687,-0.08454496385162069,0.07888409633423406,-0.13856588925416777,0.23066592891657867,0.15013122260422118,-1.981015054013444,-0.002041266432049426,0.6094520682847807,-0.48997219666965275,0.604957624370078,-0.4862531852008374,0.0
0.5234333496440943,-0.08525992951483014,0.07385970942308406,-0.15779886593388442,0.3273602351145347,0.006725161165733323,-1.9328463231232906,-0.0022201439580471754,0.6278430468344763,-0.6399721966696528,0.6229250821679868,-0.6362531852008374,0.0
0.5234341119188748,-0.08987683342200753,0.06988153044121745,-0.1760864956368277,0.345992166731837,-0.007157653714209115,-1.93621274715653,-0.0023623639594091647,0.5257280977179221,-0.7899721966696528,0.5208499318189234,-0.7862531852008374,0.0
0.5234355746387132,-0.09447997848783489,0.06589965965430628,-0.19346031659627774,0.3507308374749247,0.0066773017263363245,-1.9534757374086142,-0.0024718991612193795,0.4240188799497195,-0.9399721966696528,0.4192170834233331,-0.9362531852008374,0.0
0.5234374475406711,-0.09905471235299047,0.06191016596780964,-0.2099656221624438,0.36673923912518974,-0.005600277047543381,-1.9559656926080808,-0.002552764549563784,0.32317453693463877,-1.0899721966696527,0.3184705256052157,-1.0862531852008375,0.0
0.5234395614725605,-0.10358558037309612,0.057908904313717174,-0.22564564604568066,0.3717387517870856,0.004088051793084718,-1.9694800375991948,-0.002608584783321922,0.22367581527823288,-1.2399721966696526,0.2190821734453537,-1.2362531852008374,0.0
0.5234417506730575,-0.1080668966766098,0.053894349550986334,-0.24054038562678504,0.38364814618810694,-0.0026830652653785907,-1.9736600481057116,-0.0025965050588409692,0.12570227523876515,-1.3899721966696525,0.1212229327160442,-1.3862531852008373,0.0
0.52344365948005,-0.11247299318217807,0.04985961959011368,-0.2546906426734634,0.38989061364810423,0.0014721824003228069,-1.9830050626179188,-0.0026149309348923113,0.03005439588913049,-1.5399721966696525,0.02567471318412337,-1.5362531852008372,0.0
0.5234454489666952,-0.11679915392412803,0.04580345127034219,-0.26813291355055324,0.3985053123013707,-0.0006788416638512339,-1.988476919188614,-0.0026167617679066437,-0.06312662814497501,-1.6899721966696524,-0.06741288081040206,-1.6862531852008371,0.0
0.5234470591931725,-0.12103792415082643,0.041723846575166014,-0.28090253540750704,0.40518146855277604,0.0002643895271813954,-1.9951631514001351,-0.0026043317358488095,-0.1536094309602395,-1.8399721966696523,-0.15781161285379813,-1.836253185200837,0.0
0.5234484308282453,-0.12520544437569067,0.03762513384904076,-0.29303212990407174,0.4168383873097153,-0.01071584944906156,-1.9951631514001353,-0.0025302343090787974,-0.24188996598597973,-1.9899721966696522,-0.24602053409047275,-1.986253185200837,0.0
0.5234492944136856,-0.12926758785810902,0.03349816431987263,-0.30455510322188967,0.4276867086069693,-0.020732263170226015,-1.9951631514001353,-0.0024988957261677727,-0.32690923309278985,-2.1399721966696523,-0.33099471294692917,-2.136253185200837,0.0
0.5234499456746443,-0.13326817660004708,0.029354688832943482,-0.3155005372437351,0.43773130949684114,-0.030222301801434738,-1.9951631514001353,-0.002408625594331762,-0.4100256776750899,-2.2899721966696522,-0.4140771548518064,-2.2862531852008368,0.0
0.5234501142747843,-0.1371448272450381,0.02517798258025921,-0.3258985618168117,0.44715674842986164,-0.038908607925807734,-1.9951631514001353,-0.0023644549652398366,-0.48930928531098955,-2.439972196669652,-0.4933519597856612,-2.4362531852008367,0.0
0.5234500986157962,-0.14095814536534013,0.02098429587245381,-0.33577543262874593,0.4558780093785509,-0.047189282668698346,-1.9951631514001353,-0.0022639405802063516,-0.5666359161739406,-2.589972196669652,-0.5706794082126234,-2.5862531852008366,0.0
0.523449701382564,-0.14467077025714928,0.016763612491239442,-0.3451576827219631,0.464036590676928,-0.05495501612440519,-1.9951631514001356,-0.0021619934704540057,-0.640848773528479,-2.739972196669652,-0.6449130053232868,-2.7362531852008365,0.0
0.523448894370457,-0.14823429300261318,0.012502954511505512,-0.35407073083773705,0.4718453202604776,-0.06214322430727632,-1.9951631514001356,-0.0021087562442776873,-0.7104548941137696,-2.889972196669652,-0.7145612604354217,-2.8862531852008364,0.0
0.5234479759022092,-0.15174306958277675,0.00822762050003021,-0.3625371042767529,0.47901449427507997,-0.06902211026312612,-1.9951631514001356,-0.002002887486829301,-0.7783704797710254,-3.039972196669652,-0.7825247998033071,-3.0362531852008363,0.0
0.5234467666925632,-0.1551437357645049,0.0039233030902710705,-0.3705795428779027,0.4857727793462035,-0.07553200087581224,-1.9951631514001356,-0.0018980260088028542,-0.8429459122596505,-3.1899721966696517,-0.8471633657639754,-3.1862531852008362,0.0
0.5234411668934005,-0.15838312423936857,-0.00042425211101583017,-0.378212686624074,0.49235012946359646,-0.08160644769970336,-1.9951631514001364,-0.0018422322905571145,-0.902435270568708,-3.3399721966696516,-0.9069450925345797,-3.336253185200836,0.0
0.5234305271089027,-0.16150814728799984,-0.004781707106612633,-0.38546432677399667,0.49858493530320663,-0.08737836179484589,-1.9951631514001371,-0.0017843057837076074,-0.9585659341491218,-3.4895143030827325,-0.9633535104892511,-3.4855175372396596,0.0
0.523420422179302,-0.16453265456111432,-0.008912405331946677,-0.3923520731409603,0.5042112875456418,-0.09291330124907812,-1.9951631514001371,-0.0016786210627057247,-1.0135598828944097,-3.63175411179555,-1.0186112510809568,-3.6274935541060582,0.0
0.5234108225882104,-0.1673794446325849,-0.012817310780448213,-0.398895386988377,0.5095560641955428,-0.09819850167178451,-1.9951631514001384,-0.0015761780795223404,-1.065189439970708,-3.7661243819317423,-1.0704914080089085,-3.7616132243905973,0.0
0.5234017030624519,-0.17005594927041082,-0.016509697773596635,-0.4051114950201825,0.5146150162009012,-0.10322972630150046,-1.9951631514001398,-0.0014770022817623405,-1.1135658524976477,-3.8930643880896083,-1.1191058881556482,-3.8883151629286634,0.0
0.5233930371233522,-0.17247000071785462,-0.019989770289406048,-0.41101787531974415,0.5198135113495668,-0.10806299526863383,-1.99516315140014,-0.0014250167797679762,-1.1560369418258414,-4.011869508921874,-1.16180320410455,-4.0068940571402205,0.0
0.5233848046273957,-0.17471743900963269,-0.023281448391564118,-0.41662885881745704,0.5247961273780889,-0.11271665154572807,-1.99516315140014,-0.0013724699697982455,-1.1951742356314432,-4.123966839433238,-1.2011554093835433,-4.118776476178192,0.0
0.5233769861730514,-0.17691195285866224,-0.02640700286309479,-0.4219581779042932,0.529123874558653,-0.1171403575582155,-1.9951631514001409,-0.001277933861472853,-1.2340752125949839,-4.2308737572554085,-1.2402604891552302,-4.225479291192216,0.0
0.5233695564468943,-0.1788402435393553,-0.029352321186295993,-0.4270220370522531,0.5337275167636697,-0.12146451950599116,-1.9951631514001409,-0.0012283523676133302,-1.266714736298539,-4.330539745723667,-1.2730939678153064,-4.324951324703954,0.0
0.5233625004675567,-0.18072992864791018,-0.032150518563334674,-0.4318316603611452,0.5376765663812171,-0.12558002145690245,-1.99516315140014,-0.0011390485677425116,-1.299382885280255,-4.425672650421105,-1.305946314994467,-4.419900031203948,0.0
0.5233557973164735,-0.1824736048786866,-0.03479844263662238,-0.43640080013220195,0.5414451462816822,-0.12953919607883718,-1.9951631514001396,-0.001053927470861276,-1.329015245700179,-4.515353723437225,-1.335753662937404,-4.509406116697056,0.0
0.5233494272852525,-0.18395122257287805,-0.03729330420353144,-0.44074241483168675,0.5456117593959081,-0.1334836022597368,-1.9951631514001398,-0.0010109540381416041,-1.3521809646154825,-4.598577044583432,-1.3590856731940566,-4.592463146501913,0.0
0.5233433778272362,-0.1854201882484089,-0.03966609080956449,-0.4448660030860477,0.5490641209492572,-0.13719297129661515,-1.995163151400139,-0.0009313042875004914,-1.3760430967517194,-4.678219147256517,-1.383105728023773,-4.671947326481519,0.0
0.5233376289118831,-0.18662103465782634,-0.04190149836119501,-0.44878429444079326,0.5529897055479241,-0.14093834828426755,-1.9951631514001391,-0.0008918392911625184,-1.393258133573371,-4.751838894401705,-1.4004708417935907,-4.74541699667854,0.0
0.5233321693903284,-0.1878323191526914,-0.044028910653345604,-0.45250578720120055,0.5561676508247596,-0.1444365284803051,-1.995163151400139,-0.0008177842617262607,-1.4116096875587973,-4.822429919128582,-1.4189649180259167,-4.815865499158518,0.0
0.523326982851365,-0.1889175876041274,-0.04604325337425099,-0.4560412180839268,0.5592327393236233,-0.14784021698162225,-1.995163151400139,-0.0007478536857526867,-1.4272128133576647,-4.8887939900760715,-1.434703439789304,-4.882094174141488,0.0
0.5233220538472055,-0.189733137531873,-0.04794069174448235,-0.4594006858966457,0.5628756280202407,-0.1513488088194497,-1.9951631514001391,-0.0007149744119537373,-1.4359645958699232,-4.949712535639659,-1.443583895252252,-4.942884046754386,0.0
0.5233173713525165,-0.19043576083744193,-0.049738422264568746,-0.46259215147673344,0.5664123167350097,-0.15478233571509187,-1.995163151400139,-0.0006825132907770434,-1.4422410666485235,-5.006889590216063,-1.4499826037869425,-4.9999388635747,0.0
0.5233129247065237,-0.1911819071464873,-0.0514514161402365,-0.46562327541581533,0.5691314385699433,-0.15793952677245052,-1.9951631514001387,-0.0006195099790275392,-1.4504255564198332,-5.061962618724785,-1.458283174422066,-5.054895811219608,0.0
0.5233087003941285,-0.19181690973763796,-0.053074056474619734,-0.46850286007167846,0.5717797083927404,-0.1610415013768962,-1.9951631514001387,-0.0005602958908896636,-1.4561136186332564,-5.113577190351054,-1.4640815134222265,-5.10640010605914,0.0
0.5233046856846051,-0.19218035725619712,-0.05460218463983098,-0.4712391809102152,0.575133804226895,-0.16432951646022365,-1.9951631514001387,-0.000534066131449272,-1.4547243888943229,-5.160376426401706,-1.462797088731903,-5.153094537061182,0.0
0.5233008733086197,-0.19261448608583265,-0.05605969805633126,-0.4738379915808452,0.5776003074061928,-0.16730411968431527,-1.9951631514001387,-0.00047990646741416396,-1.455914875897993,-5.205687660610305,-1.464087098813927,-5.198306248191427,0.0
0.5232972515420313,-0.19294682565042548,-0.05744068974623103,-0.4763068826205887,0.5800277389900295,-0.1702514678226841,-1.9951631514001387,-0.00042928242469513124,-1.4547709292056366,-5.248010703141131,-1.4630376992914573,-5.240534743552366,0.0
0.5232938108531355,-0.19302262263981565,-0.05874199074575713,-0.47865234944819723,0.5798628594539316,-0.16667793502784306,-1.9991034426781584,-0.000382005942746752,-1.4468667991311956,-5.286060694579342,-1.4552233893060866,-5.278494914901506,0.0
0.5232905407273291,-0.19298288398539387,-0.05997456460004846,-0.48088116921058094,0.58306289859065,-0.16984677150012983,-1.9991034426781584,-0.00036356564154434287,-1.4361726128097985,-5.321240801943142,-1.4446145704794269,-5.313589654770569,0.0
0.5232874355561131,-0.19304221672035554,-0.06115144919949394,-0.4829979456946479,0.5853110826346258,-0.17267956160631742,-1.9991034426781584,-0.0003205178468032219,-1.428758990575109,-5.355581620498997,-1.437282009556479,-5.347849412014683,0.0
0.5232844856292985,-0.19301526481818632,-0.06226713181498495,-0.4850089038163612,0.5875145654046532,-0.17547771869209677,-1.9991034426781584,-0.0002804576919431007,-1.4193382427317613,-5.3874947992720505,-1.4279382703289232,-5.379685582171945,0.0
0.5232816831835521,-0.19289947880876018,-0.0633246905449386,-0.48691933381565644,0.589626222829739,-0.1780971779197455,-1.999200370165207,-0.00024321513867814015,-1.4078132279797926,-5.4170492739588045,-1.4164864141606512,-5.409166898275002,0.0
0.5232790208455315,-0.1927402074313,-0.06432884373291095,-0.48873426086803123,0.5922700846456637,-0.1821607930939235,-1.9983964178126525,-0.00020859107476208375,-1.395451514010009,-5.4447306727387526,-1.4041942012255098,-5.436778796020308,0.0
0.5232764916045979,-0.19253982174636433,-0.0652822286801844,-0.4904584611824236,0.5954558819125986,-0.18766207751318834,-1.9967057889780842,-0.00017650672379121993,-1.3823008587853285,-5.470633215121344,-1.3911095725009888,-5.46261531190274,0.0
0.5232740875340656,-0.19218811715062017,-0.06618369438233426,-0.4920969589732867,0.6013189072867966,-0.19801169624150022,-1.9922183572415193,-0.00016765477013747177,-1.3652010141172155,-5.493873668209146,-1.3740724867267724,-5.485793006096645,0.0
0.5232718049251932,-0.1919310693311485,-0.0670439416077019,-0.4936530483845367,0.6053433604305215,-0.2060063052630749,-1.9889250589108678,-0.00013860285890395342,-1.3511426484229263,-5.516657509214092,-1.360073709137782,-5.508517258996292,0.0
0.5232696364287015,-0.19164817475693652,-0.06786100544803128,-0.4951313506306726,0.6097980771980662,-0.21526110653600844,-1.9848112923764978,-0.00011173166699268109,-1.3366756418275751,-5.537998638362897,-1.345663311714005,-5.529801778973523,0.0
0.5232675751552066,-0.19123640655845559,-0.06863393935949082,-0.4965361943483708,0.6169445946196914,-0.22943651624098782,-1.9778103943924346,-0.00010571242484940951,-1.3188445865842986,-5.557075047287473,-1.3278860665577539,-5.548824377811074,0.0
0.523265618109134,-0.19092701938026763,-0.06937154972354148,-0.49787036346114455,0.6220362561337184,-0.24083037229276175,-1.9722440151969864,-8.151161910605115e-05,-1.3042314409770797,-5.575924202102818,-1.3133240101532748,-5.567622443423679,0.0
0.5232637577779199,-0.1905061251502205,-0.0700696437720201,-0.4991382487022625,0.6297733304197828,-0.2571116915754771,-1.963756660580843,-7.667665467894519e-05,-1.2867179229996546,-5.5927754211943,-1.295859056611754,-5.584425098079258,0.0
0.5232619915614692,-0.19018824870987708,-0.07073569306958069,-0.5003423389495152,0.6353048115852364,-0.2702874481054272,-1.9568957128714966,-5.496710651375943e-05,-1.2724152049977433,-5.609498732135064,-1.2816024461550815,-5.601102301474783,0.0
0.5232603125777133,-0.1897754080208648,-0.07136627356559799,-0.5014866197525083,0.6434061943130908,-0.28823739013716004,-1.947131078504598,-5.122176967272865e-05,-1.2556564789979037,-5.624468249275838,-1.2648875504680277,-5.616027988302771,0.0
0.5232587185825196,-0.18946301014917666,-0.07196767992773095,-0.5025733142626663,0.649169552428134,-0.3027744404794092,-1.9391874518781334,-3.179898978911933e-05,-1.2420122467188681,-5.6393726725458535,-1.251284929852998,-5.63089079990878,0.0
0.5232572042621734,-0.1891518033389782,-0.07253896259227026,-0.5036056906309905,0.6550706576441718,-0.31799352056931174,-1.9307028247873033,-1.4061448957759874e-05,-1.2286357023261056,-5.653418992611831,-1.2379479171913796,-5.644897588243614,0.0
0.5232557656336831,-0.18884354536795264,-0.07308164571784206,-0.5045864635652283,0.6610714525102102,-0.33382814538810895,-1.9217069127665618,2.1268455254189666e-06,-1.215565584079096,-5.666664654095239,-1.2249153547196938,-5.658105693951699,0.0
0.5232543979503755,-0.18846645684731378,-0.07359568251123408,-0.505518538944736,0.6694323412656455,-0.3540726287033566,-1.9099219412528505,2.9737758450286604e-06,-1.2007381217748365,-5.678554549768211,-1.2101235961480958,-5.669959885892008,0.0
0.523253099595514,-0.18817798707064107,-0.07408546945553211,-0.5064036903355194,0.6753336549801335,-0.3705587178561182,-1.900221166085915,1.7379538599297758e-05,-1.188646953330068,-5.690429952840128,-1.1980663215986584,-5.681801395068594,0.0
0.5232518661319305,-0.18789618109365874,-0.07455060528090711,-0.5072445987766949,0.681224440176485,-0.3874074875620571,-1.89014967351296,3.0435736688620485e-05,-1.1769384407329713,-5.701647047608858,-1.186390008893004,-5.692986289945882,0.0
0.5232506943158289,-0.18762163831833634,-0.0749923093522012,-0.5080434753856969,0.6870751515554999,-0.4045598355479782,-1.8797383476111096,4.22550124644493e-05,-1.1656203719471705,-5.712245566746264,-1.1751025306749094,-5.703554218515582,0.0
0.5232495810622269,-0.18735546954415572,-0.0754117036211612,-0.5088024218954613,0.6928430583327051,-0.4219135938737626,-1.8690449377535872,5.289476611992683e-05,-1.1547159939471145,-5.722266385427734,-1.164227214453096,-5.713545975418809,0.0
0.5232485225919594,-0.18704032894509606,-0.07580903893477259,-0.5095237028455013,0.7007442237361606,-0.44324217503461927,-1.855724107069368,5.104927536624871e-05,-1.1425743023241053,-5.731274296646316,-1.1521131544749639,-5.722526254992514,0.0
0.5232475178819079,-0.18679609240647038,-0.07618715870747537,-0.5102086556393384,0.7061654901487912,-0.46066153026828627,-1.8446661074171276,6.0465008266884916e-05,-1.1326204654468273,-5.740276022961233,-1.1421855458179764,-5.731501753087141,0.0
0.5232465625752588,-0.18650901855928162,-0.0765453797573769,-0.5108596223296463,0.7136151317454223,-0.48184339814439436,-1.8310676181275578,5.834116311420808e-05,-1.1215889832248218,-5.748374363970495,-1.1311790021274426,-5.739575155564931,0.0
0.5232456558223689,-0.1862849318750612,-0.07688611917013914,-0.5114777963997874,0.7186361962558018,-0.4991849165698185,-1.8197320180157364,6.661576151589156e-05,-1.1125042548857857,-5.756455368072079,-1.1221179448112164,-5.747632488643705,0.0
0.523244794379812,-0.18606800908740917,-0.07720945629124949,-0.5120650733217388,0.723517082937285,-0.5165612959631402,-1.8082220088917338,7.397474477500116e-05,-1.103760388816208,-5.764090633620028,-1.1133965669262835,-5.75524526600701,0.0
0.5232439759818392,-0.18585793513172388,-0.07751628263073722,-0.5126229975230102,0.7282413107874859,-0.5339556807820135,-1.7965384155303674,8.048878960389146e-05,-1.0953414178002043,-5.771303396149305,-1.1049989604047248,-5.762436664041842,0.0
0.5232431984761734,-0.18565450741643863,-0.07780738068156356,-0.5131530361439272,0.7328158911461881,-0.5513515486156294,-1.7847051695589025,8.622322609031e-05,-1.087235451386196,-5.778114622590773,-1.0969132909807293,-5.769227593493297,0.0
0.5232424598174032,-0.18545738290604738,-0.07808353996323737,-0.5136565832255513,0.7372362243709528,-0.5687403271962855,-1.7727256576848225,9.122906793420916e-05,-1.0794265076214122,-5.784544396778654,-1.0891236300975253,-5.775638084799598,0.0
0.5232417573700646,-0.1852281486866854,-0.07834511948253052,-0.5141351594659598,0.7435153971909216,-0.5895371097508596,-1.7583376432757463,8.731253443315822e-05,-1.0708071932838783,-5.790306681594476,-1.0805226533326213,-5.781382032042791,0.0
0.5232410907245142,-0.18504722340237653,-0.0785936485975412,-0.5145896140234415,0.7474295339698049,-0.60655036040846,-1.7462753138475118,9.16565671653395e-05,-1.0636781960910846,-5.79606597472107,-1.0734110590973542,-5.787123922211858,0.0
0.5232404567305903,-0.18483629802701362,-0.07882902441722592,-0.5150215370847402,0.7531862916157565,-0.6269203452031329,-1.7318199742313118,8.777893173268894e-05,-1.0557884404228024,-5.801215121851529,-1.0655378540072975,-5.792256518764092,0.0
0.5232398550745853,-0.18466920518504784,-0.07905258425968631,-0.5154316859966732,0.7566196294610696,-0.6435742100578792,-1.7196810830056601,9.150579291030638e-05,-1.049250710593134,-5.806362281894869,-1.0590158305659694,-5.797387972419092,0.0
0.5232392834747256,-0.18450690893879607,-0.07926457164056291,-0.5158213361122811,0.7598745564423653,-0.6601522760012003,-1.7074389184852266,9.467393653628825e-05,-1.0429405937640648,-5.8112132830102246,-1.0527206355016565,-5.802224051769691,0.0
0.5232242303393391,-0.1843602359268836,-0.07947645595558228,-0.5161770020791209,0.7629736294477274,-0.6767674307628215,-1.6950026355961836,9.785822047209602e-05,-1.0367018305337332,-5.816181216812892,-1.047254184593874,-5.807178365773675,0.0
0.5232102386921413,-0.18421737185026799,-0.0796767292198377,-0.5165152020320918,0.7658799954109515,-0.6932684243205289,-1.6824880910363198,0.00010052398833342453,-1.03068949430125,-5.820844238156493,-1.0419594082649652,-5.811828435756631,0.0
0.5231972415800301,-0.18407822504581553,-0.07986599978016871,-0.516836795164374,0.7685918275033543,-0.7096425357131052,-1.669905617438584,0.00010270737649010097,-1.0248945370687617,-5.82521916119075,-1.0368307212723793,-5.816191042966879,0.0
0.523185175917637,-0.1839427591371923,-0.08004484349151465,-0.5171425979091626,0.771103796055369,-0.7258714779609857,-1.6572696303619374,0.0001044557979873997,-1.019309849622797,-5.829322290315969,-1.0318642768812862,-5.820282460563077,0.0
0.5231739794647802,-0.18381050100148053,-0.08021384697896074,-0.5174333840120419,0.7734285147400041,-0.7419888068461296,-1.6445575428646817,0.00010579391697102868,-1.0139157004503738,-5.833166867061386,-1.0270435635349655,-5.82411590043807,0.0
0.5231635973977734,-0.18368153640126192,-0.08037351460434501,-0.5177098923028463,0.775558313411168,-0.7579659215815218,-1.6317926587909195,0.00010676923496002624,-1.008709255282719,-5.83676807882658,-1.0223685810792187,-5.8277065217325035,0.0
0.5231539764728261,-0.1835558651208518,-0.08052434730448658,-0.517972823964553,0.7774746697868403,-0.77377614392379,-1.6189824914331121,0.00010740808127451149,-1.003685273184219,-5.840140349466537,-1.017836841618726,-5.8310687214553285,0.0
0.5231450662008612,-0.18343309721091627,-0.08066682713347953,-0.5182228450765787,0.779203560717425,-0.7894563838144714,-1.6061164934329692,0.00010774102976503791,-0.998827522236221,-5.843294550227765,-1.013434723805214,-5.834213345362137,0.0
0.523136820173373,-0.1833133298146147,-0.08080139422703506,-0.5184605899564205,0.7807247328050165,-0.8049705289696348,-1.5932107998473093,0.00010779590240881213,-0.9941342053497008,-5.846244105184503,-1.0091628292868888,-5.8371537932518995,0.0
0.5231291937019372,-0.18319638308671246,-0.08092848329222233,-0.5186866606587968,0.7820365991293723,-0.8203219758326805,-1.5802607327293865,0.00010759878298726583,-0.9895956459384978,-5.84900014306541,-1.0050137916446604,-5.8399011708141835,0.0
0.5231221456188985,-0.18308213389295097,-0.0810484941602913,-0.5189016303255913,0.7831446660224617,-0.835512802228347,-1.5672710595557466,0.00010717846710723754,-0.9852041579244698,-5.851573226287136,-1.0009820522619455,-5.842466018542252,0.0
0.5231156367093155,-0.18297046792368812,-0.08116181438487137,-0.5191060436392025,0.7840420609988936,-0.8505373531341323,-1.5542387926577674,0.00010654801628901935,-0.9809524535206168,-5.853973631250414,-0.9970623499253527,-5.8448585919777205,0.0
0.5231096310070255,-0.18286130318119811,-0.08126879727486448,-0.5193004191572643,0.7847368467222954,-0.8653953280703903,-1.541172557021616,0.00010572877783529907,-0.9768345221154616,-5.856210898081191,-0.9932505319947765,-5.847088411405619,0.0
0.5231040941931094,-0.18275458542745776,-0.08136978550592028,-0.519485249188533,0.7852239569937529,-0.8800778664349828,-1.528078446046044,0.00010474833247782596,-0.9728452753726738,-5.858294474507706,-0.989543283122109,-5.849164905733587,0.0
0.523098993505753,-0.18265016111399368,-0.0814651148234154,-0.5196610016211629,0.7854959111441976,-0.8945855994250982,-1.5149465897022616,0.00010361660915206122,-0.968976862552778,-5.860232841470084,-0.9859344451624152,-5.851096537984715,0.0
0.52309425835662,-0.1825278187365439,-0.08155584024674971,-0.5198281627939584,0.7874011646014684,-0.9120227881023907,-1.4994957749848894,9.882720042803334e-05,-0.9646381380715078,-5.861900315046408,-0.9818365321951137,-5.852757598446594,0.0
0.5230899458348286,-0.18242922150670646,-0.08164065118983824,-0.5199870721714924,0.7871448713442398,-0.9259897961785568,-1.4864355427428382,9.770404875351059e-05,-0.961038719075926,-5.863580858525089,-0.9784561826846312,-5.854432052377898,0.0
0.5230859843157277,-0.1823325751221407,-0.08172068494842578,-0.520138175544189,0.7866771617648014,-0.9397812881331391,-1.4733400387455378,9.645539033381824e-05,-0.9575412840184734,-5.865138933388768,-0.9751597897856294,-5.855984336402763,0.0
0.5230823493091247,-0.18223777728456797,-0.08179619728594263,-0.5202818560129943,0.7860127505121256,-0.9534091439742599,-1.4602134164321605,9.509924198796887e-05,-0.9541402862920764,-5.866581113467687,-0.9719430708888416,-5.857421009703385,0.0
0.5230790174820463,-0.18214486293749166,-0.08186743737973243,-0.5204184776017693,0.785125378016469,-0.9668414810580667,-1.4470606641798074,9.36464254593416e-05,-0.9508342060682767,-5.867914842219512,-0.9688057104620208,-5.858749501806834,0.0
0.5230759670624752,-0.18205361230773132,-0.08193464149351291,-0.5205483864486727,0.7840382921451787,-0.9801122988574654,-1.4338712622066991,9.210954838096167e-05,-0.9476143391787718,-5.869145224661864,-0.9657401278253219,-5.859974904490699,0.0
0.5230731778979558,-0.18196404829365004,-0.08199802768477446,-0.5206719118836611,0.7827399789775656,-0.9932017057491382,-1.4206549223266123,9.050301631449737e-05,-0.9444791416812485,-5.870278715384588,-0.9627458186162996,-5.861103659754389,0.0
0.5230706312155775,-0.1818761903394885,-0.08205780031006188,-0.5207893672524403,0.781224350313774,-1.006091836048442,-1.407422687699039,8.883479991199096e-05,-0.9414271116481268,-5.871321347911367,-0.9598222490597698,-5.862141789130428,0.0
0.5230683089875349,-0.1817898804785799,-0.0821141635605081,-0.5209010499913189,0.7794961177967186,-1.0187984296482497,-1.3941637172864003,8.711464858454038e-05,-0.9384516660969472,-5.872277780791668,-0.9569637660380322,-5.863093939791842,0.0
0.5230661947259209,-0.18170505995606165,-0.08216730275474612,-0.5210072432756304,0.777560946342324,-1.0313247667293874,-1.3808816935550972,8.535391597011242e-05,-0.9355492603403783,-5.873152895502839,-0.9541676748810476,-5.863964982390962,0.0
0.5230642729978785,-0.18162175175781384,-0.08221739314799774,-0.5211082164921151,0.7754056725151941,-1.0436473285574703,-1.3675852024575788,8.355644042010732e-05,-0.9327188049763652,-5.873951914916308,-0.9514336816305895,-5.864760129485456,0.0
0.5230625291736516,-0.18153984127089787,-0.08226460674265185,-0.5212042254091276,0.7730312157899165,-1.0557754467082505,-1.354267976031638,8.173388075983654e-05,-0.9299552997624593,-5.8746789055879045,-0.9487575400994785,-5.86548343785916,0.0
0.5230609498596229,-0.1814592965963769,-0.0823090997768299,-0.5212955136692689,0.7704393423854506,-1.0677050374111194,-1.340935135657365,7.989111565212015e-05,-0.9272562765290058,-5.875338119109957,-0.9461374720826105,-5.866139149781143,0.0
0.5230595224290375,-0.18138005296204956,-0.08235102303386439,-0.5213823128154165,0.7676301135510055,-1.0794362092376457,-1.3275858308458959,7.803267715897115e-05,-0.9246183836983253,-5.875933396093332,-0.9435707763918731,-5.8667310970023205,0.0
0.5230582352141095,-0.18130211720622397,-0.0823905157711,-0.5214648430299595,0.7646010366974584,-1.0909573825024803,-1.3142313287841105,7.616788522516435e-05,-0.9220404425498325,-5.876468798355134,-0.9410568750763945,-5.867263332928266,0.0
0.5230570771275026,-0.18122538175693778,-0.08242771587231246,-0.5215433136465967,0.7613518267201492,-1.1022751566087994,-1.3008628541010385,7.429838674224253e-05,-0.9195180100905631,-5.876947464559082,-0.938591896003542,-5.867738988207364,0.0
0.5230560379754604,-0.1811498130172952,-0.08246275019917775,-0.5216179237724841,0.75787927978398,-1.1133838090477859,-1.2874841590916244,7.243074797390819e-05,-0.9170488786147362,-5.877372787358052,-0.9361741560790465,-5.868161447882621,0.0
0.5230551083080578,-0.1810753933701049,-0.08249573700140563,-0.5216888628261886,0.7541843338016282,-1.12427740437351,-1.274102275734668,7.056919973642684e-05,-0.9146313855962929,-5.8777480349267215,-0.9338024789180474,-5.868533972884346,0.0
0.5230542792026976,-0.18100204783089624,-0.08252679223626228,-0.5217563108158186,0.7502632064080538,-1.1349562901642736,-1.260713224836694,6.871756352457733e-05,-0.9122622502128179,-5.87807596634078,-0.9314740426671538,-5.868859315403762,0.0
0.5230535424550342,-0.1809297100536016,-0.08255602248718388,-0.5218204390566757,0.7461253071558528,-1.145429891900006,-1.2473160606820943,6.687787465341827e-05,-0.90993853097234,-5.8783591376313655,-0.929186327631556,-5.869140024915959,0.0
0.5230528904290198,-0.18085842475270367,-0.08258352791940587,-0.5218814104068,0.7417542319193843,-1.1556674730131924,-1.2339263998753176,6.505482367894796e-05,-0.9076605440485603,-5.878600777626326,-0.9269400424429949,-5.869379324024756,0.0
0.5230523159610487,-0.18078806284800683,-0.08260940634660897,-0.5219393797196318,0.737163748474927,-1.1656940119083607,-1.22053201120179,6.324978515983699e-05,-0.9054236386068373,-5.878802705404947,-0.9247309043558546,-5.869579025882838,0.0
0.5230518124704613,-0.18071864601911042,-0.08263374653726123,-0.5219944943204444,0.7323486915624816,-1.1754915120371179,-1.2071459251131373,6.146545462267377e-05,-0.9032275836915694,-5.878967643871464,-0.9225590203602396,-5.869741847760441,0.0
0.5230513737483875,-0.18065010069515078,-0.08265663721447682,-0.5220468941623295,0.7272993263608825,-1.1850566860528693,-1.1937638047526093,5.970624387628608e-05,-0.9010694193930345,-5.879097578979703,-0.9204217493687932,-5.869869770265388,0.0
0.5230509941493743,-0.1805824093889859,-0.08267815702870934,-0.5220967125713787,0.722024514558908,-1.1943892852487983,-1.180391963146006,5.7970942462196876e-05,-0.89894789079952,-5.879194639961213,-0.9183181261128573,-5.869964917520207,0.0
0.5230506683701669,-0.18051554932199876,-0.08269838271932511,-0.5221440761549037,0.716520698095129,-1.20348170494961,-1.1670363836802353,5.626322281893899e-05,-0.896861614390993,-5.8792608600809775,-0.9162470391218119,-5.870029317953573,0.0
0.5230503914780363,-0.18044941872216044,-0.08271738843299578,-0.5221891053753848,0.7107913331182035,-1.2123472727665734,-1.1536863793290575,5.458367466844126e-05,-0.8948069648262861,-5.8792975879695115,-0.9142051159845405,-5.870064315585674,0.0
0.5230501589542738,-0.18038403445931003,-0.08273524109958419,-0.522231914814488,0.7048322624003512,-1.220968663962043,-1.1403552131863273,5.293363514401425e-05,-0.8927837946293254,-5.879306880712742,-0.9121924407666497,-5.870071963119948,0.0
0.5230499665844255,-0.18031933166615977,-0.08275200569173051,-0.522272613406481,0.6986487262070071,-1.2293546377174465,-1.1270394571817286,5.131424622350662e-05,-0.8907896289804439,-5.8792901078575355,-0.9102067545207138,-5.87005362593666,0.0
0.5230498104761552,-0.18025532717576667,-0.08276774290558023,-0.5223113047534867,0.6922277972195973,-1.2374780865057633,-1.113753377863731,4.972646754418214e-05,-0.8888243836118174,-5.879249146723746,-0.9082481722370603,-5.8700111773928905,0.0
0.5230496870266554,-0.18019193292774988,-0.08278251078167684,-0.5223480873754258,0.6855807841262113,-1.2453594371011727,-1.1004879392015798,4.817109255685074e-05,-0.8868849860920595,-5.8791849882199925,-0.9063138058202705,-5.86994560462875,0.0
0.5230495929105472,-0.1801291235514608,-0.08279636366838888,-0.5223830549504993,0.6787053513723533,-1.2529923687053701,-1.0872482906449206,4.664952237707666e-05,-0.8849702022377997,-5.879099001048793,-0.9044025911259302,-5.8698582727659225,0.0
0.523049525058333,-0.18006691705632652,-0.08280935209271685,-0.5224162966077748,0.6715957090246102,-1.2603541232234263,-1.0740493031585583,4.5160700391320334e-05,-0.8830800813264167,-5.878992778903492,-0.902514734276547,-5.8697507720828055,0.0
0.5230494806271008,-0.18000519703852477,-0.08282152545714853,-0.5224478970582349,0.6642636700328813,-1.267474897668719,-1.0608737481774695,4.3705800708944396e-05,-0.8812108221985219,-5.878866845162317,-0.9006465793047964,-5.869623622719754,0.0
0.5230495138644646,-0.1799438316454006,-0.08283985837593535,-0.5224479147164061,0.6567272882335875,-1.274376097218967,-1.0476938086692107,4.445744277634619e-05,-0.8793056171918915,-5.878920153803371,-0.8987396409636249,-5.869676933366526,0.0
0.5230495053383496,-0.17988310385812883,-0.082850267494924,-0.5224779703266011,0.6489277537677451,-1.2809527168432484,-1.0346060867604439,4.300145089133707e-05,-0.8774794194342178,-5.878751122671475,-0.8969127317697655,-5.869506745645492,0.0
0.5230495127304666,-0.17982284279916766,-0.08285999997769164,-0.5225065394242002,0.6409022348673001,-1.2872550217949856,-1.021570683224074,4.158099899084726e-05,-0.8756722538319864,-5.878566210780912,-0.8951040806338347,-5.869320734167549,0.0
0.5230495340152213,-0.17976296032412706,-0.08286909486673973,-0.5225336950550414,0.6326470389290583,-1.2932898494377558,-1.0085781240255574,4.019667920387202e-05,-0.8738812329088342,-5.878365861577328,-0.8933109030441817,-5.869119339585706,0.0
0.5230495673311769,-0.1797034622214469,-0.08287758710589924,-0.5225595067008264,0.6241710972979317,-1.2990546872100424,-0.9956389153323949,3.8847860881916246e-05,-0.8721062060184722,-5.878151125893125,-0.8915331428804418,-5.868903610071703,0.0
0.5230496109691654,-0.17964433400778093,-0.08288551117948659,-0.5225840404082217,0.6154585256767025,-1.3045209247349736,-0.9827668330275464,3.7534914680207156e-05,-0.8703464470711553,-5.877922884745675,-0.8897701607641564,-5.868674424117628,0.0
0.5230497643896003,-0.17958533115626538,-0.08289860052430258,-0.5225841815845114,0.6065491492398704,-1.3097661882940577,-0.9699049490554471,3.811947545049939e-05,-0.8685528037661718,-5.87784366404982,-0.8879685041480809,-5.8685952002723365,0.0
0.523049819346294,-0.1795268002854479,-0.08290525949120417,-0.5226075032799773,0.5973900782311378,-1.3146716129277625,-0.9571566743674922,3.6814524935365457e-05,-0.8668202618290162,-5.877583635394908,-0.8862321944154837,-5.868334273139889,0.0
0.5230498801430261,-0.17946852681563202,-0.08291144851884089,-0.5226296680723455,0.5880003923213065,-1.3192783467622045,-0.944481736702185,3.554628567222645e-05,-0.8650988801689256,-5.877312059455009,-0.884506784445369,-5.868061843119349,0.0
0.5230500651384794,-0.17941032586962405,-0.08292249515704589,-0.5226298419031221,0.5784109031383374,-1.3236363547864942,-0.9318436376592052,3.6094652132043194e-05,-0.8633448939462292,-5.877180296591686,-0.8827431328538524,-5.867930073597186,0.0
0.5230501289375586,-0.17935250213805604,-0.08292761450434427,-0.5226509055734742,0.5685749307155655,-1.3276455455830254,-0.9193305553730899,3.484428271963674e-05,-0.861644758474375,-5.876881412361603,-0.8810388595240253,-5.867630382492634,0.0
0.5230501951624051,-0.1792948298435229,-0.08293234529596934,-0.5226709222404631,0.5585264972828564,-1.331371915860061,-0.9068912000112335,3.363016785397211e-05,-0.8599520209674172,-5.876572504912497,-0.8793418976154929,-5.8673207082760435,0.0
0.5230502629220266,-0.17923733875106226,-0.08293670972306894,-0.5226899434419788,0.5482538086413166,-1.3347734150797965,-0.8945578587146763,3.245249337800949e-05,-0.8582673436700478,-5.876254443156214,-0.8776529539178869,-5.867001917885025,0.0
0.5230503313801018,-0.17917993167299348,-0.08294072761380447,-0.5227080181744085,0.5377593901157007,-1.3378695541910661,-0.8823127026132933,3.1310232165171965e-05,-0.856587758028184,-5.875927047734001,-0.8759691016650242,-5.866673830083948,0.0
0.5230503997823798,-0.1791226145692705,-0.08294441792046604,-0.5227251930229407,0.5270544055373062,-1.340660205850268,-0.8701659593234408,3.020233076937087e-05,-0.8549132702749488,-5.875590910516712,-0.8742903846853524,-5.866337034959154,0.0
0.5230504674367701,-0.17906534232637905,-0.08294779851104381,-0.5227415122505562,0.5161328481972269,-1.3431356535708419,-0.8581233624893791,2.9128794010956884e-05,-0.853242428017864,-5.875246197784053,-0.8726153850252367,-5.865991697094792,0.0
0.5230506756531819,-0.17900796227386795,-0.08295505362858804,-0.522741712179523,0.505011833961077,-1.3453156153465853,-0.8461683407879056,2.9542864202378966e-05,-0.8515419290170892,-5.875011752892593,-0.8709040072774459,-5.865757244544763,0.0
0.5230507338908518,-0.17895072769406073,-0.08295770081873073,-0.5227572102266707,0.4936665952521546,-1.3471424077284433,-0.8343605866548224,2.8483519694722374e-05,-0.849877571077481,-5.874646227366902,-0.8692360150432445,-5.865391125343878,0.0
0.5230509404529743,-0.17889329522395575,-0.08296412422176691,-0.5227574088778231,0.48211873024225227,-1.3486629790440656,-0.8226486191190804,2.8879875251203493e-05,-0.8481819437095263,-5.874387462872966,-0.8675295953485356,-5.865132353240322,0.0
0.523050986757005,-0.17883595872167013,-0.08296611337013593,-0.5227721237842339,0.47035619085732633,-1.3498276338851616,-0.811094620744942,2.783539865042298e-05,-0.8465194095464493,-5.874002214321896,-0.8658640799517922,-5.864746541013401,0.0
0.5230510295841014,-0.17877849165353585,-0.08296787716142343,-0.522786102184955,0.4583852203031734,-1.3506610726017223,-0.7996670414006289,2.6824214586384323e-05,-0.8448547562817725,-5.873609463607126,-0.864196655198937,-5.8643532548357005,0.0
0.5230512274061442,-0.17872076519487684,-0.08297316831099885,-0.5227862928345998,0.44622314590692846,-1.3511737312070446,-0.788363515335575,2.7185689161676122e-05,-0.8431591898657144,-5.873315872368388,-0.8624907530867962,-5.8640596562938505,0.0
0.523051422112195,-0.1786628567490643,-0.08297814303568139,-0.5227864803443838,0.43385964676607314,-1.3513468116143912,-0.777202480371372,2.754826621874334e-05,-0.8414607523801116,-5.873011777637705,-0.8607821427129702,-5.863755554380333,0.0
0.5230514478817386,-0.17860563704846594,-0.08297903327374992,-0.5227997459496513,0.4213165388420984,-1.3512236361280017,-0.7661737043159788,2.6536132229275843e-05,-0.8398094980317792,-5.872595805723235,-0.8591290347649361,-5.863339074307596,0.0
0.5230514651120892,-0.17854785878729004,-0.08297973901349064,-0.522812341384214,0.40857074939517807,-1.350738469986187,-0.755308928501963,2.5557536877619137e-05,-0.8381433715627631,-5.872170202965957,-0.85746152620384,-5.862912989063913,0.0
0.5230514734094637,-0.17848951909258134,-0.08298026887486161,-0.522824299323384,0.39563795751341607,-1.3499132874356747,-0.7446010191578073,2.461139302560815e-05,-0.8364622141534347,-5.871735195654539,-0.8557794775180066,-5.862477523686278,0.0
0.5230514714636538,-0.17843052517483252,-0.0829806276129665,-0.5228356498672487,0.38250873562294596,-1.348712121796341,-0.734076416673197,2.3696829347263084e-05,-0.8347632873751425,-5.871290204602536,-0.8540802175324128,-5.862032097835215,0.0
0.5230516287202861,-0.17837075614236753,-0.08298403526155453,-0.5228358012405908,0.3692054927901532,-1.3471850291571656,-0.723699156187096,2.3996972245476183e-05,-0.8330224720361235,-5.87092668297616,-0.852331185943279,-5.861668570410263,0.0
0.5230515974082098,-0.1783103411221936,-0.08298394350467403,-0.5228465553825427,0.3557038832116633,-1.3452621303342134,-0.7135320342145381,2.309904379397793e-05,-0.8312853829867496,-5.8704577540503236,-0.8505953197608682,-5.861199229531408,0.0
0.5230517284074682,-0.1782490146053953,-0.08298680573723644,-0.5228466807725448,0.34202690054199025,-1.3429912092735028,-0.7035344412429376,2.3386055449377958e-05,-0.8295033088666307,-5.870066522973387,-0.8488064012972772,-5.860807993651226,0.0
0.523051845826556,-0.1781868492221411,-0.08298942570557026,-0.5228467925639602,0.3281736162263489,-1.3403517097944169,-0.6937334898738668,2.3673918291871744e-05,-0.8276986296290738,-5.8696618484217336,-0.8469955872650137,-5.8604033148172405,0.0
0.5230517598379741,-0.17812386872421224,-0.08298865173004853,-0.522856953576666,0.3141321930455091,-1.33731626693768,-0.6841526254303609,2.2779728704198413e-05,-0.8258916012537222,-5.8691534824516705,-0.8451926591664317,-5.859894559614835,0.0
0.5230516584998165,-0.17805987349137703,-0.08298774390046296,-0.5228665871795815,0.2999109873797653,-1.3338939444844429,-0.6747818364781711,2.1916348143359564e-05,-0.8240560177730551,-5.8686334220528025,-0.8433619975751655,-5.859374130186824,0.0
0.5230515411012547,-0.17799485683237312,-0.08298670618352347,-0.5228757182427439,0.2855246839267487,-1.3300933129982178,-0.6656291051700689,2.108324316266035e-05,-0.8221916380861969,-5.8681017300608795,-0.8415033975503745,-5.858842088416272,0.0
0.523051406130511,-0.17792867615898303,-0.08298553607410805,-0.5228843695724924,0.27096248900399655,-1.3258975485159092,-0.6566986397367898,2.0279179429915153e-05,-0.8202943425077587,-5.867557233843985,-0.8396128174637557,-5.858297260797633,0.0
0.523051253027923,-0.17786131969963498,-0.08298423678340847,-0.5228925637004698,0.25623739800287465,-1.3213247940502155,-0.6479861648902385,1.9503451932826143e-05,-0.8183637535944042,-5.866999935232834,-0.8376899082291349,-5.857739648298515,0.0
0.5230510799140926,-0.1777926579589995,-0.08298280504842247,-0.5229003206889149,0.24134463700276212,-1.3163492609400638,-0.6395128551995088,1.8755228187199495e-05,-0.8163961243420161,-5.866428740838541,-0.8357310201982411,-5.857168156761519,0.0
0.5230510571836587,-0.1777225575041417,-0.08298367899775377,-0.5229002938238863,0.22630074638540554,-1.310996579516191,-0.6312637253229162,1.8970985644640863e-05,-0.8143730993659593,-5.865912586037085,-0.8337091830192043,-5.8566520029891675,0.0
0.5230510458358603,-0.17765093383244251,-0.08298599275660304,-0.5229078164905702,0.2110916983963407,-1.3052315735947388,-0.6232709372299401,1.8239090599866154e-05,-0.8122955996986655,-5.865426214772584,-0.8316319876597714,-5.856165343557999,0.0
0.5230510455157027,-0.1775777414150072,-0.08299057391631187,-0.522907812235294,0.19572484218962669,-1.2990648265014129,-0.6155205608253121,1.8445082002845653e-05,-0.8101556278696677,-5.864992783481229,-0.829492032709371,-5.855731912429648,0.0
0.523051045161221,-0.17750290450836184,-0.08299494729491687,-0.5229078079356124,0.18020580124919475,-1.29249351333262,-0.6080259760225095,1.865152510373653e-05,-0.8079699735567115,-5.864540679604498,-0.8273063970687935,-5.855279808717622,0.0
0.5230510342749058,-0.1774262379937867,-0.08299667817392456,-0.522914954944946,0.16452451743999083,-1.2854920344121188,-0.6008091888660775,1.7926362110122456e-05,-0.8057519765469164,-5.863998602317008,-0.8250886946626755,-5.854737457653565,0.0
0.5230510238963363,-0.1773477381408781,-0.08299830198990678,-0.5229217447713616,0.14869950890920858,-1.2780815422057856,-0.5938608258949507,1.722749413521732e-05,-0.8034820964637729,-5.863439283440273,-0.8228190963559531,-5.854177878682672,0.0
0.5230510139984543,-0.1772671798496115,-0.08299982530093647,-0.5229281952591014,0.13271652608553225,-1.2702350199855759,-0.5871946614340534,1.6554211742975724e-05,-0.8011538097321877,-5.86286117376735,-0.8204910793026952,-5.853599521914454,0.0
0.5230510045585972,-0.17718451509778338,-0.08300125394754261,-0.522934323371576,0.11658653719655092,-1.261967099406966,-0.5808049194237792,1.5905419155347652e-05,-0.7987656901473652,-5.862264070757017,-0.8181032178315343,-5.8530021841578765,0.0
0.5230509955536216,-0.17709962777279395,-0.08300259343070349,-0.522940145213514,0.10031434255553527,-1.2532720832908022,-0.5747042421090369,1.5280585688991212e-05,-0.7963143562122067,-5.861647236324693,-0.815652131036785,-5.852385126711446,0.0
0.5230509869608397,-0.17701231177601173,-0.08300384914222882,-0.5229456760907047,0.0838925858159183,-1.2441312941937885,-0.5689029789876735,1.467880614428772e-05,-0.7937938397924396,-5.861009234399718,-0.8131318513824008,-5.851746912918192,0.0
0.5230509787600507,-0.1769224413529353,-0.08300502608690667,-0.5229509305414539,0.06732332194590501,-1.2345467781520123,-0.563401984219563,1.4099407523302616e-05,-0.7912004860239554,-5.860349238149353,-0.8105387245020638,-5.851086715388464,0.0
0.5230509709321283,-0.1768299087573854,-0.08300612886792388,-0.5229559223838129,0.05061377015822913,-1.2245218239329814,-0.5582033839596952,1.3541455973694987e-05,-0.7885311609728678,-5.859666548231449,-0.8078696169311599,-5.850403834250793,0.0
0.5230509704219483,-0.17673453336663295,-0.08300889389589668,-0.5229559192775656,0.03375970870300711,-1.2140515289934957,-0.5533051327989916,1.3681235861456674e-05,-0.7857673538519085,-5.859009608423651,-0.8051058365659539,-5.849746894561984,0.0
0.5230509629079056,-0.17663609171070813,-0.08300978898778763,-0.5229606617149554,0.01676431382452,-1.2031102671536429,-0.5487435287111486,1.313741226858527e-05,-0.7829297255784178,-5.858275314661019,-0.8022684189386371,-5.849012419133404,0.0
0.5230509623456625,-0.17653442513391815,-0.08301229695766892,-0.5229606586841458,-0.00037744284723444793,-1.1917081068366513,-0.5444963457169071,1.327076798205908e-05,-0.7799870039461058,-5.857562405617556,-0.7993257267774329,-5.84829951020604,0.0
0.523050955125556,-0.1764293284850039,-0.08301300823023797,-0.5229651641693296,-0.017660025040221572,-1.1798306195548645,-0.5405904972623814,1.2741011883750625e-05,-0.7769594391583359,-5.856771434847132,-0.7962983663660747,-5.847508366846466,0.0
0.5230509482229968,-0.1763204860158369,-0.08301367071752284,-0.5229694444650265,-0.03509664824874194,-1.1674566529173365,-0.537030200766784,1.2231299847531294e-05,-0.7738245469717909,-5.855950133416594,-0.7931636706028391,-5.846686901452989,0.0
0.5230509475948975,-0.17620784010781407,-0.08301583134844245,-0.5229694416125328,-0.05267170042852005,-1.1546099348412193,-0.5338035035555204,1.2352323324115314e-05,-0.7705688037020803,-5.855142459406799,-0.7899079602357939,-5.845879227552461,0.0
0.5230509409493292,-0.17609094174898754,-0.08301634010432911,-0.5229735080338626,-0.07040139053935876,-1.1412451856090708,-0.5309466933726705,1.1856100765149838e-05,-0.7672034604861123,-5.854254529465511,-0.7865428082182653,-5.844991141841001,0.0
0.5230509402647421,-0.17596975599118256,-0.08301830059015425,-0.5229735052359751,-0.08827233580262879,-1.127398323417913,-0.5284300270703789,1.1971467445953496e-05,-0.7637037045988812,-5.853375159528812,-0.7830430881808697,-5.84411177201148,0.0
0.5230509395305767,-0.1758437176078752,-0.0830201743892678,-0.5229735023831024,-0.10630357433983537,-1.1130097823340628,-0.5262982192786096,1.208707602038661e-05,-0.7600650833905531,-5.852455827182596,-0.7794045054129878,-5.843192439774548,0.0
0.5230509330722546,-0.17571265983457926,-0.08302045398734124,-0.5229773656560589,-0.12448817341886485,-1.098097439986362,-0.5245431918577681,1.1598675413221086e-05,-0.7562943679445489,-5.851451971421595,-0.7756339791711014,-5.842188436025268,0.0
0.5230509322743042,-0.17557622035213682,-0.0830221548673207,-0.5229773628450698,-0.14282939409295817,-1.0826461886456138,-0.5231700845049901,1.1708889781021214e-05,-0.7523580049596174,-5.850447354271139,-0.771697657955258,-5.84118381898249,0.0
0.5230509260306311,-0.17543397457069407,-0.08302232369208914,-0.5229810330541418,-0.16132961707826884,-1.066634568544719,-0.5222035530020587,1.1233909602959237e-05,-0.7482664445035049,-5.849353920800898,-0.767606282891921,-5.840090244919564,0.0
0.5230509200426408,-0.17528552730705055,-0.08302247306584656,-0.522984519800743,-0.18000133933190074,-1.0500586109358365,-0.5216332028144606,1.0777366608079972e-05,-0.7439967187250385,-5.848212039424908,-0.7633367361846939,-5.8389482299786835,0.0
0.5230509142953389,-0.1751303168880763,-0.08302260437734264,-0.5229878322529271,-0.1988486728050996,-1.0328839822146956,-0.521487119166968,1.033845330666237e-05,-0.7395326662218642,-5.8470174132616295,-0.7588728568628824,-5.837753476927116,0.0
0.5230509133994331,-0.1749680928353899,-0.08302399614080365,-0.5229878296399112,-0.21786504552175734,-1.0151337283083937,-0.5217485108796346,1.043352441451123e-05,-0.7348572727811407,-5.845804810730283,-0.7541975102979674,-5.8365408744958645,0.0
0.5230509124397968,-0.17479803896926155,-0.08302532720700548,-0.522987826958557,-0.23706577579681232,-0.9967504612023407,-0.5224622389515768,1.052880298648696e-05,-0.729957206304317,-5.844530004576745,-0.749297494026969,-5.835266068445039,0.0
0.5230509067911937,-0.17461965060713278,-0.08302530530575788,-0.5229909738589441,-0.25645961520363986,-0.977735766353612,-0.5236179280576592,1.009776919523816e-05,-0.7248278729616549,-5.843151999993327,-0.7441683350542622,-5.833887943315033,0.0
0.523050905744851,-0.17443207896603163,-0.08302651405557535,-0.5229909711792321,-0.2760588260253388,-0.9580456586061964,-0.5252438919562735,1.0188469749486962e-05,-0.7194250390362644,-5.841738412275234,-0.7387655558616258,-5.832474355699589,0.0
0.5230509046248097,-0.17423486303117117,-0.08302767063845172,-0.5229909684226709,-0.295855383074067,-0.9376981412485308,-0.5273324474539414,1.0279298297575122e-05,-0.7137452920117319,-5.840248855608721,-0.733085867420632,-5.830984799138671,0.0
0.5230508990305046,-0.17402675996224143,-0.0830275211503267,-0.5229939579975282,-0.3158745080223227,-0.9166199417098345,-0.5299338106110852,9.856348117688879e-06,-0.7077625195278705,-5.838637735637596,-0.7271032724983792,-5.829373564647541,0.0
0.5230508936302946,-0.17380688863519198,-0.08302736987925524,-0.5229967980942422,-0.336129227372605,-0.8947998263385228,-0.5330439120422907,9.45011146924051e-06,-0.7014413761362812,-5.836935692275351,-0.720782302260571,-5.827671412491269,0.0
0.5230508884121359,-0.1735742953894517,-0.08302721724073761,-0.5229994961798029,-0.35661869483568265,-0.8722246780859292,-0.5366767254976684,9.059968621064144e-06,-0.6947544367079321,-5.835135373869207,-0.7140955319209492,-5.825870990731041,0.0
0.5230508833621014,-0.17332754192767513,-0.08302706374337307,-0.5230020593466749,-0.3773653382813271,-0.8488422551736148,-0.5408608999344418,8.685260851297021e-06,-0.687660339994314,-5.8332256892872465,-0.7070016006864618,-5.8239612079632535,0.0
0.5230508820450267,-0.17306527387517526,-0.08302796095821156,-0.5230020567091498,-0.39837695927393385,-0.8246267401647811,-0.5456137194380121,8.759691152857072e-06,-0.6801120687708677,-5.8312263711785395,-0.6994533983292102,-5.82196188995558,0.0
0.5230508806215065,-0.17278572250367233,-0.08302881958644079,-0.5230020539626113,-0.41967737598965094,-0.799530195757456,-0.5509613224462679,8.83422510601846e-06,-0.672067124649773,-5.829092489460414,-0.6914085286360632,-5.819828008342665,0.0
0.5230508790796247,-0.17248694835980763,-0.08302964137557625,-0.5230020510959705,-0.4412793307390333,-0.7735084657534004,-0.5569341471594621,8.908815578539923e-06,-0.6634697263906982,-5.826809118786148,-0.6828112109892608,-5.81754463777821,0.0
0.5230508774051472,-0.1721666154928968,-0.08303042801635478,-0.5230020480941484,-0.4632037352163919,-0.7465079247954995,-0.5635658922994421,8.983509632079837e-06,-0.6542526921665959,-5.824358270600498,-0.6735942643054943,-5.815093789707549,0.0
0.5230508755818154,-0.17182204929506936,-0.08303118109264322,-0.5230020449418852,-0.4854714540238341,-0.7184762290850887,-0.570886860288974,9.058250502297925e-06,-0.6443391031053776,-5.821719338314999,-0.6636807705621417,-5.812454857542802,0.0
0.5230508735908549,-0.17145015610856257,-0.08303190209243277,-0.5230020416200547,-0.5081037897462127,-0.689363019903996,-0.5789265142685746,9.133057489595467e-06,-0.633639991563982,-5.81886847686726,-0.6529817630970883,-5.80960399622231,0.0
0.5230508678289972,-0.1710467238749647,-0.08303150061441178,-0.523004476122593,-0.5311375675780906,-0.6590708105172468,-0.5877478044548887,8.751341394694061e-06,-0.6220426153835409,-5.815741855692167,-0.6413845944891146,-5.806477281790063,0.0
0.5230508655462122,-0.17060781285876603,-0.08303215422702588,-0.523004472577364,-0.5545705851543153,-0.627581307816215,-0.597367033270421,8.82254931704845e-06,-0.6094169722845171,-5.812371574716217,-0.6287590707113067,-5.803107000949918,0.0
0.5230508630221912,-0.17012744174726915,-0.08303277966592683,-0.5230044687892045,-0.5784509282283012,-0.5947889488940133,-0.6078433940148189,8.893810733860745e-06,-0.5955993884329172,-5.808680347235666,-0.6149416187852802,-5.799415773614479,0.0
0.5230508568175791,-0.16959871243328314,-0.08303232220184557,-0.5230067810288593,-0.6027933333451798,-0.5606123845218165,-0.6192460915301146,8.52051155360654e-06,-0.5803996129834802,-5.804584625599221,-0.5997420787082065,-5.795319963404337,0.0
0.5230508506113859,-0.16901383668862732,-0.08303187905951198,-0.5230089774130021,-0.6276078612473329,-0.5250188527045591,-0.6315941730023896,8.162313014796448e-06,-0.5635852788430288,-5.80005577575793,-0.5829279844606862,-5.790791029427363,0.0
0.5230508443636294,-0.16836229697001534,-0.08303144963553051,-0.5230110636892626,-0.6529079926618744,-0.4879329234232711,-0.6449513404225735,7.818709766795052e-06,-0.5448539661673297,-5.79501256867029,-0.5641969180658014,-5.785747742421882,0.0
0.5230508409438284,-0.16763123829494223,-0.08303195336209472,-0.5230110591945419,-0.6786932845152351,-0.4493151554008798,-0.6593553737540949,7.880017371245515e-06,-0.5238289777143301,-5.789382143468011,-0.5431721083345896,-5.780117317391779,0.0
0.5230508341322223,-0.16680477684955225,-0.08303150834060301,-0.5230130403942709,-0.7049244750966596,-0.4091773105719613,-0.674835575274658,7.5473536642721995e-06,-0.5000680339580553,-5.782987818036232,-0.5194114443231199,-5.773722916067269,0.0
0.5230508271180138,-0.16586451044649286,-0.08303107666924,-0.5230149220475256,-0.7315040605663371,-0.3676676538151256,-0.6913417176844592,7.22833327674896e-06,-0.4730346091209552,-5.775715123196484,-0.4923783136220824,-5.766450149148063,0.0
0.5230508198320464,-0.16478715792651222,-0.083030657557347,-0.5230167090505716,-0.7582840000552727,-0.32501723830462176,-0.7087888448846631,6.922351003102732e-06,-0.44205927643434983,-5.767384269506495,-0.4614032928859209,-5.758119227004328,0.0
0.5230508122054098,-0.16354670321482623,-0.08303025021271207,-0.5230184060499142,-0.784995661037427,-0.28170536306643135,-0.7269670555841887,6.628925715650594e-06,-0.4063939688324184,-5.757794349654453,-0.4257383184686774,-5.748529242146263,0.0
0.5230508041772689,-0.16211612981085677,-0.08302985392616984,-0.5230200174652317,-0.8112217993101788,-0.2385236609683819,-0.7455021865185988,6.347572061367594e-06,-0.3652618523746287,-5.746736733845954,-0.38460655943674804,-5.737471564610161,0.0
0.5230507957244842,-0.1604752060283125,-0.08302946828879723,-0.5230215475303739,-0.8363592880408244,-0.1967106987340693,-0.7637578313009157,6.077785348079092e-06,-0.31808118371479505,-5.734055190210871,-0.3374262734898848,-5.724789962363711,0.0
0.5230507868692523,-0.15861436615319258,-0.08302909325245415,-0.5230230003108395,-0.8597065375008547,-0.15774326512188347,-0.7809595498742249,5.819133616654029e-06,-0.2645769094355737,-5.719675855128147,-0.28392240589611445,-5.710410571630122,0.0
0.5230507797457583,-0.15654580464252468,-0.08302939272332825,-0.5230229924554398,-0.8805930890958862,-0.12315153518610714,-0.7962457923942805,5.862097993761319e-06,-0.20509457428838318,-5.703711952248348,-0.22444044297120633,-5.694446669051236,0.0
0.5230507719955505,-0.1543045227802688,-0.08302967409940287,-0.5230229839723015,-0.8985809813444735,-0.09403910694069581,-0.8089530480870021,5.905093929818549e-06,-0.14064592663863681,-5.686413858709447,-0.15999220028884947,-5.677148575837293,0.0
0.5230507617322828,-0.15193439183938895,-0.08302927324804082,-0.523024362376084,-0.913643898484918,-0.07067740999173132,-0.8188370674607559,5.652875270204947e-06,-0.07249755545023515,-5.668101258882931,-0.09184431214929915,-5.65883592320902,0.0
0.5230507536097811,-0.1494813206233173,-0.08302952266877336,-0.5230243535596606,-0.9260710995269789,-0.05264539031630508,-0.8260259838572439,5.693730343139781e-06,-0.001959311196444269,-5.649166901793865,-0.02130649231332081,-5.63990156645768,0.0
0.5230507433571309,-0.1469779591134699,-0.08302912465431539,-0.523025662614501,-0.9363396711455763,-0.039072733476357334,-0.8309164079850737,5.449930257186956e-06,0.07002002134275333,-5.629825633517535,0.05067235507485658,-5.620560248036104,0.0
0.5230507353352987,-0.14444660806700801,-0.08302934838777822,-0.5230256539349728,-0.9449375882336525,-0.029013118237491704,-0.8339653147495533,5.488793007944346e-06,0.1428089383442129,-5.610286094317268,0.12346085291975209,-5.60102070916832,0.0
0.5230507272400263,-0.14190081427992782,-0.08302956131792166,-0.5230256451819713,-0.9522827328337361,-0.02162008033521233,-0.8355999154683654,5.527630783650498e-06,0.2160130631723567,-5.590634723437372,0.19666455475417077,-5.581369338623719,0.0
0.5230507172537898,-0.139346849781179,-0.08302915900333073,-0.5230268886397632,-0.9587107402584141,-0.016207087949368808,-0.8361742716414119,5.2901273828269455e-06,0.2894474048683619,-5.570902594454689,0.27009842269596573,-5.56163716200858,0.0
0.5230507077281066,-0.13678957940599043,-0.08302877566614932,-0.5230280699219341,-0.9644716616939669,-0.012251449321885651,-0.8359578160722952,5.062530198536882e-06,0.36297693990944807,-5.551145482711033,0.3436275056468423,-5.541880005014195,0.0
0.5230506986487451,-0.13423125730287916,-0.08302841047031585,-0.5230291921433576,-0.9697535325105386,-0.009362577396013256,-0.835155286844285,4.844491737186156e-06,0.43653684591873537,-5.531380769797175,0.41718698060620996,-5.522115249112018,0.0
0.5230506899964442,-0.1316723613736655,-0.08302806256452196,-0.5230302582586712,-0.9746894586385506,-0.007251345188562859,-0.8339217416933933,4.635603562052938e-06,0.5101133750922938,-5.511612121470213,0.49076309887767977,-5.502346559945962,0.0
0.5230506817551983,-0.12911425783345945,-0.08302773116279963,-0.5230312710771529,-0.9793833935114824,-0.005707466743177107,-0.8323623080872397,4.435471504666019e-06,0.5836672373086482,-5.491850064525638,0.5643165696117319,-5.482584464203904,0.0
0.523050673903504,-0.12655601655255422,-0.08302741546125383,-0.5230322332604835,-0.9839009335616387,-0.004577615044851913,-0.8305666602723196,4.243779872184749e-06,0.657225172016311,-5.472087393878151,0.6378741312361339,-5.462821756698588,0.0
0.5230506677754257,-0.12399809674021922,-0.08302756270452732,-0.5230322266609109,-0.9882962926890059,-0.003749524921207498,-0.8285906832825649,4.272340591163169e-06,0.7307774112124742,-5.452340497945138,0.7114260502292988,-5.443074861018381,0.0
0.5230506602777746,-0.12144003232344984,-0.08302725458725234,-0.5230331407470674,-0.9926050297169962,-0.0031424896386781946,-0.8264812447984883,4.087285230452977e-06,0.8043303102980635,-5.432579409094721,0.78497859287397,-5.423313737152568,0.0
0.5230506544232001,-0.1188835727160768,-0.08302738766705998,-0.5230331344462034,-0.9968594555703487,-0.0026973336027706074,-0.8242645093682871,4.1144194456817235e-06,0.8778404456876969,-5.412843379965941,0.8584884223518241,-5.403577708265151,0.0
0.5230506472697681,-0.11632768742802985,-0.08302708750723052,-0.5230340028448948,-1.0010741115221855,-0.0023708889840755873,-0.8219700207726427,3.935837422617225e-06,0.9513307387360238,-5.3930993443413655,0.9319783751809767,-5.383833639375303,0.0
0.5230506404582813,-0.11377259245207286,-0.08302680160236398,-0.5230348278324427,-1.0052652967929712,-0.002130853015848842,-0.819612095599209,3.7648099791511728e-06,1.0247984088255062,-5.3733618196920165,1.0054457212414907,-5.364096083123608,0.0
0.5230506351289886,-0.111217219404349,-0.08302691557151053,-0.5230348221041469,-1.009443888548916,-0.001953842380709671,-0.8172028787444501,3.789268618001576e-06,1.0982771393812718,-5.353633629541348,1.078924173332649,-5.344367893192371,0.0
0.5230506297862517,-0.10866215584190994,-0.08302702425661763,-0.5230348163621193,-1.0136157818466227,-0.0018238249799777013,-0.8147538774615062,3.81372617082938e-06,1.1717469303798955,-5.333907676769837,1.1523936851642123,-5.324641940640816,0.0
0.5230506244299604,-0.10610721717621684,-0.08302712791773678,-0.5230348106061838,-1.017786193173965,-0.0017284409055821869,-0.8122724933526424,3.83818653025594e-06,1.24521309152803,-5.3141825435425645,1.2258595664370702,-5.304916807634033,0.0
0.5230506190630662,-0.10355365559557785,-0.08302722680798111,-0.5230348048397736,-1.021961082252763,-0.001658016525567163,-0.8097605141072712,3.8626200675859165e-06,1.3186396190280645,-5.29446790598484,1.2992858135078393,-5.2852021702971985,0.0
0.5230506125218533,-0.10099890007590782,-0.08302693311985943,-0.5230355886098449,-1.0261410249473537,-0.0016063561665173025,-0.8072255980348612,3.693922267848707e-06,1.3920974614014208,-5.274732775804888,1.3727433443844788,-5.265467010093797,0.0
0.5230506073947913,-0.09844437644714416,-0.083027022451616,-0.5230355831046218,-1.0303246093249927,-0.0015687789848984684,-0.8046733807523438,3.7171352676910617e-06,1.4655515715196978,-5.255010434017716,1.4461971866052628,-5.245744668517511,0.0
0.5230506011582561,-0.09589143834829905,-0.08302673825883049,-0.5230363277045595,-1.0345229012528596,-0.001540861561724762,-0.8020957187886105,3.5544627565138157e-06,1.5389572212941496,-5.23528960858747,1.5196025392899144,-5.226023814564283,0.0
0.5230505962646043,-0.09333753013065574,-0.08302681896282325,-0.5230363224534538,-1.0387274829898303,-0.001520552212818892,-0.7995043620228591,3.576485794708104e-06,1.6123935628152766,-5.215571769820793,1.5930386251097566,-5.206305975998757,0.0
0.5230505913612388,-0.09078421790655873,-0.08302689598501495,-0.5230363171925222,-1.0429434614871582,-0.0015057872762467184,-0.7968958973388263,3.598498070109966e-06,1.685812738746158,-5.195858426828184,1.6664575448318146,-5.186592633207676,0.0
0.5230505853992693,-0.08822976206815623,-0.08302661736721256,-0.5230370245813191,-1.0471671000410316,-0.0014950696172076636,-0.7942755889372448,3.440571196946869e-06,1.759262066185447,-5.176126040492771,1.739906588091097,-5.1668602197747076,0.0
0.5230505807203611,-0.08567683668631845,-0.08302668692843597,-0.5230370195644226,-1.0514035786052527,-0.0014873255860322664,-0.7916387491133466,3.4614549706761933e-06,1.8326700550875408,-5.156415469199384,1.8133143325127556,-5.1471496486735,0.0
0.5230505760305476,-0.08312318191169255,-0.08302675333764167,-0.5230370145365092,-1.0556523817775898,-0.001481685299633648,-0.7889873290878621,3.4823285646992655e-06,1.9060989929506134,-5.136699174876902,1.8867430253255943,-5.12743335454362,0.0
0.5230505713329908,-0.08057038135038212,-0.08302681674181793,-0.5230370095010008,-1.0599108097416061,-0.0014775333670351252,-0.7863234165143134,3.5031758375436775e-06,1.9795033454986848,-5.116989389663913,1.9601471324188604,-5.1077235695235235,0.0
0.5230505656314626,-0.07801687240132527,-0.08302654133539088,-0.5230376815527552,-1.064176307316245,-0.001475231898871997,-0.7836516626797796,3.3488667105897573e-06,2.05292546417108,-5.097264404986237,2.033568979155383,-5.087998559101929,0.0
0.5230505602056451,-0.07546361204204408,-0.08302627909602603,-0.5230383200113429,-1.068455622536161,-0.001473283858289511,-0.7809643375444625,3.2012049268480013e-06,2.1263405298468863,-5.077541717356359,2.1069837860034846,-5.068275847014969,0.0
0.5230505550409745,-0.07290972642191504,-0.08302602938263672,-0.523038926554377,-1.0727433711876926,-0.0014721408401540573,-0.7782676166577468,3.059927448888348e-06,2.19977366480573,-5.057814560900479,2.180416674546671,-5.048548667324578,0.0
0.523050550128411,-0.07035727414266975,-0.08302579159943996,-0.5230395027807366,-1.0770401179784042,-0.001471670592507195,-0.7755605189055454,2.9247592885883627e-06,2.273165671210241,-5.038098814159448,2.2538084465368398,-5.02883289851036,0.0
0.5230505462615045,-0.06780379463563356,-0.08302583994934824,-0.523039498644251,-1.081350444567558,-0.001470952166803002,-0.7728388302149528,2.9416777859208878e-06,2.3465894078454177,-5.018383351666769,2.3272319811203435,-5.009117436176134,0.0
0.5230505415798216,-0.0652509598236517,-0.08302561107184199,-0.5230400460737645,-1.0856650763197304,-0.001471042551645962,-0.7701117838376709,2.811500555831213e-06,2.4199924767901146,-4.998664906055218,2.4006348266019923,-4.989398969594502,0.0
0.5230505371247772,-0.06269780390345112,-0.08302539314363745,-0.5230405661392059,-1.0899922551423036,-0.0014711696335125467,-0.7673717368255244,2.6869757277999646e-06,2.493404858006023,-4.978944294956934,2.4740469951395525,-4.969678338574355,0.0
0.5230505336178132,-0.06014558932226628,-0.08302543434997436,-0.5230405623917322,-1.0943260431895776,-0.0014710563176500147,-0.7646228846817184,2.7021952854413045e-06,2.566792157889753,-4.959238393314268,2.5474341117792907,-4.9499724370752425,0.0
0.523050529374171,-0.05759265769625716,-0.08302522474504682,-0.523041056468643,-1.0986707378690004,-0.0014715109167533962,-0.7618635210983735,2.5823060834475087e-06,2.640198148796241,-4.939519752364705,2.620839900049317,-4.930253777199345,0.0
0.5230505253386771,-0.05504103509690246,-0.08302502516958174,-0.5230415258511903,-1.103025735376433,-0.0014715556343473026,-0.75909194576991,2.4676228293764316e-06,2.713566572086433,-4.919811506752287,2.6942081306246326,-4.910545513606548,0.0
0.5230505214988737,-0.05248879855869898,-0.08302483513523665,-0.5230419717710071,-1.1073850518767414,-0.001471949010769025,-0.75631530480777,2.357942639727683e-06,2.7869527176310656,-4.900098794173796,2.7675940927727103,-4.890832783946451,0.0
0.5230505178462043,-0.04993657806110106,-0.08302465419488264,-0.5230423954019211,-1.1117535945365755,-0.0014721346303299162,-0.7535282940747692,2.2530445119639083e-06,2.860338467626769,-4.880386466235613,2.8409796682884183,-4.871120439780472,0.0
0.5230505143726144,-0.04738516688294053,-0.08302448191324273,-0.523042797858904,-1.1161303518158978,-0.0014726446536657116,-0.7507323541213282,2.1527327618379615e-06,2.9337010088065676,-4.8606806358099375,2.914342043526962,-4.851414593938097,0.0
0.5230505110681208,-0.04483332448752243,-0.08302431787346361,-0.5230431801992502,-1.120513273184223,-0.001472647668883359,-0.7479284584538013,2.056797243958601e-06,3.007076008836425,-4.84097171206062,2.9877168856735734,-4.831705655542677,0.0
0.523050507925827,-0.0422821904310032,-0.0830241616857932,-0.5230435434295201,-1.1249043221910202,-0.001472994451676081,-0.7451157097897556,1.9650657139215092e-06,3.0804306978448075,-4.821268482968095,3.061071424535204,-4.812002412536089,0.0
0.5230505054484667,-0.03973208852845138,-0.08302418799446468,-0.5230435407909116,-1.1293056991841965,-0.0014727816820631922,-0.7422906319350117,1.9755976028705192e-06,3.1537571068357755,-4.801578464016938,3.1343977040808104,-4.792312393686008,0.0
0.523050502968091,-0.0371815762280106,-0.08302421310883185,-0.5230435381492189,-1.1337070023621199,-0.0014732710109095885,-0.739464864551348,1.9861244533516068e-06,3.2270953072979744,-4.781885241629152,3.2077357749400957,-4.772619171399416,0.0
0.5230504999753468,-0.034631402652176894,-0.08302406177094028,-0.5230438832362507,-1.1381221401457118,-0.0014729913347266983,-0.7366237425446917,1.8973242405088236e-06,3.300422412184039,-4.762189567459812,3.2810627367924745,-4.752923484011016,0.0
0.5230504971298813,-0.032081818193460815,-0.08302391767596735,-0.5230442110754524,-1.1425375270989642,-0.0014734294923267248,-0.7337812875789036,1.8124317812951838e-06,3.37373262983181,-4.742498649910745,3.3543728184353476,-4.733232553903592,0.0
0.5230504944247738,-0.02953302946470217,-0.0830237804892135,-0.5230445225293615,-1.1469628736001671,-0.0014733370077620333,-0.7309271348809169,1.7312671637088764e-06,3.4470200168369693,-4.722814074759706,3.427660076136116,-4.713547966821858,0.0
0.523050491852694,-0.026984419963894262,-0.08302364987553887,-0.523044818416376,-1.1513935967379776,-0.001473179815365234,-0.7280660560090231,1.6536744767274657e-06,3.5203022978123766,-4.703131072036082,3.5009422341562644,-4.693864952763853,0.0
0.5230504898235978,-0.02443691608113276,-0.08302366882926582,-0.5230448162591665,-1.155829378164633,-0.0014732407296959812,-0.7251984760907778,1.6621865327323352e-06,3.593553934002565,-4.683460901207643,3.5741937643236334,-4.674194782018049,0.0
0.5230504877931871,-0.021889626491818675,-0.08302368693065972,-0.5230448141007645,-1.160271186994247,-0.0014729404090906466,-0.7223229888136604,1.670682562223111e-06,3.6667994017691328,-4.663792360403101,3.647439125998709,-4.654526241296188,0.0
0.5230504853469434,-0.019343825115192302,-0.08302356067491055,-0.523045095211194,-1.1647219777942746,-0.0014726991154943691,-0.7194370894363621,1.5956325541249585e-06,3.7400009678970454,-4.644131165331728,3.720640575175294,-4.634865035456472,0.0
0.5230504830209206,-0.01679757461145887,-0.08302344047128465,-0.5230453622711562,-1.1691740349669375,-0.0014726031010164023,-0.716548484033639,1.5239002987730314e-06,3.8132154921301984,-4.624466675872085,3.7938549881956884,-4.61520053576671,0.0
0.5230504811853244,-0.014252067466682724,-0.0830234557975247,-0.5230453603215723,-1.1736285821117285,-0.00147231714458153,-0.7136551384309524,1.531532064885469e-06,3.886409680477667,-4.604811818037037,3.8670490806310296,-4.595545678006343,0.0
0.5230504793498909,-0.011708093148207581,-0.0830234704413894,-0.5230453583722583,-1.1780930405247367,-0.001471726318218854,-0.7107499628187629,1.5391494282990547e-06,3.9595597883214904,-4.585168776264248,3.9401990925712336,-4.575902636308226,0.0
0.5230504771387751,-0.00916462486829065,-0.08302335445565692,-0.5230456120961718,-1.1825589028361294,-0.0014714276974904404,-0.7078417081769823,1.4697985388709685e-06,4.032694341640663,-4.565525890514175,4.0133335401661485,-4.5562597408388905,0.0
0.5230504750376316,-0.0066220541461941285,-0.08302324403947506,-0.5230458531396652,-1.1870300045890778,-0.0014712616970502354,-0.7049268040362194,1.403525394263119e-06,4.105803126736846,-4.545890095058564,4.086442224794047,-4.536623936149757,0.0
0.5230504730419643,-0.004081713453875025,-0.0830231389277253,-0.5230460821375493,-1.1915085228564242,-0.0014705007836663627,-0.7020015915980098,1.3401863300840528e-06,4.178847827504987,-4.526271671063383,4.159486830139443,-4.51700550338248,0.0
0.5230504714664705,-0.00154077083779003,-0.08302315055523316,-0.5230460804663536,-1.1959883590993579,-0.001469990261961068,-0.6990736891913206,1.3466741270403302e-06,4.251910730929497,-4.506651951454783,4.232549651242575,-4.497385783837897,0.0
0.523050469569785,0.000998673168145752,-0.08302304988447459,-0.5230462980240185,-1.2004701466169216,-0.001469706902828721,-0.6961418865954382,1.2858175896299918e-06,4.324929680054452,-4.487040578499136,4.305568509674439,-4.4777744025483885,0.0
0.5230504680734722,0.0035370462429954487,-0.08302306031937164,-0.5230462964375012,-1.204959009137898,-0.0014688581583751947,-0.6932005769633218,1.2919562455010215e-06,4.3979186870305185,-4.4674406652261744,4.3785574384664585,-4.458174489336201,0.0
0.5230504662722086,0.006073863837461126,-0.08302296394408815,-0.5230465031279252,-1.2094504835704327,-0.001468054414959787,-0.6902542591253229,1.2334845021423448e-06,4.4708621466129355,-4.447849695335196,4.451500811921533,-4.438583511527646,0.0
0.5230504645612808,0.008609253257555061,-0.0830228722008114,-0.5230466994891404,-1.2139439297391255,-0.0014675574391275344,-0.6873040874098258,1.1776211761634474e-06,4.543764573754387,-4.428269886046354,4.524403157256443,-4.419003694716903,0.0
0.5230504632116558,0.011143977910127865,-0.0830228809797905,-0.5230466980593049,-1.218441069914442,-0.0014665132954312136,-0.6843474824763951,1.183127239026764e-06,4.616648656549645,-4.408698096327376,4.597287169532301,-4.399431905052696,0.0
0.5230504618627259,0.013677354564638554,-0.08302288936567964,-0.5230466966301883,-1.222939954564405,-0.0014659301269778597,-0.6813874376998871,1.188626221572848e-06,4.689493975659123,-4.3891367038622775,4.670132418158691,-4.379870512642342,0.0
0.5230504602388958,0.016209040349177473,-0.08302280113511847,-0.5230468831879401,-1.22744292913677,-0.0014647993506450364,-0.6784202209726616,1.13467798819054e-06,4.76228993267435,-4.369585592933899,4.742928297539263,-4.360319394567598,0.0
0.5230504589587645,0.018739429001971453,-0.08302280864150008,-0.5230468818322287,-1.2319476160439098,-0.001464190420588907,-0.6754497242483188,1.1398809274849552e-06,4.835049325538059,-4.350047247015102,4.815687623514706,-4.340781048700733,0.0
0.5230504574175797,0.021268157502211026,-0.08302272426179969,-0.5230470590719283,-1.2364565146952968,-0.0014630103394190188,-0.6724719542742528,1.0880747142489095e-06,4.90776027590794,-4.330519081289816,4.888398500207942,-4.3212528761860245,0.0
0.5230504562033664,0.02379476610541951,-0.08302273097313498,-0.5230470577865366,-1.2409647158987525,-0.0014621219028834915,-0.6694922864315692,1.0929934029576158e-06,4.980410968553571,-4.311009900206956,4.961049129409619,-4.301743695152404,0.0
0.5230504549897232,0.026320777544549794,-0.08302273738634418,-0.5230470565018386,-1.2454770503339998,-0.001460639653224507,-0.6665056442704962,1.0978986072079614e-06,5.053044487883285,-4.291505321505135,5.03368258532517,-4.282239116499795,0.0
0.5230504537775283,0.028844503332836037,-0.08302274351455433,-0.5230470552186088,-1.2499914829531906,-0.0014597741667454547,-0.6635150754611439,1.1027974832387815e-06,5.125612282889391,-4.272018383323327,5.106250316992789,-4.262752178367143,0.0
0.5230504525668195,0.031365969321616075,-0.08302274936989926,-0.5230470539369884,-1.2545064985207421,-0.0014586695895416582,-0.6605207354390358,1.1076829022751405e-06,5.198115096999204,-4.2525488863978955,5.178753067841762,-4.243282681490806,0.0
0.5230504511081623,0.03388621756280888,-0.08302266771877657,-0.5230472223390277,-1.2590219759057455,-0.001457287286420947,-0.6575229203071689,1.0571709501642876e-06,5.270582223263642,-4.233086279374236,5.251220124399826,-4.223820068016262,0.0
0.5230504497233192,0.03640503460907703,-0.08302259000379635,-0.5230473823258461,-1.2635409537643285,-0.0014558515885668912,-0.6545191711486701,1.0089309652045627e-06,5.343008225262083,-4.213634836330056,5.323646060223406,-4.204368618843554,0.0
0.523050448409345,0.03892072631574277,-0.08302251603415574,-0.5230475343187342,-1.2680598360806958,-0.0014547458487559467,-0.6515127029080814,9.628625347409046e-07,5.415344387816714,-4.194207633242119,5.395982159997065,-4.184941409933309,0.0
0.5230504484116972,0.041435220050536625,-0.08302251998318821,-0.5230475327157131,-1.2725793686428872,-0.001453357815356932,-0.6485026748861126,9.675413579069532e-07,5.487646673856077,-4.174791917825069,5.468284446097835,-4.165525694577665,0.0
0.5230504482004471,0.04394713610385199,-0.0830224488148798,-0.5230476766794354,-1.2771036883394418,-0.0014515772158332778,-0.6454846122240654,9.722138618739618e-07,5.559874263491473,-4.155393948994485,5.5405120302184905,-4.146127720232341,0.0
0.5230504482026964,0.04645729424044772,-0.08302245242739424,-0.5230476751465715,-1.2816241971819695,-0.0014502496987729104,-0.6424676696538643,9.766513375691342e-07,5.6320518802722725,-4.136011701494354,5.6126896470580085,-4.126745472790929,0.0
0.5230504480017936,0.04896422355877881,-0.08302238452921903,-0.5230478120588365,-1.2861456781024116,-0.0014488708449700042,-0.6394465118509005,9.810838342443083e-07,5.704136105444368,-4.116652331946238,5.684773866985481,-4.107386097998189,0.0
0.5230504478108288,0.05146988987809786,-0.08302231993795071,-0.5230479421984415,-1.2906686029656314,-0.0014470097636591578,-0.6364206386833045,9.852889628106003e-07,5.776184039491254,-4.0973028096714295,5.75682179604718,-4.088036570738194,0.0
0.5230504478128778,0.053972767618770665,-0.08302232306317489,-0.523047940802079,-1.2951879853987458,-0.0014457176375785655,-0.6333955252128841,9.892826201185468e-07,5.848152310544556,-4.0779767641907645,5.828790067153972,-4.06871052531102,0.0
0.523050447631263,0.056473252763134425,-0.08302226144961859,-0.5230480645697979,-1.299709759022069,-0.0014437177535638998,-0.6303641455064054,9.932683388284537e-07,5.920051286917821,-4.058667334185685,5.900689038786135,-4.049401090564839,0.0
0.5230504476332205,0.05897065759416374,-0.08302226430874579,-0.5230480632357346,-1.3042318056298141,-0.0014421680627836407,-0.6273298434253541,9.970536453900034e-07,5.991862186776096,-4.039383540474178,5.972499938695513,-4.030117296904435,0.0
0.5230504474604981,0.061466083935819406,-0.08302220554334973,-0.5230481809434288,-1.3087518615849272,-0.0014404177873029323,-0.6242940858610586,1.0008337859531908e-06,6.063615723197627,-4.020113254114998,6.04425347060808,-4.01084700603629,0.0
0.5230504464413375,0.06395812499025075,-0.08302220878665865,-0.5230481802320076,-1.31327441660545,-0.0014382114381254524,-0.6212518744881269,1.0038554023604054e-06,6.135272421559079,-4.000870888204313,6.115910115731368,-3.9916046401528558,0.0
0.5230504452589737,0.06644835388297216,-0.08302215330914905,-0.5230482926675237,-1.3177939125422016,-0.0014364047405220138,-0.6182099660780254,9.566766689290625e-07,6.206876561317493,-3.981640828643637,6.187514198064955,-3.972374576285174,0.0
0.5230504451030544,0.06893560240405874,-0.08302209992489945,-0.5230483989241076,-1.3223114676621397,-0.0014346411468103635,-0.6151665754141626,9.60071705008559e-07,6.278394992337373,-3.9624338422060563,6.259032625014521,-3.953167585777281,0.0
0.5230504449548451,0.0714186737900388,-0.08302204914528266,-0.5230484999265282,-1.3268283802439456,-0.001432544170392447,-0.6121194918557193,9.632905034579324e-07,6.349793333187579,-3.943259184574985,6.330430961995684,-3.9339929242771654,0.0
0.5230504448139667,0.07389988893657859,-0.08302200084403398,-0.5230485959330327,-1.3313426242716015,-0.0014307523170628536,-0.60907233098531,9.663468335593788e-07,6.421138318396201,-3.9240989311763803,6.401775943526637,-3.9148326672008924,0.0
0.5230504448155064,0.0763779632674828,-0.0830220027292539,-0.5230485948836673,-1.3358561261758124,-0.0014285910320686417,-0.6060219083424733,9.692451339440442e-07,6.4923933776206715,-3.9049643709956015,6.473031002791305,-3.895698107060311,0.0
0.5230504446815207,0.07885299071940882,-0.08302195668202444,-0.5230486861928872,-1.3403682543574316,-0.0014263974691829503,-0.6029692384166376,9.72139406805235e-07,6.563560457933344,-3.8858519610016296,6.544198079606246,-3.8765856935686074,0.0
0.5230504446829898,0.08132385135924429,-0.0830219584068119,-0.5230486851917198,-1.3448797951429399,-0.001424025435109708,-0.5999129726595805,9.748840128895307e-07,6.634608092002384,-3.866773097190568,6.615245713713637,-3.857506829795897,0.0
0.5230504445555593,0.08379271491243985,-0.0830219145131838,-0.5230487720336574,-1.3493897599070839,-0.0014216535763567858,-0.5968549971550148,9.776254751906556e-07,6.70559795087986,-3.84770834397725,6.686235569264507,-3.838442073255973,0.0
0.5230504444344295,0.08625687602408488,-0.08302187276356199,-0.5230488545817484,-1.353891839662695,-0.001419608767360637,-0.5938004898064453,9.802255694569045e-07,6.776452611283379,-3.8286799625344115,6.757090226505902,-3.8194136886510095,0.0
0.5230504444357651,0.0887188110753791,-0.08302187425339544,-0.5230488536715734,-1.358395996327319,-0.0014174227843445938,-0.5907410011828871,9.826934090715811e-07,6.847243595378085,-3.8096700114722615,6.827881210635473,-3.800403737623725,0.0
0.5230504444371019,0.09117661083453318,-0.08302187569630982,-0.5230488527605794,-1.3628974018083992,-0.0014146877171367631,-0.5876792411238572,9.85154539479374e-07,6.917915672093666,-3.790691989992087,6.89855328738595,-3.7814257161784472,0.0
0.5230504443218336,0.09363062474114053,-0.0830218358238749,-0.5230489313142237,-1.3673935184946076,-0.001412573100316422,-0.5846194270627696,9.87613776078813e-07,6.988478572151156,-3.771742014754346,6.96911618443433,-3.7624757379315947,0.0
0.5230504443231085,0.09608050619153363,-0.08302183714323301,-0.5230489304453759,-1.3718868117095673,-0.001409986808395911,-0.5815576528142379,9.89944290424501e-07,7.0589229632783494,-3.7528251314575667,7.039560575594805,-3.743558854668098,0.0
0.5230504442134769,0.09852725766311267,-0.08302179914678344,-0.5230490051576598,-1.376379428563776,-0.0014073597120024975,-0.5784929470481049,9.922714837963497e-07,7.129277052237084,-3.7339312874517776,7.109914661691578,-3.724665007800346,0.0
0.5230504441092655,0.10097024648462795,-0.08302176300915522,-0.5230490761761265,-1.3808643647121923,-0.0014050605701568766,-0.5754318845307401,9.944791764430753e-07,7.1995229634839255,-3.7150665503671174,7.180160570217954,-3.70580026799522,0.0
0.5230504441104229,0.10340897613185386,-0.08302176414749907,-0.5230490753873674,-1.3853494909383668,-0.0014025084183735927,-0.572366575309336,9.965726465526702e-07,7.26964669203342,-3.6962357712357923,7.250284298797662,-3.6869694888941096,0.0
0.5230504440113058,0.10584261745656237,-0.0830217297139492,-0.5230491429341266,-1.3898290989350088,-0.001399556161304192,-0.569301305917393,9.986598055837995e-07,7.339623836578244,-3.6774432603900333,7.32026144075501,-3.6681769754608746,0.0
0.5230504440124091,0.10827340727292514,-0.08302173075410228,-0.5230491421822808,-1.394303729685225,-0.0013971777510340777,-0.5662379911444831,1.0006415527301282e-06,7.40951926088462,-3.658673786356953,7.390156865090187,-3.649407501456595,0.0
0.5230504431139178,0.11070011193083118,-0.08302173243370035,-0.5230491420493765,-1.3987727465244006,-0.001394341671631244,-0.5631752005389498,1.0020386681119479e-06,7.479297248137953,-3.639935874543057,7.459934805427725,-3.6306695896477903,0.0
0.5230504422210193,0.11312162854137035,-0.08302173400565828,-0.5230491419199897,-1.403238984280508,-0.0013914612525828625,-0.5601106138013885,1.00342805933193e-06,7.5489260562462,-3.621238019421562,7.529563566912315,-3.611971734531252,0.0
0.5230504413332808,0.1155391164253845,-0.08302173547456598,-0.523049141794401,-1.407701329578537,-0.0013889030146212716,-0.5570462878215724,1.0048110515580252e-06,7.618439020599487,-3.6025712693526892,7.599076484911501,-3.5933049844671903,0.0
0.5230504403559314,0.11795140304432418,-0.0830217030409187,-0.523049206553366,-1.4121586338111671,-0.0013858895622587443,-0.5539815871354541,9.55944554567248e-07,7.687802166036389,-3.5839437075358163,7.668439581801165,-3.574677420169631,0.0
0.5230504402665905,0.12035973746092568,-0.0830216715384078,-0.5230492674378014,-1.4166089876313723,-0.001383200794497066,-0.5509198200669371,9.577984419291705e-07,7.757051653121473,-3.5653466895425217,7.737689066553982,-3.55608039984407,0.0
0.5230504402675882,0.12276370703451901,-0.08302167207197193,-0.5230492667579416,-1.4210577791817673,-0.0013799100602257604,-0.5478546378591707,9.595546682670523e-07,7.826175878826159,-3.546784294959299,7.806813292284711,-3.53751800528689,0.0
0.5230504402685869,0.12516270679024222,-0.08302167259436953,-0.5230492660773369,-1.4254970649722722,-0.0013768980439959762,-0.5447940764149319,9.61307068996325e-07,7.895157201308276,-3.5282602748321263,7.8757946147929,-3.5189939851857885,0.0
0.5230504402695867,0.12755654979697445,-0.08302167310602643,-0.5230492653960084,-1.4299305355356746,-0.0013739545503813487,-0.541734658211226,9.630556374690384e-07,7.963990245516303,-3.5097760725742506,7.944627659027026,-3.500509782954012,0.0
0.5230504402705874,0.1299450682547334,-0.083021673607335,-0.523049264713977,-1.4343618492865144,-0.0013709119840304106,-0.538672895293785,9.648003670218825e-07,8.03267018649904,-3.4913329838756058,8.013307600035889,-3.4820666942814933,0.0
0.523050440185466,0.13232853370141476,-0.08302164352023769,-0.5230493227229585,-1.438783911612791,-0.0013680839235111224,-0.5356156168724505,9.665412799064905e-07,8.101204597125056,-3.4729280339149438,8.081842008439786,-3.4636617420987132,0.0
0.5230504401045505,0.13470776201815313,-0.083021614910097,-0.5230493778656051,-1.4431980181147714,-0.0013647906509669171,-0.532560849171492,9.681899399001944e-07,8.169617183817776,-3.454555843641101,8.150254593020186,-3.4452895497125517,0.0
0.5230504400276341,0.1370805826339984,-0.0830215877052281,-0.5230494302829606,-1.4476102407608011,-0.0013615550589655577,-0.52950331236224,9.6975272548305e-07,8.237845532995538,-3.4362331712028755,8.218482940190023,-3.426966875266403,0.0
0.5230504399545188,0.13944820332384775,-0.0830215618365917,-0.5230494801099161,-1.4520138718378637,-0.0013583786947990555,-0.5264493189042024,9.712336600133309e-07,8.305924372728702,-3.4179506887042987,8.286561778014494,-3.408684390859132,0.0
0.5230504399553365,0.14181056782953058,-0.0830215622143059,-0.523049479552658,-1.4564091603034421,-0.0013551798785302386,-0.523398543085969,9.7263686470485e-07,8.373852276788382,-3.399709545901943,8.35448968209552,-3.390443248078123,0.0
0.5230504398857939,0.14416766538371065,-0.08302153759231026,-0.5230495269448663,-1.4607960036523386,-0.0013520296217550442,-0.5203512186424119,9.740365046209069e-07,8.441628541753355,-3.3815083542854825,8.422265945245066,-3.3722420546462355,0.0
0.523050439819688,0.14651934333876154,-0.08302151418069847,-0.5230495719950642,-1.4651780902921034,-0.0013487468888258752,-0.5173037990214729,9.753627870780569e-07,8.50924897978171,-3.3633490452159234,8.489886381547707,-3.354082743850963,0.0
0.5230504398204263,0.1488646135623469,-0.08302151450412254,-0.5230495714919046,-1.469549731937619,-0.0013452075114607836,-0.514260633430598,9.766181684101388e-07,8.576685351016774,-3.34523989547337,8.557322752802046,-3.3359735941276836,0.0
0.5230504397575503,0.15120349866063518,-0.08302149222254392,-0.5230496143409898,-1.4739159453596373,-0.0013420662815576557,-0.5112184677149599,9.778711707052778e-07,8.643937949367208,-3.327179399739417,8.624575349511083,-3.317913096752334,0.0
0.523050439758252,0.15353691573414657,-0.08302149251819822,-0.5230496138627785,-1.4782718574721816,-0.001338509546525251,-0.5081805804295894,9.790571502259404e-07,8.711033492540944,-3.3091617740763573,8.691670892703138,-3.299895471107593,0.0
0.5230504396984476,0.15586480043380307,-0.08302147131317097,-0.5230496546186649,-1.4826232782630957,-0.001334876969162965,-0.5051423162530755,9.802400275667502e-07,8.777969791501974,-3.291186249558587,8.758607190102955,-3.2819199450286094,0.0
0.5230504396991144,0.15818521719664835,-0.08302147158322046,-0.5230496541642332,-1.4869637957522353,-0.00133148229768728,-0.5021092030871193,9.813603766539345e-07,8.844691520946197,-3.2732690059138285,8.825328919564585,-3.264002701401259,0.0
0.5230504396422317,0.16050021258841035,-0.08302145140381324,-0.5230496929288659,-1.4912929271399276,-0.0013282577694443561,-0.4990823635005349,9.82477762218251e-07,8.911257206052104,-3.255393036487664,8.891894603185557,-3.246126730490159,0.0
0.5230504395881597,0.1628095569982784,-0.083021432217938,-0.5230497297781868,-1.4956151483555802,-0.0013246569444885015,-0.4960569239068196,9.835357276120117e-07,8.977660409329127,-3.2375607300194478,8.958297805051012,-3.2282944226103756,0.0
0.5230504395367592,0.16511119260190063,-0.08302141397692278,-0.5230497648068243,-1.4999305836704717,-0.0013209702008282434,-0.4930324713670163,9.845374119646955e-07,9.04384195931061,-3.219787974738424,9.024479353690673,-3.210521665987529,0.0
0.5230504394878984,0.16740624508800425,-0.08302139663434197,-0.5230497981047313,-1.5042321943248849,-0.0013173943115588006,-0.4900158496389567,9.854857895096683e-07,9.109834223918497,-3.2020660772316702,9.090471617023036,-3.192799767205251,0.0
0.5230504394884408,0.16969456596556023,-0.08302139683495148,-0.5230497977351283,-1.5085268072390887,-0.0013137436057534403,-0.48700080736668133,9.863839599777127e-07,9.175633061324003,-3.1843966620776154,9.156270454442701,-3.175130352065354,0.0
0.5230504394419666,0.17197610728131923,-0.08302138033326459,-0.5230498294065289,-1.512811624144369,-0.00130988497189901,-0.483989504111058,9.872787446134584e-07,9.24123682950043,-3.1667791161106638,9.221874221405908,-3.157512804885183,0.0
0.5230504394424812,0.17425090755540767,-0.08302138051565444,-0.5230498290558638,-1.5170860393868035,-0.0013061429436918215,-0.4809830001148081,9.8812612771352e-07,9.306646892630436,-3.1492141006634697,9.287284284549347,-3.1399477894514214,0.0
0.5230504393982774,0.17651894105209198,-0.08302136481489808,-0.5230498591800646,-1.5213469200661442,-0.0013025024241829614,-0.4779840804855679,9.889705549443393e-07,9.371862260431476,-3.1317008792118632,9.352499651196437,-3.1224345668458637,0.0
0.5230504393557697,0.17864922196293812,-0.08302134978905937,-0.5230498881484623,-1.5266900494815572,-0.0008279121376615524,-0.47311556344159944,9.889705619926536e-07,9.433116668036307,-3.115251342839381,9.413754057691591,-3.1059850293637052,0.0
0.5230504393158604,0.1809096857468837,-0.08302133560353002,-0.5230499153460108,-1.5308332077607605,-0.0009396051003859481,-0.4701699369337794,9.897454321471253e-07,9.498114386446714,-3.0977966149325082,9.478751775060157,-3.0885303004149907,0.0
0.5230504392779216,0.183161686316105,-0.08302132211788307,-0.5230499412006614,-1.5349777109721678,-0.0010270146757381513,-0.4672369225526514,9.90477403574774e-07,9.562868757267237,-3.080407256393838,9.543506144890282,-3.0711409408859205,0.0
0.523050439241857,0.18540639984053764,-0.08302130929791512,-0.5230499657781599,-1.539122746779333,-0.001095673939940994,-0.4643141916464982,9.911700842762071e-07,9.627413600060475,-3.0630741843673728,9.608050986742043,-3.0538078679179788,0.0
0.5230504392075733,0.18764362260089062,-0.08302129711078607,-0.5230499891419664,-1.5432680871029754,-0.0011486845656383238,-0.461397206555149,9.918246573666786e-07,9.69174305678889,-3.045798970942148,9.672380442575474,-3.0365326535977695,0.0
0.5230504391749833,0.18987154620153854,-0.08302128552549898,-0.5230500113515943,-1.5474036971176373,-0.0011903877600677004,-0.4584936186265387,9.924441268204636e-07,9.755805128245074,-3.028595578874513,9.736442513180885,-3.0193292606793625,0.0
0.5230504391440026,0.19209188207716696,-0.08302127451234112,-0.5230500324644838,-1.5515373648596262,-0.0012217298550882172,-0.455592593261015,9.93029335650104e-07,9.819649025135728,-3.0114507923552614,9.800286409262778,-3.002184473351351,0.0
0.5230504391443396,0.19429915695160827,-0.0830212746124389,-0.5230500322348673,-1.5557040108475095,-0.0012278407439716564,-0.452628567249465,9.935720287291453e-07,9.883117448790303,-2.994407176362163,9.863754832926148,-2.985140857367049,0.0
0.5230504391446761,0.1964982228380052,-0.08302127470947603,-0.5230500320055134,-1.5598552243622876,-0.0012323384652560478,-0.4496757324101265,9.941127047721403e-07,9.946349829538377,-2.9774269465249685,9.926987213683008,-2.9681606275386403,0.0
0.5230504391151909,0.19869340289980636,-0.0830212642262147,-0.5230500520992346,-1.5639586146485809,-0.001252428741542167,-0.44679491507433783,9.946615310855818e-07,10.009470395202188,-2.9604764175005416,9.990107778577098,-2.951210097744494,0.0
0.523050439087162,0.20088091604114588,-0.08302125426115461,-0.5230500712005346,-1.568050683666825,-0.0012669727272753345,-0.4439219066438822,9.951801527192284e-07,10.07237050868455,-2.943585103988922,10.053007891327757,-2.9343187835011713,0.0
0.5230504390605175,0.20305873608250907,-0.08302124478883682,-0.5230500893583102,-1.5721340899970986,-0.001277317056334752,-0.44105329509227365,9.956704270071481e-07,10.13499190861913,-2.9267686505381763,10.115629290566778,-2.9175023293548654,0.0
0.5230504390608041,0.20522404972278682,-0.08302124486428941,-0.5230500891630069,-1.576239255102511,-0.001269303138413778,-0.4381329582125324,9.961260761149788e-07,10.197253770369148,-2.910049040275554,10.177891152324277,-2.9007827190997246,0.0
0.5230504390354609,0.20738456238345396,-0.08302123585485809,-0.5230501064340114,-1.580297937490173,-0.0012769289432159878,-0.4352766847875963,9.965874577827686e-07,10.25937751397693,-2.893366240200388,10.240014895270468,-2.884099918362968,0.0
0.5230504390113694,0.2095351541142408,-0.08302122729118193,-0.5230501228519757,-1.5843410457406089,-0.0012817424258903445,-0.43242964556766034,9.970232754528742e-07,10.321215992609309,-2.8767600580406207,10.301853373273934,-2.867493735574287,0.0
0.5230504390116264,0.21167354773558172,-0.08302122735395844,-0.523050122676827,-1.5884090831076003,-0.0012704571093928216,-0.42952951216658514,9.97428844175544e-07,10.382703790656288,-2.8602483121168523,10.363341171327622,-2.8509819896572277,0.0
0.5230504389887116,0.2138065315962361,-0.0830212192093686,-0.5230501382928697,-1.592426832640955,-0.0012742694116301054,-0.4266939414918543,9.978389179621393e-07,10.444035972292031,-2.8437781023241033,10.424673352365172,-2.834511779266283,0.0
0.5230504389669288,0.21592945847690947,-0.08302121146802208,-0.5230501531375427,-1.5964321741821081,-0.0012759016066341375,-0.423864003789746,9.98226248960928e-07,10.505078976613941,-2.827385559745953,10.485716356118436,-2.818119236119486,0.0
0.523050438946222,0.21804329611646625,-0.0830212041100384,-0.5230501672489196,-1.6004248405649553,-0.0012756847884648518,-0.4210397255254891,9.98592093579676e-07,10.565860630025979,-2.8110632113519416,10.546498008989918,-2.801796887184918,0.0
0.5230504389464403,0.22014422005376336,-0.08302120415818778,-0.5230501671001909,-1.604427024379037,-0.0012628985363513103,-0.41817959704713864,9.989331556204237e-07,10.626271017175808,-2.794840789646777,10.606908396145444,-2.7855744654854506,0.0
0.5230504389267451,0.22223896422233425,-0.0830211971609418,-0.5230501805222147,-1.6083908301404612,-0.0012630491058747812,-0.41536876411512735,9.99277184323859e-07,10.686503655879045,-2.7786658831096447,10.66714103433453,-2.7693995584341686,0.0
0.5230504389269512,0.22432077542561926,-0.08302119720372299,-0.5230501803817458,-1.6123636493929927,-0.001250818444093291,-0.41252311087190907,9.995977987235343e-07,10.74636447161364,-2.7625910414884483,10.727001850074506,-2.7533247168183532,0.0
0.523050438908218,0.2263950351200888,-0.08302119054984052,-0.5230501931481327,-1.6162925654619114,-0.0012512556087895333,-0.40973101918518745,9.999210108209847e-07,10.806008098293002,-2.7465743170318664,10.786645476264832,-2.7373079918727368,0.0
0.5230504388904104,0.22845893287889701,-0.08302118422584295,-0.5230502052837823,-1.6202087546883495,-0.0012502487530173907,-0.40694448136691636,1.0002262508363547e-06,10.865353778338287,-2.730637612418975,10.845991155845242,-2.7213712867949713,0.0
0.523050438342579,0.23051005417762602,-0.08302118497022051,-0.5230502058301784,-1.6241270996784565,-0.0012386855784945257,-0.4041320416020939,9.99972160961821e-07,10.924332150133992,-2.7147997651097784,10.904969499059318,-2.705533439464844,0.0
0.5230504383257296,0.23255302493489594,-0.08302117891740826,-0.5230502173127656,-1.6280092374808701,-0.0012377342168601432,-0.40136289960230426,1.0002571374323799e-06,10.983076093067151,-2.699024657474881,10.963713441552619,-2.6897583313900895,0.0
0.5230504377736044,0.23458650845925083,-0.08302117383553956,-0.5230502289106734,-1.6318741769884877,-0.0012360330475004713,-0.3986041319471196,9.499726808183868e-07,11.041547259677259,-2.683322834056289,11.022184579780252,-2.674056507527223,0.0
0.5230504377584673,0.23660822685017296,-0.08302116833102423,-0.5230502392263641,-1.6357238489659387,-0.0012331014925263482,-0.3958521181937048,9.502252120988051e-07,11.099680112023563,-2.667711843684052,11.080317431731398,-2.658445516759829,0.0
0.5230504377586216,0.23861744288797426,-0.08302116823074375,-0.5230502391212059,-1.63957501104953,-0.0012215975808912995,-0.3930777225944724,9.504614709768973e-07,11.157453510738968,-2.6521975462524483,11.138090830450832,-2.6429312193322536,0.0
0.5230504377442243,0.24061674832740934,-0.08302116300361964,-0.523050248932758,-1.6433863405052962,-0.0012196792038263703,-0.3903475425705551,9.506985881917302e-07,11.214941898731,-2.6367596269333777,11.195579218067017,-2.627493299637337,0.0
0.5230504377305385,0.24260624815238183,-0.08302115803609444,-0.523050258259421,-1.6471811152101927,-0.0012169067199824404,-0.387626494099727,9.509224684568045e-07,11.272148336120129,-2.621397429769473,11.252785655098876,-2.6121311021161606,0.0
0.523050437717529,0.24458374529556556,-0.08302115331533096,-0.5230502671251784,-1.6509562038155792,-0.0012136486689527468,-0.384916948785276,9.511337542163038e-07,11.329009647894726,-2.6061279191928146,11.309646966533858,-2.5968615911998865,0.0
0.5230504377176591,0.24654760604312065,-0.08302115323163194,-0.5230502670365318,-1.6547319290775326,-0.001202387495553337,-0.3821864501583535,9.51331222058152e-07,11.38547889165789,-2.590963836109904,11.366116210300419,-2.5816975081203712,0.0
0.5230504377052855,0.24850205319240537,-0.08302114874883747,-0.5230502754689874,-1.6584698946006382,-0.0011996584127861988,-0.3794968400761289,9.51529283799562e-07,11.44167742113039,-2.575872314419505,11.422314739449902,-2.5666059861069552,0.0
0.5230504376935234,0.2504453498813108,-0.08302114448887499,-0.5230502834846339,-1.6621877166709078,-0.001196534361464744,-0.37681965650711313,9.517162581491337e-07,11.497555329749176,-2.560866898145225,11.478192647761638,-2.5516005695256245,0.0
0.5230504376823427,0.2523763055126619,-0.08302114044067575,-0.5230502911041607,-1.6658865444789734,-0.0011926915389689594,-0.37415277982093664,9.518925271545277e-07,11.553078382760077,-2.545956780244077,11.533715700480663,-2.5366904513325994,0.0
0.5230504376717146,0.25429492942593834,-0.08302113659377822,-0.523050298347056,-1.6695655328233763,-0.0011886027013660798,-0.3714975200742717,9.52058840245055e-07,11.608246848631966,-2.53114188830025,11.5888841660751,-2.521875559111323,0.0
0.5230504376718181,0.25620085982443586,-0.08302113652689375,-0.5230502982764809,-1.6732383740181285,-0.0011781177402197362,-0.368830253860086,9.522144573673663e-07,11.663050351690503,-2.516425118721089,11.643687669136341,-2.5071587895348655,0.0
0.5230504376617097,0.25809455365519207,-0.083021132874108,-0.5230503051652331,-1.6768732564655684,-0.0011750080823192753,-0.3662016617165915,9.52370271119583e-07,11.717501974479264,-2.501802731632803,11.698139291661219,-2.4925364021826955,0.0
0.523050437661807,0.25997545460865146,-0.08302113281311183,-0.5230503050988753,-1.680501769101845,-0.0011654704856317848,-0.36356169125096294,9.525160181075591e-07,11.771585775918473,-2.487279228738124,11.75222309310297,-2.4780128992905586,0.0
0.523050437661904,0.26184386287612016,-0.08302113275496448,-0.5230503050328094,-1.6841089258853708,-0.0011570945836308559,-0.3609347748179906,9.526608474042748e-07,11.82531036019006,-2.4728521890266784,11.80594767737709,-2.4635858595816438,0.0
0.5230504376522844,0.2637006249249986,-0.08302112928881432,-0.5230503115883918,-1.6876800977800674,-0.0011548153902996292,-0.3583437072983001,9.528055989673316e-07,11.878700040576529,-2.458514978494948,11.859337357512437,-2.449248648798792,0.0
0.5230504376523755,0.2655433746883104,-0.08302112923569796,-0.5230503115263653,-1.6912404368888805,-0.0011466983401196586,-0.3557463801185491,9.529410588809465e-07,11.93168683513056,-2.444286062764973,11.912324152068845,-2.435019733071193,0.0
0.523050437643136,0.2672805540877257,-0.08302112592416362,-0.5230503178229641,-1.6957483964323403,-0.0007815444489548769,-0.351617733155377,9.529420641369852e-07,11.981638013304712,-2.430872222012249,11.962275330001798,-2.4216058920772685,0.0
0.5230504376344457,0.2690841466539204,-0.083021122800177,-0.5230503237452133,-1.6993500688498557,-0.0008493124923705965,-0.3489479023584013,9.530728109902139e-07,12.033498850389885,-2.4169455729839204,12.01413616686011,-2.4076792428220797,0.0
0.523050437626185,0.27087475106325354,-0.08302111983157574,-0.5230503293747688,-1.7029305379512416,-0.0009046072566908534,-0.3463002273379998,9.531958673785258e-07,12.08498622461109,-2.4031192173299396,12.065623540865666,-2.393852886952451,0.0
0.5230504376183325,0.27265394331471743,-0.08302111701068654,-0.5230503347260996,-1.7064825240210644,-0.0009495326631157177,-0.343679574679664,9.533116250402576e-07,12.136145452499344,-2.389380985649495,12.11678276854893,-2.380114655067016,0.0
0.5230504376107965,0.274350778052798,-0.08302111431202783,-0.5230503398617776,-1.710784634473867,-0.0006385903097419612,-0.3397405287696326,9.533146486473749e-07,12.184936556928328,-2.3762786864670526,12.165573872781186,-2.3670123556878444,0.0
0.5230504376037064,0.2761070723953089,-0.08302111176605852,-0.5230503446936002,-1.7142205367946473,-0.0007381534396807778,-0.33720558891549673,9.534196831516252e-07,12.23543737587909,-2.362717270399753,12.216074691546858,-2.353450939435455,0.0
0.5230504375969666,0.27785045188958496,-0.08302110934682834,-0.5230503492866879,-1.717637769021213,-0.0008196474343428751,-0.3346932642176838,9.535183391931312e-07,12.285566839676653,-2.349255580826829,12.266204155168476,-2.339989249686586,0.0
0.5230504375905599,0.279579644811004,-0.08302110704811311,-0.5230503536527298,-1.7210264686774928,-0.0008871431285947932,-0.33221135690245207,9.53611177209349e-07,12.335288380849248,-2.335903437275357,12.315925696173823,-2.3266371059678663,0.0
0.5230504375844699,0.2812957301078827,-0.08302110486388667,-0.5230503578029896,-1.7243940401089835,-0.0009420438470365136,-0.32974993462475954,9.536984123748583e-07,12.384633023646089,-2.322652508401491,12.365270338811683,-2.3133861769350186,0.0
0.5230504375786809,0.28299857652198096,-0.0830211027884637,-0.5230503617481291,-1.7277400496380637,-0.0009862589472840841,-0.32730731873066404,9.537803420715094e-07,12.433596993797817,-2.309503807561164,12.414234308812288,-2.3002374759435673,0.0
0.5230504375731275,0.2846237008427886,-0.08302110080348181,-0.5230503655326298,-1.7317888046782193,-0.0006944683622910212,-0.32362402289410985,9.537834997471545e-07,12.48032612804165,-2.2969552456031224,12.460963442911149,-2.287688913840555,0.0
0.5230504375679004,0.28630088920936975,-0.08302109893057696,-0.5230503690948837,-1.7350192974880814,-0.0007871785400537976,-0.321266553190012,9.538575487250943e-07,12.528552323123638,-2.284004670889481,12.509189637856679,-2.274738338990456,0.0
0.5230504375629316,0.2879634551979764,-0.08302109715103934,-0.5230503724810326,-1.7382314235950604,-0.0008638658899192493,-0.31893022992646197,9.539271599321969e-07,12.576358064144591,-2.2711670065157987,12.55699537874792,-2.2619006744870624,0.0
0.5230504375582083,0.2896108178151143,-0.08302109546022429,-0.5230503756998425,-1.7414187776370413,-0.00092663094369418,-0.316617405731385,9.539924356528772e-07,12.623726645065776,-2.2584467385284097,12.604363959545806,-2.2491804063763725,0.0
0.5230504375537186,0.29124293896943476,-0.08302109385373657,-0.5230503787595345,-1.7445796017247341,-0.0009780670616531255,-0.31432839644531674,9.540537041692684e-07,12.670656970567169,-2.2458441609259734,12.651294284929993,-2.2365778286567304,0.0
0.5230504375494509,0.2928601045070442,-0.08302109232737079,-0.5230503816679433,-1.7477198443848434,-0.00101984089726454,-0.3120563131994738,9.541112407598212e-07,12.717157259892515,-2.2333570664081117,12.697794574143929,-2.224090734027458,0.0
0.5230504375453942,0.29446160289123635,-0.08302109087715973,-0.5230503844325733,-1.7508292218685024,-0.0010535255156588245,-0.30980875693161924,9.541651855921158e-07,12.76320705334268,-2.2209909490386583,12.74384436748819,-2.211724616552101,0.0
0.523050437541538,0.29604793738744756,-0.08302108949929805,-0.5230503870604913,-1.753917162225289,-0.0010802327097913394,-0.30757629976095396,9.54215812039732e-07,12.808820821883351,-2.208741922710982,12.789458135928196,-2.199475590123759,0.0
0.5230504375378726,0.29761850538289725,-0.08302108819022161,-0.5230503895584312,-1.7569720091429115,-0.0011017960892689064,-0.30536945657349146,9.54263348746232e-07,12.85398123783882,-2.1966146404371916,12.834618551787978,-2.1873483077542812,0.0
0.523050437534359,0.29911973386202934,-0.08302108693872368,-0.5230503919529229,-1.7606665029193296,-0.0008213195065444546,-0.3020304625690327,9.542653914413006e-07,12.897147851927313,-2.1850227694793936,12.877785165784747,-2.175756436704759,0.0
0.5230504375310493,0.30066069553351815,-0.08302108575756545,-0.5230503942084457,-1.763611086962564,-0.0008886739609160871,-0.2999006903261504,9.543081766876494e-07,12.94145696270985,-2.173124098067943,12.922094276480884,-2.1638577652069073,0.0
0.5230504375279033,0.30218572731597554,-0.08302108463536664,-0.5230503963524459,-1.7665351166024819,-0.0009439226876366158,-0.29778824262547693,9.543482422145295e-07,12.98530802273271,-2.1613484320415686,12.965945336421616,-2.1520820990984033,0.0
0.5230504375249128,0.3036934176331878,-0.08302108356921778,-0.5230503983904043,-1.7694296877894182,-0.0009897098317786597,-0.29570053519484085,9.543857990686658e-07,13.028660443228985,-2.149706670895844,13.009297756839825,-2.1404403378746113,0.0
0.5230504375220701,0.3051848202579614,-0.08302108255631271,-0.5230504003275724,-1.7722984346042223,-0.0010269248501106076,-0.29363242755190755,9.544209633355172e-07,13.07154452457098,-2.1381906777737525,13.052181838107614,-2.1289243446783135,0.0
0.5230504375193682,0.3066589129403226,-0.08302108159400758,-0.523050402168905,-1.7751398962130254,-0.0010573144388288276,-0.2915847621084524,9.544539214754548e-07,13.11393087275834,-2.126808345970176,13.094568186224441,-2.1175420128042024,0.0
0.5230504375167796,0.30806945887468423,-0.08302108067436043,-0.5230504039330205,-1.7785684251955332,-0.0008057444888881402,-0.2884931751626942,9.544556381199955e-07,13.15448998538193,-2.115916695810354,13.135127298780453,-2.1066503625768034,0.0
0.5230504375143399,0.3095119954021629,-0.08302107980615372,-0.523050405595678,-1.7813047008988847,-0.0008734131169443962,-0.2865212661275653,9.544851863235805e-07,13.19596896230848,-2.1047780296464507,13.176606275643312,-2.095511696349209,0.0
0.5230504375120208,0.3109366167885979,-0.0830210789813392,-0.5230504071760792,-1.7840131393177996,-0.0009301185218392228,-0.28457335258659316,9.545128509267093e-07,13.236932804022617,-2.0937776976753635,13.217570117296908,-2.0845113643175823,0.0
0.5230504375098165,0.3123433757766915,-0.08302107819773862,-0.5230504086783059,-1.7866976130294965,-0.0009768273235130859,-0.2826435312671199,9.54538703544528e-07,13.2773830270818,-2.0829152925782806,13.258020340298547,-2.0736489591629543,0.0
0.5230504375077054,0.3136896845514828,-0.0830210774490713,-0.5230504101169784,-1.7899349870634222,-0.0007539079307796759,-0.2797296884183477,9.545403558281762e-07,13.316095052895358,-2.072519658805615,13.296732366056993,-2.063253325335179,0.0
0.5230504375057149,0.3150623092139975,-0.08302107674213198,-0.5230504114734488,-1.7925137583501218,-0.0008301473107981353,-0.2778804098330136,9.545634719175938e-07,13.355563771324292,-2.061920826363098,13.336201084433965,-2.0526544928407002,0.0
0.523050437503809,0.3163765356595151,-0.08302107606678535,-0.523050412772277,-1.7956393367056607,-0.0006392369335202822,-0.27506915348656646,9.5456530276382e-07,13.39335329599377,-2.051772920523848,13.373990609053688,-2.0425065869516965,0.0
0.5230504375020116,0.3177145831596899,-0.08302107542900905,-0.5230504139971541,-1.7981225310476718,-0.0007355255063899329,-0.2732968246801003,9.545859342244857e-07,13.431827776318105,-2.0414410799139344,13.412465089331103,-2.0321747462948623,0.0
0.5230504375003032,0.31903495134275833,-0.08302107482312145,-0.5230504151614345,-1.8005817959814432,-0.0008168794377162974,-0.271546019441626,9.546051871430393e-07,13.469793902270249,-2.0312457522363845,13.450431215238648,-2.021979418572713,0.0
0.5230504374986793,0.3203353151461726,-0.08302107424753503,-0.5230504162681127,-1.803012643716411,-0.0008855743511378615,-0.2698188435280175,9.546231394182205e-07,13.507184818524841,-2.0212048905698965,13.487822131450848,-2.0119385568638317,0.0
0.523050437497125,0.32157912743817635,-0.08302107369782638,-0.5230504173273323,-1.8059531543516654,-0.0007038238606654145,-0.26718917093370664,9.546247033713188e-07,13.542949641517552,-2.01160069588321,13.523586954402985,-2.0023343621365703,0.0
0.5230504374956586,0.32284387620958144,-0.08302107317856129,-0.5230504183266593,-1.8082919593245632,-0.0007906001937788305,-0.2655339103367801,9.54640665535581e-07,13.579316476456981,-2.001834839659893,13.559953789304133,-1.9925685058749723,0.0
0.5230504374942648,0.32408838853661487,-0.08302107268527721,-0.5230504192765231,-1.8106018378773927,-0.0008647842281768804,-0.26390353538155065,9.546555622832301e-07,13.615101428830398,-1.992225241226653,13.595738741641165,-1.9829589074053464,0.0
0.52305043749294,0.3253131720235253,-0.08302107221666889,-0.5230504201793956,-1.8128807620011937,-0.0009270987482344736,-0.26229662854972113,9.546693989438256e-07,13.65031909438178,-1.9827679810462235,13.630956407157962,-1.973501647190331,0.0
0.5230504374916725,0.32648366227798176,-0.08302107176925816,-0.5230504210431727,-1.8156378206148984,-0.0007557747838080222,-0.25984288045028997,9.546707047100937e-07,13.683975601639737,-1.973729950260839,13.66461291438283,-1.964463616371858,0.0
0.5230504374904684,0.32763720972512267,-0.0830210713444178,-0.523050421863689,-1.818316353369969,-0.0006141961854874474,-0.257460612386699,9.546721586908125e-07,13.717144932203604,-1.964822745131165,13.697782244915265,-1.955556411210753,0.0
0.5230504374893319,0.32880538487440636,-0.08302107094296446,-0.5230504226382428,-1.8204385650287922,-0.0007150366895922862,-0.2559782957217637,9.54683819881423e-07,13.750734870817885,-1.9558025919032107,13.731372183499875,-1.9465362579531282,0.0
0.5230504374882449,0.3299216565628584,-0.08302107055976723,-0.523050423379022,-1.8230062254892725,-0.0005889701626483959,-0.2537036508430108,9.54685237434173e-07,13.78283236708695,-1.9471832152061535,13.763469679740563,-1.9379168812276943,0.0
0.5230504374872185,0.3310508622281625,-0.08302107019760535,-0.5230504240784651,-1.8250408468414527,-0.0006947281770775538,-0.25229406091466056,9.546955251202616e-07,13.815301769672866,-1.9384639685551739,13.795939082299686,-1.9291976345499215,0.0
0.5230504374862429,0.33215872941487706,-0.0830210698535673,-0.5230504247432933,-1.827046684261557,-0.000785588370487421,-0.2509076658203729,9.547050632296291e-07,13.847157601520252,-1.9299094888987764,13.827794914121604,-1.920643154868057,0.0
0.5230504374853102,0.333216060830223,-0.08302106952525111,-0.5230504253789109,-1.8294738271954727,-0.0006633515965219707,-0.24877096803329973,9.547062898269102e-07,13.87756031781909,-1.9217452249958327,13.858197630396095,-1.9124788909407648,0.0
0.5230504374844293,0.33428301718064823,-0.08302106921488718,-0.523050425979272,-1.8313901962797303,-0.0007591351515966188,-0.2474565824119743,9.547146701797334e-07,13.908239791562654,-1.913506642035405,13.888877104116661,-1.9042403079573396,0.0
0.5230504374835871,0.3353005523033497,-0.08302106891875863,-0.5230504265531202,-1.8337064959836167,-0.0006497818310087903,-0.2454263254460976,9.54715834029964e-07,13.937498197556952,-1.9056496687632563,13.918135510088977,-1.8963833346632086,0.0
0.5230504374827872,0.3362990790486868,-0.08302106863756056,-0.5230504270982544,-1.835956816597961,-0.0005597214140863711,-0.24345903796114662,9.54717041764088e-07,13.966210032984469,-1.8979394703632262,13.946847345495613,-1.8886731362422966,0.0
0.5230504374820314,0.3373044162929458,-0.08302106837166973,-0.5230504276133391,-1.8377271631029262,-0.0006710772667864067,-0.24226523964612948,9.547239869780303e-07,13.99511769897666,-1.8901766846847485,13.975755011468074,-1.8809103505440878,0.0
0.523050437481313,0.33828764523632715,-0.08302106811909199,-0.5230504281029176,-1.8394648367113642,-0.0007682637846550882,-0.24109759412766646,9.547304145607995e-07,14.023389658569435,-1.882584610096441,14.004026971042094,-1.8733182759370264,0.0
0.5230504374806266,0.33922332383328163,-0.08302106787817642,-0.5230504285706578,-1.8415704535148234,-0.0006766812811621727,-0.2392711746166365,9.54731422903819e-07,14.050294346087867,-1.8753596989888148,14.03093165854261,-1.8660933648114828,0.0
0.5230504374799779,0.3401632836538711,-0.08302106765031513,-0.5230504290127711,-1.8432251403333986,-0.0007731121595292394,-0.23816865635171014,9.54737019738058e-07,14.077322136866593,-1.8681017305045085,14.0579594493044,-1.8588353963102406,0.0
0.5230504374793583,0.34105746335863174,-0.08302106743301897,-0.5230504294350571,-1.8452213470909153,-0.0006900008950334223,-0.23644670605759996,9.54737947678127e-07,14.103033557126938,-1.8611972565167043,14.083670869548568,-1.85193092230626,0.0
0.5230504374787724,0.34195322940321105,-0.08302106722745903,-0.5230504298343049,-1.8467867763883292,-0.0007850852442448082,-0.23541509505824573,9.547428110048593e-07,14.128790591409633,-1.8542805338380484,14.109427903815968,-1.8450141996123104,0.0
0.5230504374782157,0.342826818388207,-0.08302106703219085,-0.5230504302137713,-1.8483216481646334,-0.0008685075059733996,-0.23440523546524036,9.547472993445587e-07,14.153909942168125,-1.8475350530877,14.134547254559925,-1.838268718847426,0.0
0.523050437477684,0.3436554811950513,-0.08302106684602614,-0.5230504305760859,-1.8501691088041763,-0.0007869055269857255,-0.2328230010942146,9.547480647592192e-07,14.177737476691629,-1.8411364730556121,14.15837478906955,-1.8318701388014593,0.0
0.5230504374771812,0.34448305994314193,-0.08302106666986843,-0.5230504309187591,-1.8516117132895737,-0.0008699373346596021,-0.23188430469165763,9.547519432146545e-07,14.201533840049974,-1.834746263942264,14.182171152414769,-1.8254799296749848,0.0
0.5230504374767032,0.34528724523159904,-0.0830210665025297,-0.5230504312444499,-1.8530232306680148,-0.0009428597898101351,-0.2309659097073498,9.547555093381915e-07,14.224657543262666,-1.8285366892283954,14.205294855614984,-1.8192703549486402,0.0
0.523050437476249,0.3460686898282648,-0.08302106634357011,-0.5230504315539983,-1.8543995080884839,-0.0010068244733016667,-0.2300708095271057,9.547587826572331e-07,14.24712735614331,-1.8225027085112964,14.22776466848377,-1.8132363742196835,0.0
0.5230504374758156,0.34680773110608254,-0.08302106619208,-0.5230504318493977,-1.8560471987191047,-0.0009261258207244427,-0.22867067763472662,9.547593502884197e-07,14.26837789557701,-1.8167961480405161,14.249015207906156,-1.8075298137375875,0.0
0.5230504374754054,0.34754260556062355,-0.08302106604867553,-0.5230504321289238,-1.8573304607081413,-0.0009914387239032397,-0.22784523223452466,9.547621616843393e-07,14.289508621403613,-1.8111217622035205,14.27014593372205,-1.8018554278898842,0.0
0.5230504374750156,0.3482536511712047,-0.08302106591245367,-0.5230504323945853,-1.8585763041101178,-0.001049629151544032,-0.2270452104520462,9.547647436286423e-07,14.309954167944055,-1.8056313725678959,14.290591480252315,-1.796365038244083,0.0
0.5230504374746451,0.3489407210730474,-0.08302106578305228,-0.5230504326470736,-1.8597858998171328,-0.0011007299906659017,-0.22626761705793916,9.547671001502273e-07,14.329710312216362,-1.8003261131493469,14.31034762451495,-1.7910597788158622,0.0
0.5230504374742929,0.3496028292203665,-0.08302106566013111,-0.5230504328870369,-1.8609577486331137,-0.0011460037553476829,-0.22551397603460935,9.54769253172229e-07,14.348748701260353,-1.7952135977558694,14.32938601354975,-1.7859472634131925,0.0
0.5230504374739571,0.3502262791497733,-0.08302106554304557,-0.5230504331158764,-1.8623459419748094,-0.001071361321500242,-0.22434414683480486,9.547696323370434e-07,14.366675504225599,-1.7903995845171496,14.347312816506228,-1.7811332501657067,0.0
0.5230504374736391,0.350840906347839,-0.08302106543215143,-0.5230504333325575,-1.8634205542833857,-0.0011192505385659234,-0.22366262443515258,9.547714630325592e-07,14.384348616658237,-1.785653696759968,14.364985928930567,-1.7763873624002249,0.0
0.5230504374733369,0.3514303912924585,-0.08302106532680974,-0.5230504335384871,-1.8644574667544014,-0.0011616976937627612,-0.22300413654199353,9.547731252621916e-07,14.401298783753338,-1.7811019467355889,14.38193609601778,-1.7718356123679573,0.0
0.5230504374730488,0.3519827250985803,-0.0830210652265014,-0.5230504337347881,-1.8656760534615782,-0.0010985684556084274,-0.22198550334322759,9.547734350701551e-07,14.417180699626202,-1.7768370618295237,14.397818011883123,-1.7675707274543724,0.0
0.5230504374727759,0.3525233578000289,-0.08302106513146433,-0.5230504339207344,-1.866616599254685,-0.0011428497315460733,-0.2213979867073786,9.547748363003297e-07,14.432726159637362,-1.7726625279286883,14.413363471887159,-1.763396193546414,0.0
0.5230504374725159,0.35302698139896577,-0.08302106504098634,-0.5230504340979384,-1.867719070154879,-0.0010904310713318395,-0.22048405592509407,9.54775114618854e-07,14.447207452553762,-1.7687737623922857,14.427844764796772,-1.7595074280032232,0.0
0.5230504374722695,0.353518872356904,-0.08302106495524571,-0.5230504342658404,-1.8685574915830563,-0.0011355212283832752,-0.21997265851150227,9.5477628566477e-07,14.461351382802553,-1.7649755913556047,14.44198869503913,-1.7557092569601105,0.0
0.5230504374720354,0.3539844222559201,-0.08302106487379753,-0.5230504344254051,-1.869357230717516,-0.0011761861196678532,-0.21948477139435024,9.547773392894894e-07,14.474737897011892,-1.761380814671339,14.455375209242359,-1.7521144802697324,0.0
0.5230504374718123,0.35441504873851415,-0.08302106479628034,-0.5230504345774024,-1.8702910520771194,-0.0011343837110137822,-0.21872037384567694,9.547775632065786e-07,14.48712021635629,-1.7580557015703424,14.467757528580934,-1.7487893671629133,0.0
0.523050437471601,0.3548305075722019,-0.08302106472279652,-0.5230504347214816,-1.870990015938579,-0.001175168607366334,-0.21830615841685852,9.547784292638166e-07,14.499066402123816,-1.7548477065896668,14.479703714342941,-1.7455813721767186,0.0
0.5230504374714,0.3552202304597029,-0.0830210646529921,-0.5230504348584027,-1.8716458663470312,-0.0012123904985342012,-0.21791951578385216,9.547792021898996e-07,14.5102725713797,-1.7518384335257835,14.490909883593579,-1.7425720991075904,0.0
0.523050437471209,0.355583244637362,-0.08302106458668335,-0.5230504349885188,-1.8722573562325668,-0.0012469230035093899,-0.21756201498205013,9.547798921934304e-07,14.520710753081989,-1.7490353936323364,14.501348065290884,-1.7397690592091588,0.0
0.5230504374710273,0.35591371160085994,-0.08302106452360233,-0.5230504351123912,-1.8729601868136385,-0.0012185581468466527,-0.2170003294941579,9.547800535417878e-07,14.530213065708617,-1.7464836692990011,14.510850377912767,-1.7372173348710784,0.0
0.5230504374708549,0.35622530864515134,-0.08302106446377487,-0.523050435229876,-1.8734713240964451,-0.0012531609510023072,-0.21671523193593564,9.547806057502184e-07,14.53917278893228,-1.7440776503886544,14.51981010113193,-1.7348113159562313,0.0
0.5230504374706908,0.35650453156515144,-0.08302106440687201,-0.5230504353416906,-1.8740526672764855,-0.0012344638504336839,-0.21626185825568067,9.547807468901393e-07,14.547201620138663,-1.7419216105048332,14.52783893233403,-1.7326552760681269,0.0
0.5230504374705351,0.35676448519918447,-0.08302106435289017,-0.5230504354477709,-1.8744653770639699,-0.0012681280443023462,-0.2160459893581355,9.547811771003206e-07,14.554676378467882,-1.7399143597713147,14.535313690659184,-1.730648025330545,0.0
0.523050437470387,0.35699230402290794,-0.08302106430155903,-0.5230504355487,-1.8749259242854104,-0.0012586775687213614,-0.2156998091411412,9.547812994405041e-07,14.561227126059773,-1.738155240177714,14.541864438247208,-1.728888905733078,0.0
0.5230504374702465,0.3571995075511313,-0.08302106425285051,-0.5230504356444811,-1.8752403068861052,-0.0012914263768598756,-0.21555278260707428,9.547816263984775e-07,14.567185097345094,-1.7365553030275076,14.54782240952886,-1.7272889685792026,0.0
0.5230504374701128,0.35737547718099016,-0.08302106420654487,-0.5230504357355833,-1.8755768966508952,-0.0012911739022504335,-0.21531628176440495,9.547817314972433e-07,14.572244962893299,-1.7351965405589154,14.552882275073575,-1.7259302061071204,0.0
0.5230504374699858,0.35752607758669347,-0.08302106416256501,-0.5230504358221334,-1.8758499484900364,-0.0012963541744881776,-0.21513703700781972,9.547818304990262e-07,14.576575356718037,-1.73403366829982,14.557212668894996,-1.7247673338447098,0.0
0.5230504374698652,0.35765209275251,-0.08302106412081621,-0.5230504359043046,-1.8760101668448568,-0.0013289726097868186,-0.2150995558299134,9.547820330473448e-07,14.580198821658918,-1.7330606326611033,14.56083613383273,-1.7237942982028454,0.0
0.5230504374697507,0.3577518979506916,-0.08302106408115714,-0.5230504359823855,-1.876121200611057,-0.001360429700758276,-0.21509501656765323,9.547821984740885e-07,14.583068639968493,-1.7322899790815036,14.563705952139314,-1.7230236446202547,0.0
0.5230504374696417,0.3578228947525911,-0.08302106404347152,-0.5230504360566072,-1.876210859602174,-0.0013786150963116719,-0.215075214973404,9.547822739985694e-07,14.585110095909258,-1.7317417714963903,14.565747408077234,-1.722475437032298,0.0
0.5230504374695383,0.3578663832682035,-0.08302106400767703,-0.5230504361271208,-1.876238476214413,-0.0014018277053088248,-0.2151096388496103,9.547823434796893e-07,14.5863605731032,-1.7314059710180585,14.566997885268474,-1.7221396365512651,0.0
0.52305043746944,0.357884685369907,-0.08302106397368063,-0.5230504361941062,-1.8761984233129119,-0.0014324310846713535,-0.21520819279568737,9.547824180454803e-07,14.586886835131983,-1.7312646491526578,14.56752414729469,-1.7219983146832984,0.0
0.5230504374693467,0.357888588115887,-0.08302106394138388,-0.5230504362577509,-1.8761339085004798,-0.0014619582368591503,-0.21532099329240226,9.54782475289804e-07,14.586999055221682,-1.731234512913925,14.567636367381951,-1.7219681784421277,0.0
0.523050437469258,0.3580761630584887,-0.08302106391047763,-0.5230504363182162,-1.8782335904877034,-0.001369062168740297,-0.2133881295688516,9.547825269554386e-07,14.592392622370104,-1.729786139697403,14.573029934528057,-1.7205198052232895,0.0
0.5230504374691737,0.35858783243165304,-0.08302106388075313,-0.5230504363756607,-1.8841071227191803,-0.001067458067142174,-0.20788642752561087,9.547825735859102e-07,14.607105265553372,-1.7258352499275789,14.587742577709125,-1.7165689154512649,0.0
0.5230504374690936,0.35936532819072475,-0.083021063852252,-0.5230504364302353,-1.8929179632080884,-0.0006210022115968182,-0.1995887576753729,9.547826156709664e-07,14.629461533771087,-1.7198317641673875,14.610098845924751,-1.710565429688983,0.0
0.5230504374690176,0.3603542748566794,-0.0830210638249974,-0.5230504364820832,-1.9038423957184192,-9.739883582906856e-05,-0.1892513075855559,9.547826536579121e-07,14.65789790363277,-1.7121955462761904,14.638535215784449,-1.7029292117958,0.0
0.5230504374689453,0.3614958830398447,-0.08302106379900508,-0.5230504365313405,-1.9160485171780055,0.00044015741946492714,-0.17764295247451112,9.547826879402747e-07,14.690723933279012,-1.7033805424162216,14.671361245428802,-1.6941142079339442,0.0
0.5230504374688766,0.36272306715107233,-0.08302106377428747,-0.5230504365781367,-1.9287051161998692,0.0009405852036468361,-0.16554398082611635,9.547827188841516e-07,14.726010630272665,-1.6939047584027387,14.706647942420663,-1.6846384239186687,0.0
0.5230504374688113,0.36395678399322295,-0.08302106375085655,-0.5230504366225944,-1.9409718012214494,0.00136833488383466,-0.15375938509521336,9.547827468089538e-07,14.761485170726717,-1.684378531512188,14.742122482873011,-1.675112197026415,0.0
0.5230504374687494,0.36510571716681434,-0.08302106372872298,-0.5230504366648308,-1.952004138002141,0.001703780385399437,-0.14311411644668495,9.547827720200594e-07,14.794521824641206,-1.6755069673648468,14.775159136785883,-1.666240632877456,0.0
0.5230504374686905,0.36606664746657974,-0.0830210637078949,-0.5230504367049564,-1.9609447991494453,0.001939589260008082,-0.13445830567365943,9.54782794768434e-07,14.822152606359886,-1.6680870798832599,14.802789918503025,-1.658820745394332,0.0
0.5230504374686346,0.36672905191355853,-0.08302106368837388,-0.5230504367430769,-1.966935686404834,0.0020753278937793267,-0.12864974647730024,9.547828153030391e-07,14.841199516058023,-1.6629722795615667,14.8218368281997,-1.6537059450711784,0.0
0.5230504374685814,0.3669790221507448,-0.08302106367015244,-0.5230504367792924,-1.9691033199052312,0.0021098778143093856,-0.12656092285197135,9.547828338334385e-07,14.848387210073938,-1.6610421173141972,14.829024522214228,-1.6517757828224215,0.0
0.5230504374685309,0.3669858847842329,-0.08302106365301773,-0.523050436813698,-1.9690735052548716,0.002092595347775616,-0.1266155019931247,9.54782850557067e-07,14.848584539477086,-1.6609891265436603,14.829221851616058,-1.6517227920505666,0.0
0.5230504374684829,0.36699240485457324,-0.08302106363673929,-0.5230504368463842,-1.969045187777995,0.0020761872886666433,-0.12666735602084328,9.547828656517837e-07,14.848772018757602,-1.6609387809217206,14.829409330895322,-1.6516724464273749,1.0
0.5230504374684374,0.3669985994344127,-0.08302106362127434,-0.5230504368774368,-1.9690182919858081,0.0020606089095320038,-0.1267166208138148,9.547828792740622e-07,14.848950138825456,-1.6608909486195778,14.829587450961988,-1.6516246141240425,1.0
0.5230504374683941,0.3670044847481895,-0.08302106360658223,-0.5230504369069374,-1.968992746225695,0.00204581781810869,-0.12676342549387015,9.547828915691024e-07,14.849119366201077,-1.6608455043579913,14.829756678336476,-1.651579169861326,1.0
0.523050437468353,0.36701007621401305,-0.08302106359262434,-0.5230504369349636,-1.9689684824833467,0.0020317738308380873,-0.12680789276016544,9.54782902664928e-07,14.849280144219566,-1.6608023290838998,14.829917456353892,-1.651535994586161,1.0
0.5230504374683139,0.3670153884835021,-0.083021063579364,-0.5230504369615889,-1.96894543619538,0.002018438853667903,-0.12685013920701768,9.54782912679897e-07,14.849432894176218,-1.6607613096628062,14.830070206309523,-1.6514949751640475,1.0
0.5230504374682768,0.3670204354796777,-0.08302106356676632,-0.5230504369868836,-1.9689235460718646,0.00200577676967928,-0.12689027562617664,9.547829217181187e-07,14.84957801641609,-1.6607223385861825,14.830215328548427,-1.6514560040864548,1.0
0.5230504374682415,0.3670252304330034,-0.08302106355479821,-0.5230504370109139,-1.968902753928208,0.0019937533331119595,-0.12692840729427687,9.547829298771617e-07,14.849715891370323,-1.6606853136931774,14.830353203501739,-1.6514189791925291,1.0
0.523050437468208,0.3670297859156621,-0.08302106354342821,-0.5230504370337431,-1.968883004525883,0.0019823360693902083,-0.12696463424618282,9.5478293724112e-07,14.849846880541735,-1.6606501379059457,14.830484192672277,-1.6513838034044228,1.0
0.5230504374681761,0.3670341138741531,-0.08302106353262642,-0.5230504370554312,-1.9688642454215133,0.0019714941807799256,-0.12699905153490487,9.547829438853574e-07,14.849971327442123,-1.6606167189779444,14.830608639571835,-1.6513503844755906,1.0
0.523050437468146,0.3670382256602904,-0.08302106352236445,-0.5230504370760352,-1.96884642682386,0.001961198457332686,-0.12703174947873452,9.547829498818196e-07,14.8500895584836,-1.6605849692545753,14.830726870612523,-1.6513186347514321,1.0
0.5230504374681172,0.367042132060679,-0.08302106351261533,-0.5230504370956093,-1.9688295014582768,0.001951421192795979,-0.1270628138962166,9.547829552946945e-07,14.850201883826154,-1.6605548054455792,14.830839195954328,-1.6512884709416862,1.0
0.5230504374680899,0.3670458433247428,-0.08302106350335342,-0.523050437114205,-1.9688134244382343,0.0019421361051905684,-0.12709232632954648,9.547829601800584e-07,14.85030859818357,-1.6605261484086156,14.830945910311032,-1.6512598139040102,1.0
0.523050437468064,0.36704936919137365,-0.08302106349455439,-0.523050437131871,-1.968798153143524,0.0019333182617759033,-0.12712036425695505,9.547829645898744e-07,14.850409981589703,-1.6604989229434883,14.83104729371649,-1.6512325884382064,1.0
0.5230504374680394,0.3670527189142684,-0.08302106348619509,-0.5230504371486541,-1.9687836471047897,0.0019249440081429432,-0.12714700129461523,9.547829685695968e-07,14.850506300127025,-1.6604730575965003,14.831143612253168,-1.6512067230905756,1.0
0.5230504374680159,0.36705590128601784,-0.08302106347825357,-0.5230504371645981,-1.9687698678940422,0.0019169909011910124,-0.1271723073885808,9.54782972160439e-07,14.850597806619282,-1.6604484844744487,14.831235118744814,-1.6511821499679131,1.0
0.5230504374679937,0.367058924661008,-0.08302106347070892,-0.5230504371797451,-1.9687567790208385,0.0019094376457610175,-0.12719634899724291,9.547829754020951e-07,14.850684741289996,-1.66042513906779,14.831322053414947,-1.651158804560674,1.0
0.5230504374679726,0.367061796977191,-0.08302106346354134,-0.5230504371941349,-1.9687443458338252,0.0019022640347121575,-0.12721918926476708,9.547829783278393e-07,14.850767332388477,-1.6604029600825319,14.831404644512876,-1.6511366255748645,1.0
0.5230504374679525,0.36706452577678134,-0.08302106345673196,-0.5230504372078054,-1.9687325354273582,0.0018954508922428086,-0.12724088818595153,9.547829809689524e-07,14.850845796784924,-1.660381889280425,14.831483108908799,-1.651115554772234,1.0
0.5230504374679334,0.3670671182259296,-0.0830210634502629,-0.5230504372207925,-1.9687213165529314,0.001888980020268967,-0.12726150276292655,9.547829833533929e-07,14.850920340536122,-1.66036187132705,14.8315576526595,-1.6510955368183615,1.0
0.5230504374679154,0.3670695811334232,-0.08302106344411714,-0.5230504372331304,-1.9687106595351607,0.0018828341476853474,-0.12728108715409445,9.547829855054751e-07,14.85099115942318,-1.6603428536474154,14.831628471546084,-1.6510765191382544,1.0
0.5230504374678981,0.36707192096846264,-0.08302106343827852,-0.5230504372448515,-1.9687005361920817,0.0018769968823451851,-0.1272996928156907,9.547829874466428e-07,14.851058439462653,-1.6603247862886976,14.83169575158511,-1.6510584517790876,1.0
0.5230504374678818,0.3670741438775575,-0.08302106343273169,-0.5230504372559865,-1.968690919759535,0.0018714526656049212,-0.12731736863632862,9.54782989198178e-07,14.851122357392391,-1.6603076217897759,14.831759669514422,-1.6510412872797393,1.0
0.5230504374678663,0.36707625570058583,-0.08302106342746209,-0.523050437266565,-1.968681784819425,0.00186618672928941,-0.12733416106487186,9.547829907796183e-07,14.851183081133303,-1.6602913150572265,14.83182039325493,-1.6510249805467847,1.0
0.5230504374678515,0.3670782619860582,-0.08302106342245584,-0.5230504372766146,-1.9686731072316477,0.0018611850549421396,-0.12735011423196352,9.547829922056432e-07,14.851240770228262,-1.6602758232474601,14.831878082349505,-1.6510094887366336,1.0
0.5230504374678375,0.36708016800562476,-0.08302106341769978,-0.5230504372861617,-1.9686648640695001,0.0018564343352330448,-0.12736527006552373,9.54782993493679e-07,14.85129557625925,-1.6602611056547039,14.831932888380127,-1.6509947711435116,1.0
0.5230504374678242,0.36708197876786314,-0.08302106341318143,-0.5230504372952316,-1.9686570335583842,0.0018519219374043558,-0.12737966840051268,9.547829946555922e-07,14.851347643243813,-1.6602471236045346,14.831984955364343,-1.650980789092995,1.0
0.5230504374678115,0.3670836990313824,-0.08302106340888889,-0.523050437303848,-1.9686495950176375,0.0018476358686418048,-0.12739334708324246,9.547829957041387e-07,14.851397108011854,-1.660233840352697,14.832034420132054,-1.6509675058408273,1.0
0.5230504374677996,0.3670853333172764,-0.08302106340481087,-0.5230504373120337,-1.9686425288053286,0.001843564743265447,-0.1274063420705061,9.547829966503524e-07,14.851444100563725,-1.6602212209889413,14.832081412683612,-1.650954886476758,1.0
0.5230504374677881,0.3670868859209591,-0.08302106340093666,-0.5230504373198102,-1.968635816265861,0.0018396977516404363,-0.12741868752377983,9.54782997505105e-07,14.851488744410537,-1.6602092323456363,14.832126056530125,-1.650942897833155,1.0
0.5230504374677772,0.3670883609234121,-0.08302106339725608,-0.5230504373271978,-1.9686294396802426,0.0018360246307139137,-0.12743041589874213,9.547829982753908e-07,14.851531156897567,-1.6601978429109208,14.832168469016873,-1.6509315083981564,1.0
0.5230504374677669,0.36708976220187306,-0.08302106339375945,-0.5230504373342161,-1.9686233822188814,0.0018325356360897437,-0.12744155803034105,9.547829989707113e-07,14.851571449511608,-1.6601870227461695,14.832208761630646,-1.6509206882331362,1.0
0.5230504374677571,0.3670910934399932,-0.08302106339043756,-0.5230504373408835,-1.9686176278967795,0.001829221515557836,-0.1274521432136299,9.547829995991318e-07,14.851609728173036,-1.6601767434075618,14.832247040291819,-1.6509104088942732,1.0
0.5230504374677478,0.36709235813748975,-0.0830210633872817,-0.5230504373472177,-1.9686121615309982,0.001826073483999601,-0.12746219928058086,9.54783000165681e-07,14.85164609351335,-1.6601669778715487,14.832283405631891,-1.6509006433580173,1.0
0.5230504374677389,0.3670935596193184,-0.08302106338428357,-0.5230504373532351,-1.9686069687002812,0.001823083199595605,-0.1274717526730755,9.547830006777304e-07,14.85168064113893,-1.6601577004640264,14.83231795325724,-1.6508913659502646,1.0
0.5230504374677305,0.3670947010443895,-0.08302106338143526,-0.5230504373589516,-1.9686020357067229,0.0018202427412656352,-0.1274808285122621,9.547830011393194e-07,14.851713461881653,-1.6601488867930334,14.832350773999744,-1.6508825522790527,1.0
0.5230504374677225,0.36709578541385063,-0.08302106337872932,-0.5230504373643824,-1.9685973495393772,0.0018175445872753867,-0.12748945066445921,9.547830015562334e-07,14.851744642037056,-1.6601405136847955,14.83238195415494,-1.6508741791706067,1.0
0.523050437467715,0.36709681557895674,-0.08302106337615861,-0.5230504373695416,-1.9685928978397085,0.001814981594947648,-0.1274976418037772,9.547830019325797e-07,14.851774263590643,-1.6601325591229545,14.832411575708328,-1.6508662246085681,1.0
0.5230504374677077,0.3670977942485489,-0.08302106337371638,-0.5230504373744429,-1.9685886688687886,0.0018125469814193698,-0.12750542347162036,9.547830022718962e-07,14.851802404432917,-1.6601250021908207,14.832439716550413,-1.6508586676762464,1.0
0.5230504374677009,0.36709872399616034,-0.08302106337139621,-0.5230504373790992,-1.968584651476153,0.001810234305389203,-0.12751281613322474,9.547830025781607e-07,14.851829138563717,-1.6601178230165026,14.832466450681036,-1.6508514885017498,1.0
0.5230504374676944,0.3670996072667688,-0.083021063369192,-0.5230504373835226,-1.9685808350702287,0.0018080374498032625,-0.12751983923137816,9.547830028551834e-07,14.851854536286378,-1.6601110027207673,14.832491848403528,-1.650844668205845,1.0
0.5230504374676882,0.3671004463832126,-0.08302106336709794,-0.5230504373877249,-1.9685772095902572,0.0018059506054296619,-0.12752651123746353,9.547830031041186e-07,14.85187866439221,-1.6601045233674994,14.832515976509198,-1.6508381888524162,1.0
0.5230504374676823,0.3671012435522867,-0.08302106336510855,-0.5230504373917171,-1.968573765479632,0.0018039682552751547,-0.127532849699957,9.54783003328544e-07,14.851901586335792,-1.6600983679166275,14.832538898452627,-1.6508320334013913,1.0
0.5230504374676768,0.3671020008705353,-0.08302106336321857,-0.5230504373955097,-1.9685704936605832,0.0018020851597997138,-0.1275388712905089,9.547830035334372e-07,14.851923362401541,-1.6600925201793955,14.83256067451823,-1.650826185664014,1.0
0.5230504374676714,0.367102720329756,-0.08302106336142306,-0.5230504373991127,-1.9685673855101369,0.0018002963428873215,-0.12754459184772646,9.547830037160978e-07,14.85194404986196,-1.6600869647758647,14.832581361978512,-1.6508206302603454,1.0
0.5230504374676664,0.3671034038222289,-0.08302106335971729,-0.5230504374025355,-1.9685644328372869,0.0017985970785335521,-0.12755002641877333,9.547830038811966e-07,14.851963703128012,-1.6600816870945336,14.832601015244435,-1.6508153525788833,1.0
0.5230504374676617,0.36710405314568556,-0.08302106335809677,-0.5230504374057873,-1.9685616278613167,0.0017969828782125076,-0.12755518929889437,9.547830040317431e-07,14.851982373892,-1.6600766732539702,14.832619686008298,-1.6508103387381954,1.0
0.5230504374676571,0.36710467000803004,-0.08302106335655723,-0.5230504374088764,-1.9685589631912126,0.0017954494788879017,-0.1275600940689685,9.547830041671307e-07,14.852000111263303,-1.6600719100663575,14.832637423379483,-1.6508055755504645,1.0
0.5230504374676528,0.3671052560318246,-0.08302106335509464,-0.523050437411811,-1.9685564318061135,0.0017939928316347894,-0.1275647536311884,9.547830042884434e-07,14.85201696189737,-1.660067385002858,14.832654274013436,-1.6508010504868524,1.0
0.5230504374676487,0.36710581275855136,-0.08302106335370514,-0.523050437414599,-1.9685540270367445,0.0017926090908403746,-0.12756918024296,9.547830043985084e-07,14.852032970118255,-1.6600630861607046,14.832670282234215,-1.6507967516445923,1.0
0.5230504374676448,0.36710634165266187,-0.08302106335238509,-0.5230504374172475,-1.9685517425477848,0.0017912946039538786,-0.12757338554911016,9.547830044979661e-07,14.852048178035064,-1.6600590022319333,14.832685490150922,-1.6507926677157194,1.0
0.5230504374676411,0.3671068441054242,-0.08302106335113102,-0.5230504374197636,-1.9685495723211217,0.0017900459017572059,-0.12757738061248727,9.547830045876392e-07,14.852062625652572,-1.6600551224736755,14.832699937768334,-1.6507887879573653,1.0
0.5230504374676376,0.3671073214385785,-0.08302106334993962,-0.523050437422154,-1.9685475106399477,0.0017888596891294962,-0.1275811759430345,9.547830046674176e-07,14.852076350976331,-1.660051436679933,14.832713663092001,-1.6507851021635311,1.0
0.5230504374676342,0.3671077749078097,-0.08302106334880777,-0.5230504374244248,-1.968545552073656,0.0017877328362801666,-0.12758478152541203,9.547830047403935e-07,14.852089390112534,-1.6600479351547612,14.832726702228117,-1.6507816006382723,1.0
0.523050437467631,0.3671082057060474,-0.08302106334773249,-0.5230504374265821,-1.9685436914634946,0.0017866623704263752,-0.12758820684524005,9.547830048060549e-07,14.852101777362893,-1.6600446086867902,14.832739089478393,-1.6507782741702186,1.0
0.523050437467628,0.36710861496660063,-0.08302106334671094,-0.5230504374286314,-1.9685419239089434,0.0017856454678920703,-0.1275914609140322,9.547830048646797e-07,14.852113545314783,-1.6600414485250177,14.832750857430204,-1.6507751140083675,1.0
0.5230504374676251,0.3671090037661365,-0.08302106334574046,-0.5230504374305784,-1.9685402447547726,0.0017846794466070224,-0.12759455229288375,9.547830049178404e-07,14.852124724926881,-1.6600384463558107,14.832762037042228,-1.6507721118390861,1.0
0.5230504374676225,0.36710937312750985,-0.08302106334481847,-0.5230504374324281,-1.9685386495787527,0.0017837617589853603,-0.12759748911497712,9.54783004966174e-07,14.852135345610543,-1.6600355942810543,14.832772657725819,-1.650769259764259,1.0
0.5230504374676199,0.36710972402245196,-0.08302106334394256,-0.5230504374341852,-1.9685371341799816,0.0017828899851641915,-0.12760027910696387,9.547830050084439e-07,14.852145435307104,-1.6600328847973915,14.832782747422312,-1.6507665502805289,1.0
0.5230504374676175,0.3671100573741248,-0.08302106334311044,-0.5230504374358544,-1.9685356945677965,0.0017820618265839397,-0.12760292960927846,9.54783005048353e-07,14.85215502056133,-1.6600303107765004,14.832792332676474,-1.6507639762595738,1.0
0.5230504374676151,0.3671103740595477,-0.0830210633423199,-0.5230504374374403,-1.9685343269512439,0.0017812750998928938,-0.1276054475954382,9.547830050841998e-07,14.852164126591196,-1.660027865446355,14.832801438706278,-1.6507615309293675,1.0
0.5230504374676129,0.3671106749119032,-0.08302106334156886,-0.5230504374389467,-1.968533027729076,0.0017805277311595431,-0.12760783969037848,9.547830051163233e-07,14.85217277735418,-1.6600255423734216,14.832810089469206,-1.6507592078563764,1.0
0.5230504374676108,0.3671109607227273,-0.08302106334085536,-0.5230504374403779,-1.9685317934802506,0.0017798177503768934,-0.12761011218787305,9.547830051449308e-07,14.852180995610253,-1.6600233354457459,14.832818307725224,-1.6507570009286459,1.0
0.5230504374676088,0.36711123224399067,-0.08302106334017753,-0.5230504374417376,-1.968530620954907,0.001779143286244031,-0.12761227106708364,9.54783005172218e-07,14.852188802981715,-1.6600212388568825,14.832826115096635,-1.6507549043397305,1.0
0.5230504374676069,0.36711149019007583,-0.08302106333953357,-0.5230504374430293,-1.9685295070657933,0.0017785025612107328,-0.12761432200828313,9.547830051952814e-07,14.852196220010049,-1.660019247090629,14.83283353212492,-1.6507529125734275,1.0
0.5230504374676052,0.3668677816696508,-0.0830210633389278,-0.5230504374442564,-1.9663247730753795,0.0017185957848547414,-0.12976064811062252,9.547830052151398e-07,14.845188576504615,-1.6619010585371232,14.82582588861944,-1.6526347240198747,1.0
0.5230504374676035,0.3662027306309667,-0.08302106333836183,-0.5230504374454221,-1.9602804089354149,0.0015510454080958805,-0.13563888581771322,9.547830052313374e-07,14.826065566025326,-1.6670362941149517,14.806702878140106,-1.6577699595976585,1.0
0.5230504374676018,0.365226319225642,-0.08302106333783028,-0.5230504374465296,-1.9512683561024138,0.0012837991603327614,-0.14438504514965858,9.547830052465497e-07,14.797989637339407,-1.6745757193639665,14.778626949454145,-1.665309384846631,1.0
0.5230504374676003,0.36404997228020164,-0.08302106333732844,-0.5230504374475816,-1.9401504284632385,0.0009210467580530299,-0.15514150549594177,9.547830052647078e-07,14.764164722176663,-1.6836589601143037,14.744802034291359,-1.674392625596928,1.0
0.5230504374675988,0.36278109796276536,-0.08302106333685229,-0.523050437448581,-1.9277904214554866,0.00047097192720028843,-0.16705265852677428,9.54783005283669e-07,14.727679256468406,-1.6934566570897314,14.708316568583063,-1.6841903225723172,1.0
0.5230504374675974,0.3615168517268635,-0.0830210633363986,-0.5230504374495305,-1.9150393769458742,-4.8828890243996306e-05,-0.17928506203019326,9.547830052986126e-07,14.69132686754167,-1.7032186180280482,14.67196417965629,-1.6939522835105976,1.0
0.523050437467596,0.3603424017084451,-0.08302106333596475,-0.5230504374504326,-1.9027428003107434,-0.0006070147111900852,-0.19102455466507987,9.547830053080894e-07,14.657556496998135,-1.7122872115328394,14.638193809112721,-1.703020877015354,1.0
0.5230504374675948,0.35932994481257596,-0.08302106333554875,-0.5230504374512894,-1.8917349088507307,-0.0011570421389024647,-0.2014834654270598,9.54783005320303e-07,14.628444109074396,-1.7201049644251323,14.60908142118895,-1.7108386299076142,1.0
0.5230504374675936,0.35854130382998095,-0.08302106333514903,-0.5230504374521034,-1.8828488583924272,-0.001638018374340494,-0.20988953404313312,9.54783005332911e-07,14.60576736865006,-1.726194507936187,14.586404680764582,-1.7169281734186377,1.0
0.5230504374675925,0.3580306916316891,-0.08302106333476433,-0.5230504374528768,-1.876908437117898,-0.001979605361516439,-0.2154893130040454,9.547830053412956e-07,14.591085123452979,-1.730137233795666,14.571722435567473,-1.720870899278087,1.0
0.5230504374675914,0.3578520022794267,-0.08302106333439359,-0.5230504374536116,-1.874749448049664,-0.0021083131065257666,-0.2175204917671621,9.547830053491807e-07,14.585947054104603,-1.7315169954403606,14.566584366219068,-1.7222506609227535,1.0
0.5230504374675904,0.3578575610388465,-0.08302106333403865,-0.5230504374543096,-1.8747559023341358,-0.0021072945561304655,-0.21751590860099357,9.547830053563277e-07,14.586106891781133,-1.7314740731015485,14.566744203895572,-1.7222077385839145,1.0
0.5230504374675894,0.3578628418709919,-0.08303306333370146,-0.5230504374549726,-1.8747620337092585,-0.0021063274088228626,-0.2175115543127009,9.547830053619383e-07,14.586351396675315,-1.731778347195249,14.56698870878973,-1.7225120126775897,1.0
0.5230504366050451,0.35786785867118354,-0.08306777010749584,-0.5230510252657313,-1.8747678583396221,-0.0021054090478709927,-0.21750741748584498,9.604505010089202e-07,14.5867636526591,-1.732737586408873,14.567400942256569,-1.7234712293742693,1.0
0.5230504332346281,0.35787262463717473,-0.08312462431950594,-0.5230533221536044,-1.8747733915823817,-0.002104536986206072,-0.21750348727518612,9.58119206317997e-07,14.5873397417513,-1.734335627053773,14.567976943363146,-1.7250691820335453,1.0
0.5230504257509765,0.35787715230550177,-0.08320308022067423,-0.5230584221481707,-1.8747786480362234,-0.0021037088414677524,-0.21749975338797264,9.4468769965599e-07,14.588075831353374,-1.7365567007028622,14.568712837602524,-1.7272900603199393,1.0
0.5230504127135901,0.3578814535951984,-0.0833026481053539,-0.5230673069283555,-1.8747836415886958,-0.0021029223103007535,-0.21749620606751266,9.459195445730452e-07,14.5889685017111,-1.7393866530260926,14.569605167615848,-1.7301196722987675,1.0
0.5230503927116955,0.35788553985481825,-0.08342284837211747,-0.5230809379147832,-1.8747883854607006,-0.002102175145456353,-0.21749283607618664,9.481436733661914e-07,14.590014394311076,-1.7428116242457863,14.5706505380611,-1.7335441213637393,1.0
0.5230503644050571,0.3578894219111758,-0.08356322539647108,-0.5231002284576017,-1.8747928922491637,-0.002101465133206306,-0.21748963467971308,9.37687850904362e-07,14.591210319871536,-1.7468184471256296,14.571845724669314,-1.7375502052913376,1.0
0.5230503265204505,0.35789311011978325,-0.08372234633135471,-0.523126046239883,-1.8747971739621607,-0.002100790082134229,-0.21748659362831177,9.258788499816489e-07,14.592545529010867,-1.751365857936681,14.573179944821018,-1.7420966271147613,1.0
0.5230502779272401,0.3578966144141597,-0.08390182679912074,-0.5231591617724237,-1.8748012420734148,-0.0021001477665613033,-0.2174837051639667,9.384760066004382e-07,14.59403279733658,-1.75650025063897,14.574665944608187,-1.7472297512785053,1.0
0.5230498986433074,0.3578989798972605,-0.08399088503830011,-0.5234176379939822,-1.8748050223680868,-0.0020997189649921816,-0.21748086403162653,1.151419161464532e-06,14.594793435055264,-1.7590477343449924,14.575416681019998,-1.7497673336776534,1.0
0.5230498411351232,0.3579021464872942,-0.08421133329110692,-0.5234568282059046,-1.874808700021628,-0.002099125911163118,-0.21747826435683007,1.0891718168987184e-06,14.596587447622007,-1.7653628460946225,14.577209192320458,-1.7560809441610004,1.0
0.5230493825817644,0.35790523686398057,-0.08431944318994825,-0.5237693246591942,-1.8748123556481258,-0.002098482491778634,-0.2174755294859527,7.205494351228172e-07,14.597517073834748,-1.7684535819605884,14.578126847877094,-1.759159709370861,1.0
0.5230488961848134,0.3579072452528756,-0.08443908587416384,-0.5241007967707567,-1.8748156016421829,-0.0020981043049477137,-0.2174730993532209,9.05676163236463e-07,14.598505004724867,-1.7718846514298052,14.57910208124681,-1.7625780813196754,1.0
0.523048380295628,0.3579091930711538,-0.08457170112561221,-0.5244523673908684,-1.8748184782336934,-0.002097823720383085,-0.21747116930836205,1.115519264717649e-06,14.599591749684192,-1.7756895887119197,14.580175358783187,-1.766369551178842,1.0
0.523048318337814,0.357911788106052,-0.08488062974060766,-0.5244945900277418,-1.8748215069544991,-0.002097269292393694,-0.2174690900053715,1.0679576910218244e-06,14.602052607520395,-1.7845533497641752,14.582634599194352,-1.7752316948060587,1.0
0.5230477185484108,0.3579135932618399,-0.0850287231720811,-0.5249033369422114,-1.8748241128322016,-0.002096991556291581,-0.217467364759687,6.850557855041451e-07,14.603255864383932,-1.7888055455558312,14.583822198397678,-1.7794682329375056,1.0
0.5230470908340079,0.3579153608585236,-0.08519032147518205,-0.5253311147442875,-1.874826963820847,-0.00209653716425792,-0.2174651208856389,6.432275426137623e-07,14.604562688122279,-1.7934467166374208,14.585112635486349,-1.784093017369419,1.0
0.5230464356017616,0.3579161639538515,-0.0853635636266889,-0.5257776455374435,-1.874829023797473,-0.002096510163963688,-0.21746390782713051,1.1135008728864935e-06,14.605932050375564,-1.7984305028811165,14.586464892729412,-1.789059698602893,1.0
0.5230463644008985,0.35791730759029655,-0.08575834169795735,-0.5258261673514733,-1.8748314852539074,-0.002096097535424604,-0.21746216217450537,1.0688790827837073e-06,14.609014214472303,-1.8097741168012444,14.589545198108883,-1.8004014538057533,1.0
0.5230456213909992,0.35791808260681207,-0.08594574451601346,-0.5263325170061338,-1.8748337024333692,-0.0020958803449954324,-0.21746050757091573,1.0266012655086023e-06,14.610493262868303,-1.815166442792027,14.591004850035933,-1.805774383327585,1.0
0.5230448503717745,0.3579179238714063,-0.0861466238107285,-0.5268579547634785,-1.8748357422810278,-0.002095811859445572,-0.21745886773210293,1.0021947702323977e-06,14.612049892976787,-1.8209538482449406,14.592541352484655,-1.8115416611207367,1.0
0.5230447616170838,0.3579178099150667,-0.08660042843591895,-0.5269184394134399,-1.8748378346862702,-0.0020955089707869004,-0.2174573299017157,9.509174079937866e-07,14.615551930081908,-1.834004655973425,14.59604107262522,-1.8245901518846628,1.0
0.5230446418058725,0.3579166489155501,-0.0870646766996084,-0.5270000889285655,-1.8748397601213367,-0.0020953822355395503,-0.21745575198794434,9.376985387769857e-07,14.619104909821752,-1.847364251755376,14.599590924661863,-1.8379466199634134,1.0
0.5230437175653152,0.3579166218733917,-0.08727847203119249,-0.527629944787174,-1.8748417045143697,-0.0020951784963117582,-0.21745410879628765,1.0180641574816383e-06,14.620767066444941,-1.8535240284621766,14.601228953742082,-1.844082269127243,1.0
0.5230427709814104,0.3579157529731245,-0.08750466966418294,-0.5282750272676326,-1.8748435038041273,-0.002095096207851147,-0.2174524774108646,8.553994510793182e-07,14.622501081064224,-1.8600472135187889,14.602938257539428,-1.85058074336192,1.0
0.5230417986327278,0.35791508093814234,-0.08774510656301306,-0.5289376680805963,-1.8748450404930985,-0.002095033079522194,-0.21745132977356998,7.515417964578401e-07,14.624351051408983,-1.866978650944829,14.604762844465949,-1.8574867973697216,1.0
0.5230408023586317,0.35791360987950005,-0.08799740851612198,-0.5296166136984346,-1.8748464476562816,-0.0020950766836563338,-0.2174501952149226,6.572494889789522e-07,14.626269985286976,-1.8742577381369896,14.606655770346483,-1.8647398765644247,1.0
0.5230397811980755,0.357912354056535,-0.0882632487743595,-0.5303125190596455,-1.8748479762189023,-0.002094961299853691,-0.21744890767347713,8.633161719765134e-07,14.628299980820945,-1.8819247683719775,14.608659108215406,-1.8723802491343664,1.0
0.5230387348288454,0.3579103444814036,-0.08854251849238723,-0.5310256037479698,-1.8748493925297152,-0.002094933853774026,-0.21744763489754576,8.840295383431161e-07,14.630412340308892,-1.8899840982309402,14.610744151959244,-1.88041226324922,1.0
0.523037663562983,0.35790760134767297,-0.08883332408618447,-0.531755655112015,-1.874850701629289,-0.0020949893346102412,-0.21744637829541133,9.20914264133427e-07,14.632593019267647,-1.8983811191634037,14.612896865240746,-1.8887813185044318,1.0
0.523037558250878,0.3579019850363286,-0.08947447176288048,-0.5318274237070612,-1.8748519378635318,-0.0020949902590497844,-0.21744529001036927,9.26228739656237e-07,14.637383801581326,-1.916861487732508,14.617684898354211,-1.9072589378733227,1.0
0.5230374086585505,0.3578964501250652,-0.09012057021018408,-0.5319293685991768,-1.8748531183544777,-0.0020949633184355805,-0.21744428798561805,9.377380416545569e-07,14.642215733936805,-1.9354841601594992,14.622512925562614,-1.9258777051532368,1.0
0.5230361624023719,0.35789243315611813,-0.09041589949058632,-0.5327786731976142,-1.8748542486857804,-0.0020951597253244495,-0.21744294064737874,8.87597655526308e-07,14.644397011752908,-1.944023373316373,14.624661669533213,-1.9343843844646058,1.0
0.5230359788267998,0.3578849504946987,-0.0910924432983382,-0.5329037771532178,-1.8748552244939858,-0.0020953267529458344,-0.2174419353585314,8.889973654535595e-07,14.649408506250067,-1.963536951676173,14.62966837174175,-1.9538931705357838,1.0
0.5230357502851802,0.35787658111527004,-0.0917747045985217,-0.5330595247850035,-1.8748560711085842,-0.002095638440992962,-0.21744092122838388,9.026766782567537e-07,14.654439244859502,-1.9832223645437628,14.634693144212065,-1.973572617264253,1.0
0.52303433248178,0.35787053091671783,-0.09207372895663779,-0.5340257362013553,-1.8748568399717218,-0.002096172289724531,-0.2174396458574721,4.872464982924479e-07,14.656592845640226,-1.9918857624124617,14.63680973286192,-1.9821990030020835,1.0
0.5230328985537441,0.357864973310645,-0.09238827141643911,-0.5350029363112687,-1.8748576395840726,-0.0020965297902828055,-0.21743851431222008,6.430017285193436e-07,14.65888066442299,-2.0009917725766906,14.639060118575957,-1.9912675800975859,1.0
0.5230314476832714,0.35785995398363585,-0.09271705513788348,-0.5359916824337592,-1.8748580536953996,-0.002096889983995702,-0.2174382577632461,6.040380640364551e-07,14.66129416711659,-2.0105033381563358,14.64143574591406,-2.0007412703217327,1.0
0.5230299792215001,0.35785344888626575,-0.093059860761587,-0.5369924167582025,-1.8748587151160656,-0.0020972646516647223,-0.2174372983450594,3.7200636336872254e-07,14.663773469977892,-2.020429789683609,14.643876714194386,-2.0106293872680294,1.0
0.5230284919323048,0.35784649782732875,-0.093418268723397,-0.5380059816852142,-1.8748594971249009,-0.002097549392250909,-0.2174361263577164,7.238450642237149e-07,14.666360693601652,-2.030808557412976,14.646425111742314,-2.0209693289215633,1.0
0.5230269865698125,0.3578381372897669,-0.0937895370030134,-0.5390318632888556,-1.8748599588992818,-0.0020980873952552545,-0.21743525793388163,3.9411211230520996e-07,14.669006950255584,-2.0415682274681948,14.649032070512236,-2.0316897010927715,1.0
0.5230254611385206,0.357830400875066,-0.09417498748797008,-0.5400714214736397,-1.8748602727061696,-0.0020984927477911575,-0.2174349184847627,3.4659793033970595e-07,14.67178094946825,-2.0527311312916727,14.651766247939598,-2.042812783130945,1.0
0.5230239166586745,0.3578212618474031,-0.09457396819172009,-0.5411239609578504,-1.874861013928197,-0.002098804352232762,-0.21743362597053087,4.0082042827268127e-07,14.674619367766216,-2.064294158929473,14.654564347184742,-2.0543354917159227,1.0
0.5230237356838018,0.35780383979043234,-0.09545635617728698,-0.5412472925763872,-1.874861515661586,-0.0020990771813395913,-0.2174329368094173,3.924819952622419e-07,14.680934866325854,-2.0898032397526167,14.660875121347702,-2.0798398481423885,1.0
0.5230220816463094,0.3577929969773951,-0.09585811455449596,-0.542374493927472,-1.8748616630972783,-0.0020998020465616057,-0.21743231088261114,3.449737835617144e-07,14.683747194044297,-2.101460718947869,14.663644269982132,-2.0914541482536277,1.0
0.5230204097510152,0.3577828711904704,-0.09627380972172786,-0.5435138650983585,-1.8748622245679014,-0.002100114121402056,-0.2174313104755473,1.0653402337088838e-07,14.686688016664881,-2.1135136276631448,14.66654144733609,-2.103463411702277,1.0
0.5230187210738826,0.3577715076499549,-0.09670381022854645,-0.5446646728364009,-1.8748624953104602,-0.002100613546419854,-0.217430665836636,2.3226809430487487e-07,14.689703960097772,-2.125987644286557,14.669513307408048,-2.115893344964756,1.0
0.5230170140810001,0.3577589379940729,-0.097146596157272,-0.5458279624789639,-1.874862488948131,-0.0021012898665225188,-0.217430364583234,1.6244022776706218e-07,14.692784218180979,-2.1388388405678063,14.67254900399285,-2.128699979747601,1.0
0.5230152884696845,0.3577340666136557,-0.0976037890092903,-0.5470039403000944,-1.875031951001968,-0.0020962245298975966,-0.2172657247439741,4.856377158440648e-07,14.69562227596913,-2.1521995308843405,14.6753420142435,-2.1420156225266322,1.0
0.5230135434583149,0.3577084011537713,-0.0980733825798476,-0.5481931389624607,-1.8751962591792088,-0.0020915494910882324,-0.21710634209488794,6.167956155623054e-07,14.698533542593092,-2.1659231712770723,14.678207726886441,-2.155693708938346,1.0
0.5230117786830394,0.3576828972611336,-0.09855625301281437,-0.5493958064255186,-1.875356659554852,-0.002086719226178875,-0.21695064505824552,3.567347212034933e-07,14.70155226904333,-2.180027578649234,14.681180383413698,-2.1697520463875275,1.0
0.5230099952377518,0.3576555914576226,-0.09905177561595632,-0.5506111972174221,-1.8755125594861017,-0.00208233770895532,-0.21679925468035183,4.5725902588953215e-07,14.70461716070254,-2.1945099392571534,14.68419871776435,-2.1841878496868863,1.0
0.5230081902953252,0.3576285154134236,-0.09955999024550223,-0.5518412379820383,-1.8756644944838317,-0.0020778466513816235,-0.2166517487580851,3.7232326301509563e-07,14.707786982297222,-2.2093557457657798,14.687321420862,-2.198986537698481,1.0
0.5230063658113868,0.35760067986847505,-0.10008056420186383,-0.553084595989176,-1.8758122819867145,-0.0020735223597112356,-0.21650829720358672,6.622387524126462e-07,14.711030695498305,-2.2245630456427508,14.690517505429746,-2.214146208942114,1.0
0.5230045205606786,0.3575731289013971,-0.1006130832572908,-0.554342106233583,-1.8759559326036999,-0.0020691632624182544,-0.21636907216375,5.572197092136532e-07,14.7143751401845,-2.240111880659,14.693813779360612,-2.229646873203033,1.0
0.5230026533811671,0.3575438640823215,-0.10115815486107492,-0.5556145606233119,-1.8760958251240358,-0.002065110572301802,-0.21623336558175524,5.362248590603831e-07,14.717767561816864,-2.2560351656944557,14.697157457780465,-2.2455214150259786,1.0
0.523000765538431,0.35751389892285634,-0.10171521094059151,-0.5569010966858676,-1.8762320937802397,-0.0020610812324295246,-0.21610107094973802,4.015474353193762e-07,14.721232700764435,-2.2723087224254925,14.700573314096607,-2.261745689125587,1.0
0.522998856660029,0.3574832722842641,-0.10228412752713875,-0.5582019682342015,-1.8763646006681771,-0.0020571605090060445,-0.21597250505622279,6.386034976469081e-07,14.724770723538594,-2.2889286906717787,14.704061505097744,-2.2783158255988525,1.0
0.522996924699471,0.3574510377929448,-0.10286421308816439,-0.5595185699201417,-1.8764932692747656,-0.0020535099103963857,-0.2158475518549658,1.8918541055173883e-07,14.72834910593604,-2.3058825214961,14.707589453156416,-2.295219222084398,1.0
0.5229949726668705,0.35741919299072916,-0.10345549146429589,-0.5608488503973025,-1.8766181874930834,-0.0020497718310957314,-0.21572652120500369,3.8321357808253945e-07,14.732025431353991,-2.3231554336560283,14.711214820249637,-2.3124411759195964,1.0
0.5229929970549797,0.3573857485039977,-0.1040587733963509,-0.5621951998014876,-1.8767401899935598,-0.0020460935654765017,-0.21560796626085799,1.958161708817585e-07,14.735748806643072,-2.3407861485867407,14.714886621670413,-2.330020316982003,1.0
0.5229909998569487,0.3573507893045321,-0.1046727416537577,-0.5635562598313436,-1.8768579347615986,-0.002042919174750841,-0.21549392519486898,3.4732623748690295e-07,14.739511477605973,-2.3587361084192886,14.71859715525314,-2.3479181394343747,1.0
0.5229889801981871,0.3573162789035795,-0.10529809809588887,-0.5649326265069692,-1.8769729661507955,-0.002039333858902468,-0.21538238769850918,4.1473902418046606e-07,14.743375336259152,-2.3770103406785323,14.722408290182857,-2.366139647970157,1.0
0.5229869376641239,0.357279277207908,-0.10593470796825177,-0.5663245823520953,-1.8770845617822505,-0.002036215993707086,-0.21527412962294948,3.5220750027576406e-07,14.747254810338259,-2.395627682910612,14.726234443372734,-2.3847036693130077,1.0
0.5229848720321681,0.35724180685443463,-0.10658149689904711,-0.5677322790590399,-1.8771932358375398,-0.0020328590819258226,-0.21516841850778773,4.088466134990015e-07,14.751199765086222,-2.4145416240782196,14.730125474254907,-2.403563686614825,1.0
0.5229827846526834,0.3572039185577456,-0.10723892869427883,-0.5691547963756806,-1.8772982407640095,-0.002029690472769563,-0.21506676005602088,6.109341649843964e-07,14.75521522494556,-2.433765090641417,14.734086442523486,-2.422732661587264,1.0
0.5229806737746695,0.35716360603648384,-0.10790741115608922,-0.5705933275819856,-1.877400501812666,-0.002026744506349914,-0.21496741471425884,2.1395192011100622e-07,14.759246676170815,-2.453325326425342,14.738062788722692,-2.4422377923451406,1.0
0.5229785399114222,0.3571229275792735,-0.10858612117667991,-0.5720475228746797,-1.8774997029298144,-0.002023711971234116,-0.21487113351816683,6.834474630748695e-07,14.763346939934753,-2.4731827598669325,14.742107347425016,-2.462039520725116,1.0
0.5229763828282651,0.3570809279443907,-0.10927498516049966,-0.5735175421820973,-1.877595606359392,-0.002020897369365821,-0.214778223032964,5.415827022419358e-07,14.767487985910469,-2.493342655441644,14.746192082177263,-2.482143105076357,1.0
0.5229742024522998,0.3570365989869592,-0.10997498015056802,-0.5750034351834195,-1.877688816328736,-0.00201836043428622,-0.21468780093709436,5.568582157685395e-07,14.771648375373601,-2.5138408939674264,14.75029555235204,-2.502584424313783,1.0
0.5229719992533606,0.35699200665859676,-0.11068427052229562,-0.5765048816937288,-1.8777789581235056,-0.002015693075454528,-0.21460045517832002,4.597116017009357e-07,14.775873329783515,-2.53460873138661,14.754462991673856,-2.5232947466448703,1.0
0.5229697716049507,0.3569461600843458,-0.11140430592725153,-0.5780229901458183,-1.8778668281597952,-0.00201292736779527,-0.2145151070921317,2.60791405353638e-07,14.780145577657844,-2.5556955245860205,14.758677086200223,-2.5443233864963175,1.0
0.5229675215192383,0.3568981021011648,-0.1121337763014583,-0.5795563892777466,-1.8779516050751541,-0.002010461298100967,-0.21443271642312714,7.136067295646963e-07,14.784427454013779,-2.577070970982334,14.762900223476507,-2.5656400938129806,1.0
0.5229652473973809,0.3568489049381247,-0.11287314407321919,-0.5811061686762359,-1.878033259389486,-0.0020082017805532703,-0.21435371163672634,5.39542393198922e-07,14.788753383666227,-2.5987401059232047,14.767166786579416,-2.5872498622043123,1.0
0.5229629507325437,0.3567985111322426,-0.1136229164645074,-0.5826713107720299,-1.8781129086194,-0.0020057401646569324,-0.21427636218346824,3.4947259349605564e-07,14.79312561449909,-2.6207179378911154,14.771479062372318,-2.609167739132263,1.0
0.522960629538873,0.35674604549859473,-0.11438142746272906,-0.5842531688942028,-1.8781897071606222,-0.002003431459466903,-0.21420159784081286,2.509891873531386e-07,14.797506141269077,-2.6429633487650674,14.775798993770689,-2.6313525546345997,1.0
0.5229582855280778,0.3566924993171176,-0.1151502611463735,-0.5858505765390526,-1.8782638460672032,-0.002001226094392102,-0.21412972934024596,5.846942685476988e-07,14.801935681844308,-2.665514207076693,14.780167343327268,-2.653842221927572,1.0
0.5229559176815494,0.356636907513125,-0.11592907688589446,-0.5874642278729318,-1.8783356833446891,-0.001999108849697245,-0.2140599412826417,6.141965867742422e-07,14.806383871098042,-2.6883681859515836,14.784553719324261,-2.676634387545721,1.0
0.5229535257083296,0.35657936831716774,-0.11671678434099868,-0.5890943211793694,-1.8784043360960763,-0.001997347689164226,-0.21399354021766767,4.844808933118952e-07,14.810845117170016,-2.711493179168489,14.788952522305868,-2.6996969376722584,1.0
0.5229511113362156,0.3565208054582256,-0.11751396926368206,-0.5907396789909996,-1.8784712319726249,-0.0019952287645088646,-0.21392845284533463,3.647029790327608e-07,14.815350484304975,-2.734898871190776,14.79339486162143,-2.7230396018751484,1.0
0.5229486726086748,0.35646035149105276,-0.11831997739275352,-0.5924016346548886,-1.8785354303634352,-0.0019932692933620406,-0.21386602903880123,1.1171665571541772e-07,14.81987000409394,-2.7585731755037295,14.797850717786172,-2.7466502425638804,1.0
0.5229462111041324,0.356398016303258,-0.1191353498453109,-0.5940791124983815,-1.8785967556024543,-0.0019916237824580633,-0.21380675590958925,2.594428173045256e-07,14.824408121969574,-2.782531553915575,14.802324577437963,-2.7705443627518824,1.0
0.5229437252632703,0.3563337980474793,-0.1199605586616253,-0.5957731751730149,-1.8786566207162525,-0.001989724583116585,-0.21374837941422,1.493072813533749e-07,14.828968453407558,-2.806787613617734,14.806820015346073,-2.7947355289241664,1.0
0.5229412496746516,0.3562657484260213,-0.12080532564426126,-0.5974602510998703,-1.878716519021295,-0.0019882865884378476,-0.21369034080995303,4.388011442196879e-07,14.833569626233087,-2.831635487449327,14.811356562279244,-2.8195187768634002,1.0
0.5229387144668477,0.35619802156910685,-0.12164799827355598,-0.5991879565931763,-1.878771169826687,-0.0019866049591796683,-0.21363721767172975,1.568156158234284e-07,14.838164740979757,-2.856421415207957,14.815885494759033,-2.844238522355149,1.0
0.5229361569113213,0.35612854863806515,-0.12249920392249321,-0.6009308917188917,-1.8788232827891305,-0.001985028699608393,-0.2135866890299595,3.0712340821296016e-07,14.842775920406456,-2.881466463922832,14.820429908525675,-2.8692168054099665,1.0
0.5229335761964168,0.3560563554027763,-0.12335967248518552,-0.6026896096079865,-1.8788733635056094,-0.001983589428371108,-0.21353793744267177,4.347192681578599e-07,14.847380802960979,-2.906799156666327,14.82496742083848,-2.894482127911742,1.0
0.5229309720569676,0.3559815199173261,-0.12422832341249161,-0.6044642909673624,-1.8789209380278888,-0.0019823815662256103,-0.21349157155892706,2.2827649721543754e-07,14.851973291316613,-2.932387824514996,14.829491927448492,-2.92000281401479,1.0
0.5229283446420503,0.3559060705123449,-0.12510621051583617,-0.6062548342036224,-1.8789663259324265,-0.0019810348616601725,-0.2134476955765793,4.558960512453152e-07,14.856619847299156,-2.958247097157596,14.834069894073194,-2.945793497299549,1.0
0.5229257189288833,0.3558261344237139,-0.1260017874201371,-0.6080442177230173,-1.8790123643041587,-0.0019797851281748604,-0.2134027276763996,1.8057047711597857e-07,14.861274097225406,-2.9846496348363027,14.838655599066241,-2.9721274900450534,1.0
0.5229230439613037,0.3557455777324383,-0.1268968310519698,-0.6098671673741214,-1.8790534174921485,-0.0019786557065427095,-0.21336279873370861,3.3927314330486395e-07,14.865907095341143,-3.011042264224366,14.843218766449375,-2.998450288700514,1.0
0.5229203453135162,0.3556635654584849,-0.12779999896124988,-0.6117062547261803,-1.879091922550649,-0.0019776099305696734,-0.21332569239173876,1.391340376453169e-07,14.870561382274193,-3.0376800342152133,14.847802604471763,-3.025017609780698,1.0
0.5229176237743978,0.35557805838813206,-0.12871156162164604,-0.613560942171495,-1.879128731557802,-0.0019766468031826505,-0.21328968643530002,4.398010168890509e-07,14.87518040525536,-3.0645864648237624,14.85235058095805,-3.051852993894366,1.0
0.5229148793024017,0.35549012792127355,-0.12963251503099918,-0.6154312580235696,-1.8791634019943229,-0.0019758827105499388,-0.21325598378171784,4.6533862495393755e-07,14.87980266751111,-3.0917819178029093,14.85690119805011,-3.0789768017098247,1.0
0.5229121125900789,0.35540079823869763,-0.1305611007557833,-0.6173167303194487,-1.8791960626368698,-0.00197492281088373,-0.2132241854056919,4.813043479432877e-07,14.884444025914819,-3.119207911212254,14.86147033070055,-3.1063305693659,1.0
0.5229093218691634,0.35530816969369605,-0.1314977305137178,-0.6192185641054505,-1.879226500415854,-0.0019742324431248656,-0.2131944465115303,1.5530862494197874e-07,14.889053065376729,-3.14689098190347,14.86600651765856,-3.133940787553217,1.0
0.5229065080917704,0.3552142354716651,-0.13244373024951522,-0.6211361105295806,-1.8792552384461667,-0.001973366412300983,-0.21316655281802738,6.427238436185614e-08,14.893697329588733,-3.1748538439543745,14.870577327471253,-3.16183019520481,1.0
0.5229036725982046,0.35511699791678675,-0.13339756447355278,-0.6230684561946724,-1.8792820770239274,-0.0019726094054545794,-0.21314017226420068,2.493393977698814e-07,14.89830750175342,-3.2030677627990225,14.87511347833022,-3.1899700927437387,1.0
0.5229008144785804,0.3550175698988254,-0.13435893724315984,-0.6250162211737716,-1.8793064228998584,-0.0019720223667433054,-0.21311649366666133,3.6092504691376243e-07,14.90291330780411,-3.2315156433558463,14.879644672415985,-3.2183433613356374,1.0
0.5228979321440308,0.35491500164574163,-0.135329315740246,-0.6269804882556088,-1.8793290503873878,-0.001971550039236978,-0.21309436663622203,4.423541991082538e-07,14.907498796869826,-3.260247030047188,14.884154917379776,-3.246999503925054,1.0
0.5228950287313997,0.3548102696206721,-0.1363067741731606,-0.6289591197289084,-1.87934935525753,-0.0019711339034088125,-0.21307461669501454,2.6017336183986186e-07,14.912077128020595,-3.289198965501379,14.888657454179754,-3.275875645028453,1.0
0.5228921169235196,0.35470182117612425,-0.1372975931078711,-0.6309434724365172,-1.8793694207763671,-0.001970624917874348,-0.21305473637179478,3.774651862078855e-07,14.916652018194158,-3.318563865040182,14.89315633084234,-3.3051645310562785,1.0
0.5228891663905377,0.35459201941230545,-0.13829155485866074,-0.6329542157109479,-1.8793857609699525,-0.0019703355228602015,-0.21303899348816172,3.7774092162658156e-07,14.921212869037857,-3.348030078056243,14.89764015724609,-3.3345537196323916,1.0
0.5228861945114616,0.3544781643888913,-0.13929253294040414,-0.6349795060234098,-1.8794001978175159,-0.0019702350678803956,-0.2130246434871388,1.6247524850475792e-07,14.925711751743327,-3.377729612901769,14.902061458266203,-3.364175672792561,1.0
0.522883199852071,0.3543623537312456,-0.14030204930072349,-0.6370203207730624,-1.8794129152269858,-0.0019700206681273506,-0.2130121007026716,1.8853301640674463e-07,14.930220758928897,-3.407690042166941,14.906492289080315,-3.394057925686275,1.0
0.5228801838547411,0.3542435783107375,-0.14131960308101976,-0.6390756770032857,-1.8794238043209415,-0.00196986491581272,-0.21300128240343144,2.588092209182087e-07,14.934706988800231,-3.4379047426295544,14.910899785547668,-3.4241938927449076,1.0
0.5228771446955521,0.3541219756267715,-0.14234459095021987,-0.6411468176876084,-1.8794325360716067,-0.0019698465955130884,-0.21299267969556762,2.655624992364675e-07,14.93916975922506,-3.4683553282478137,14.91528321792209,-3.4545651403127593,1.0
0.5228740839950136,0.3539975216968297,-0.14337657003448862,-0.6432326384734538,-1.8794392216100462,-0.0019698891581776657,-0.21298603875295335,5.242378244825966e-07,14.943604939730003,-3.4990292293236425,14.919638498034027,-3.4851591409955818,1.0
0.522871001824979,0.3538702384057382,-0.14441657384531906,-0.6453330903937415,-1.8794441960881527,-0.0019699192958178647,-0.21298102562407698,3.4145558585382484e-07,14.948021146216535,-3.5299559922868613,14.923974243660709,-3.5160054430989507,1.0
0.5228678964679409,0.353740253957657,-0.14546403429465637,-0.6474493439036965,-1.8794473107223861,-0.0019699394713784965,-0.21297782798705162,1.149318168398219e-07,14.952417700087235,-3.561118314851618,14.92828973136873,-3.547086699501028,1.0
0.5228647796269112,0.35347540311468073,-0.1465065408802356,-0.649573423578891,-1.8792054984402975,-0.002004266939850507,-0.21318529816616805,2.087174352356664e-07,14.952898437798066,-3.5931804240447645,14.928689103124261,-3.5790674427388747,1.0
0.5228616302600662,0.35321576305018887,-0.1475528705346499,-0.6517196691017596,-1.8789756091641656,-0.0020370797090441405,-0.21338249205617799,2.3496326385424537e-07,14.953559064643045,-3.625312617028892,14.92926751491897,-3.611117420672731,1.0
0.5228584607371194,0.35296195889431853,-0.14860713749671117,-0.6538796507008211,-1.8787572621925503,-0.002068089550516284,-0.2135700005273451,5.812019992783659e-07,14.954449185553166,-3.6576281964696347,14.930074894598484,-3.6433502588828643,1.0
0.5228552685481588,0.3527106650828874,-0.14966949322572626,-0.6560550788430479,-1.878549821986562,-0.0020977866708793277,-0.2137477830336688,2.0479239097003077e-07,14.95547438643051,-3.690157245450203,14.93101676254296,-3.6757959749305655,1.0
0.5228520544630985,0.3524637275872378,-0.1507392261773081,-0.6582454288435758,-1.8783530041222638,-0.002125781933160946,-0.21391644109334326,8.930689739486445e-08,14.956682237734078,-3.7228650300759183,14.932140709310218,-3.70841985501997,1.0
0.5228488201401913,0.3522197009824305,-0.15181689465736453,-0.6604495706284377,-1.8781660530871982,-0.0021523709325880647,-0.214076627190739,2.989607433211845e-07,14.958035474035848,-3.7557787494821273,14.933409512761358,-3.7412491415755493,1.0
0.5228455636376249,0.3519785291824281,-0.15290187042578246,-0.6626688275131083,-1.8779881391534854,-0.0021777169297501776,-0.21422943705267136,1.992937587397592e-07,14.959527655411687,-3.78888079788643,14.934816682280728,-3.7742661781233826,1.0
0.5228422866974638,0.35174093927581973,-0.15399375800986467,-0.6649020123071977,-1.8778194550281146,-0.0022014115354016353,-0.21437444233806102,1.657077623742059e-07,14.961176610778551,-3.8221541621975943,14.936380092262334,-3.8074539970492896,1.0
0.5228389877512154,0.3515045343533278,-0.15509400727990044,-0.6671501939145168,-1.8776596119960016,-0.002223760074895254,-0.2145114795343635,2.4500267691547655e-07,14.96292464899854,-3.8556590716015755,14.938042010622365,-3.8408727865933128,1.0
0.5228356752356843,0.3512696740488889,-0.15620346727091408,-0.6694076227812796,-1.8775074379564345,-0.002245016245367226,-0.21464242508280035,5.81986091685556e-07,14.964788563647081,-3.8894170481012478,14.939819451181252,-3.874544289003331,1.0
0.5228323345968175,0.35103734076449983,-0.15731831824312623,-0.6716842172728062,-1.8773626899638574,-0.0022650392518953964,-0.21476756934161395,3.970064583146457e-07,14.966767275415082,-3.9233108619033668,14.941710954692521,-3.9083508945487178,1.0
0.5228289725908782,0.3508056823288507,-0.1584407988171274,-0.6739753730987378,-1.8772256263536546,-0.0022837805859038324,-0.21488583743990286,3.167668704594962e-07,14.968824743081147,-3.957419103256428,14.943680656308802,-3.9423713698519953,1.0
0.5228255906048577,0.35057670650723727,-0.15956942535239366,-0.6762801450456177,-1.8770956558838716,-0.0023010517048106327,-0.21499850442561358,2.6517360900291056e-07,14.971007213478313,-3.991683579252198,14.945774839070905,-3.976547558212703,1.0
0.5228221930766928,0.3503465534695425,-0.16070763523802198,-0.6785955087270998,-1.8769721149913638,-0.0023175308356188783,-0.21510559230401824,5.32217322443239e-07,14.9732302150434,-4.0262328933707625,14.94790914726916,-4.0110081789644365,1.0
0.5228187686280409,0.35011917538217135,-0.16185169095043772,-0.6809292183102901,-1.876855173609628,-0.002332447371686879,-0.21520753592890857,3.593788877463513e-07,14.975578649109965,-4.060929188061007,14.950168185202498,-4.045615077521453,1.0
0.5228153296270669,0.3498904745279084,-0.1630037218793183,-0.6832728450793404,-1.876743825202503,-0.0023467237128182838,-0.21530483268157832,4.4899930759510675e-07,14.977950993335352,-4.095865194146928,14.95245075340246,-4.080461307581947,1.0
0.5228118645336106,0.3496631551607108,-0.16416189523439814,-0.6856342534774874,-1.8766388878279776,-0.0023594679595580624,-0.21539657197276793,4.91638957870546e-07,14.980410989846822,-4.130967465615913,14.954820292737388,-4.115473121874391,1.0
0.5228083799318681,0.3494357357167553,-0.16532644121130394,-0.6880089564754762,-1.876539011487942,-0.0023713942975535744,-0.21548448865680012,2.8244322514122467e-07,14.982917735361674,-4.166253984684525,14.957236071806753,-4.150668674497516,1.0
0.5228048742284764,0.34920815055796683,-0.16649783252914105,-0.6903980399258963,-1.8764439276351044,-0.0023825023870102094,-0.21556887957361612,1.2463354513817105e-08,14.985473018818057,-4.201738870840889,14.959699837953544,-4.186062043344287,1.0
0.5228013490574805,0.3489801171094623,-0.1676766196105639,-0.6928003902520194,-1.87635405261047,-0.0023925244680646457,-0.21564882524057674,4.102328904281641e-07,14.988072950352677,-4.237440112201216,14.96220774397164,-4.221671259188089,1.0
0.5227978035849644,0.3487517073121404,-0.16886156065107324,-0.6952165757548593,-1.876269132113134,-0.0024014916712052775,-0.21572457715418214,4.158733712733519e-07,14.990710013958887,-4.273321458572027,14.964752252084796,-4.2574600500658475,1.0
0.5227942384405846,0.3485227108330731,-0.17005386980323642,-0.6976461673330787,-1.8761885217458256,-0.0024095899242848554,-0.21579709434255953,-1.074239363116999e-08,14.99338753985161,-4.309419436665269,14.96733670894529,-4.29346495912686,1.0
0.522790653623409,0.3482931323219419,-0.17125257787362638,-0.7000891656218666,-1.8761120600987453,-0.002416820483993737,-0.21586646955651217,3.494815336013065e-07,14.996098173148697,-4.345706143755579,14.969953759646636,-4.329658083621429,1.0
0.522787049215036,0.348062776642931,-0.17245871132843363,-0.7025455150132756,-1.8760400864603743,-0.002422944314269719,-0.21593199827485937,4.3118295605485407e-07,14.998844237856899,-4.382212599856708,14.972605730325732,-4.366070445693452,1.0
0.5227834283609224,0.3478304018458322,-0.17367234643588694,-0.7050130719263601,-1.8759715334789595,-0.0024285581529923414,-0.215995032142642,2.487508620978844e-07,15.001590575942398,-4.418950555689871,14.975257545061739,-4.402713878177121,1.0
0.5227797880082986,0.34759626559539586,-0.17489150374307422,-0.7074939167770237,-1.8759066764381687,-0.002433474319674203,-0.21605495517117507,4.1925686390869066e-07,15.004329338265045,-4.455861146002298,14.977901275021155,-4.439529436126317,1.0
0.5227761243952677,0.34736151352812467,-0.17611693703321346,-0.7099906132407787,-1.8758454225010766,-0.002437439130853014,-0.21611218486066602,2.1053506579640806e-07,15.00709934161649,-4.492957237735299,14.98057563879032,-4.476529888277037,1.0
0.5227724416531521,0.3471258225201788,-0.17734904674475888,-0.7125003458842877,-1.8757873121249,-0.0024406238309961767,-0.21616733113916833,4.535014394822748e-08,15.009894338974295,-4.530252787684871,14.983274497196055,-4.51372929927454,1.0
0.5227687403514516,0.34688709735215667,-0.1785870439930973,-0.7150227266021532,-1.875732483298614,-0.0024432778788702494,-0.2162194179510608,5.628642468198033e-07,15.01264798549296,-4.567741301254993,14.985931520259802,-4.551121189389744,1.0
0.5227650190248155,0.34664741514031067,-0.17983146249810947,-0.7175587540085081,-1.8756806183011598,-0.0024451067502122624,-0.2162695208906042,3.8563313386776257e-07,15.015424149188899,-4.605422087941837,14.988610537744611,-4.588704829865457,1.0
0.5227612793265585,0.3464055669633801,-0.18108286543294183,-0.7201073013946946,-1.8756316075474924,-0.002446281265534986,-0.216317423756885,9.808931353067164e-08,15.018192404963543,-4.643320662984072,14.991281167712122,-4.626505779100561,1.0
0.5227575209505503,0.3461616084701283,-0.18234018490685638,-0.7226685773836891,-1.8755853590836375,-0.00244680669993713,-0.2163631536646556,4.3414470796970685e-07,15.020946104474945,-4.681405896272495,14.993936753828784,-4.664492898994244,1.0
0.5227537438632746,0.34591550040899277,-0.18360343089848605,-0.7252426048164543,-1.8755418986009493,-0.0024466218942043026,-0.21640657988228518,4.463163268100427e-07,15.023684198845071,-4.71967837862471,14.996576246341608,-4.702666779489156,1.0
0.5227499473156768,0.34566724939709564,-0.18487337121337982,-0.727829894162178,-1.875500686353329,-0.002445884185699543,-0.2164485929598687,5.095262900401393e-07,15.026412825441724,-4.758160144610743,14.999205763064131,-4.741049435601059,1.0
0.5227461327111381,0.34541681517298717,-0.18614851524957401,-0.7304294890380685,-1.8754616589668935,-0.0024446291458325377,-0.21648913296610311,1.3334103526226194e-07,15.029119288025354,-4.7968086295578765,15.001812644392434,-4.779598339292865,1.0
0.5227422994114191,0.34516409073494,-0.18743064437731446,-0.7330418243945127,-1.8754253541340389,-0.00244252035094958,-0.21652728800104978,2.7121554382620906e-07,15.031814290947949,-4.835675886765004,15.004407578017101,-4.818365527202064,1.0
0.5227384481288665,0.3449080619969486,-0.18871903319072633,-0.7356664147780597,-1.8753911127346374,-0.002440003053743337,-0.21656378894779105,3.186598624894177e-07,15.034463062794595,-4.874748889553084,15.006955811119216,-4.857337991245613,1.0
0.5227345801292924,0.34464868780639785,-0.19001314057049692,-0.7383023975570748,-1.8753581591371786,-0.0024374040066157208,-0.21659985482525623,2.9462345756325295e-07,15.037060222970078,-4.914012381694133,15.009451996147922,-4.8965005082398845,1.0
0.5227306923495462,0.34438812453884876,-0.19131295796635803,-0.740951860222017,-1.8753280239553107,-0.002433631876093132,-0.21663342923969947,3.778882529871844e-07,15.039667747073304,-4.953449487512749,15.011958028737773,-4.935836122545126,1.0
0.5227267866923485,0.34412326622823397,-0.1926181568606286,-0.7436135060977791,-1.8752991521163644,-0.0024298774814870442,-0.21666621043002157,2.433071758620938e-07,15.042193770805069,-4.993074748071119,15.014382094260588,-4.975359424894545,1.0
0.5227228629037736,0.34385608395340067,-0.1939296652936843,-0.7462875082308742,-1.8752721767500216,-0.0024254497764796532,-0.21669768265203299,5.343066428395751e-07,15.044702146079487,-5.032899611856333,15.016788038001682,-5.015081857146435,1.0
0.5227189199705085,0.3435856448622146,-0.19524717338151318,-0.7489745571786236,-1.8752471412238985,-0.0024204623646430306,-0.21672744559570337,1.6978191420021708e-08,15.047163671640753,-5.07292239437411,15.01914663225245,-5.055001708353713,1.0
0.5227149609155428,0.3433127845937643,-0.19656972534491982,-0.7516725928196939,-1.87522355863345,-0.002414990829726703,-0.21675645285976827,1.2674888046959354e-07,15.049594947121246,-5.113109115865723,15.02147455556121,-5.095085077673591,1.0
0.5227109841362269,0.34303556049783157,-0.19789880291753778,-0.7543827073354674,-1.8752011328734475,-0.0024094016012541184,-0.21678472030607604,3.586112011380011e-07,15.051951596660386,-5.1535174187180965,15.023727390229787,-5.135389565655401,1.0
0.5227069888049275,0.3427560659142846,-0.1992331623631563,-0.7571054647452834,-1.8751805983073766,-0.0024030330745390166,-0.21681146189203862,3.1594797304809366e-07,15.054284204624832,-5.194095370616487,15.02595569901926,-5.175863218378819,1.0
0.5227029784396271,0.34247303410987484,-0.20057300020207394,-0.7598384675977727,-1.8751613097897708,-0.0023963450391069384,-0.21683739702755508,4.3505597043557486e-07,15.056557826043703,-5.234858369730077,15.028124628796604,-5.216521525850882,1.0
0.5226989499805403,0.3421856766747832,-0.20191932267405852,-0.7625838010899946,-1.8751432462391782,-0.002389407634239726,-0.2168623770238554,2.307772107943856e-07,15.058757614770023,-5.275841482991266,15.030219253538343,-5.257399475127491,1.0
0.522694903011922,0.34189510789138566,-0.20327003732966875,-0.7653417485460041,-1.875126131565626,-0.002382213214680219,-0.21688700714963569,3.394383210282668e-07,15.060899437876852,-5.316975940090826,15.032255429464398,-5.298428285046275,1.0
0.5226908395510496,0.34160111858895836,-0.20462582721915482,-0.768110935221883,-1.875110557484503,-0.0023744777385490646,-0.21691023627436132,2.4680779175807385e-07,15.062982538252141,-5.358282971080864,15.03423245212428,-5.3396292383209065,1.0
0.5226867588535777,0.3413037704220241,-0.20598747167255835,-0.7708918683776406,-1.875096407690115,-0.002366185013138865,-0.2169323001067942,4.3281969304122184e-07,15.065014726051345,-5.399784516261679,15.036158112242115,-5.3810242558203525,1.0
0.5226826603894883,0.3410021815830937,-0.20735384268656878,-0.7736849092125841,-1.8750826406166332,-0.0023579667323444333,-0.21695463171213675,3.1910127253916024e-07,15.066961935551083,-5.4414549694273235,15.037998330258256,-5.4225877175024,1.0
0.5226785456455019,0.34069718272654526,-0.20872644453356923,-0.7764890445493345,-1.8750700993067424,-0.002349222865645364,-0.2169760978479557,2.2318518011242717e-07,15.068859663152091,-5.4833311389735355,15.039788641384671,-5.464356470574018,1.0
0.5226744147981249,0.3403877796419293,-0.21010336896133727,-0.7793041541013612,-1.8750587136525592,-0.0023402010985555453,-0.2169963900110317,4.06085038235874e-07,15.070664568949656,-5.525365845685783,15.041485710324396,-5.506283340428426,1.0
0.5226702663640667,0.34007513132544676,-0.21148615974622165,-0.782131248708784,-1.8750481155766616,-0.002330794481085469,-0.21701653680207622,2.0209103413281887e-07,15.072421933989132,-5.567594533436164,15.043134779401088,-5.548403732216023,1.0
0.5226661027868515,0.3397580091685905,-0.21287364551417187,-0.7849686631468428,-1.8750387514400575,-0.002321025848625994,-0.21703533850424092,6.266672260097949e-07,15.074087347030089,-5.609992992425735,15.044691501163168,-5.590693499926717,1.0
0.5226619222627366,0.33943761891103397,-0.21426627026775044,-0.7878176266390338,-1.8750300821264607,-0.0023109079139491547,-0.2170540519319412,6.769870698805878e-07,15.075698933467303,-5.652564689037299,15.046193953918221,-5.633156062856121,1.0
0.522657725226744,0.33911194170144704,-0.2156642116047863,-0.79067784272421,-1.8750218950362132,-0.002300828185319366,-0.21707249782430585,3.1229381175718033e-07,15.07720001871034,-5.6953303354147105,15.04758547443219,-5.675812144504463,1.0
0.5226535120120409,0.3387829360528038,-0.21706659994877012,-0.7935490843541204,-1.8750147311408474,-0.002290250785160792,-0.21709018997214827,5.136676457393519e-07,15.078640185957594,-5.738249781873604,15.04891565460088,-5.718621603884792,1.0
0.522649282391548,0.33844865936632135,-0.21847440021366774,-0.7964315062798796,-1.8750082457149495,-0.002279577653235255,-0.21710726207456538,1.976523195362506e-07,15.079971049902175,-5.7813657963151375,15.050136103189432,-5.761627202970299,1.0
0.522645037904395,0.33811099167495107,-0.2198861470650904,-0.7993240596079653,-1.875002136120124,-0.002268694790328374,-0.2171246002416676,2.231034236378409e-07,15.081235314256016,-5.824621691094932,15.051289564089172,-5.804772294295994,1.0
0.5226407763198525,0.3377691147245353,-0.22130313018900807,-0.8022282645464466,-1.874997422054867,-0.002257200910766506,-0.21714032955926327,1.9534092054067027e-07,15.082419457710262,-5.868060903468065,15.05236245775747,-5.848100256883176,1.0
0.5226364995044657,0.3374219524928005,-0.2227250171689941,-0.8051428490733508,-1.874992565816072,-0.002245949876054658,-0.2171567602183634,1.842285430910939e-07,15.08348995075667,-5.911682173671506,15.053321303412726,-5.891609879695467,1.0
0.5226322070048081,0.33707149358648925,-0.22415166812186474,-0.8080681221918176,-1.8749888581498821,-0.0022340467821004703,-0.2171721792735956,3.205442629159558e-07,15.084502894182588,-5.955466107973,15.054222190005477,-5.935281757163793,1.0
0.5226278986152981,0.3367158157965374,-0.22558306265425823,-0.8110042240025691,-1.8749855913681333,-0.0022220903430784974,-0.21718728835410933,4.184834575979604e-07,15.085402869664321,-5.999426988787155,15.055009693845266,-5.979130166336004,1.0
0.5226235759279684,0.33635479628865705,-0.22701875683784098,-0.8139500695596759,-1.8749823564513484,-0.0022102865671966027,-0.21720271706030944,1.0263521149318431e-07,15.086182893823526,-6.043552982905472,15.055676873114178,-6.023143315564028,1.0
0.5226192370573586,0.3359905797165901,-0.22845914787934238,-0.816906943775568,-1.8749803092560513,-0.0021977592380477925,-0.21721705035873395,4.90286414327543e-07,15.08690772598495,-6.0878389496091225,15.056288437916525,-6.067316014908602,1.0
0.5226148826417152,0.3356211579102598,-0.22990349079480452,-0.819874411695042,-1.8749785275880941,-0.002185248324676598,-0.21723129459190998,2.8984661152010444e-07,15.087513861606007,-6.132278993217643,15.056780900371312,-6.111642385350852,1.0
0.5226105142546575,0.335246425448191,-0.23135233996735302,-0.8228514009204819,-1.8749767652029992,-0.0021728381242729264,-0.2172458785834946,4.9834493492794e-07,15.088002538867805,-6.176889848533389,15.057155539739393,-6.1561392027728825,1.0
0.522606129749157,0.3348675679686292,-0.23280601407624688,-0.8258393746191488,-1.874976069097977,-0.0021598566232787072,-0.21725932852409183,3.968963133597857e-07,15.088410340687766,-6.221671536904228,15.057448882889444,-6.200806432473813,1.0
0.5226017310801585,0.3344834203154916,-0.23426318767189905,-0.8288370005258741,-1.8749753981306667,-0.002146991503237134,-0.21727302500016873,4.325957782935543e-07,15.088693493153635,-6.266594937541242,15.057617206943563,-6.2456150046990775,1.0
0.5225973170258349,0.33409513668630997,-0.23572549863414669,-0.8318451112972538,-1.8749757049904627,-0.0021335593956294105,-0.2172857439057626,4.3181249703281957e-07,15.088897866244674,-6.311698230627843,15.057706349984892,-6.290603067735968,1.0
0.522592888726461,0.33370161146807453,-0.23719135028892238,-0.8348629298533528,-1.8749760119097543,-0.0021202234555185674,-0.21729875620299935,5.726012783017614e-07,15.088979310581632,-6.356944047949292,15.057672192401355,-6.335733283136921,1.0
0.5225884451798384,0.3333029866839033,-0.23866145754066787,-0.8378911391772235,-1.8749766035011795,-0.002106790853624106,-0.21731166438635127,4.4558764253063806e-07,15.088947453994047,-6.40235185914406,15.057524335859833,-6.381025094377751,1.0
0.5225839874054294,0.33289920978653054,-0.24013619556196064,-0.8409290445206519,-1.8749772584627464,-0.002093339563538814,-0.21732486036119733,2.4477834860241586e-07,15.08880367643861,-6.447932844807644,15.057264186930354,-6.426489708667292,1.0
0.5225795154821992,0.3324911893718116,-0.24161458968343533,-0.8439765920703131,-1.8749787902984618,-0.0020794096237356802,-0.21733708911915445,9.21392147815989e-10,15.088566562697766,-6.4936519546181355,15.056910332456761,-6.472092077745034,1.0
0.5225750300753138,0.3320769466445628,-0.24309691564423738,-0.8470333285254633,-1.8749804885094183,-0.002065576831656315,-0.2173491116779171,3.2834984159233914e-07,15.088181347368286,-6.539532414579582,15.056408024400168,-6.517855444979368,1.0
0.5225705288677208,0.3316577534192875,-0.24458346026716005,-0.8501008329221372,-1.8749824389059166,-0.0020516015616301145,-0.21736110715360754,3.8001403063422114e-07,15.087686846732694,-6.5855726647924016,15.055796018555833,-6.563778189983444,1.0
0.522566014889877,0.33123422505735756,-0.24607320800686522,-0.8531770400502131,-1.8749847887067406,-0.0020373704422281913,-0.2173728824112774,5.246583943857063e-07,15.087092859724208,-6.631738709223179,15.055084192967843,-6.609826395834719,1.0
0.5225614859682323,0.3308047574918059,-0.2475675437542591,-0.856263431150907,-1.8749870045157913,-0.00202327323426966,-0.2173850875189164,3.896092319499957e-08,15.086364011593904,-6.6780828016462435,15.054237116146183,-6.656052259566426,1.0
0.5225569439520129,0.33037002887218525,-0.24906504955802222,-0.8593587460046979,-1.8749897561695181,-0.0020089682072968523,-0.21739661661376714,2.5177657104712383e-07,15.085508808850415,-6.724558906550637,15.05326334287402,-6.702409793942146,1.0
0.5225523878298054,0.329930235814457,-0.2505664573097851,-0.8624636738745425,-1.874992762199513,-0.00199451605818767,-0.21740805687026624,-1.4430146171753828e-10,15.084538581018323,-6.7711865594923895,15.05217417627272,-6.7489185081146905,1.0
0.5225478193262837,0.3294851583079228,-0.2520713396577254,-0.8655770394213445,-1.874996342269633,-0.0019798125579420516,-0.21741877141065197,2.6564762759958087e-07,15.083443676290319,-6.817955154486658,15.050960009558043,-6.795567841122287,1.0
0.5225432355862998,0.32903420701411873,-0.2535798431541164,-0.8687007883850204,-1.8749996886716782,-0.001965288288748032,-0.21743002603850534,1.0435744235528212e-07,15.08220832386082,-6.864873502511766,15.049604997390016,-6.842366529408866,1.0
0.5225386390898247,0.32857808171659,-0.25509178259331355,-0.8718332307030973,-1.8750030501822952,-0.0019507358798898152,-0.21744153674133776,1.9953568613939205e-07,15.08085117963654,-6.911930834161387,15.048127860415647,-6.8893038683084,1.0
0.5225340300778615,0.3281167447969383,-0.2566072598836427,-0.8749742021355983,-1.8750070966302084,-0.0019358463094411573,-0.2174521556792229,3.6093072537498993e-07,15.079371949198979,-6.959130368344236,15.046528310507892,-6.936383083021053,1.0
0.5225294068801786,0.32764943300707516,-0.2581257885052101,-0.8781248409200063,-1.875010944327345,-0.0019211353180489544,-0.21746319033923686,4.261009166759165e-07,15.077744948785513,-7.0064640452616604,15.044780620302282,-6.9835960701463335,1.0
0.522524770390146,0.3271771318946576,-0.25964871317274757,-0.8812845382381562,-1.8750151590077366,-0.0019061474879263549,-0.21747399676438542,3.8685682456808894e-07,15.076008906756654,-7.053962890688885,15.042923541480992,-7.030973878781129,1.0
0.5225201216861349,0.3266986164012481,-0.261174372654901,-0.8844525591965686,-1.8750195969333063,-0.0018911777368006138,-0.21748442259118728,2.399011903932004e-07,15.074115738181595,-7.10158860884305,15.040909017264381,-7.078478241293743,1.0
0.5225154595910243,0.3262149937214129,-0.2627024079264793,-0.8876297059852865,-1.875024217396496,-0.0018761133097663725,-0.2174947475692921,1.5228034550775932e-07,15.072094514426796,-7.149322328405227,15.038766088289853,-7.126090255636191,1.0
0.5225107849901588,0.32572533827611905,-0.26423419802655784,-0.8908153752554547,-1.875028818534553,-0.0018610899256788322,-0.2175052334664875,1.2429975166674798e-07,15.069929284674748,-7.197210847661806,15.036478826852052,-7.1738567432070175,1.0
0.5225060976111442,0.32523065611130886,-0.26576967470635854,-0.894009752639528,-1.8750337455589987,-0.0018458227217243099,-0.21751549739972634,-8.985852568870521e-09,15.06764845032608,-7.245244425528595,15.03407562724069,-7.221767955811111,1.0
0.5225013981752376,0.3247298479923882,-0.2673080943547282,-0.8972123466118228,-1.875038624704651,-0.001830645985015828,-0.21752588793141475,4.7150185725248344e-07,15.065214647468746,-7.293410179907751,15.03151914437232,-7.2698110301792305,1.0
0.5224966861110928,0.3242229639764412,-0.26884929689325054,-0.9004235465360133,-1.8750438553010087,-0.0018153752799951375,-0.21753572641213453,3.9168206740452955e-07,15.062628085935387,-7.341703130168617,15.028809573164445,-7.317980970765581,1.0
0.5224919609283545,0.32371010878225204,-0.27039317530836793,-0.9036436865818696,-1.8750487702158882,-0.0018002972165509288,-0.2175461710536976,4.5939995061052126e-07,15.059890956571554,-7.390119397293884,15.025949091661758,-7.366273885751995,1.0
0.5224872246216464,0.3231919510520255,-0.27193935285262716,-0.9068714074435903,-1.8750541421953513,-0.0017849929925798235,-0.21755600645888795,3.080177355473833e-07,15.057019543393844,-7.438642951561952,15.022954035951038,-7.414673797487053,1.0
0.5224824747705553,0.3226670200892802,-0.273489190336628,-0.9101083585960399,-1.875059700674438,-0.001769690616148989,-0.21756551097608112,4.886566278523393e-08,15.053982126875205,-7.4873243288628295,15.019792623319704,-7.463231178675236,1.0
0.5224777141683404,0.3221368418714638,-0.27504154572512374,-0.9133526364755217,-1.8750648185737833,-0.0017545404523737404,-0.21757597577587642,4.582796400459216e-07,15.050813707321085,-7.536118853205523,15.016499926991974,-7.511901426244321,1.0
0.5224729413398166,0.3216006573806047,-0.27659700732515224,-0.9166052463983088,-1.8750705011830424,-0.0017391445716322777,-0.21758557958513228,2.067500615490184e-07,15.047497036330226,-7.585049332128003,15.013058660056492,-7.560707309222178,1.0
0.5224681564155353,0.3210593446676268,-0.2781546030142133,-0.9198660993954598,-1.8750764347538906,-0.0017235842551600676,-0.21759494991025302,3.8701707770348894e-07,15.044049835373265,-7.634081022610796,15.00948654739198,-7.609614087997419,1.0
0.5224633601355405,0.32051095016762915,-0.2797146553703061,-0.9231346911383922,-1.875082076883405,-0.0017083119048931805,-0.21760466986552093,3.2477175006147073e-07,15.04041842815406,-7.683238307594016,15.005729932021332,-7.658646164829196,1.0
0.5224585520285857,0.3199564949440706,-0.28127702921243547,-0.926411342774377,-1.8750876286977818,-0.0016931172498742533,-0.2176145871628877,3.1706022082517554e-07,15.036631131721228,-7.73250940718599,15.001817118691152,-7.707791747523824,1.0
0.5224537322723424,0.3192057867463355,-0.28276151973488717,-0.9296959332230429,-1.8747128127920607,-0.001725858888449157,-0.2179566509941485,3.6216708224401926e-07,15.026599318009838,-7.781060281270387,14.991659483974672,-7.756216800603131,1.0
0.522448901387343,0.3184541723794552,-0.2842483520259224,-0.9329881077493324,-1.874347605444993,-0.0017576392944659471,-0.21829008183499918,4.07663094855183e-09,15.016559953566775,-7.829685686739656,14.981494008007417,-7.8047160945482075,1.0
0.5224440594266783,0.31770139594759067,-0.28573851757638874,-0.9362878301728612,-1.873991393104793,-0.0017883717788795216,-0.2186154507871725,1.450042323609583e-07,15.00651335507726,-7.878416108346636,14.971321008860548,-7.8533201154978345,1.0
0.5224392058957175,0.31694726698452186,-0.2872308301156709,-0.9395954375769102,-1.8736438165979372,-0.0018181753882593246,-0.21893313238663276,4.321407186845535e-07,14.996444874190702,-7.927218922048506,14.961125825271012,-7.901996226496726,1.0
0.5224343419577466,0.31619141981199905,-0.28872663369522034,-0.9429101371996854,-1.8733040916774415,-0.001847019718716612,-0.2192439618823935,4.0006511252890374e-07,14.98635438573224,-7.976135583801898,14.950908362431838,-7.950785913869407,1.0
0.5224294663392888,0.3154338040829777,-0.29022451001174027,-0.9462327968964082,-1.8729717757233018,-0.001875115012446856,-0.21954854534954363,2.994759445851405e-07,14.976229483841703,-8.025125724779397,14.940656181238401,-7.999648775544006,1.0
0.5224245802054498,0.31467402249537574,-0.29172578435771024,-0.9495626226651782,-1.8726471232390243,-0.0019019782889081246,-0.21984594266124258,2.65273445391219e-07,14.96606898939594,-8.07423050648074,14.930368132982945,-8.04862600343566,1.0
0.5224196837681638,0.31391088566129677,-0.29322852264023397,-0.9528994700760884,-1.8723287936472772,-0.001928446183924683,-0.22013809619489313,3.388852733312891e-07,14.955823738089798,-8.123403528000795,14.919995058892917,-8.09767120217183,1.0
0.5224147762521093,0.31314527519354635,-0.2947334475339798,-0.9562438674989706,-1.8720173514541851,-0.001953889836621236,-0.22042393750783817,5.66130970474902e-07,14.945524680273376,-8.172658753385479,14.909567889078442,-8.146798315558458,1.0
0.5224098572944281,0.31237710559140963,-0.29624144743931174,-0.9595960622161389,-1.8717119220331329,-0.001978398608662819,-0.22070463060134432,2.089073219115218e-07,14.935176240026603,-8.22202239065395,14.89909103814694,-8.196033542142198,1.0
0.5224049292481642,0.3116058646267945,-0.2977502311244013,-0.9629544506640186,-1.8714120463702035,-0.0020024504846113344,-0.22098084844958452,2.837954588855496e-07,14.924745927993873,-8.271432503145743,14.888532078169634,-8.245315006689415,1.0
0.5223999904843254,0.3108316147227613,-0.29926227744977546,-0.9663201429758346,-1.8711180073945057,-0.00202533836179874,-0.22125164172832867,4.5011843206723376e-07,14.914254747648043,-8.320959895145764,14.877911970094116,-8.29471347095975,1.0
0.5223950421956682,0.3100530449676495,-0.3007749501099004,-0.9696923263062424,-1.8708289401306768,-0.002047897487702405,-0.22151823508653692,6.121351719613854e-07,14.903644591771961,-8.370538907009367,14.867172637840458,-8.344163306445775,1.0
0.5223900828471255,0.30927124346341334,-0.3022897687701308,-0.973072046780168,-1.8705448004938852,-0.002069639523910762,-0.22178064011765475,1.915054721842774e-07,14.892958526203289,-8.420204826759933,14.856357107172986,-8.393699761097542,1.0
0.5223851143356639,0.3084858036993847,-0.3038063112092071,-0.9764580116437204,-1.8702651625542348,-0.002090740367085342,-0.22203934134341397,2.2175639917551918e-07,14.88218157255011,-8.469948638648892,14.845450449220598,-8.443313868687293,1.0
0.5223801351032394,0.3076958336597332,-0.30532509915775985,-0.9798512826801531,-1.8699897858828667,-0.0021111804785498628,-0.22229426995404364,5.767460020299087e-07,14.871292146320691,-8.519792268102815,14.834431038818414,-8.493027513968448,1.0
0.5223751457249781,0.3069020865677703,-0.3068442807797011,-0.98325146794976,-1.869719102056197,-0.0021309212143292185,-0.2225449595463652,4.3529090501727765e-07,14.860297561199387,-8.569676639805447,14.823306204664604,-8.542781636638574,1.0
0.5223701483552602,0.30610417622418157,-0.3083645332830559,-0.9866570992753543,-1.8694520238918981,-0.0021502526488256274,-0.2227929227054605,3.489996524516998e-07,14.849191929394951,-8.619624185400681,14.812070115208584,-8.592598724582222,1.0
0.5223651397180125,0.30530147515317113,-0.30988685396090637,-0.9900704092507717,-1.8691887990638996,-0.002168829557353952,-0.22303728138857953,4.6656005426152296e-07,14.837964975603732,-8.669668477338623,14.800712409623953,-8.64251226472675,1.0
0.5223601233028206,0.3044943642473346,-0.3114093056660133,-0.9934890197767109,-1.8689287945537796,-0.0021871819085387775,-0.2232793399901872,5.048804512058874e-07,14.826612610071715,-8.719750831967438,14.78922908925324,-8.69246366451687,1.0
0.5223550962190132,0.30368319148236744,-0.31293401294929496,-0.9969149008014988,-1.8686721846153336,-0.002204676642692599,-0.22351849799575094,4.370624912863022e-07,14.81516132223225,-8.76992967296512,14.777646568068066,-8.742511272168844,1.0
0.5223500605200021,0.30286652229660266,-0.31445858822308087,-1.0003466529563918,-1.8684189351774008,-0.002221869237343909,-0.22375456932261162,3.7656607582184467e-07,14.803551361175293,-8.820147440053853,14.765905148763242,-8.79259758100971,1.0
0.5223450147005699,0.302045523625574,-0.3159845863745454,-1.0037853020240268,-1.8681689069627379,-0.002238298389350314,-0.22398781767270978,2.1062507681754615e-07,14.791828332823538,-8.870439821628741,14.754050397967363,-8.842758240140475,1.0
0.522339960837428,0.3012188078755437,-0.3175106494013247,-1.0072294327573899,-1.8679213782156499,-0.002254635804750413,-0.2242191287809453,8.153181019632132e-08,14.779941806301792,-8.920778493520329,14.742031939018332,-8.892964979604777,1.0
0.5223348981954333,0.3003874042442378,-0.31903755549867546,-1.0106795461450269,-1.8676765760533314,-0.0022704303109314272,-0.22444820824780934,5.384497362339769e-07,14.767927404962137,-8.97117787113904,14.729885376077135,-8.943232195621945,1.0
0.522329826325295,0.2995513235770025,-0.3205651787692001,-1.0141359483720118,-1.8674342245761801,-0.0022857616445831554,-0.2246754563140362,3.586215525829981e-07,14.755784472797648,-9.021634258402859,14.717610041407983,-8.993556180381102,1.0
0.5223247463122399,0.29871029460999476,-0.3220938377473324,-1.017597899872777,-1.8671947760329397,-0.0023003095759974,-0.22489986717388172,3.6958711344375386e-07,14.743507664405447,-9.072158900194394,14.705200617938132,-9.043948207094985,1.0
0.5223196568925931,0.29786350291071867,-0.32362219076333826,-1.021066261822475,-1.8669570929258577,-0.0023149067194818706,-0.2251232429289466,4.6750439684291296e-07,14.731063195812217,-9.122719549045641,14.6926232887057,-9.09437599530703,1.0
0.5223145598601037,0.29701057126082464,-0.32515076652880714,-1.024539811808395,-1.8667216171339327,-0.0023292093681845168,-0.22534453302152635,4.369887684246438e-07,14.718444293554292,-9.173334303702104,14.679871327073315,-9.144857690589033,1.0
0.5223094535913967,0.29615268960069385,-0.3266790818991299,-1.0280196561358632,-1.866488611480445,-0.002343025891003558,-0.2255636510762393,5.221920065897723e-07,14.7056814479133,-9.223980084161738,14.666975180943972,-9.195370170560317,1.0
0.5223043389397557,0.29524767185959366,-0.32818514572792246,-1.0315052133051206,-1.8669045032267808,-0.0023369247462236968,-0.22515383438861603,3.4245481773661797e-07,14.691391588930975,-9.274351310335701,14.6525518026346,-9.245607877407231,1.0
0.5222992171311996,0.29433894268613925,-0.32969113713224174,-1.0349956478029962,-1.8672997477128115,-0.002331099823396203,-0.22476426342143146,5.639056691719697e-07,14.676994822015088,-9.324749358950301,14.63802132955851,-9.29587221986163,1.0
0.5222940866933806,0.2934256331087844,-0.3311976151866235,-1.0384919630120686,-1.8676750193848122,-0.0023257537336479383,-0.2243944489746992,3.8650610965301106e-07,14.662470514489426,-9.37519705150694,14.623363090603469,-9.346185980988889,1.0
0.522288948653472,0.2925084334860754,-0.33270486328102583,-1.0419934589294089,-1.8680316029460766,-0.0023205867962466883,-0.2240431477353928,2.8331529302266205e-07,14.647840694935867,-9.425697177366606,14.60859914116598,-9.396551976964625,1.0
0.522283802903032,0.29158623475748296,-0.33421183748859484,-1.045500209456371,-1.8683704078986727,-0.0023158119514201797,-0.2237091122239033,5.85231205807645e-07,14.633065398466808,-9.476228315973518,14.59368951352754,-9.446948784402158,1.0
0.5222786486876966,0.2906600733310784,-0.3357193138263762,-1.0490127286806359,-1.8686921375263372,-0.0023112682319387325,-0.22339218048585816,4.875652576088305e-07,14.618180439747896,-9.526804762398232,14.578670002660923,-9.497390678679167,1.0
0.5222734870043882,0.28972964525055955,-0.3372265634827284,-1.0525303372146422,-1.8689980936548762,-0.002306813814690312,-0.2230905969090098,3.618200596236714e-07,14.603171424713567,-9.57740790660423,14.563526240525494,-9.547859075784066,1.0
0.5222683177275915,0.28879388775249953,-0.3387335552553462,-1.0560531205952939,-1.869288707735025,-0.002302733406317798,-0.22280398721679934,3.15474564555625e-07,14.588007561498939,-9.62804508455305,14.548227431979752,-9.59836130840177,1.0
0.5222631413302717,0.2878546166662141,-0.3402414143207524,-1.0595807565039481,-1.8695651392283015,-0.002298468007713966,-0.22253153679896326,4.995745790072794e-07,14.57274975982833,-9.678734576656053,14.532834499094902,-9.648915669290533,1.0
0.5222579574861986,0.28690882261829237,-0.34174806355368553,-1.0631134672615459,-1.8698272732961567,-0.0022949563290905546,-0.22227301153920961,5.192508033516322e-07,14.557295425379765,-9.729439980020596,14.517244839032639,-9.699485747041376,1.0
0.5222527669044854,0.2859592816095134,-0.34325369344628714,-1.0666507696182184,-1.8700763397732385,-0.0022915238421707764,-0.22202751074910385,2.7343738799444875e-07,14.541725829345195,-9.780145265502671,14.501539741496503,-9.750055531021886,1.0
0.5222475685537002,0.28500407641318565,-0.3447599960801319,-1.0701933664790722,-1.870313350917341,-0.0022881033649242094,-0.22179359379034608,1.762485930983331e-07,14.52599897335884,-9.830913939845146,14.485677181194914,-9.800688501049127,1.0
0.5222423640974888,0.2840448723337537,-0.3462654752264063,-1.0737401240948952,-1.8705382719159587,-0.0022848580731062644,-0.22157198112097043,4.800026130162045e-07,14.510151123146432,-9.88169007231996,14.469693467283513,-9.851328769824947,1.0
0.5222371519030773,0.28307887766440704,-0.34776965902156975,-1.0772921551762116,-1.8707516603215975,-0.0022822024529354883,-0.22136146496397335,1.8981353458634785e-07,14.494098390067323,-9.932481741695778,14.45350466849766,-9.90198437349402,1.0
0.5222319335468646,0.28210873527489116,-0.3492739971692885,-1.080848385431125,-1.8709545604981217,-0.002279406477341222,-0.2211615027196218,3.7010596001117616e-07,14.47792795896207,-9.983310136717723,14.437198010830222,-9.952676541953782,1.0
0.5222267091326146,0.2811333420796269,-0.3507765150182868,-1.0844087441461319,-1.8711476360000594,-0.00227670656798631,-0.22097083853674399,3.716921743282876e-07,14.461592823940318,-10.034127033850012,14.420726491099629,-10.003357054377231,1.0
0.522221476535718,0.2801520456585258,-0.3522786232351603,-1.0879746792101375,-1.8713310415712472,-0.0022742066791540333,-0.22078965376498447,4.609716381073037e-07,14.445085183222671,-10.084978069405029,14.404082252062997,-10.054071491613264,1.0
0.522216238085569,0.27916539922101313,-0.35378001732515835,-1.0915446031764937,-1.8715046400734379,-0.0022721152058842297,-0.22061864508483373,1.7258957642437e-07,14.428418552289727,-10.135850176541146,14.387278870010373,-10.104806847629701,1.0
0.5222109938287259,0.27817326839588685,-0.3552796765170354,-1.095118484316416,-1.8716701621510294,-0.002269940260926921,-0.22045501756097935,5.284539661427443e-07,14.411581161746083,-10.18671505231942,14.370304576761772,-10.15553482070302,1.0
0.5222057428900581,0.27717581033832617,-0.35677838794665767,-1.0986969190181477,-1.8718272019749047,-0.0022679542214317783,-0.2202999617482175,5.419691822518381e-07,14.394583638002628,-10.237594121127922,14.353169975882565,-10.206276812375771,1.0
0.5222004858118011,0.2761728746382828,-0.3582753168341015,-1.102279537756294,-1.8719761287595498,-0.0022662501151276522,-0.22015301077701468,1.9043001745177312e-07,14.37741518444916,-10.288464544764535,14.335864284917756,-10.257009998601044,1.0
0.5221952228345922,0.27516433803028306,-0.3597715213030404,-1.10586617654031,-1.8721180563719344,-0.0022644069832745937,-0.22001268673880162,4.147792204203563e-08,14.360080450803881,-10.33935769535141,14.318392159867445,-10.307765757782885,1.0
0.5221899542887789,0.2741501263250201,-0.36126612898957183,-1.1094566102433414,-1.87225262851321,-0.002262820823077456,-0.21987974644192193,4.5468176947529306e-07,14.342570543063614,-10.390249066756533,14.300744715352263,-10.358519592413094,1.0
0.5221846798602856,0.27313023673299863,-0.3627590491150929,-1.1130510529032063,-1.872380601484118,-0.002261304784592253,-0.21975316157507105,2.637530985123426e-07,14.324884682200942,-10.441136076970649,14.282921164145765,-10.409268912283384,1.0
0.5221793994848108,0.27210466194141336,-0.36425029130968306,-1.1166495483403351,-1.8725019056866317,-0.00226002383150726,-0.21963331126333385,2.7087363936046346e-07,14.307022733680945,-10.49201906228388,14.264921370034427,-10.460014052005274,1.0
0.5221741133218933,0.27107332358355607,-0.36573990767164694,-1.1202519878315391,-1.8726170796705273,-0.002258869668511376,-0.21951951377016038,4.2459717580794063e-07,14.28898284642077,-10.542900127351622,14.246743486100195,-10.510757120398956,1.0
0.5221688226610375,0.27003691066611085,-0.36722825359615135,-1.1238574925991736,-1.872727068511381,-0.00225741579993286,-0.21941059535621396,6.432928552514279e-07,14.270787564189023,-10.593784136454335,14.228410089774526,-10.561503015407748,1.0
0.5221635255796244,0.26899380731134004,-0.3687138433756555,-1.1274673728787399,-1.8728309103120317,-0.002256558891992879,-0.21930785167681013,2.0688489864160437e-07,14.252378950438693,-10.64464092427868,14.209863194319938,-10.612221521527834,1.0
0.5221582233767984,0.2679456852123804,-0.3701980215008808,-1.1310807433232086,-1.872930056510258,-0.0022554116954255545,-0.219209578701238,3.565729027824981e-07,14.23381546083807,-10.695496176062873,14.191161289319224,-10.662938357911939,1.0
0.5221529161875831,0.2668915290361496,-0.3716798734026769,-1.1346975119159888,-1.8730237292369574,-0.002254646434698649,-0.21911695523528177,2.581552646669919e-07,14.215060820416946,-10.746331466397423,14.172268103327005,-10.713635102675394,1.0
0.5221476040413322,0.2658312700536623,-0.3731604002528567,-1.138317658653008,-1.873112928974712,-0.0022538281217810655,-0.21902859870154961,2.9587227515855007e-07,14.196120809511475,-10.797176110436489,14.15318941744572,-10.764341071738645,1.0
0.5221422865495945,0.26476495850699694,-0.37463851449379676,-1.1419414482578036,-1.87319774598588,-0.002253102789721468,-0.21894438515732725,2.8679385263887273e-07,14.176988451983718,-10.847998461808734,14.133918245396812,-10.81502460858974,1.0
0.5221369650916386,0.2636932963123431,-0.37611361572904756,-1.1455679407798474,-1.8732783492358176,-0.0022524480010821294,-0.21886426100663123,2.565925109063901e-07,14.157679256294408,-10.898775806738975,14.114470131647181,-10.865663035459662,1.0
0.5221316384401757,0.26261551882626805,-0.3775873961584486,-1.149197972597816,-1.8733546427389205,-0.0022519337787472865,-0.21878865326489733,4.817876971241157e-07,14.138184367751721,-10.949562733429666,14.094836189466307,-10.916310908512163,1.0
0.5221263067810394,0.2615325383608271,-0.3790579075535815,-1.1528314170689404,-1.8734272681860697,-0.0022514164833391027,-0.21871651971379855,9.990135293990367e-08,14.118514915774679,-11.00029616705483,14.075027553124443,-10.966905157772505,1.0
0.5221209715758158,0.2604430587413442,-0.3805265864002965,-1.1564672781445646,-1.8734959751040445,-0.002251114844321076,-0.21864837992746927,3.568995240921977e-07,14.098644749854454,-11.051027428168672,14.055018110267854,-11.017497141949981,1.0
0.5221156313204833,0.25934832913512745,-0.38199301602780233,-1.1601065807923991,-1.873561620265313,-0.00225059581920967,-0.21858311827210838,5.38152850409176e-07,14.07860657111798,-11.1017348816675,14.034840522760597,-11.068065186678027,1.0
0.5221102867932823,0.25824718829981747,-0.38345644529954975,-1.1637487946535838,-1.8736238259345008,-0.0022503171440882625,-0.21852115027463878,5.701800524057766e-07,14.05836116707096,-11.152405924210875,14.014455598424538,-11.118596708932364,1.0
0.5221049377471682,0.25714066576182165,-0.38491782450899004,-1.1673940880852547,-1.8736828917660338,-0.0022499878624286634,-0.21846246542700903,4.640367213248514e-07,14.03794549992519,-11.203059901959275,13.993900293022312,-11.169111048424309,1.0
0.5220995853617095,0.2560274866252809,-0.38637548922269804,-1.171041657229294,-1.8737389613901905,-0.0022499247580805657,-0.21840640158540425,3.742255613912169e-07,14.017310007764683,-11.25365883300226,13.973125075430886,-11.219570254036375,1.0
0.5220942287692704,0.25490980430629206,-0.38783121518766683,-1.1746920933664466,-1.8737925711396646,-0.0022495026878177663,-0.21835290206441307,4.314311370003084e-07,13.996530365503638,-11.304237091597585,13.952205597914586,-11.270008677376445,1.0
0.5220888676011727,0.25378571132508637,-0.3892839562235031,-1.1783456477452066,-1.873842846014841,-0.0022495128363366154,-0.21830300366076766,4.3757063521065883e-07,13.975543637086368,-11.354779391019637,13.931078914793291,-11.320411022094472,1.0
0.5220835028806662,0.2526549181773167,-0.39073296574424077,-1.1820016230363883,-1.8738910748060071,-0.002249536263719454,-0.21825442319870114,3.681148252722584e-07,13.954335701235848,-11.405266501731864,13.909730931502184,-11.37075808536611,1.0
0.5220781349885038,0.2515193782226318,-0.392179401176146,-1.1856597597627865,-1.873936481308417,-0.0022496154956704612,-0.21820919382483817,7.25296708652946e-08,13.932971674571228,-11.455716556124804,13.888226774600058,-11.421068009521544,1.0
0.5220727639300793,0.2503780345597106,-0.3936232586668075,-1.189320054248564,-1.8739798650864783,-0.0022495691693128167,-0.21816581524143483,3.1932264016085095e-07,13.911421144526237,-11.506137635607384,13.86653603166146,-11.471348876110516,1.0
0.5220673889734073,0.24923102921783466,-0.39506436856239396,-1.1929830053305568,-1.8740211821932113,-0.002249461962090116,-0.21812445940568365,6.052811593271805e-07,13.889686888604615,-11.556523774149326,13.844661461081454,-11.521594699994077,1.0
0.5220620103159038,0.24807731752517603,-0.39650181946969054,-1.1966484784728728,-1.8740600564817085,-0.0022497268919728563,-0.2180854909095982,2.6469791162080043e-07,13.867731810149081,-11.606856867811498,13.822565971356354,-11.571787382386683,1.0
0.5220566286385658,0.24691870701404803,-0.3979357859906741,-1.2003160095863774,-1.8740973889256105,-0.002249755229789126,-0.21804785212309974,2.566443226977731e-07,13.845609213372294,-11.657127921022134,13.800302884476428,-11.621917945494182,1.0
0.522051244221857,0.24575415208484971,-0.3993663907070926,-1.20398540753941,-1.8741324801587724,-0.002250018145319341,-0.2180126212632971,5.516500855089671e-07,13.823289986780601,-11.70734855933132,13.7778430962696,-11.671998022188232,1.0
0.5220458561842014,0.24458380583298397,-0.40079340731130986,-1.2076572731124455,-1.8741658101040028,-0.0022503424223068256,-0.21797904932642656,1.795563351446342e-07,13.800776788476346,-11.757511104346058,13.755189241824441,-11.722019911062068,1.0
0.5220404662092126,0.24340829245607296,-0.402218299907331,-1.2113304589485752,-1.8741975477395283,-0.0022504596334332314,-0.21794728910736633,4.447948428385864e-07,13.77809888695285,-11.807652786213678,13.732370633585449,-11.772020886214191,1.0
0.5220350727103422,0.24222593048668123,-0.40363867425143185,-1.2150060462563013,-1.8742275568245064,-0.0022509134971922125,-0.21791689314619175,3.9925094743750387e-07,13.755189409844066,-11.857717833994784,13.709320357769311,-11.821945135287944,1.0
0.5220296764973735,0.2410385222518093,-0.40505575381322,-1.2186834831806939,-1.8742562901777378,-0.0022511868541146454,-0.21788772925382424,2.2163416709810085e-07,13.73210963905933,-11.907727440578178,13.68609971742497,-11.871813872311735,1.0
0.5220242775126752,0.23984607368271807,-0.40646955337144963,-1.222362808996626,-1.8742835873232253,-0.002251378519924781,-0.21786013523530331,2.877162338371117e-07,13.708859859937846,-11.957681987480049,13.66270899638715,-11.92162747729727,1.0
0.5220188764234274,0.23864742748670864,-0.40787927554244263,-1.226043569030961,-1.874309208377709,-0.002251848050440948,-0.2178342078405694,1.2535103327976398e-07,13.685400614900331,-12.00756751634923,13.639108754493483,-11.971372009310297,1.0
0.5220134729760972,0.23744361312923498,-0.40928486606551934,-1.2297259360624835,-1.8743334757218717,-0.0022523570340359698,-0.21780964846662926,2.0303024445936137e-07,13.661761079267539,-12.057374493402031,13.615328160446177,-12.021037927948584,1.0
0.5220080672590944,0.23623357322784325,-0.41068735095429026,-1.2334098498413206,-1.8743569507835083,-0.002252701509654981,-0.2177855124548163,1.794040460593325e-07,13.637918808469887,-12.107140609631628,13.59134477198361,-12.070662926513265,1.0
0.5220026596109467,0.23501924899215587,-0.41208586438853767,-1.2370950796660012,-1.8743789689309436,-0.0022530586615103518,-0.21776323006236914,4.3895028986090463e-07,13.613922888598378,-12.156825926528175,13.56720768403414,-12.12020707533185,1.0
0.521997250101088,0.2337985835766071,-0.4134804275850611,-1.2407815782183294,-1.8743999794217518,-0.0022534967538807467,-0.21774166897689223,2.8440399037644987e-07,13.589714356158789,-12.2064469988242,13.542857934916135,-12.16968693094946,1.0
0.5219918374685178,0.23257185948722,-0.4148717520634483,-1.2444702048509741,-1.8744197561641414,-0.0022540291599655944,-0.21772144199028434,2.333561708057117e-07,13.565306863529434,-12.256022108761655,13.51830914408916,-12.219120742689295,1.0
0.5219864244300052,0.23134043162968632,-0.4162585350293234,-1.2481591081272243,-1.8744386954112648,-0.00225447279846904,-0.21770195803054931,1.1509448832100206e-07,13.540729223774168,-12.305503269741005,13.493590195539037,-12.268460594873789,1.0
0.5219810092278269,0.2301036940880451,-0.417641363367192,-1.251849485908651,-1.8744564878247905,-0.0022549965797646595,-0.21768376576264736,4.523349034463898e-07,13.51596859081808,-12.354912074277117,13.468688197305031,-12.317728034131983,1.0
0.5220938584436552,0.2288977660168512,-0.41897998253699437,-1.2556592679595917,-1.8744822477510827,-0.002236764105319105,-0.21767615219687003,3.8270021816044117e-07,13.488658839096807,-12.402812251658446,13.447416301768268,-12.365482272281522,1.0
0.522203646075303,0.22768456271089033,-0.4203178401861052,-1.2594671870533012,-1.874506946093518,-0.0022190523539603684,-0.21766901781292725,3.984319609080453e-07,13.461208679929324,-12.450744162247487,13.425844080500594,-12.413268315002053,1.0
0.5223103975538193,0.22646413771594248,-0.42165573813420026,-1.2632733117516692,-1.8745302995802215,-0.002201899668969677,-0.21766306494358995,3.327039259216695e-08,13.433625335691506,-12.49873047037598,13.403980086272691,-12.461108823998956,1.0
0.5224140422068917,0.22523710451387813,-0.42299286905267824,-1.2670764802076084,-1.8745530207356573,-0.0021850089217513064,-0.21765708339574494,4.980982213890634e-07,13.405922195916933,-12.546743225959856,13.38183397427328,-12.5089758936944,1.0
0.5225145646536888,0.2240029454319059,-0.42432859849056376,-1.270877885061998,-1.8745745011273969,-0.0021687908250043048,-0.21765195782171212,1.1438939509529087e-08,13.378079990258929,-12.59476825405847,13.359385716800222,-12.556855303461898,1.0
0.5226120138260273,0.22276140201030914,-0.4256640189709968,-1.2746767915122388,-1.8745953014891046,-0.002152898848432213,-0.2176469255187006,2.0392198101184033e-07,13.350098621688023,-12.642838984482983,13.33663774343226,-12.604780511260293,1.0
0.5227062930481943,0.22151352393456203,-0.42699795728798473,-1.2784732273815622,-1.874615122631282,-0.0021374898068233623,-0.2176425234244509,4.996894972690643e-09,13.32200186159398,-12.690913606578732,13.31360877913513,-12.652709705369112,1.0
0.5227974347728815,0.22025823214543727,-0.4283303562968598,-1.2822668310046694,-1.8746339909074983,-0.0021226730107852415,-0.21763854370923255,1.521146380555419e-07,13.29375755339592,-12.73899885537731,13.290268347845945,-12.700649634674063,1.0
0.522885345026471,0.21899767171801723,-0.42966092064142114,-1.2860580832395314,-1.8746521639589384,-0.0021081408106478163,-0.2176349174768808,3.9935515062494856e-07,13.265427685886921,-12.787069712324548,13.266673550365695,-12.748575262201014,1.0
0.5229700649593287,0.2177296531512224,-0.43098873495527784,-1.2898461868049216,-1.8746693689992333,-0.0020943469785598607,-0.21763160292349754,3.074826457903625e-07,13.236941329962452,-12.835116810354348,13.242755575531096,-12.79647725142488,1.0
0.5230516138190237,0.21645528154697838,-0.4323155541197345,-1.2936315725984935,-1.8746860518727122,-0.0020807861320680772,-0.2176283848553682,5.589818367156427e-07,13.208343459737005,-12.883182126074157,13.218560418888513,-12.844397562446952,1.0
0.5231299103537822,0.21517464831687338,-0.43363918794567935,-1.297414320484338,-1.8747018828404918,-0.0020678359048539466,-0.21762549304158355,6.379353722851094e-08,13.179622065104573,-12.931202030880707,13.194071831193376,-12.89227256360465,1.0
0.5232049767279205,0.21388735962793026,-0.43495992084440727,-1.3011932708002785,-1.8747170106139188,-0.0020554333697033675,-0.2176226862258855,4.6590376460417347e-07,13.150767622452625,-12.979187774412548,13.169281401621237,-12.940113548959065,1.0
0.5232768019811,0.2125939914883536,-0.4362780770392891,-1.304970055541432,-1.8747314022336292,-0.002043505849017819,-0.21762022220872598,1.15864692500857e-07,13.121799611877062,-13.027144321082153,13.144208100538881,-12.98792542040673,1.0
0.5233454051087757,0.21129414657277387,-0.4375939570983661,-1.308743505593884,-1.8747451552125625,-0.002032013590875555,-0.21761794688271002,3.154923918370596e-07,13.09270861170807,-13.075083415794095,13.118843453254591,-13.035719967636824,1.0
0.523410750013491,0.2099878810818847,-0.4389064118782639,-1.3125137028425093,-1.874758198312108,-0.0020211046824341232,-0.2176158255095244,5.152894593833274e-07,13.063488473849041,-13.122971641122975,13.093179430141282,-13.083463770087228,1.0
0.5234728070643024,0.20867621406583806,-0.44021532958117193,-1.316280714890657,-1.874770646654836,-0.002010639487666567,-0.21761384588756988,1.5728159863533444e-07,13.034168576603268,-13.170797988209666,13.067243865044723,-13.13114581630917,1.0
0.5235315974440661,0.20735875000727444,-0.4415210191447497,-1.3200433929856463,-1.8747824394079058,-0.002000647769115957,-0.21761212262451274,5.524210636683451e-07,13.004739560359901,-13.218574435952615,13.041028460317506,-13.178778129205739,1.0
0.5235871141772901,0.20603508246963573,-0.442822808712274,-1.3238033574245403,-1.8747936668429,-0.001991202549110935,-0.21761035656315195,4.408222308353145e-08,12.975184871632718,-13.266284894715385,13.014516360347125,-13.226344557072665,1.0
0.523639375462393,0.2047048107495651,-0.4441210232604168,-1.3275594552610985,-1.8748042169186017,-0.0019823517999406786,-0.2176087510409373,2.827143835771418e-07,12.945495200604888,-13.313941844064434,12.98769916130049,-13.273857623641684,1.0
0.5236883359686416,0.20336994767704153,-0.44541555202235084,-1.331311799498219,-1.8748144569446725,-0.001973752152380047,-0.21760701525966106,1.8316680363228017e-07,12.915728923474056,-13.361526663696639,12.960632876962539,-13.321298704280935,1.0
0.5237340117190614,0.20202869327795106,-0.4467051539235126,-1.3350608156089814,-1.8748239956149217,-0.0019658756837123556,-0.2176053362296063,4.315320941116243e-07,12.885824451793878,-13.409017611492335,12.933256771755891,-13.368646040572386,1.0
0.5237764335216668,0.20068172559633338,-0.4479920595774886,-1.3388056996532292,-1.8748331458296306,-0.0019582880500402223,-0.21760370054961503,5.997822735657862e-07,12.855817839169381,-13.456473675140506,12.905608476992121,-13.415958651001121,1.0
0.5238155588322444,0.19932926073386198,-0.4492740041230773,-1.3425469820106073,-1.874841698908063,-0.0019512954512726159,-0.21760213216472077,4.2114380247427323e-07,12.825699119517438,-13.50382814212973,12.877675825649298,-13.463169802738753,1.0
0.5238514116899256,0.19797115832047335,-0.4505520640392743,-1.3462842899061214,-1.8748496687598102,-0.0019447907394900409,-0.21760078899728807,6.363127437420426e-07,12.79547208641448,-13.551113125726129,12.849463852119857,-13.51031162333109,1.0
0.5238839631703402,0.19660844275827252,-0.45182512658626395,-1.350017728213206,-1.874857400547318,-0.0019386406226537594,-0.217599075367616,1.6370097170443335e-07,12.765158549426834,-13.598288821284177,12.82099285983088,-13.557344304115277,1.0
0.5239132414776635,0.1952398561986869,-0.45309340935945497,-1.3537465291220039,-1.8748643838155779,-0.0019331621912525502,-0.21759771719982937,6.304338659762256e-07,12.734723447121336,-13.645371239609153,12.792229230491953,-13.604283885308668,1.0
0.5239392494650777,0.19386581389756052,-0.45435743247938337,-1.3574719069422443,-1.8748712789701913,-0.0019279718659884152,-0.21759576807387596,2.581807406302173e-07,12.704182787192542,-13.69237225191269,12.763189167279682,-13.651142191606995,1.0
0.5239619775753256,0.1924869356813414,-0.45561653965568155,-1.3611927698963653,-1.8748774101980776,-0.001923379690241011,-0.21759437659758216,2.7187692664077867e-07,12.6735497742682,-13.739268279307968,12.733885334010255,-13.697895685945563,1.0
0.5239814412660424,0.191102222399991,-0.4568706481695523,-1.3649091614914945,-1.8748831272550583,-0.0019193277783160132,-0.21759279841400436,1.96390834446986e-07,12.64279478857626,-13.78606472205352,12.704288919629503,-13.744549766916302,1.0
0.5239976350282414,0.18971268256472715,-0.45811968827201743,-1.3686211484317916,-1.8748886212089217,-0.0019156443649910096,-0.21759086059537028,5.354045690224872e-07,12.611946598717461,-13.832751905837817,12.674428407666259,-13.791094757652482,1.0
0.5240105670881597,0.18831820010072425,-0.4593637427502847,-1.3723283992846274,-1.874893527607027,-0.0019124978932950128,-0.21758920290709832,4.28784465311781e-07,12.581002450542858,-13.879333191857086,12.644301460771752,-13.83753403204634,1.0
0.524020248035655,0.18691819973449905,-0.4606033570955603,-1.3760321137618226,-1.8748982137346466,-0.0019097156536548976,-0.21758721737304956,3.786193230923396e-07,12.549950074629754,-13.925828961858516,12.613896408382017,-13.883887925888361,1.0
0.5240266703961306,0.1855139979333891,-0.4618371206540979,-1.3797304435315172,-1.8749023482124572,-0.0019074755307776849,-0.21758543709426895,2.2137619199653759e-07,12.518816564324274,-13.972188377295256,12.583239882787533,-13.93010567143473,1.0
0.5240298444248405,0.18410489882818096,-0.4630646983414976,-1.383424254435106,-1.87490623035667,-0.0019057374514412765,-0.2175831975161045,4.808396226685064e-07,12.487579195985985,-14.018407268810053,12.552309728947373,-13.97618306616088,1.0
0.5240297820879503,0.18269089810562522,-0.464288095892599,-1.3871135081212183,-1.8749094598749245,-0.0019044794035276784,-0.21758154265236207,4.7490746247064344e-07,12.456253116085213,-14.064543456453928,12.521121716622565,-14.022177931586938,1.0
0.5240264848807186,0.18127286810547993,-0.46550531557957026,-1.390797980615203,-1.874912783703006,-0.0019034924740942637,-0.21757898787377278,5.670715894234167e-07,12.424848159912216,-14.110532867151944,12.489685750591937,-14.068026203217645,1.0
0.5240199623097492,0.17984979770749196,-0.46671736862864943,-1.3944776188192085,-1.8749157129744052,-0.0019029830534777132,-0.2175764063001424,4.1620831004453324e-07,12.39334292666611,-14.156412465736357,12.457980924365405,-14.113764847919244,1.0
0.5240102210258998,0.1784217455715153,-0.46792317991278765,-1.3981525977771159,-1.874918009868907,-0.0019031620941031603,-0.21757403470885958,4.927730119108524e-07,12.361730801512413,-14.202150985547645,12.426000977058568,-14.159362592326902,1.0
0.5239972687183732,0.17698952644221574,-0.46912385300446685,-1.4018224759250502,-1.8749199760579567,-0.001903712406387407,-0.21757167697645297,3.209807492336554e-07,12.330043661084325,-14.247773995469881,12.393778169847208,-14.20484502223944,1.0
0.5239811128480255,0.17555313858684224,-0.47031933423117367,-1.4054873059559105,-1.8749218537187677,-0.0019045306798140804,-0.21756891435699896,2.72013096893476e-07,12.298280990442969,-14.29328007236195,12.36131237934616,-14.250210712497262,1.0
0.5239617630869924,0.17411134439785214,-0.47150779358601635,-1.4091465242729853,-1.8749233066961002,-0.0019060640389664484,-0.2175658306919531,5.448153365208543e-07,12.266393013206397,-14.33862620258519,12.328554312571368,-14.295416671051097,1.0
0.523939233895412,0.17266657579127492,-0.4726908440078331,-1.4128012470377216,-1.8749245263033445,-0.001907855269763555,-0.21756274116983093,1.7009569836833972e-07,12.234461826460372,-14.38384019380958,12.295586864336206,-14.34049066281474,1.0
0.523913529162056,0.17121736438443827,-0.473867830527021,-1.4164503299788487,-1.874925451999828,-0.0019101233168154139,-0.21755942118683685,4.531260006858764e-07,12.202440215714233,-14.42891459566305,12.262362979351865,-14.385425281249097,1.0
0.5238846601304463,0.16976393674301446,-0.4750385640320549,-1.4200943658502454,-1.8749257063541982,-0.00191304282969783,-0.21755652528169142,4.527273802140629e-07,12.17033307294831,-14.4738423486544,12.228888159335156,-14.430213444156664,1.0
0.5238526256876151,0.16830619200827007,-0.47620404125842497,-1.4237331879174688,-1.8749260822907516,-0.0019161641680089832,-0.21755286046792535,1.1412168617420979e-07,12.138145336021626,-14.518653005671096,12.195167277649468,-14.474884710811914,1.0
0.5238174487323393,0.16684393699408487,-0.47736242864266876,-1.427366328270114,-1.8749258040353354,-0.001920043729418814,-0.21754940232913464,4.033256945140938e-07,12.105856878797972,-14.563295425301813,12.161181385791792,-14.51938795772751,1.0
0.5237791414459018,0.16537811217477555,-0.47851471233633347,-1.4309936831225802,-1.8749253454222403,-0.0019242899432726692,-0.21754565319132874,6.664880113458471e-07,12.073502155037968,-14.60779084266952,12.126965569538294,-14.563744424002078,1.0
0.5237377182022678,0.1639088930387947,-0.47966071138411637,-1.4346157627565528,-1.8749248722432283,-0.001928836489039344,-0.21754132620952915,3.8168713631106037e-07,12.04108456151477,-14.652132827069492,12.092523995681498,-14.607947659383813,1.0
0.5236931767422596,0.1624362978499178,-0.48080143983244905,-1.4382325636362203,-1.8749236938497738,-0.0019338851377245147,-0.21753778473333946,3.1595864928086337e-07,12.00861261819244,-14.69635051697491,12.057865066097158,-14.65202680248134,1.0
0.5236455316494095,0.1609591361578023,-0.48193493379930374,-1.441843829631794,-1.8749227494309622,-0.0019393272547941144,-0.21753290038023926,3.1332995972176373e-07,11.97603671190626,-14.740396714445533,12.022939919223031,-14.695934665165842,1.0
0.523594804226613,0.15947817079210957,-0.4830614301592585,-1.4454488880518745,-1.8749208771006969,-0.0019455991057448173,-0.21752881200371124,3.6961313427917213e-07,11.943380183092804,-14.784272463537656,11.987772981962657,-14.739672317262036,1.0
0.5235409985630131,0.15799448783038894,-0.48418277335459703,-1.449048000934949,-1.874919069467646,-0.0019519688913104388,-0.21752430797985822,2.7378093023668794e-07,11.910688485141687,-14.828022563744476,11.952409931239723,-14.783284548225351,1.0
0.5234841194032339,0.15650626153540942,-0.4852968139539286,-1.4526417597779306,-1.8749169760462994,-0.0019589836786273163,-0.21751933598449494,1.4958481579834196e-07,11.877892532937919,-14.87159940182242,11.916781952316715,-14.82672372215407,1.0
0.5234241955198167,0.15501520259356955,-0.48640475067421796,-1.456229397090098,-1.8749145866741554,-0.0019663769740918876,-0.21751437267760482,1.7048035000135719e-07,11.845050140690272,-14.91502437309385,11.880948332232071,-14.870011263770396,1.0
0.5233612327804733,0.15352032485303402,-0.4875055448039987,-1.459811067928229,-1.8749117848056993,-0.0019744026022893986,-0.21750928275703302,3.5247549095452825e-07,11.81212489825709,-14.958275333666478,11.844872973140141,-14.91312502324237,1.0
0.5232952416202261,0.15202241333848832,-0.48860029412831946,-1.4633862694424,-1.8749091077514628,-0.001982637010983332,-0.21750345735799656,6.175671077736034e-07,11.779147694041955,-15.001377912809968,11.808587289000117,-14.95609064910205,1.0
0.5232262688060461,0.15052187816514512,-0.4896877120053845,-1.466956066841097,-1.8749058954271705,-0.001991489908291649,-0.21749784597593166,2.41424957804011e-07,11.746119265326636,-15.044292090257079,11.772094499626295,-14.99886808027784,1.0
0.5231542594480381,0.14901726293930667,-0.4907690774803299,-1.4705194126418157,-1.8749025817910974,-0.0020007507204276797,-0.21749172506950404,4.61785420794135e-07,11.713009157629456,-15.087065985142157,11.735361244581352,-15.041505476029423,1.0
0.5230793036755389,0.14751055192951065,-0.4918433999849516,-1.4740762736416309,-1.8748987303863924,-0.0020105641358729694,-0.2174859390566338,4.3815653357431976e-07,11.679864540353378,-15.129655926256088,11.698439397696468,-15.08395916641957,1.0
0.5230013419932894,0.1460000085378683,-0.4929114452057093,-1.477627408135728,-1.874894650157504,-0.002020858407326683,-0.21747984691351524,4.3319484076652983e-07,11.646643026997383,-15.172097472647662,11.66128349523943,-15.126264681449475,1.0
0.5229204219380171,0.14448624680704206,-0.4939724517277785,-1.4811719502209117,-1.8748904005621163,-0.002031646187140666,-0.21747328347806974,4.731808289395228e-07,11.613355273370264,-15.214364101697479,11.62390664176692,-15.168395531669416,1.0
0.5228365954890908,0.14297036965569895,-0.4950263101633503,-1.4847101922498191,-1.8748861247073658,-0.002042788028980307,-0.21746613442209903,3.7061298653829006e-07,11.580030881175277,-15.256444280972705,11.58634116405138,-15.210340173447568,1.0
0.5227498383062205,0.14145134606132304,-0.49607306740646806,-1.4882420993208132,-1.8748810703921197,-0.0020547106791773155,-0.2174595384645461,5.30452052558102e-07,11.546641295527136,-15.298347447426124,11.548557235051218,-15.25210804507367,1.0
0.5226601729479421,0.13993013088063158,-0.497113662952262,-1.491767615769516,-1.874876268797747,-0.0020667684314430623,-0.21745204520427258,9.837295013321606e-08,11.513220737198946,-15.340093359782442,11.510590251200277,-15.293718907404735,1.0
0.5225676017063872,0.13840529410864033,-0.49814643248283363,-1.4952858269924962,-1.874870554996429,-0.0020798057068218403,-0.21744510315292445,3.1812620674478035e-07,11.479715272938247,-15.381645330337362,11.472386363884265,-15.335136107771678,1.0
0.5224721552283552,0.13687839634600538,-0.49917289096761824,-1.4987981013795522,-1.8748651663641553,-0.0020929641529568053,-0.21743710950325867,4.6942161576693355e-07,11.446180748407475,-15.423035003282946,11.434003071269315,-15.376391237948404,1.0
0.5223738508841796,0.13534904510539625,-0.5001923182801783,-1.5023035647665952,-1.8748594675613934,-0.0021066537509740095,-0.2174289456586108,4.830694154394302e-07,11.41259995852268,-15.46424481892312,11.395424041699604,-15.417466771724962,1.0
0.5222726979130069,0.13381717838714066,-0.5012047433284854,-1.5058021203549217,-1.8748532379884884,-0.0021209835196821236,-0.21742097524812806,2.931376965911692e-07,11.37897118772983,-15.505276213352579,11.356648038293777,-15.458364148904062,1.0
0.5221687089719194,0.1322827768731138,-0.502210122725927,-1.5092938261505247,-1.8748468818344988,-0.0021357856810042134,-0.21741247940134578,7.16756263620416e-07,11.34529329394165,-15.546128217949466,11.317674582019501,-15.499082398641843,1.0
0.5220619010533277,0.1307459187722057,-0.5032084054082979,-1.5127789076714582,-1.874839996956918,-0.0021512507266062343,-0.21740414000033853,5.96307385700898e-07,11.311567760480997,-15.586798891924305,11.278506052021134,-15.539619571510034,1.0
0.5219523296238603,0.12920750273935852,-0.5041995828449461,-1.5162572051524152,-1.8748333119585636,-0.0021669814860445264,-0.2173948258344203,2.419131012738008e-07,11.27781898542935,-15.62728115119412,11.239169736201967,-15.579968589545699,1.0
0.5218399516392856,0.1276664124649591,-0.5051837530747316,-1.5197285022359863,-1.8748261004148823,-0.0021833968966821445,-0.21738562382589138,2.3806006849340377e-07,11.244016838148951,-15.667586586830272,11.199633248274386,-15.620141052108083,1.0
0.5217248201011475,0.12612350336712738,-0.5061609797202837,-1.5231924829259043,-1.874818403412783,-0.0022004046530740137,-0.21737658985609024,5.985428750539268e-07,11.210185096683222,-15.7077105182041,11.159923121415604,-15.660132290673225,1.0
0.5216069108854376,0.1245779400867562,-0.5071310695122503,-1.5266497287734508,-1.8748110640186928,-0.0022177348916781327,-0.21736610337916065,3.08666681620769e-07,11.176298937015611,-15.74765400812809,11.120013294359074,-15.69994334577644,1.0
0.5214862900319236,0.12303077153568152,-0.5080940553203175,-1.5301002759883784,-1.874802801612555,-0.002235872802884158,-0.21735650606422202,3.9629824689220766e-07,11.142387106794885,-15.787409991932684,11.079935964111648,-15.739567151361108,1.0
0.5213630101947977,0.12148227386426787,-0.5090493191443501,-1.5335425627432,-1.8747942370825177,-0.002254606158090701,-0.21734662573224922,4.0099599151505783e-07,11.108451461221208,-15.826958656271225,11.039695675148511,-15.778983953908638,1.0
0.5212369810661692,0.11993097536136725,-0.5099974783231449,-1.5369779690916767,-1.8747857143254203,-0.002273842888444156,-0.21733576788874004,5.880534387379108e-07,11.07445688342266,-15.866329327871512,10.999252648440212,-15.818223027281865,1.0
0.521108298476265,0.11837894499310007,-0.510939482462819,-1.5404065351367702,-1.8747771033143463,-0.002293339634939776,-0.2173246682229921,3.0419558057833503e-07,11.040467778462144,-15.905533351352592,10.95867629393243,-15.857295714563639,1.0
0.520976979597689,0.11682457206910028,-0.5118726940179064,-1.5438271608662049,-1.874767916840735,-0.0023138188613196858,-0.21731330939533766,6.171661579883002e-07,11.00641697685448,-15.944507547648326,10.917900296593102,-15.896138878825383,1.0
0.5209717812679275,0.11532688311911687,-0.5127640733423535,-1.5473697433996674,-1.8747660694387944,-0.0023179229148777517,-0.21731137969071798,5.395074366206559e-07,10.970380026611272,-15.981845744928053,10.881727642583492,-15.933341372338706,1.0
0.5209665907096508,0.11382802995903037,-0.51364989606342,-1.5509070297847427,-1.8747646783122336,-0.0023216862536395723,-0.2173088764487063,2.9040406823235707e-07,10.93426647379584,-16.019033401391624,10.84547858887831,-15.970393527912528,1.0
0.5209614068583321,0.11232635608595147,-0.5145318973066659,-1.554439745480077,-1.87476337941882,-0.0023251712576367297,-0.21730659293337912,3.017162605647311e-07,10.898042227618271,-16.05613328559355,10.809119016897895,-16.007358086311605,1.0
0.5209562304931598,0.11082165396386695,-0.5154071308896778,-1.5579673594807937,-1.874761621382618,-0.0023290589305289587,-0.21730474574355296,4.924839347467323e-07,10.861678386512654,-16.09306233582491,10.77262004541725,-16.044152006167938,1.0
0.5209510612389379,0.10931603720784007,-0.5162784094451746,-1.5614901274770527,-1.874760246689301,-0.0023323997535504345,-0.2173028558641381,4.512520092797222e-07,10.825257581579711,-16.12988493984189,10.736064295742514,-16.080839665443126,1.0
0.5209458995844791,0.10780837638441425,-0.5171437390293744,-1.5650077163505054,-1.8747588497222338,-0.00233575447561918,-0.21730098100141138,3.219987531574121e-07,10.78873183080041,-16.166552578940333,10.699403798615236,-16.117372558193594,1.0
0.5209407453943553,0.10629871409065249,-0.5180039956572423,-1.5685202183934135,-1.874757799519322,-0.002338831666984267,-0.2172987007103037,2.047667727808288e-07,10.752109175416875,-16.20309009901901,10.662646591742153,-16.153775526782727,1.0
0.5209355996707082,0.10478777788458242,-0.5188592903338858,-1.5720269506614242,-1.8747566294221434,-0.00234176684012268,-0.21729693804657174,5.000924554769648e-07,10.71541137304962,-16.239495015760347,10.625814458904953,-16.19004611305412,1.0
0.5209304616589941,0.10327478417425734,-0.5197084002212504,-1.5755284273646366,-1.8747555212940878,-0.002344721993570779,-0.21729497649290308,3.9893663190434045e-07,10.678606396595905,-16.27573829598738,10.588875353303333,-16.226155264133247,1.0
0.5209253312525787,0.10176077388362863,-0.5205522350234479,-1.5790247211727269,-1.8747544945917456,-0.0023474752189099543,-0.21729314048211915,2.0894335571427404e-07,10.641731239113666,-16.311837983775412,10.55186626521151,-16.262121021311692,1.0
0.5209202094814577,0.10024544930310529,-0.5213899043107583,-1.5825151301591927,-1.8747532378375342,-0.0023503216601925836,-0.21729170003812587,4.226419714902434e-07,10.604770400006913,-16.347770794165655,10.514771720921809,-16.297920126518985,1.0
0.5209150948669761,0.09872824223384333,-0.5222220766773258,-1.5860006620049103,-1.8747521097888666,-0.002353054484958642,-0.21729012303481623,2.3537298614208126e-07,10.567712771371255,-16.38356038304432,10.477580573929158,-16.333576197040657,1.0
0.5209099886331158,0.09721079366123242,-0.5230488910644632,-1.5894804825848934,-1.8747510550441464,-0.0023555477697363115,-0.21728875478044318,3.0821443010269465e-07,10.530606574939268,-16.419197956301677,10.440341077918504,-16.369080470719343,1.0
0.5209048916393363,0.09569183966119496,-0.5238704127065749,-1.5929540061905603,-1.874750217025696,-0.002357833203743717,-0.21728719076271594,2.652464863294599e-07,10.493415983214017,-16.454695214826412,10.403017427829328,-16.404444670880153,1.0
0.5208998022131316,0.094171873987357,-0.524685305156762,-1.5964223726093418,-1.8747494904714097,-0.0023601166968613436,-0.21728534322013782,3.5320764209082517e-07,10.456144803655734,-16.490009931729922,10.365613387460646,-16.439626526973267,1.0
0.520894722250349,0.09265034870440848,-0.5254938555884004,-1.5998842898500598,-1.8747480521336712,-0.002362774678647668,-0.21728461317501882,3.689744927160475e-07,10.418779498268474,-16.525154600250485,10.328115468308116,-16.474638581728563,1.0
0.5207643638379755,0.09107102593038086,-0.5263275734041284,-1.6032153756804213,-1.874755161283985,-0.0023480985211748054,-0.2172919540861873,1.7467994923771257e-07,10.379946801745227,-16.56474550778585,10.289155169706689,-16.507551010022397,1.0
0.5206371914242813,0.08949479852494133,-0.5271521439508827,-1.6065433477828552,-1.8747618725144832,-0.0023340385710159616,-0.2172992267483218,6.328109575719201e-07,10.341136489253156,-16.603971409055752,10.250217374412307,-16.540264655442787,1.0
0.5205131761366156,0.08792162783014285,-0.5279676639302093,-1.6098684866468074,-1.8747683629976304,-0.0023205080106942317,-0.21730614821717723,5.216124068365624e-07,10.302348020847953,-16.642836003351015,10.211301531736105,-16.572781720568816,1.0
0.5203922711894172,0.08635061716167534,-0.5287731918492803,-1.6131912382244824,-1.874774068131108,-0.002307964833129839,-0.21731333847539502,3.6468314199859776e-07,10.26354811744114,-16.681320311767536,10.172374345506759,-16.605080800880454,1.0
0.5202744804857867,0.08478293461302523,-0.5295701860464979,-1.6165102391833952,-1.8747798832368754,-0.0022957081444749837,-0.21731976615321452,3.0228124425972083e-07,10.224781504560786,-16.719456935502343,10.133480593476769,-16.637194649133246,1.0
0.5201597160583946,0.08321688562428528,-0.5303575766723173,-1.61982634281625,-1.8747853546741529,-0.0022842204322715944,-0.21732574029336732,2.253825954003764e-07,10.185990989508852,-16.757230506502424,10.09456305026148,-16.669103337140207,1.0
0.5200480416083287,0.08165469751020789,-0.5311367962419622,-1.6231383012557838,-1.8747909841239132,-0.002272914881165151,-0.21733100967903968,2.5030531776576186e-07,10.147251551293378,-16.79466304944902,10.055696742670298,-16.700832167648542,1.0
0.5199393152299994,0.08009407838923566,-0.531907604842824,-1.6264478492702956,-1.87479574572546,-0.0022624480131624644,-0.21733700312704793,3.703303431139173e-07,10.108495335805777,-16.831769106371254,10.016813750141818,-16.732388340174673,1.0
0.5198336316896209,0.07853689022912648,-0.5326695522960457,-1.6297527994291638,-1.8748007057517522,-0.002252283274209065,-0.21734199229982634,2.805315050893954e-07,10.06977212251319,-16.868518657486565,9.977963935935886,-16.763746698937254,1.0
0.5197308868277702,0.07698195744764708,-0.5334233296603349,-1.6330552278480128,-1.8748050365825542,-0.0022427746274900685,-0.21734742486142206,1.420827391700858e-07,10.031053414071243,-16.904943297031295,9.939118723179508,-16.794933479482946,1.0
0.5196310133952831,0.07542844682053322,-0.534169351373522,-1.6363535621292449,-1.8748093583664729,-0.0022336387638767522,-0.21735224371019118,5.027557334275049e-07,9.992318331287208,-16.941063115577638,9.900257292912926,-16.82596520103672,1.0
0.5195341021162581,0.07387815340354882,-0.5349067494220083,-1.6396475872495986,-1.8748135968409734,-0.002224923356327693,-0.21735655643518156,5.366765914847961e-07,9.95361150659764,-16.97683666809442,9.861424285809473,-16.85680514708356,1.0
0.519440074699945,0.07233036087070234,-0.5356364367696503,-1.6429381942925034,-1.874817516668481,-0.002216653332667706,-0.21736090312886422,1.0121211071188823e-07,9.914919369055992,-17.01229769137902,9.822606096788357,-16.887483000953807,1.0
0.5193489225888784,0.07078540777716404,-0.5363587433955177,-1.6462241783470983,-1.8748213622193775,-0.0022086528628760538,-0.21736497148987757,2.4745883625821956e-07,9.876254062116915,-17.0474531473554,9.783814915460093,-16.9180052316258,1.0
0.5192605763126775,0.06924166778966392,-0.5370725427589389,-1.6495064600560343,-1.874824525489786,-0.0022014643785383302,-0.21736935305516497,4.179535852842012e-07,9.837559930338415,-17.08228508638193,9.74499505111613,-16.9483502976393,1.0
0.519175102320519,0.06770160844422266,-0.5377790356825368,-1.6527842583359287,-1.8748282239655762,-0.002194217582854899,-0.21737250666819388,4.937602629317657e-07,9.798917104393851,-17.11680685673772,9.706226664350359,-16.97853498669939,1.0
0.5190923722623538,0.06616265846992997,-0.5384781168675934,-1.6560585925038116,-1.874831168591736,-0.0021876728723432587,-0.21737633784512822,1.3175223473997672e-07,9.760250787541546,-17.151038785665104,9.667434919374687,-17.008572963871202,1.0
0.5190124554629498,0.064626990724577,-0.5391701398914137,-1.6593279321262955,-1.8748340655111622,-0.0021813312463813974,-0.21737993801706415,3.461918532716484e-07,9.721626007575205,-17.18497212156193,9.62868490260829,-17.038459038409727,1.0
0.5189352923568751,0.06309360574411949,-0.539855090767398,-1.662592462661056,-1.874837197126417,-0.0021751350466458577,-0.21738271038853169,4.16787317208096e-07,9.683013824362302,-17.218615732136676,9.589947666814417,-17.068198975185116,1.0
0.5188608517096983,0.06156169690583296,-0.5405319476726769,-1.66585267719032,-1.8748394726988205,-0.002169773152286478,-0.21738618915892516,3.8956680382866335e-07,9.644382946718192,-17.251947289843844,9.551191901920195,-17.09776883477401,1.0
0.5187891662416265,0.06003306589851952,-0.5412017224443118,-1.6691084709231818,-1.874842275406575,-0.0021643758899115083,-0.2173884221330228,2.8027891425820184e-07,9.605792932408669,-17.284980772985474,9.512477169705582,-17.127184299803503,1.0
0.518720162475272,0.05850626868694265,-0.5418646786812442,-1.6723589697174022,-1.874844568820735,-0.0021594637240792314,-0.21739109262514053,2.3691019368773655e-07,9.567204238878698,-17.317736902031463,9.473763961100833,-17.15646222096513,1.0
0.5186538701427322,0.05698262404093022,-0.5425206473059724,-1.6756050743629307,-1.8748467043866093,-0.0021548295640560883,-0.21739368022651084,5.259652232055772e-07,9.528653319956065,-17.350199576808873,9.435088695427666,-17.18558808492047,1.0
0.5185902209783234,0.05546067294897841,-0.5431698263997017,-1.6788459210134161,-1.8748486612889161,-0.0021505456000244553,-0.217396117080043,6.91633019935196e-07,9.490099697028354,-17.382387625365656,9.396410927164553,-17.21457712243931,1.0
0.5185292334355123,0.0539414973018512,-0.5438121614550102,-1.6820818678377631,-1.8748505828844175,-0.002146497961778378,-0.2173982426014177,3.468355918444118e-07,9.451573912667806,-17.414290399531186,9.357761185163556,-17.243419662536414,1.0
0.5184708560284272,0.05242399787511411,-0.5444476938053517,-1.685312826311747,-1.874852325523425,-0.0021428124856612673,-0.2174001956736461,3.8962644408937155e-07,9.41304461318251,-17.44591895659578,9.319108119123813,-17.27212407100659,1.0
0.518415123746962,0.05090994138597889,-0.5450764911512018,-1.6885384773546266,-1.8748542064110574,-0.0021392422719528734,-0.21740161083623458,3.7810671055436736e-07,9.374562958165642,-17.47726035897743,9.28050290086135,-17.300679224885755,1.0
0.5183619864784075,0.0493982381454425,-0.5456986033195249,-1.6917587321445802,-1.8748557861383899,-0.002136045591893688,-0.21740313867837152,3.14246854858389e-07,9.33609793925058,-17.50832579947512,9.241914525411996,-17.32909369715952,1.0
0.5183114386301554,0.0478889085602453,-0.5463130125615883,-1.6949737340544428,-1.874856840701485,-0.0021334695338017383,-0.21740491511839033,5.029366649873864e-07,9.297642049509847,-17.539085931927563,9.203335480356166,-17.357337855165685,1.0
0.5182634336630833,0.046381640758632776,-0.5469218054964069,-1.6981830246073932,-1.8748579504901082,-0.0021309836010255283,-0.21740640318583185,2.507983019090056e-07,9.259202619012854,-17.569604252062557,9.164773113325895,-17.385472747237348,1.0
0.5182179875716615,0.04487734201705073,-0.5475239744936592,-1.7013865274320246,-1.8748594033811514,-0.0021285535979679287,-0.21740694434235797,6.615379184876055e-07,9.220797689406949,-17.599844177918243,9.126245468894046,-17.41346262356685,1.0
0.5181750593566471,0.04337541281056252,-0.548120401679416,-1.7045852017235392,-1.874860199208039,-0.002126546711881466,-0.21740839719960853,4.1938435638332996e-07,9.182416902290834,-17.62983670396253,9.087742151915958,-17.44133637477341,1.0
0.5181346729076832,0.041876930153798037,-0.548709390531919,-1.7077771712417393,-1.874860933427441,-0.002124878299452373,-0.21740942977489874,2.625703026214578e-07,9.144077723037418,-17.65952395880828,9.049280699636642,-17.46903730488863,1.0
0.5180967656893961,0.04038055544297538,-0.5492926400277768,-1.7109640245856679,-1.8748619033868679,-0.002123254918787347,-0.21740980138883428,3.157555497252653e-07,9.10575500869635,-17.68896675633921,9.010835908252158,-17.49662302364504,1.0
0.5180613363645336,0.03888662431561525,-0.5498694331080697,-1.7141443931027491,-1.8748623147434147,-0.0021221223367398436,-0.21741072525347582,2.254560481350237e-07,9.06745264736289,-17.71814183106859,8.972411718285986,-17.52407014330904,1.0
0.5180283702299122,0.03739527711515431,-0.5504396426461036,-1.7173187235592402,-1.8748628303791224,-0.002121197208913931,-0.21741103785370494,6.963122649358109e-07,9.029173592652285,-17.74704470747477,8.934011066239345,-17.551373437812078,1.0
0.5179978501681589,0.035906531216222955,-0.551003257650004,-1.7204871451031303,-1.8748630428447846,-0.002120670926733267,-0.21741142906869684,5.730371625172957e-07,8.990918175992611,-17.77567528163406,8.895634278593112,-17.5785319144706,1.0
0.5179697644689453,0.034421144867933254,-0.5515613239575402,-1.7236492802106893,-1.874863327106811,-0.002120193179353267,-0.21741155924953362,5.616389773258199e-07,8.95271630896922,-17.80405783736335,8.857311281394232,-17.60556923123749,1.0
0.5179441001288052,0.03293916064941187,-0.552112809909297,-1.7268052930218283,-1.8748633175838891,-0.0021200774328445963,-0.2174118043433125,4.873938598780246e-07,8.914561022419997,-17.832162656034555,8.81903509919297,-17.632454996854474,1.0
0.5179208192464961,0.03145922574726181,-0.5526588083539083,-1.72995454199492,-1.8748632279227586,-0.002120150594817338,-0.21741192822690186,3.4198754778239867e-07,8.876421979548054,-17.860032669156617,8.780775419767622,-17.65923013941149,1.0
0.5178999133174697,0.029981669609930546,-0.5531981533013905,-1.7330978234233838,-1.8748630778484672,-0.0021205558259348974,-0.2174116403141876,2.9299104763645343e-07,8.838299406726193,-17.887631918759492,8.742532438987817,-17.68585828741472,1.0
0.5178813770566565,0.02850809373438475,-0.5537319569152259,-1.7362343988403601,-1.8748630033068654,-0.0021209993943025356,-0.21741109958273463,3.476811528692056e-07,8.800247953867721,-17.91497979719109,8.704360835054905,-17.71235852898778,1.0
0.5178651845092688,0.027037168088709835,-0.5542593325024218,-1.7393636235625725,-1.874862427914059,-0.0021219397430765567,-0.2174109575950683,5.143504956651623e-07,8.76222236856283,-17.942061908306357,8.666215380254606,-17.73871508817695,1.0
0.5178513174954945,0.025569359673025715,-0.5547810219378883,-1.742486627276654,-1.8748622315252277,-0.0021228593193915787,-0.21740991390679432,6.224620310669578e-07,8.724241851010424,-17.96889624137854,8.62811523151154,-17.764945048352214,1.0
0.5178397585640118,0.024104553930809913,-0.5552970726496267,-1.7456032225020721,-1.8748617331551236,-0.002124069876779772,-0.21740912643034743,4.739429454577832e-07,8.68630341424761,-17.99548542925578,8.590057409044526,-17.79105012403729,1.0
0.5178304945195689,0.022642912940270075,-0.5558067558155078,-1.7487117023000618,-1.874860667049103,-0.0021257907855632466,-0.21740887824690935,7.639463610004561e-07,8.648405877133024,-18.021807557472727,8.55204079709897,-17.817007646449035,1.0
0.5178235027424822,0.021184288428327782,-0.5563106828285456,-1.751813996425512,-1.8748598374091465,-0.0021275894631665633,-0.21740791715767022,5.337698144492847e-07,8.610549767492762,-18.04788181397693,8.514065849578902,-17.842835696471465,1.0
0.5178187683252743,0.01972908720912501,-0.5568090441488723,-1.754908909922978,-1.8748589090776284,-0.0021295739766202726,-0.21740688334268377,7.676132863502213e-07,8.57274818069353,-18.073710790417003,8.476145707625534,-17.86853604165145,1.0
0.5178162726865,0.01827658304145135,-0.5573016859037672,-1.7579971162970334,-1.8748581558779833,-0.002131687107185628,-0.21740520374548813,2.858911820483284e-07,8.534979005155396,-18.099296171543347,8.438258233859361,-17.89410942239193,1.0
0.5178159974103539,0.016828142505604354,-0.5577878214784618,-1.7610773288555384,-1.8748568827891134,-0.002134290040589977,-0.217403978754773,4.214114261603956e-07,8.4972752045774,-18.124605033778156,8.400436441268036,-17.919521904327603,1.0
0.5178179266845692,0.01538242194340398,-0.5582691616583807,-1.7641510206926545,-1.8748556238616516,-0.002136973245892731,-0.2174025834375566,4.7289732742333833e-07,8.459611636533943,-18.149697377346797,8.362655130996947,-17.944832718546063,1.0
0.5178220410257025,0.013940520872436043,-0.5587449727133554,-1.7672163584328908,-1.8748542097875134,-0.0021398689890293064,-0.21740121109312657,8.025583869695322e-07,8.422014005644273,-18.174543939689695,8.324940077895453,-17.9700115150168,1.0
0.5178283200078854,0.01250189504891845,-0.559214056239277,-1.770274396886322,-1.874852539456602,-0.002143228700260788,-0.2173996929532587,5.660911942344325e-07,8.3844572178944,-18.199115025822433,8.287266147543534,-17.99502757271608,1.0
0.5178367517308453,0.011066412737747614,-0.559678380472881,-1.7733249239795688,-1.8748513118135268,-0.0021464686266342912,-0.2173972826023845,3.618777219276552e-07,8.346952928463747,-18.22346842137368,8.249645003244389,-18.01993804782931,1.0
0.5178473078894752,0.009635010208711004,-0.5601369753133381,-1.7763678500787254,-1.8748496912968071,-0.0021500657105532482,-0.21739523992275053,2.1757149571395767e-07,8.309520203618728,-18.247569364233634,8.212095714697991,-18.04470669698858,1.0
0.5178599738752561,0.00820731057437451,-0.5605898966592407,-1.7794024629266225,-1.8748478829706021,-0.002153943536513062,-0.21739318604729838,3.4166885214768414e-07,8.272148704128941,-18.271422901401497,8.174607969957982,-18.069337777190594,1.0
0.5178747376817334,0.006782602099142958,-0.5610370225076627,-1.7824294340531295,-1.8748455880612223,-0.0021582957548482475,-0.21739153514902299,3.3479058717465344e-07,8.234816999873056,-18.2950313548059,8.137160313179105,-18.093833009224593,1.0
0.5178915664693927,0.0053624715190464575,-0.5614793848975753,-1.785447957209806,-1.8748437585210285,-0.0021624763156739366,-0.21738902356006903,3.598321352646884e-07,8.19757871455902,-18.318412666733096,8.099806398953827,-18.118208589923977,1.0
0.5179104576159889,0.00394527740491415,-0.5619158760381399,-1.7884588563617023,-1.8748414279626595,-0.002167164645046167,-0.21738689443770856,2.478667187562401e-07,8.16037797063263,-18.341547924152415,8.062490318164764,-18.142445500912466,1.0
0.5179313804603235,0.0025323455026588703,-0.5623476016422887,-1.791460772243661,-1.8748396091071926,-0.0021716884267802177,-0.21738377660901365,4.441345030444608e-07,8.123261469388051,-18.36445919611595,8.025258824174708,-18.16656415833621,1.0
0.5179543123835465,0.0011233295470896897,-0.5627733701319109,-1.794455139053975,-1.874837238586187,-0.002176723397450315,-0.2173811623611564,2.360955266793365e-07,8.086209879407665,-18.387115483154446,7.988092530626991,-18.190532436722943,1.0
0.5179792470236516,-0.00028231936247016527,-0.5631932874861953,-1.7974408772603647,-1.8748345380297116,-0.002182186045385741,-0.21737863854972195,6.275541637946332e-07,8.049208214887118,-18.40952426228602,7.950976493070312,-18.214357439574034,1.0
0.5180061579156692,-0.001683618307601878,-0.563609265684594,-1.8004179624036978,-1.8748324019132172,-0.002187357755888711,-0.2173752154244082,3.183835281176918e-07,8.012299704719362,-18.431733323184666,7.913953941334566,-18.238085573876532,1.0
0.5180350304185285,-0.0030814153459932598,-0.564019269897979,-1.8033868135880387,-1.8748296521219097,-0.002193110293086996,-0.217372326297868,4.1708774210780596e-07,7.975443961525284,-18.453691213076794,7.8769844719862485,-18.26166463849324,1.0
0.5180658329565747,-0.004475076142014421,-0.5644233348680873,-1.8063467294105875,-1.8748266709256463,-0.0021992462151873542,-0.21736936237263776,5.617299082224535e-07,7.93865942743871,-18.475394709350184,7.84008655402744,-18.28508973536212,1.0
0.5180985571446196,-0.005864535667693127,-0.5648233609428811,-1.8092978421082506,-1.874824131016247,-0.0022051869454093424,-0.21736563842313983,5.605639523452121e-07,7.901962886351475,-18.496898019844153,7.803276966284448,-18.30841463959293,1.0
0.5181331666479714,-0.007249714126651541,-0.5652173425895256,-1.8122404149156508,-1.874820721915917,-0.002211821313948337,-0.2173628921186166,5.494871585194648e-07,7.865340831613492,-18.518143806034388,7.766542192023601,-18.331580125691552,1.0
0.5181696414640455,-0.00863025191520736,-0.5656063255887799,-1.815173162833379,-1.8748179406191532,-0.0022183126554186244,-0.2173588362857423,5.838329803919033e-07,7.82881176003025,-18.539159754455472,7.729900777274156,-18.354612786623342,1.0
0.5182080008328721,-0.01000740943267997,-0.5659911177633485,-1.8180976201707026,-1.8748147376062698,-0.0022250768235233098,-0.21735536424983953,2.6632187304196565e-07,7.792345829356111,-18.559978377716202,7.6933228210165305,-18.377546198303133,1.0
0.5182481722897366,-0.011379792355757304,-0.5663698103552487,-1.8210126630255092,-1.8748113837758602,-0.0022322198045522327,-0.21735162288353607,4.5963610643406766e-07,7.755968026114167,-18.580535753763588,7.656833352826519,-18.400312612204356,1.0
0.5182901678814856,-0.012748009230432818,-0.566744236489958,-1.8239190754409347,-1.8748081831087415,-0.002239367157951021,-0.2173474998179121,9.396041463127248e-08,7.719675273957207,-18.600888918298864,7.620429266323001,-18.42296972303435,1.0
0.5183339476097973,-0.014111831270462246,-0.5671125770760687,-1.8268153826047102,-1.8748045626795682,-0.0022470455917543517,-0.21734351576025282,1.2920307832623997e-07,7.683459795137707,-18.620984848236684,7.5841028402532755,-18.445462362879514,1.0
0.5183795019397075,-0.015471094626428851,-0.5674767337615131,-1.8297018670220377,-1.87480068808032,-0.0022548937160421214,-0.21733987040233166,5.469875512462621e-07,7.647341221130559,-18.640877052929763,7.547873695270464,-18.467843554088827,1.0
0.5184268145651657,-0.01682628207729978,-0.5678354810946401,-1.8325797432892157,-1.874797060069692,-0.0022629038600293213,-0.2173353481541582,3.427043543774338e-07,7.611296061638262,-18.660534479532625,7.511718294550191,-18.49008143899622,1.0
0.5184758367884508,-0.018176193036386293,-0.5681900124705199,-1.835447289938815,-1.8747931858654445,-0.0022710661789291336,-0.21733117429936952,5.267889050605348e-07,7.575368116681547,-18.679983219990735,7.475680504056495,-18.512199501070192,1.0
0.5185265933128465,-0.019522403461883435,-0.5685391380214114,-1.838305542598857,-1.8747893879467563,-0.0022794978230050024,-0.21732636077160566,4.3375775811438016e-07,7.53950278354842,-18.699200762528534,7.4397056814061475,-18.53417655797787,1.0
0.5185790001876412,-0.0208629844300922,-0.5688838287257196,-1.8411542985750418,-1.8747856882796838,-0.0022879599796970167,-0.21732125339971875,3.103741787875047e-07,7.503763062371603,-18.718201990302077,7.403856834496373,-18.556023101999973,1.0
0.518633089931262,-0.02219946592238982,-0.5692232120377562,-1.843992565316083,-1.8747811964486085,-0.002297062854008848,-0.2173170201170542,4.971344959949905e-07,7.468098128875146,-18.73697297710434,7.368083177072335,-18.57772686671254,1.0
0.5186888029653572,-0.023530694583565746,-0.569558140827215,-1.846820649108166,-1.874776896132316,-0.0023061905729364813,-0.21731227434998895,4.0722113487795865e-07,7.432547793008106,-18.75553066474702,7.332424507350356,-18.59930169504292,1.0
0.5187461496667937,-0.02485745179372864,-0.5698885036621011,-1.8496390654645474,-1.8747728421146297,-0.002315376555608391,-0.21730682106286595,5.156113054888651e-07,7.397088735015672,-18.773877657731852,7.296857485828142,-18.620750753022,1.0
0.5188051212612592,-0.02617994827084196,-0.5702143375205294,-1.8524474019798478,-1.8747683875807315,-0.0023249230853923408,-0.21730175153604397,3.1571766928851577e-07,7.361715171815821,-18.792016860711936,7.261376345221455,-18.642076471393654,1.0
0.5188656151905555,-0.02749659054025721,-0.5705346668304982,-1.8552449088931688,-1.8747637560352428,-0.0023348196932473178,-0.2172965270476516,4.3521707405923e-07,7.3264651930974924,-18.809910402845162,7.226019203939914,-18.663235595977564,1.0
0.5189276835227703,-0.028808812536762745,-0.5708503096255837,-1.8580327529490372,-1.8747588940711462,-0.0023450347535252623,-0.2172913363218091,3.9171651655854086e-07,7.291304044641428,-18.827591601776785,7.190751263070419,-18.684264207615097,1.0
0.5189913075346344,-0.03011631719572802,-0.5711623499100846,-1.8608094441309384,-1.874754367493983,-0.002355134904508809,-0.21728550914529074,6.284370090560894e-07,7.256248718818131,-18.84508973727663,7.155589572060719,-18.705190551447096,1.0
0.5190563848364319,-0.03141796330010476,-0.5714687332393656,-1.8635754363831503,-1.8747493940747755,-0.0023657569809404397,-0.2172799070254715,7.641209387433326e-07,7.221315891192167,-18.862339480705067,7.1205507890863835,-18.72594397040196,1.0
0.5191229837716141,-0.032715145224417055,-0.5717712653730502,-1.8663318895598873,-1.8747441762646442,-0.0023765923705251733,-0.21727455379294522,2.5462727256014967e-07,7.186479680666295,-18.87940178275155,7.085608988620273,-18.746589027846614,1.0
0.5191910306663179,-0.03400695047630227,-0.5720691100485525,-1.8690766669736592,-1.874739122584906,-0.0023875561375737778,-0.21726857304224234,5.387633028651957e-07,7.15175969739186,-18.896247400075353,7.05078386266265,-18.767092552040243,1.0
0.519260494078543,-0.03529303123050924,-0.5723631442839138,-1.8718104258749662,-1.8747341107104742,-0.0023985559907306665,-0.2172624317281591,4.0436643778002873e-07,7.117172810870086,-18.912899574898685,7.016092255537801,-18.787476168778614,1.0
0.5193313835421626,-0.03657441400814852,-0.5726513488893142,-1.874533337926637,-1.8747284219746456,-0.002410295457585542,-0.21725671395211646,4.897121519686374e-07,7.08267372366174,-18.92930806030112,6.981488863230702,-18.807690135485625,1.0
0.5194036494580797,-0.0378499585868855,-0.5729365701019675,-1.8772454603659934,-1.8747235042097659,-0.002421618429958175,-0.21724979569702635,4.6262965461923415e-07,7.048317472537004,-18.945546948923152,6.947028720318974,-18.827805957399374,1.0
0.5194773284250599,-0.03912106449313976,-0.5732169226164348,-1.8799461827700155,-1.8747177411467775,-0.002433627424137465,-0.21724380786535505,5.152903295950782e-07,7.0140490835231155,-18.961572064009545,6.912656876212996,-18.847781345222295,1.0
0.5195523292840728,-0.040386563051975057,-0.5734922746973437,-1.8826358829376093,-1.8747118080931502,-0.002446000278829094,-0.21723762632607904,6.687003341587724e-07,6.979901106754928,-18.97737281711504,6.878405866575485,-18.867600965520314,1.0
0.5196285963139129,-0.041645683550699635,-0.5737635918208159,-1.8853140147937946,-1.8747062593371553,-0.0024583039726803688,-0.21723061723093723,2.915424159524125e-07,6.945903228541276,-18.992972355033718,6.8443053986334705,-18.887285034935847,1.0
0.5197062147606003,-0.042900206048704204,-0.5740308113843337,-1.8879810926228409,-1.8747004268436933,-0.002470931634101592,-0.21722375934598612,3.3903175415166183e-07,6.912003834269816,-19.008380540505858,6.810303838074204,-18.906847886649153,1.0
0.5197850737119475,-0.044148647155116315,-0.5742939860240983,-1.8906360435893224,-1.874694273430154,-0.0024838354684066327,-0.21721722881905045,3.411861785522826e-07,6.878245931846991,-19.023590178054903,6.776444233900647,-18.926276493303472,1.0
0.5197813179769091,-0.04542962434403565,-0.5745606031334856,-1.8931955197976844,-1.8746949898023382,-0.0024823061542650813,-0.2172180334222462,6.829239438792314e-07,6.8435776985872065,-19.041310170514112,6.741677956189332,-18.943898441311152,1.0
0.5197775810594701,-0.046704319570004274,-0.5748219395176881,-1.8957421720986858,-1.874695695866978,-0.0024808874800478736,-0.2172186823461308,4.0339358251691285e-07,6.809048487712176,-19.058829241983997,6.707051192101159,-18.96131995956789,1.0
0.5197738626587071,-0.04797169294050619,-0.575077970253027,-1.8982762055671636,-1.8746963532324221,-0.0024795732276766355,-0.21721927472812205,2.1012910127198708e-07,6.774687981359988,-19.076138551253475,6.672593615918525,-18.978532199006924,1.0
0.5197701644359706,-0.04923235518950814,-0.5753298007535357,-1.9007964880179449,-1.8746969225607066,-0.002478220321596306,-0.2172201437625286,7.300288876534306e-07,6.740487249971445,-19.09327460523706,6.6382963414522305,-18.99557170991276,1.0
0.519766484935958,-0.05048688439486392,-0.5755753038818388,-1.9033040112176156,-1.8746975705720499,-0.002477151196665966,-0.21722034646965546,5.83111834159818e-07,6.706413078100795,-19.110180829293736,6.604126115265463,-19.012381879653322,1.0
0.5197628247367636,-0.051734520048183325,-0.5758165305739171,-1.9057983812038113,-1.8746980069084638,-0.0024761265921098966,-0.2172209967547016,3.7640841617300494e-07,6.672503334617148,-19.126910190905857,6.570120821318635,-19.029015690802265,1.0
0.519759184379891,-0.05297449892757959,-0.5760534818565824,-1.9082792289500328,-1.8746985189757075,-0.002475001345063251,-0.2172216266421178,5.424656398365101e-07,6.638779945200686,-19.1434567452547,6.536302399428023,-19.045467212676957,1.0
0.5197555635262515,-0.054208760408527804,-0.5762851182434682,-1.9107467855399791,-1.874699019210671,-0.002474066702492089,-0.21722196751098755,3.592229577694416e-07,6.6051790722220565,-19.159805790186205,6.502607003112279,-19.061721734271348,1.0
0.5197519627151281,-0.055436529023174815,-0.5765114777631232,-1.913200683460564,-1.874699064685146,-0.0024734981410015735,-0.21722281240588434,4.4250339701219837e-07,6.57172328224023,-19.175952348358216,6.469057213008495,-19.0777742923214,1.0
0.5197483816794765,-0.05665676922679644,-0.576733479091908,-1.91564110469848,-1.8746995221383533,-0.0024727253726451945,-0.2172229823954983,8.179945277033713e-07,6.53844950739405,-19.191914719597687,6.43568995428425,-19.093643179682804,1.0
0.5197448205154094,-0.057870553293001316,-0.5769511366251662,-1.9180679837542236,-1.8746998463602718,-0.0024720356924973624,-0.2172233468973006,4.0518521178900874e-07,6.505327052451879,-19.207701695636093,6.402474534216959,-19.109337190596094,1.0
0.5197412792360032,-0.05907692882195395,-0.5771644299197989,-1.9204813117164954,-1.8746999896180054,-0.0024714320352730943,-0.2172240100310071,4.0497684688119967e-07,6.472383116920023,-19.223305242757345,6.369438152654291,-19.124848291686533,1.0
0.5197377584746226,-0.06027715456738624,-0.5773733472453089,-1.922880656956981,-1.8747003545810446,-0.0024707823703875404,-0.217224200774076,8.152781117329916e-07,6.439581437132467,-19.23873485303929,6.336544562464377,-19.14018599156612,1.0
0.5197342574126212,-0.06146999702339898,-0.5775778134116853,-1.925266577370575,-1.8747009731142432,-0.0024700601454757977,-0.21722389251993934,5.624598097199012e-07,6.406956871217281,-19.253978733353083,6.303828600404316,-19.155338475735036,1.0
0.5197307776984742,-0.06265604184086844,-0.5777779308600537,-1.9276379495467735,-1.8747011763817407,-0.002469573310994999,-0.2172242123402261,3.4987846956136363e-07,6.374493371991577,-19.26904438122745,6.271274262325089,-19.170313284755878,1.0
0.5197273177528738,-0.06383579764192385,-0.5779735832526887,-1.929995849759552,-1.874700963051041,-0.002469365664036567,-0.21722508856047637,3.8367893416857147e-07,6.342175437192483,-19.283932449146477,6.238866004735586,-19.185111029884496,1.0
0.5197238787467627,-0.06500770150780244,-0.5781657491702483,-1.9323394800294693,-1.874701401200457,-0.002468753995216707,-0.2172250367897705,4.6612376906922266e-07,6.310055599778471,-19.29865881575685,6.206656391162039,-19.199747620335334,1.0
0.5197204597208266,-0.0661734610994282,-0.5783523977273392,-1.9346694941145495,-1.8747014001685762,-0.002468635447858566,-0.21722524055997147,2.839397322631475e-07,6.278068936772996,-19.313178496628247,6.174580473584758,-19.214178046634927,1.0
0.519717062187355,-0.06733161801391686,-0.5785365547960671,-1.9369848614124185,-1.8747016447370375,-0.0024681488877352363,-0.21722545475930652,5.40735251204947e-07,6.24628097827899,-19.327566997977247,6.142703821585389,-19.228477854478566,1.0
0.5197136859056336,-0.06848212669614644,-0.5787151828010672,-1.9392857459663866,-1.8747016754174586,-0.0024680335674345925,-0.21722557398821332,4.901899458423084e-07,6.214669289103273,-19.341736700403903,6.111003993686839,-19.24255941818239,1.0
0.5197103299010799,-0.06962668812363446,-0.5788911992688297,-1.9415728119394757,-1.8747017893612674,-0.0024677071546099294,-0.21722584315663998,4.077759791597892e-07,6.183207821708018,-19.35578472760194,6.079454916909551,-19.25651983599839,1.0
0.5197069955757643,-0.07076381019887941,-0.579062615057487,-1.943845103842083,-1.8747022295667035,-0.0024673725125094444,-0.21722532168764255,2.026519533271694e-07,6.151923871792936,-19.36964225048746,6.048083923554651,-19.27029031544409,1.0
0.5197036830578095,-0.07189355819829885,-0.5792304429174142,-1.946102534360588,-1.874702349650979,-0.002467155627151087,-0.21722538877896885,5.259841940470885e-07,6.120823478176682,-19.38333887034666,6.01689705578547,-19.28390046115036,1.0
0.5197003907658743,-0.0730164281909018,-0.5793945763547047,-1.9483461811548688,-1.8747020411144382,-0.00246714654303885,-0.21722616541063047,6.166881692265546e-07,6.089891576422789,-19.396875424687803,5.985879207884215,-19.297351069344142,1.0
0.5196971208255309,-0.07413117093548559,-0.5795540333174074,-1.950574595679875,-1.8747020447894056,-0.002467158914002458,-0.21722613613109537,5.972167780694352e-07,6.059156348337638,-19.410213905088277,5.955058617145888,-19.31060418709144,1.0
0.5196938716886164,-0.07523928793491523,-0.5797107176084353,-1.952788832985065,-1.8747023139780838,-0.0024669315819891295,-0.2172258554148927,5.035829792063418e-07,6.028589560966346,-19.42342076116827,5.924407010200405,-19.32372622359724,1.0
0.5196906451231891,-0.0763403969346681,-0.5798637054155309,-1.9549876881655681,-1.8747022011109429,-0.0024669134427696576,-0.21722616361020383,7.286765657756215e-07,5.9981949491552005,-19.436466440243805,5.893928168049684,-19.336687672333202,1.0
0.5196874392025248,-0.07743387694501727,-0.5800128493167681,-1.9571724742545848,-1.8747020637697152,-0.002466964319630243,-0.21722641793271683,6.343022071562087e-07,5.967989224005212,-19.44934187553017,5.863638751497092,-19.349479416216962,1.0
0.5196842556058602,-0.0785203177703206,-0.580159178822418,-1.9593420468779505,-1.8747021591168307,-0.0024668133256144334,-0.21722643925532728,2.5265074802125517e-07,5.937963467239114,-19.462081230332426,5.833529886102276,-19.362135662390504,1.0
0.5196810951279253,-0.07959901234287095,-0.5803006917279456,-1.9614958644392417,-1.8747022273704124,-0.0024669137288972896,-0.21722610017545788,5.907576983833474e-07,5.908122326141008,-19.474621444955417,5.803606239895976,-19.374593371905302,1.0
0.5196779552830515,-0.08067014075472242,-0.5804402501942693,-1.9636356208837782,-1.8747023902297464,-0.002466731513591289,-0.21722600508809303,6.284662788112601e-07,5.878483035449468,-19.48704618222875,5.77388498272773,-19.386936142701927,1.0
0.519674838437872,-0.0817345243184934,-0.5805759217652381,-1.9657597033870278,-1.8747023716630447,-0.002466750537194199,-0.21722601871575314,7.293337430601072e-07,5.849006859727881,-19.499306315212948,5.74432744094251,-19.399114909622494,1.0
0.5196717431084863,-0.08279068407745602,-0.5807075986937618,-1.9678691232046561,-1.874702240912829,-0.0024669350870776085,-0.21722603230852983,5.036425443084105e-07,5.8197354620322015,-19.51138720287198,5.714975238858655,-19.411114992893353,1.0
0.5196686714897377,-0.08383938034452534,-0.5808363270929617,-1.9699623845842948,-1.8747021808664224,-0.002467046902323826,-0.21722599356112746,3.120149016749616e-07,5.790655149330737,-19.52332481197371,5.6858147407414386,-19.42297241657933,1.0
0.5196656218944595,-0.08488006381922117,-0.580961994369604,-1.9720406373044395,-1.8747022178790145,-0.002467090159778455,-0.2172258282575374,5.646112391925349e-07,5.761780842403585,-19.53511163325007,5.656860823327023,-19.434679627368432,1.0
0.5196625944243201,-0.0859137872173791,-0.581084569716744,-1.9741038120796335,-1.874702267943211,-0.0024671394714110883,-0.21722562190678185,5.787217644792638e-07,5.733082055554304,-19.54675500948238,5.628083003573047,-19.446243970696045,1.0
0.5196595907335083,-0.08694012610317968,-0.581204087199663,-1.9761507816052526,-1.874702146381779,-0.0024672709106665553,-0.21722570053716275,6.62208745841027e-07,5.7045712255580145,-19.55825257736147,5.599493761437671,-19.45766312643605,1.0
0.5196566090283163,-0.08795849398794253,-0.5813204236828947,-1.9781827682659396,-1.8747020499089644,-0.002467414285036713,-0.21722569738526215,7.06855256676006e-07,5.6762642604380416,-19.569596235299958,5.5711089581190025,-19.468928946175843,1.0
0.519653650783163,-0.08896840481241208,-0.5814345947436487,-1.9801987672677457,-1.8747020658090727,-0.0024673539539760174,-0.21722576099754876,5.009742402966852e-07,5.648183044116256,-19.58081133698584,5.542950516029002,-19.480066822093512,1.0
0.5196507146013276,-0.08997140692467585,-0.5815444944148339,-1.9821997304544239,-1.8747022118280574,-0.002467484449693967,-0.2172251811867494,4.973965687237408e-07,5.6202666461927935,-19.59184950566767,5.51495746830605,-19.491028340975856,1.0
0.5196478027928518,-0.09096628967758515,-0.5816522109390562,-1.9841840835679139,-1.8747018925274106,-0.00246769707324734,-0.2172256109467929,6.160870498962492e-07,5.5925661429881455,-19.60276123379672,5.487180951574877,-19.50186405557838,1.0
0.5196449144908226,-0.09195278264510973,-0.5817566163607877,-1.9861524173962277,-1.8747019245956118,-0.002467824246102651,-0.21722531884876195,4.285851302027209e-07,5.565080493657195,-19.613512012553812,5.459619902359375,-19.51253943445092,1.0
0.5196420480584586,-0.0929323433343421,-0.581858641682642,-1.988105847380867,-1.8747018932506414,-0.0024679255716664405,-0.2172252254230089,5.051160534406274e-07,5.537775127422798,-19.62414000390232,5.4322397071537925,-19.523092596828242,1.0
0.5196392066809606,-0.0939030650073231,-0.5819573454682894,-1.9900422028560578,-1.8747018579063852,-0.0024681113257025203,-0.21722499961607464,6.216246567159851e-07,5.510697416410683,-19.63460320952737,5.405087821234361,-19.533481627545978,1.0
0.5196363888103175,-0.09486643517587437,-0.5820536543390313,-1.9919625387678537,-1.874701521066509,-0.00246838967661593,-0.217225361673181,8.297548292381697e-07,5.483811892659613,-19.644939899105623,5.378128736228606,-19.543744755869547,1.0
0.5196335935830526,-0.09582217948940666,-0.5821464659240232,-1.9938674435622659,-1.8747013334360678,-0.002468752691518093,-0.21722521432338782,7.659533664657859e-07,5.45711782773958,-19.655116268302816,5.3513617011652395,-19.553848154923408,1.0
0.5196308223874178,-0.09676877741085942,-0.5822377949802248,-1.9957559711669584,-1.8747012981472697,-0.0024688318124401324,-0.2172251699284052,4.4646975271379144e-07,5.430674638791686,-19.66517828629783,5.324846169426037,-19.563837830127117,1.0
0.5196280762290372,-0.09770758327781377,-0.5823256385217536,-1.9976274362643838,-1.8747010756821827,-0.002469157526782945,-0.21722517079992926,4.5371880488070655e-07,5.404427741861724,-19.67507898761437,5.298527583308875,-19.573666842256454,1.0
0.5196253533895427,-0.09863902781670453,-0.5824118802054337,-1.9994830098961023,-1.8747012000880288,-0.0024691783834766053,-0.21722482865670356,4.7017307309323976e-07,5.378379514565134,-19.68487587413875,5.272408275570748,-19.5833926483393,1.0
0.5196226546245521,-0.09956137645050886,-0.5824955330989405,-2.001322177120281,-1.8747010098066146,-0.0024693427694783424,-0.21722502029985577,7.809625771476432e-07,5.352572058635792,-19.694527017727225,5.246530367671125,-19.592973339957492,1.0
0.5196199799477639,-0.10047565008344597,-0.5825755135163599,-2.0031449286015888,-1.874701133933347,-0.002469581469726122,-0.21722431322294836,5.932330847858108e-07,5.326967570269734,-19.704009268172843,5.220856056163647,-19.602385767261687,1.0
0.5196173302143717,-0.10138214358104856,-0.5826538474326137,-2.0049506815384546,-1.8747010228568513,-0.002469801161271601,-0.21722421697396913,7.652318009060462e-07,5.301573409858033,-19.7133831197791,5.195392723764445,-19.61169044688044,1.0
0.5196147044992793,-0.10228055529586315,-0.5827304561231224,-2.00674006637003,-1.8747008314684739,-0.00246995007082869,-0.21722444000317925,5.019242694830407e-07,5.276397638605922,-19.722643962348585,5.170148407528866,-19.620882744466456,1.0
0.5196121036490337,-0.1031701861845356,-0.5828032964348959,-2.0085125061872477,-1.874700785813451,-0.0024702778862397087,-0.21722400000861278,7.373684958407846e-07,5.251444348321907,-19.73172762165575,5.145127221364755,-19.62989850789353,1.0
0.5196095274688195,-0.10405097538422851,-0.5828753454264582,-2.010268133753888,-1.8747007534695912,-0.0024703354164506788,-0.2172239839935249,5.38274364613229e-07,5.226738570584623,-19.740719145877787,5.12035419176504,-19.638822780253136,1.0
0.5196069761864784,-0.10492401179950937,-0.5829445658223082,-2.0120067937993538,-1.8747005594236361,-0.0024705777335735425,-0.21722405457499916,6.701493426650127e-07,5.202233087827417,-19.749568520131604,5.0957821071109315,-19.64760555261005,1.0
0.5196044496119634,-0.10578824118969245,-0.5830108987028926,-2.0137286158378562,-1.8747003986937225,-0.002470920857429201,-0.21722387316831754,8.387714959559238e-07,5.177957726438238,-19.758265807924985,5.071440788829148,-19.656236883510825,1.0
0.5196019470166612,-0.10664442353145098,-0.5830752990961063,-2.015434096408159,-1.8747001162207553,-0.002471287150757099,-0.2172239550674702,5.701994036045417e-07,5.153898131670471,-19.7668443959644,5.047315863152438,-19.6647501406413,1.0
0.5195994714226717,-0.10749159381974216,-0.5831387637544447,-2.0171211759951895,-1.8747004634336275,-0.002471158904836238,-0.21722331289986122,8.561217770529612e-07,5.130089780645238,-19.77532533025363,5.023442886094637,-19.67316644889796,1.0
0.5195970199139424,-0.10833076837742503,-0.583199249896285,-2.0187918418443673,-1.87469998615482,-0.002471567508381663,-0.21722380361809418,7.571323330605832e-07,5.10648753833335,-19.783657911597757,4.9997766465022355,-19.681435032961573,1.0
0.5195945945415745,-0.10916065581908375,-0.5832576832761086,-2.020444696161399,-1.874700215294144,-0.0024716539282506477,-0.21722309209557758,9.274586286685659e-07,5.083135715289548,-19.791858606429855,4.976361508474516,-19.689572412809753,1.0
0.5195921938511415,-0.10998176569834588,-0.583314058464544,-2.0220807301158463,-1.8746999274037552,-0.0024719842088547187,-0.2172232477925854,6.965087904854152e-07,5.060019649058046,-19.799931261091352,4.9531827715875005,-19.697582396815736,1.0
0.5195898195198448,-0.11079467596719932,-0.5833683509097312,-2.0236988007205285,-1.8746995135367617,-0.002472400618278443,-0.2172235688806066,5.81089615131074e-07,5.037122521898344,-19.80787966680919,4.930223661884474,-19.705468819990248,1.0
0.5195874696891277,-0.11159876581703189,-0.5834214318617144,-2.025300174553507,-1.8746998607671699,-0.0024723528408284673,-0.21722279289076166,4.3771569151117117e-07,5.014469005498334,-19.815724019497,4.907508802535217,-19.71325182972881,1.0
0.5195851462068336,-0.11239466517864426,-0.5834723698818092,-2.0268835923376027,-1.874699694253988,-0.0024725905655516257,-0.2172228036594799,4.510928669276639e-07,4.992033693983673,-19.823442462368508,4.885012835903827,-19.72090961748359,1.0
0.5195828488952179,-0.11318132280902005,-0.583521085157441,-2.0284491752030838,-1.8746996044767186,-0.0024728575531479027,-0.21722257461064307,7.860468524186205e-07,4.9698461639996125,-19.831024481391978,4.862765333995483,-19.728431664582775,1.0
0.5195805768587375,-0.1139584390685399,-0.5835685423352978,-2.0299975334489524,-1.8746992795090325,-0.0024731311845350742,-0.21722291649509556,7.033753170618131e-07,4.947922578952553,-19.83849545462742,4.840782436838199,-19.735843325707993,1.0
0.5195783319387804,-0.11472764715785812,-0.583613718068726,-2.0315274121972653,-1.8746989898073239,-0.0024734925604019318,-0.21722302399841253,5.140584861786484e-07,4.926207992882454,-19.84583873209876,4.819009246541855,-19.743127998953085,1.0
0.5195761122833563,-0.11548732516003303,-0.5836575127032779,-2.0330400735513097,-1.874699211902989,-0.0024735605676946973,-0.21722236208985535,3.1818136068754873e-07,4.904756064272144,-19.85306751527424,4.797499373242578,-19.7502988374396,1.0
0.5195739195301882,-0.1162380315682578,-0.5836999699875838,-2.0345344014277957,-1.874699063532572,-0.002473736587739205,-0.21722243036823027,7.656253339010881e-07,4.883551069284596,-19.86018740604636,4.776237135856535,-19.757361485813227,1.0
0.5195717522370363,-0.11698028416696456,-0.5837400091802104,-2.0360113786910987,-1.8746986880791279,-0.0024741581080158716,-0.21722264828102578,5.668849496470243e-07,4.8625696985858236,-19.86717142476455,4.755199187399692,-19.764288926773347,1.0
0.519569612565891,-0.11771282277717901,-0.5837786036829394,-2.037469531977802,-1.8746986517120123,-0.002474394844759964,-0.21722233996117202,4.610626259445217e-07,4.84185573806422,-19.874037648223553,4.734429370199768,-19.77109929355403,1.0
0.5195674990601077,-0.11843715669728429,-0.5838167018307733,-2.038909853968898,-1.8746988236232651,-0.0024743615459323857,-0.21722197170580643,4.621485680782591e-07,4.821373265703773,-19.880825141810046,4.713891724214662,-19.777831613515865,1.0
0.5195654123674163,-0.11915151166415078,-0.5838522853976796,-2.0403319032464142,-1.8746988339113808,-0.0024745673118891478,-0.21722160052146203,2.9911620198160523e-07,4.801157456135792,-19.887462040004127,4.69362144098484,-19.78441403804811,1.0
0.5195633526011878,-0.11985692963583336,-0.5838863297447292,-2.0417356025496067,-1.8746985861881196,-0.0024749010420705973,-0.2172216486057649,7.653289908672262e-07,4.781186003631952,-19.89398450888449,4.673596217741562,-19.790882736189037,1.0
0.5195613197194816,-0.12055340116755033,-0.5839197780868953,-2.0431209804605275,-1.8746984924164305,-0.002475021009172906,-0.21722167950058163,3.6818692488378325e-07,4.761466557039802,-19.900419569400594,4.653823702237503,-19.79726472779323,1.0
0.5195593144402034,-0.12124017608441853,-0.5839505975001776,-2.0444875477372926,-1.874698454351414,-0.002475325137281764,-0.2172212609170356,5.585322454119121e-07,4.742004755578622,-19.906702942888668,4.63430955243306,-19.80349575293804,1.0
0.5195573352330408,-0.12191773572062457,-0.5839807664315791,-2.045836347264449,-1.8746979956132483,-0.0024756938983517968,-0.2172217722518016,6.19956146785166e-07,4.722802266340595,-19.91289524767412,4.61505539547121,-19.809636389999667,1.0
0.5195553836677202,-0.12258661985200352,-0.5840102140724087,-2.047166309297441,-1.8746981238304588,-0.0024756972367109558,-0.2172214504219032,5.583673924835172e-07,4.703843008282916,-19.918998649712137,4.596045191287268,-19.81568884591142,1.0
0.5195534597708256,-0.12324584061297525,-0.5840369491541085,-2.0484774157196908,-1.8746978388549518,-0.0024761310872348868,-0.21722142333044478,6.295014892234294e-07,4.685139783258483,-19.92494821682732,4.5772917424281125,-19.821588189191882,1.0
0.5195515633679187,-0.12389534243738017,-0.5840638867145255,-2.0497697854080865,-1.8746982391484137,-0.00247599891770334,-0.21722065740962032,7.92018369413317e-07,4.6667169906702535,-19.930827255498453,4.558819443742948,-19.827417721766082,1.0
0.5195496938620003,-0.12453592452944413,-0.5840890522921347,-2.051043825208704,-1.8746979242684754,-0.002476287762193454,-0.2172209489834983,6.079900728328768e-07,4.648536234649209,-19.93658530304398,4.540589883777929,-19.833126965367633,1.0
0.5195478535192984,-0.12516636231603043,-0.5841123830160294,-2.052297990721592,-1.8746978726406829,-0.0024765657565790204,-0.21722060793210016,8.133421210770345e-07,4.630632171522269,-19.942210943557978,4.522637778020454,-19.8387045632511,1.0
0.5195460391246169,-0.1257875647328813,-0.5841358262811835,-2.053534473053868,-1.87469787436485,-0.0024766007509870614,-0.21722054616176845,3.647803192562993e-07,4.61299396460225,-19.94776727013603,4.504952205849804,-19.84421352457852,1.0
0.519544254000987,-0.12639966496622662,-0.5841573873773658,-2.0547510076104922,-1.874697757548244,-0.002476824149196605,-0.21722045777271737,5.917992553105699e-07,4.595602140891785,-19.953197977824498,4.487513781017211,-19.849597631144864,1.0
0.5195424964267435,-0.1270020804534584,-0.5841780119904315,-2.055948767679966,-1.874697588967997,-0.002477044063845828,-0.21722050410146657,4.5240519893940243e-07,4.578480854973376,-19.958525697367435,4.4703466131606575,-19.854879468749655,1.0
0.5195407663702174,-0.12759480369827353,-0.5841976534679454,-2.057127774844306,-1.8746975887227257,-0.002477175318074611,-0.217220283872444,4.17027774267438e-07,4.56162995716305,-19.96374902892569,4.453450551769439,-19.860057636727017,1.0
0.5195390654612381,-0.12817739118380353,-0.5842153090316256,-2.0582869183996197,-1.874697431191267,-0.0024775431424477147,-0.2172200538927466,2.9063546748774246e-07,4.545054322386926,-19.96883567370059,4.436830514316801,-19.8650998788254,1.0
0.5195373929154711,-0.128750577866078,-0.584232936319645,-2.0594267328578177,-1.8746973229443826,-0.002477722470874987,-0.2172200184233541,5.681044647758602e-07,4.528748160847392,-19.973847626577143,4.4204806905298755,-19.870068169454566,1.0
0.5195357479088887,-0.12931408678085204,-0.5842494954821326,-2.0605477797812837,-1.8746971364552985,-0.002477957213083422,-0.2172200838301346,4.813279224992765e-07,4.512711304970979,-19.978752858716334,4.404400891323733,-19.87493045826403,1.0
0.5195341328147769,-0.12986772642352384,-0.5842659648139289,-2.0616484418117667,-1.8746971979279667,-0.0024779339268754413,-0.2172199710535197,5.794692033445966e-07,4.496956877413016,-19.983577943105363,4.388604301308957,-19.879713380196247,1.0
0.519532545253101,-0.1304116907930658,-0.5842803115667825,-2.0627303409066284,-1.8746969094009807,-0.002478284071663843,-0.21722009450862603,3.1020243761858425e-07,4.481463434421222,-19.9882660325013,4.3730694146018365,-19.884360025876855,1.0
0.5195309867819878,-0.1309455111680618,-0.5842944877117001,-2.063792415226207,-1.8746970163196761,-0.00247833388020173,-0.21721974647900755,4.34286123802231e-07,4.4662596896151365,-19.992869512642898,4.357824985497219,-19.88892282171992,1.0
0.5195294575317746,-0.13147023316799378,-0.5843075069421354,-2.0648345759476663,-1.87469666017251,-0.002478652484199908,-0.2172200883839025,7.70467675446667e-07,4.451307887948071,-19.997368226582463,4.342833262350904,-19.893381614180235,1.0
0.5195279572301498,-0.1319837670807493,-0.5843202805074954,-2.065857008647177,-1.8746968876502133,-0.002478606206738946,-0.21721960505599516,7.173901821765861e-07,4.436675191820904,-20.001772006649897,4.328161400455006,-19.89774622847894,1.0
0.519526486123959,-0.13248819796530845,-0.5843318238664158,-2.066859545103163,-1.8746968536981876,-0.00247876151870716,-0.21721942714924483,8.653525142095487e-07,4.4222939986048475,-20.006068876494236,4.3137418036247075,-19.90200469470904,1.0
0.5195250432520959,-0.13298220089697424,-0.5843421001385931,-2.0678428402950875,-1.8746965449955773,-0.0024791308198689214,-0.21721956803427311,6.461786407557075e-07,4.408202092755742,-20.010247423355676,4.299612231225911,-19.906145575020787,1.0
0.5195236302898726,-0.13346634651925648,-0.5843530623878189,-2.068805752523189,-1.8746966985561142,-0.0024790482453487164,-0.21721932815568382,6.011941986888501e-07,4.394398337782393,-20.01436819347697,4.285771590501889,-19.91022945939141,1.0
0.5195222472661293,-0.13394064690875732,-0.5843617123683328,-2.069748262133252,-1.8746964715953007,-0.0024794223896993117,-0.21721925824256486,7.566831749852108e-07,4.380858931037704,-20.0183451497465,4.272196079558427,-19.91417031146217,1.0
0.5195208932860113,-0.1344047979501196,-0.584371015714693,-2.070670978955148,-1.8746961625794016,-0.00247960429462147,-0.2172197145987898,8.330702779437311e-07,4.367615820001375,-20.022261116738573,4.258917622514808,-19.91805093244695,1.0
0.5195195683791309,-0.13485881286976953,-0.584378902699831,-2.071573882808542,-1.87469630165602,-0.0024797227176317073,-0.21721917216260503,8.053068728582753e-07,4.354652432565794,-20.026056739772308,4.245919648036455,-19.921811968437915,1.0
0.5195195683781447,-0.1357420851193132,-0.58439525043778,-2.0715738834806237,-1.8746962802263696,-0.002479768849715216,-0.21721914743156068,8.151723505150241e-07,4.3294067745475235,-20.033436235948688,4.220673989992441,-19.929191464588552,1.0
0.519518238564436,-0.13615440162404657,-0.5844015473058444,-2.0724801312627665,-1.8746959544300943,-0.0024801656989439985,-0.2172192828471086,1.1725958861260445e-06,4.317628876832581,-20.036860052739385,4.208861377140682,-19.932580566242432,1.0
0.5195169425076633,-0.13655617558795496,-0.5844074446740274,-2.0733633745057354,-1.8746957943215352,-0.0024804592208581546,-0.21721918211192645,8.927630843150986e-07,4.306150270606812,-20.04018949309153,4.197348937011794,-19.935876172691458,1.0
0.5195156794231746,-0.13694914240773842,-0.5844118957393031,-2.0742241473411807,-1.8746959136894281,-0.0024807925749460685,-0.21721832669818145,8.474948096899884e-07,4.294912924203862,-20.043408071054934,4.186078617455873,-19.939061777501895,1.0
0.5195144491615062,-0.13733325056443862,-0.5844169170646435,-2.0750625519245482,-1.8746957128039363,-0.0024810857315675596,-0.21721832890998505,1.0065827377406962e-06,4.283934095045854,-20.046573313802796,4.1750676719932605,-19.94219490394515,1.0
0.5195143964506991,-0.13809656451843336,-0.5844280752504883,-2.0750984736338127,-1.874695664291812,-0.0024811918838608575,-0.21721827004006575,9.616927194623667e-07,4.262094571924804,-20.05286609162473,4.153226772842719,-19.948486305737593,1.0
0.5195131756106774,-0.13844185084346414,-0.5844315227065151,-2.075930457508502,-1.874695333563251,-0.0024816567931932607,-0.21721830383341592,1.0003039446593058e-06,4.252218534892448,-20.055682302695008,4.143318865460324,-19.951270646457832,1.0
0.519511990754761,-0.13877835634860564,-0.5844344666267172,-2.0767379191451516,-1.874695367804706,-0.0024819727067809418,-0.21721768550193984,1.1801201504677589e-06,4.242590336354109,-20.058414896865706,4.133659735946481,-19.95397230965303,1.0
0.5195118938933623,-0.13946464024368455,-0.5844425040586128,-2.0768039290148326,-1.8746952331697861,-0.002482256775824525,-0.21721753973739977,1.119893689359088e-06,4.222939809709009,-20.064016029311095,4.114006680709078,-19.959570913506113,1.0
0.5195107267296714,-0.1397651379770157,-0.5844439016033901,-2.077599333885986,-1.8746949622990712,-0.0024828442672553074,-0.2172172178912721,9.112702967600449e-07,4.214333670360259,-20.066422284291896,4.105370072245027,-19.961946699371616,1.0
0.519509598376497,-0.14005881763009295,-0.5844457707408618,-2.078368289383309,-1.874694935100724,-0.0024831830317111,-0.21721671498577755,1.0220401618425335e-06,4.205926577495426,-20.068788250170645,4.096933523423643,-19.964283209293814,1.0
0.5195085074015812,-0.14034319247752702,-0.5844480965217806,-2.079111772386009,-1.8746947732932364,-0.00248344273603452,-0.21721667574444634,9.992445459737362e-07,4.197789868035336,-20.071094060937764,4.088768333776277,-19.966560539873655,1.0
0.5195074536854642,-0.140620223319442,-0.5844498382811213,-2.0798298638658395,-1.8746945825351091,-0.0024837668644069667,-0.21721660135796467,1.0139172223768585e-06,4.189859074562363,-20.073325162456523,4.080810032766777,-19.96876413385589,1.0
0.5195064375217248,-0.140888010262416,-0.5844509690266452,-2.080522364313038,-1.8746943603923447,-0.002484159792204277,-0.21721648672942948,1.1748163437106266e-06,4.182188559428087,-20.075465911146193,4.073112990410671,-19.970878355323727,1.0
0.5195054586001281,-0.14114644840910084,-0.5844524523020695,-2.0811894847136228,-1.8746943589968308,-0.00248434318878947,-0.21721618028901712,1.0323649859668413e-06,4.17478887797526,-20.07754316895867,4.065687753951952,-19.972930058130313,1.0
0.5195045160061453,-0.14139722755177372,-0.5844532696503559,-2.0818318484566607,-1.8746943144573378,-0.0024846203592547647,-0.2172158228507472,8.775579612301475e-07,4.167603532024809,-20.079540910164507,4.058477801337529,-19.97490319267218,1.0
0.5195036116579804,-0.1416379999322408,-0.5844544138416715,-2.0824481479528623,-1.8746941146835847,-0.0024848673380491668,-0.21721590090243584,7.565678229118692e-07,4.160707706432457,-20.081469260368642,4.051558367498346,-19.976807934629488,1.0
0.5195027422447492,-0.14187064084159953,-0.5844548410985398,-2.083040639824011,-1.8746938642975872,-0.002485225494190023,-0.21721591646167973,8.255056893220707e-07,4.154039407419423,-20.083312949122043,4.044867372224119,-19.978628927121694,1.0
0.5195019114036163,-0.14209338673273636,-0.584455528725964,-2.0836068453978482,-1.874693821576652,-0.0024854077305609653,-0.21721571526791417,1.17000272574956e-06,4.147656894028227,-20.085086205825824,4.038463169506506,-19.98038049449906,1.0
0.5195011148917597,-0.14230679564581522,-0.584455476885108,-2.0841496564388517,-1.8746933458558142,-0.0024858810314723053,-0.21721609202339792,8.843788968495039e-07,4.141536368553497,-20.08676472899407,4.032321850880151,-19.982038224515676,1.0
0.5195010326034388,-0.14274196847855924,-0.5844579386266001,-2.0842057346757836,-1.8746933182547043,-0.002485931077835507,-0.21721607643604982,8.857371348449068e-07,4.129055660934085,-20.090241127965584,4.019838995102469,-19.98551247532892,1.0
0.5195009205498027,-0.14314401698364443,-0.5844593579586244,-2.0842820975216294,-1.874693209546011,-0.0024861608067456025,-0.21721595857370965,8.885654364046621e-07,4.117518736447232,-20.09342882083981,4.008299145425956,-19.98869724301349,1.0
0.5195001678170708,-0.14330728797912476,-0.5844585848442372,-2.084795073410172,-1.87469287012055,-0.002486621660119916,-0.21721602135963203,6.042425666103911e-07,4.112832290702877,-20.09469380085548,4.003593049395548,-19.989942572743107,1.0
0.5195000360669526,-0.14365863137831808,-0.5844600163625758,-2.0848848591084326,-1.874692818933716,-0.0024867328045911005,-0.21721596105927096,5.93375127630159e-07,4.102752306954117,-20.097485414279912,3.9935096262752814,-19.992730746796035,1.0
0.519499333068283,-0.14379479689612004,-0.5844594953954688,-2.085363941991271,-1.8746925533033088,-0.0024870731527298017,-0.21721604422750956,5.77183905506704e-07,4.098845834184535,-20.098544930040024,3.989584801540429,-19.993771910590876,1.0
0.5194986698547195,-0.1439214819076301,-0.5844591357579584,-2.085815911930438,-1.8746926869105212,-0.0024871860938747744,-0.21721552508299496,2.5293178343576096e-07,4.095212447733491,-20.099534391763513,3.9859341017247805,-19.99474405894976,1.0
0.5194980470063684,-0.1440398836510049,-0.5844579752831658,-2.0862403735923247,-1.8746921591229646,-0.0024877203578740543,-0.21721592882228072,1.8925133076801368e-07,4.09181021966886,-20.100435518350007,3.9825156140400364,-19.995628925916144,1.0
0.5194979148188631,-0.14430306244708913,-0.5844585136507103,-2.0863304573632067,-1.8746921235418932,-0.002487829270112544,-0.217215833667779,1.8121203215978464e-07,4.084255928104732,-20.102511731513875,3.9749578716862985,-19.9977016882904,1.0
0.5194973489603154,-0.14439582667242645,-0.5844585254708805,-2.0867160813423724,-1.8746921161221544,-0.002487895157234791,-0.21721574127947468,3.8105986373683177e-07,4.081598606896221,-20.103245213434068,3.9722857785914885,-19.998420398324296,1.0
0.5194972082541192,-0.14461210169030222,-0.5844580964764263,-2.086811970471399,-1.874692019274808,-0.002488150012633412,-0.21721555166861578,3.934477015058134e-07,4.075384244914943,-20.104926793747047,3.9660677434379297,-20.00009830546499,1.0
0.5194967026369244,-0.14468033465980992,-0.584457282005732,-2.087156540886345,-1.8746919290864283,-0.0024883753943543752,-0.21721539512038032,5.568428825783573e-07,4.073424372399344,-20.10544382985098,3.9640946716524037,-20.000602142298995,1.0
0.5194965573008616,-0.1448490283495654,-0.5844578902084453,-2.0872555851988106,-1.8746919545006768,-0.0024883501553711264,-0.21721537516603823,5.617161524740971e-07,4.0685850353878354,-20.106783007607476,3.959251540604732,-20.001937526019326,1.0
0.5194961158893084,-0.14489507814549699,-0.5844572282355882,-2.087556400447216,-1.8746918868119382,-0.0024885215838474123,-0.21721525422933619,3.2490229025928875e-09,4.067262764889609,-20.107130033047934,3.9579177469417486,-20.002273028295026,1.0
0.5194957175258251,-0.14493175756710236,-0.5844566551497855,-2.0878278790918268,-1.8746918337039764,-0.0024886637747047534,-0.21721514603014336,4.782198009230185e-07,4.066209806824118,-20.107405739430316,3.956854389492694,-20.002538335293842,1.0
0.5194953586682962,-0.14495986262393587,-0.5844561566025571,-2.0880724350304165,-1.874691789714615,-0.0024887833718752962,-0.2172150535571714,4.623943229757103e-07,4.065403228471222,-20.1076159882978,3.9560384430695694,-20.002739216091097,1.0
0.519495040529548,-0.1449788055999233,-0.5844557234757883,-2.0882892417403816,-1.8746917542488348,-0.002488882882104907,-0.21721497390979708,2.1868731169463334e-07,4.064859825670718,-20.107755903530563,3.95548673517332,-20.00287082622812,1.0
0.5194947627621169,-0.14498846840478738,-0.5844553465178025,-2.088478536012731,-1.8746917266706584,-0.002488964967142262,-0.2172149040278737,2.3577249377148353e-07,4.064582922850347,-20.10782429978543,3.9552025811610654,-20.0029319712911,1.0
0.5194945250359081,-0.14498873884596278,-0.5844550177720917,-2.0886405428022172,-1.8746917056842352,-0.0024890322896911204,-0.21721484266178134,5.273253469444043e-07,4.06457568493078,-20.10782007486999,3.955189137336256,-20.00292154047042,1.0
0.5194943261913745,-0.1449792227834821,-0.584454730082492,-2.088776052322369,-1.8746916893464078,-0.0024890874874046796,-0.21721479031030735,3.1834715118989163e-07,4.064849393307916,-20.107739954549405,3.955457654824515,-20.00283622926096,1.0
0.5194941676225052,-0.1449603940632459,-0.5844544787691154,-2.0888841145908987,-1.8746916775924,-0.0024891319743854234,-0.21721474464448037,1.6042869047271988e-07,4.065390381180083,-20.107587493340496,3.955994503214621,-20.002679628569993,1.0
0.5194940482003252,-0.1449318689307863,-0.5844542588944376,-2.088965498987112,-1.874691670007231,-0.002489167017870275,-0.21721470455649272,2.6800343385118836e-07,4.066209648578873,-20.107359561658733,3.9568106530659755,-20.002448579340793,1.0
0.5194939511376441,-0.14489894117901705,-0.5844540596730504,-2.0890316457255134,-1.8746916642576377,-0.0024891969897941828,-0.21721466846936113,2.679943582545599e-07,4.0671552577820185,-20.107097486209796,3.9577537284222872,-20.00218397004502,1.0
0.5194938589280974,-0.1448674295765764,-0.5846371074644738,-2.0890944851267457,-1.8768598406079031,-0.0023513819058947846,-0.2151842959314337,2.679861675265336e-07,4.069493807022179,-20.112110482615872,3.9600898705079652,-20.007194559296614,1.0
0.5194937713290283,-0.14483711890940487,-0.5851434606383187,-2.0891541825577007,-1.8828107447355416,-0.0019783906626521207,-0.20960637233905444,2.679787753946523e-07,4.074327269185456,-20.126420264558092,3.9649210458744926,-20.021502054442085,1.0
0.5194936881099129,-0.1448080530863031,-0.585915206996977,-2.089210895116922,-1.89170409239461,-0.0014431110021959764,-0.20124829416785736,2.679721039945363e-07,4.081201294885815,-20.148363560222144,3.9717928991179456,-20.04344317764923,1.0
0.5194936090517536,-0.14478025697361027,-0.58689826484355,-2.089264772048023,-1.9027124735136394,-0.0008220217028568236,-0.19086099268421142,2.6796608305756956e-07,4.089692050102544,-20.17638698589158,3.9802815905006197,-20.071464539484612,1.0
0.5194935339465024,-0.1447537477962698,-0.5880340911665805,-2.0893159551324327,-1.9150006228037113,-0.00018629982198432535,-0.17920855609425385,2.6796064916387424e-07,4.099341015330348,-20.208808939854883,3.989928595086077,-20.10388453280557,1.0
0.519493462596514,-0.14472853937467536,-0.5892558044964978,-2.0893645790625066,-1.9277346202085777,0.00040644450627341344,-0.16706729429592485,2.6795574507361213e-07,4.109624529912377,-20.243708258589177,4.000210247057882,-20.13878198892964,1.0
0.5194933948140251,-0.14470464505225947,-0.5904845324667637,-2.0894107717959796,-1.94007218516655,0.0009159201611155728,-0.1552391967071602,2.6795131913111163e-07,4.119925131988514,-20.278819317702077,4.010509079654309,-20.17389127856283,1.0
0.5194933304206608,-0.14468207683177545,-0.5916291001503875,-2.089454654892698,-1.9511678658723954,0.0013196581638213252,-0.14454724613266728,2.6794732471692074e-07,4.129529144872374,-20.311523072176715,4.020111411532448,-20.20659335203175,1.0
0.5194932692469648,-0.14466084411539523,-0.5925864057433134,-2.089496343834514,-1.9601640441191102,0.0016090757928397354,-0.13584047803718546,2.679437197583268e-07,4.137629652477844,-20.338857838620704,4.028210322182485,-20.233926521520306,1.0
0.5194932111319537,-0.1446409494208192,-0.593246018332557,-2.0895359483291855,-1.9662028207503055,0.0017836013907049759,-0.12997621989995886,2.6794046628398034e-07,4.143362594374051,-20.357651339785956,4.033941746971033,-20.2527185055779,1.0
0.5194931559226932,-0.14462238588744653,-0.5934940988519797,-2.0895735725990803,-1.9684110572296036,0.0018423664582746975,-0.12782674173952877,2.6793753002422127e-07,4.14583751421633,-20.364633320596553,4.036415225561038,-20.25969904513622,1.0
0.5194931034738958,-0.14460493361958515,-0.5934995741751965,-2.089609315655447,-1.9684173993476208,0.0018417382185861783,-0.1278197649705563,2.679348800509755e-07,4.146382380114779,-20.364654749217703,4.036958722269828,-20.25971910456771,1.0
0.5194930536475383,-0.14458835439864096,-0.5935047759766638,-2.0896432715589706,-1.9684234245455885,0.0018411417515032653,-0.127813137214802,2.679324884474049e-07,4.146899992177913,-20.364675116793585,4.037475033602787,-20.259738171413417,0.0
0.5194930063124986,-0.14457260454028348,-0.5935097178906529,-2.0896755296673004,-1.968429148652719,0.001840575436090684,-0.1278068410060903,2.679303300249822e-07,4.147391713689043,-20.364694474927624,4.0379655194202515,-20.25975629385379,0.0
0.519492961344211,-0.14455764254700174,-0.5935144128746986,-2.089706174870203,-1.9684345867083413,0.0018400377354814825,-0.12780085975299862,2.6792838204955963e-07,4.1478588397314935,-20.364712872806173,4.03843147155372,-20.25977351782336,0.0
0.5194929186243378,-0.14454342899853537,-0.5935188732429065,-2.0897352878129545,-1.9684397530012432,0.0018395271923834515,-0.12779517769498133,2.679266240025465e-07,4.148302600600995,-20.36473035730236,4.038874117209688,-20.259789887106013,0.0
0.5194928780404582,-0.1445299264478053,-0.5935231106976472,-2.0897629451085677,-1.968444661107062,0.001839042424838525,-0.12778977986070097,2.6792503736542996e-07,4.148724165047277,-20.364746973076475,4.039294622203114,-20.259805443427272,0.0
0.5194928394857726,-0.14451709932206666,-0.5935271363597154,-2.089789219539404,-1.9684493239238186,0.001838582122219801,-0.12778465202845504,2.679236054235505e-07,4.149124643353422,-20.36476276267286,4.039694094029045,-20.259820226543443,0.0
0.5194928028588213,-0.14450491382902117,-0.5935309607970248,-2.0898141802487054,-1.9684537537056856,0.0018381450414517,-0.1277797806885925,2.679223130957843e-07,4.1495050902610995,-20.364777766613365,4.04007358478052,-20.259834274327744,0.0
0.5194927680632175,-0.14449333786763952,-0.5935345940519073,-2.089837892922551,-1.9684579620950808,0.001837730003439866,-0.1277751530078194,2.679211467710508e-07,4.149866507749405,-20.364792023487368,4.040434093920431,-20.259847622853353,0.0
0.5194927350073939,-0.1444823409434566,-0.5935380456670829,-2.0898604199627173,-1.968461960153163,0.0018373358896982797,-0.12777075679529795,2.6792009416372247e-07,4.15020984767462,-20.364805570038424,4.040776570914672,-20.259860306473435,0.0
0.5194927036043615,-0.1444718940881149,-0.5935413247103629,-2.0898818206508896,-1.9684657583888125,0.0018369616391618682,-0.127766580470449,2.679191441847735e-07,4.150536014277881,-20.364818441247603,4.041101917733507,-20.259872357898185,0.0
0.5194926737714807,-0.144461969782942,-0.5935444397981469,-2.089902151304669,-1.9684693667861721,0.0018366062451737023,-0.12776261303237135,2.6791828682899634e-07,4.150845866567345,-20.364830670413557,4.0414109912277665,-20.259883808268935,0.0
0.5194926454302439,-0.14445254188636011,-0.5935473991177701,-2.0899214654257774,-1.9684727948308163,0.0018362687526365365,-0.12775884403079665,2.6791751306505066e-07,4.151140220581157,-20.364842289229436,4.0417046053861325,-20.259894687229366,0.0
0.5194926185060689,-0.14444358556493417,-0.5935502104487578,-2.0899398138408487,-1.9684760515346191,0.0018359482553191196,-0.1277552635385027,2.6791681474312976e-07,4.1514198515371685,-20.364853327856665,4.0419835334794705,-20.25990502299392,0.0
0.5194925929281026,-0.14443507722787657,-0.5935528811830362,-2.089957244835186,-1.9684791454593848,0.0018356438933083813,-0.12775186212511108,2.6791618450866733e-07,4.151685495875095,-20.364863814995726,4.042248510097855,-20.25991484241344,0.0
0.5194925686290346,-0.14442699446483426,-0.593555418344153,-2.0899738042798264,-1.968482084739302,0.0018353548505990371,-0.12774863083220006,2.679156157198656e-07,4.151937853196481,-20.364873777953985,4.042500233085676,-20.259924171038133,0.0
0.51949254554492,-0.14441931598679358,-0.5935578286055534,-2.0899895357522555,-1.96848487710228,0.001835080352812823,-0.12774556114966576,2.679151023891083e-07,4.152177588107595,-20.364883242710672,4.042739365379902,-20.25993303317793,0.0
0.5194925236150111,-0.1444120215699465,-0.5935601183079569,-2.0900044806510842,-1.9684875298902216,0.0018348196650399356,-0.12774264499326957,2.679146391084891e-07,4.152405331970118,-20.364892233979095,4.042966536756381,-20.259941451960312,0.0
0.5194925027815975,-0.14440509200236926,-0.5935622934758794,-2.0900186783049923,-1.968490050078288,0.0018345720897958166,-0.12773987468331133,2.6791422099705585e-07,4.15262168456423,-20.364900775266193,4.043182345488751,-20.25994944938567,0.0
0.5194924829898546,-0.1443985090333723,-0.593564359833342,-2.090032166076226,-1.9684924442932024,0.001834336965086765,-0.12773724292437255,2.6791384365342243e-07,4.15282721566849,-20.364908888929477,4.043387359924354,-20.259957046380297,0.0
0.5194924641876989,-0.14439225532538788,-0.5935663228188037,-2.090044979458919,-1.968494718830642,0.0018341136625782929,-0.12773474278607466,2.679135030975797e-07,4.153022466560662,-20.364916596231506,4.043582119981303,-20.259964262847102,0.0
0.519492446325651,-0.1443863144082672,-0.5935681875993591,-2.090057152172498,-1.9684968796717641,0.001833901585860508,-0.12773236768480267,2.6791319574670916e-07,4.153207951443464,-20.364923917391938,4.04376713857064,-20.25997111771407,0.0
0.5194924293567054,-0.14438067063586726,-0.5935699590842342,-2.0900687162504186,-1.9684989324989064,0.0018337001688051489,-0.1277301113663444,2.679129183636433e-07,4.153384158798965,-20.36493087163727,4.04394290294735,-20.25997762898061,0.0
0.519492413236207,-0.14437530914481145,-0.593571641937615,-2.0900797021244633,-1.968500882710507,0.001833508874009186,-0.1277279678894002,2.679126680252441e-07,4.153551552675239,-20.36493747724835,4.0441098759937715,-20.25998381376184,0.0
0.5194923979217335,-0.14437021581531576,-0.5935732405908432,-2.0900901387048254,-1.968502735435279,0.001833327191320274,-0.12772593160991894,2.6791244209467826e-07,4.153710573908635,-20.364943751605736,4.044268497438806,-20.259989688330865,0.0
0.5194923833729836,-0.14436537723397658,-0.5935747592540063,-2.090100053456189,-1.968504495545679,0.0018331546364395417,-0.12772399716621904,2.6791223819176274e-07,4.1538616412849,-20.364949711233002,4.044419185016128,-20.259995268159187,0.0
0.5194923695516712,-0.14436078065842184,-0.5935762019269564,-2.090109472470003,-1.9685061676707027,0.0018329907495974991,-0.1277221594648549,2.67912054169586e-07,4.154005152642216,-20.364955371838054,4.044562335564447,-20.26000056795524,0.0
0.5194923564214244,-0.1443564139837321,-0.5935775724097812,-2.090118420533145,-1.9685077562080444,0.0018328350942991407,-0.12772041366719158,2.679118880895909e-07,4.154141485919048,-20.36496074835256,4.044698326072732,-20.2600056017012,0.0
0.51949234394769,-0.1443522657105429,-0.5935788743127571,-2.090126921193148,-1.9685092653356475,0.0018326872561344383,-0.12771875517665165,2.679117382026678e-07,4.154271000149574,-20.364965854969544,4.044827514673137,-20.260010382688062,0.0
0.5194923320976421,-0.14434832491474392,-0.5935801110658087,-2.0901349968201686,-1.9685106990226804,0.001832546841650738,-0.12771717962660145,2.679116029299001e-07,4.154394036409313,-20.36497070517925,4.04495024158426,-20.260014923549154,0.0
0.5194923208400967,-0.1443445812186952,-0.5935812859274981,-2.090142668665855,-1.9685120610399645,0.001832413477283704,-0.12771568286884347,2.679114808466275e-07,4.154510918713451,-20.36497531180332,4.0450668300072135,-20.260019236292038,0.0
0.5194923101454285,-0.14434102476388427,-0.5935824019935695,-2.0901499569192734,-1.9685133549698808,0.0018322868083437151,-0.12771426096268548,2.679113706670643e-07,4.154621954870224,-20.36497968702737,4.04517758697686,-20.26002333232896,0.0
0.5194922999854937,-0.1443376461849519,-0.593583462205068,-2.090156880760037,-1.9685145842157838,0.0018321664980547017,-0.12771291016455685,2.679112712286727e-07,4.1547274372916085,-20.364983842432043,4.045282804170473,-20.26002722250586,0.0
0.5194922903335557,-0.14433443658501804,-0.5935844693560562,-2.0901634584087776,-1.968515752010944,0.0018320522266426858,-0.12771162691814486,2.679111814865632e-07,4.154827643763459,-20.364987789022592,4.04538275867594,-20.260030917130027,0.0
0.5194922811642145,-0.14433138751224286,-0.5935854261009469,-2.0901697071750958,-1.9685168614270447,0.0018319436904713183,-0.12771040784502494,2.679111004932275e-07,4.154922838177119,-20.364991537257062,4.045477713721535,-20.260034425996434,0.0
0.5194922724533404,-0.14432849093756075,-0.5935863349614708,-2.0901756435031125,-1.968517915382255,0.0018318406012220053,-0.12770924973576,2.6791102739727623e-07,4.155013271224433,-20.364995097073127,4.045567919369187,-20.260037758412835,0.0
0.51949226417801,-0.14432573923352884,-0.5935871983332988,-2.090181283014742,-1.9685189166488988,0.0018317426851161736,-0.12770814954144527,2.679109614274057e-07,4.1550991810579925,-20.364998477913648,4.045653613173067,-20.260040923223677,0.0
0.519492256316446,-0.14432312515423415,-0.5935880184923333,-2.0901866405508036,-1.9685198678607418,0.0018316496821775658,-0.12770710436567664,2.679109018901771e-07,4.15518079391835,-20.365001688751022,4.045735020805228,-20.260043928832854,0.0
0.5194922488479602,-0.14432064181620605,-0.5935887976006882,-2.0901917302100745,-1.968520771519915,0.0018315613455323373,-0.12770611145692087,2.6791084815842806e-07,4.155258324729863,-20.365004738110336,4.045812356649955,-20.26004678322538,0.0
0.5194922417528987,-0.14431828268028427,-0.5935895377123694,-2.0901965653863943,-1.96852163000349,0.0018314774407450869,-0.12770516820126776,2.6791079966479567e-07,4.155331977666728,-20.365007634091434,4.045885824368372,-20.26004949398803,0.0
0.5194922350125902,-0.14431604153439395,-0.5935902407786741,-2.0902011588039096,-1.9685224455697303,0.0018313977451888783,-0.1277042721155451,2.6791075589837893e-07,4.1554019466907,-20.365010384389905,4.045955617434819,-20.260052068328978,0.0
0.5194922286092972,-0.14431391247718292,-0.5935909086533194,-2.0902055225505602,-1.968523220364026,0.0018313220474474685,-0.1277034208407783,2.6791071640073507e-07,4.155468416061918,-20.365012996317063,4.046021919646387,-20.260054513096485,0.0
0.5194922225261688,-0.1443118899024775,-0.5935915430973174,-2.0902096681098894,-1.9685239564245345,0.0018312501467481056,-0.12770261213597708,2.679106807514612e-07,4.155531560824173,-20.365015476818954,4.046084905606974,-20.260056834796707,0.0
0.5194922167471968,-0.14430996848451638,-0.5935921457836054,-2.0902136063912624,-1.9685246556875393,0.0018311818524232835,-0.1277018438722336,2.679106485814166e-07,4.155591547265901,-20.36501783249444,4.046144741187118,-20.26005903961061,0.0
0.5194922112571734,-0.14430814316392307,-0.5935927183014468,-2.0902173477585766,-1.9685253199925412,0.0018311169833999323,-0.1277011140271154,2.679106195467529e-07,4.155648533358127,-20.36502006961242,4.046201583960838,-20.260061133410083,0.0
0.5194922060416511,-0.14430640913438042,-0.5935932621606115,-2.090220902057535,-1.9685259510870936,0.001831055367714687,-0.12770042067933932,2.67910593342082e-07,4.155702669170486,-20.365022194128176,4.046255583620615,-20.260063121773257,0.0
0.519492201086905,-0.1443047618299718,-0.5935937787953487,-2.090224278641554,-1.9685265506313987,0.0018309968420537812,-0.1276997620037118,2.679105696926871e-07,4.155754097266446,-20.36502421169896,4.046306882371623,-20.26006500999909,0.0
0.5194921963798961,-0.1443031969131556,-0.5935942695681609,-2.090227486396381,-1.9685271202026724,0.0018309412513163913,-0.12769913626632232,2.679105483485846e-07,4.15580295307876,-20.365026127698794,4.046355615306232,-20.26006680312122,0.0
0.5194921919082377,-0.14430171026334154,-0.5935947357733898,-2.090230533763475,-1.9685276612992917,0.001830888448200163,-0.12769854181997736,2.6791052908677814e-07,4.155849365266134,-20.365027947232562,4.046401910759784,-20.26006850592117,0.0
0.5194921876601621,-0.14430029796603835,-0.5935951786406238,-2.090233428762222,-1.9685281753447346,0.0018308382928078123,-0.127697977099863,2.679105117025544e-07,4.155893456052053,-20.36502967514939,4.046445890648574,-20.260070122940867,0.0
0.5194921836244903,-0.1442989563025445,-0.5935955993379344,-2.0902361790110398,-1.9685286636913242,0.00183079065227367,-0.1276974406194242,2.6791049601386526e-07,4.155935341546668,-20.36503131605539,4.046487670790915,-20.260071658494592,0.0
0.5194921797906021,-0.14429768174015464,-0.5935959989749517,-2.0902387917474234,-1.968529127623784,0.001830745400409209,-0.12769693096645054,2.6791048185443963e-07,4.1559751320525695,-20.365032874325756,4.046527361212157,-20.2600731166803,0.0
0.5194921761484084,-0.14429647092285602,-0.5935963786057871,-2.090241273846995,-1.9685295683626172,0.0018307024173665123,-0.1276964467993577,2.6791046907516203e-07,4.156012932355279,-20.36503435411629,4.0465650664344395,-20.260074501390406,0.0
0.5194921726883243,-0.14429532066249037,-0.5935967392318079,-2.0902436318415947,-1.9685299870673163,0.0018306615893188328,-0.1276959868436549,2.679104575428758e-07,4.156048841999197,-20.36503575937434,4.0466008857519515,-20.26007581632205,0.0
0.5194921694012443,-0.14429422793035793,-0.5935970818042762,-2.0902458719364705,-1.9685303848394122,0.0018306228081572987,-0.12769554988858925,2.6791044713552644e-07,4.156082955549759,-20.365037093849196,4.046634913492428,-20.26007706498682,0.0
0.5194921662785184,-0.14429318984924136,-0.5935974072268534,-2.0902480000266084,-1.9685307627253716,0.0018305859712029794,-0.12769513478395758,2.679104377421811e-07,4.156115362842475,-20.365038361101995,4.046667239265562,-20.260078250720035,0.0
0.5194921633119287,-0.14429220368582893,-0.5935977163579813,-2.0902500217122455,-1.9685311217193493,0.0018305509809335224,-0.12769474043707849,2.679104292643676e-07,4.156146149219507,-20.365039564515104,4.046697948198991,-20.260079376689543,0.0
0.5194921604936685,-0.14429126684351645,-0.5935980100131437,-2.090251942313606,-1.9685314627658026,0.001830517744723629,-0.12769436580991494,2.6791042161282184e-07,4.156175395754422,-20.365040707301073,4.046727121162483,-20.260080445904087,0.0
0.5194921578163214,-0.14429037685556945,-0.5935982889670148,-2.0902537668849037,-1.9685317867619756,0.0018304861745986232,-0.1276940099163416,2.67910414707628e-07,4.156203179465698,-20.36504179251111,4.046754834980907,-20.260081461221272,0.0
0.5194921552728416,-0.1442895313786274,-0.5935985539555004,-2.0902555002276415,-1.9685320945602591,0.001830456187000488,-0.12769367181954847,2.6791040847562183e-07,4.156229573519547,-20.36504282304316,4.046781162636546,-20.260082425355115,0.0
0.5194921528565358,-0.14428872818653282,-0.5935988056776774,-2.090257146903247,-1.9685323869704325,0.0018304277025657095,-0.12769335062957426,2.6791040285151115e-07,4.156254647422604,-20.365043801649584,4.046806173461304,-20.260083340883238,0.0
0.5194921505610453,-0.14428796516446904,-0.5935990447976359,-2.090258711245077,-1.968532664761794,0.0018304006459143364,-0.12769304550096375,2.679103977758742e-07,4.156278467204966,-20.365044730944426,4.046829933319281,-20.260084210253694,0.0
0.5194921483803292,-0.14428724030339135,-0.5935992719462295,-2.09026019736982,-1.9685329286651838,0.0018303749454496865,-0.12769275563054153,2.679103931952785e-07,4.156301095594082,-20.365045613410356,4.046852504780232,-20.26008503579146,0.0
0.5194921463086489,-0.14428655169473653,-0.5935994877227383,-2.0902616091883295,-1.9685331793749066,0.001830350533168177,-0.12769248025529775,2.6791038905924154e-07,4.156322592179945,-20.365046451405252,4.046873947284339,-20.2600858197046,0.0
0.5194921443405527,-0.1442858975253972,-0.5935996926964482,-2.0902629504159176,-1.968533417550558,0.0018303273444786876,-0.1276922186503793,2.6791038532651335e-07,4.156343013572021,-20.365047247168448,4.046894317298745,-20.260086564090127,0.0
0.5194921424708613,-0.1442852822984668,-0.5933559475988667,-2.09026422458213,-1.9663305360789227,0.0017721882091839092,-0.12983696075817114,2.679103819588412e-07,4.154453690397521,-20.358040504290198,4.0450049453154575,-20.25307977240309,0.0
0.5194921406946544,-0.1442847077444813,-0.5926908837481967,-2.0902654350400356,-1.9602889876763796,0.0016085230779075436,-0.13571484381231663,2.679103789194474e-07,4.149266870038983,-20.338931047448035,4.0398180785885724,-20.233970269192582,0.0
0.5194921390072579,-0.14428416829287397,-0.5917144745058531,-2.090266584975049,-1.951280589722423,0.001347034150211682,-0.14446175263231217,2.679103761808383e-07,4.141643125756329,-20.31087798754396,4.032194290255989,-20.205917165238578,0.0
0.5194921374042312,-0.14428365907627544,-0.5905381372283349,-2.090267677413315,-1.9401670453690127,0.0009916906341074676,-0.15521995327366644,2.67910373704212e-07,4.132454308201699,-20.277081921959166,4.0230054308539245,-20.17212105780635,0.0
0.5194921358813558,-0.1442831759708868,-0.589269273885993,-2.090268715229671,-1.9278120068639466,0.0005503816343155855,-0.1671336825927864,2.679103714770467e-07,4.122540830970519,-20.240628105725015,4.013091913867682,-20.13566720181714,0.0
0.5194921344346242,-0.1442827156251067,-0.5880050350652166,-2.090269701155212,-1.915066313263708,4.0276040867211096e-05,-0.17936927042273001,2.679103694628996e-07,4.1126628803703325,-20.204307313093413,4.003213925500186,-20.099346371418225,0.0
0.5194921330602291,-0.14428227537733837,-0.5868305852931294,-2.0902706377844784,-1.9027751872974694,-0.0005078887067494783,-0.1911122314733476,2.679103676423752e-07,4.103486845968595,-20.170566005671425,3.9940378552195055,-20.065605028117293,0.0
0.5194921317545539,-0.14428185316469372,-0.5858181191088176,-2.0902715275822845,-1.8917724834275085,-0.0010483489678270535,-0.2015744749226269,2.6791036599787196e-07,4.095577625117639,-20.141478066836623,3.986128600283553,-20.036517055197493,0.0
0.5194921305141623,-0.1442814473795517,-0.5850294580563508,-2.090272372890203,-1.8828909246683982,-0.0015211449829812113,-0.2099832375149591,2.679103645141671e-07,4.089418945512887,-20.118819403245258,3.9799698882980534,-20.01385835922538,0.0
0.5194921293357904,-0.14428105674947647,-0.584518814734964,-2.0902731759327273,-1.8769538272507609,-0.0018569577769536507,-0.21558452199458136,2.679103631787527e-07,4.0854349941081995,-20.104147345497644,3.9759859061316565,-19.999186270716056,0.0
0.5194921282163371,-0.1442806801710976,-0.5843400835182669,-2.090273938823128,-1.8747965110117224,-0.0019833411385685893,-0.21761545473516442,2.679103619729785e-07,4.08404746325859,-20.099010083991697,3.9745983460584227,-19.994048979986484,0.0
