0.000000, 0.000000, 1.000000, 0.000000, 1.000000, 0.000000, -1.000000, 0.000000, 0.000000, 0.000000, 0.000000, 0.500000, 0
-0.000006, 0.000000, 1.000000, 0.000000, 1.000000, 0.000000, -1.000000, 0.000000, -0.000006, 0.000013, 0.000000, 0.499998, 0
-0.000026, 0.000000, 1.000000, 0.000000, 1.000000, 0.000000, -1.000000, 0.000000, -0.000026, 0.000054, 0.000000, 0.499991, 0
-0.000058, 0.000000, 1.000000, 0.000000, 1.000000, 0.000000, -1.000000, 0.000000, -0.000058, 0.000121, 0.000000, 0.499980, 0
-0.000103, 0.000000, 1.000000, 0.000000, 1.000000, 0.000000, -1.000000, 0.000000, -0.000103, 0.000215, 0.000000, 0.499965, 0
-0.000160, 0.000000, 1.000000, 0.000000, 1.000000, 0.000000, -1.000000, 0.000000, -0.000160, 0.000336, 0.000000, 0.499945, 0
-0.000231, 0.000000, 1.000000, 0.000000, 1.000000, 0.000000, -1.000000, 0.000000, -0.000231, 0.000483, 0.000000, 0.499922, 0
-0.000314, 0.000000, 1.000000, 0.000000, 1.000000, 0.000000, -1.000000, 0.000000, -0.000314, 0.000656, 0.000000, 0.499893, 0
-0.000409, 0.000000, 1.000000, 0.000000, 1.000000, 0.000000, -1.000000, 0.000000, -0.000409, 0.000856, 0.000000, 0.499861, 0
-0.000517, 0.000000, 1.000000, 0.000000, 1.000000, 0.000000, -1.000000, 0.000000, -0.000517, 0.001081, 0.000000, 0.499824, 0
-0.000638, 0.000000, 1.000000, 0.000000, 1.000000, 0.000000, -1.000000, 0.000000, -0.000638, 0.001333, 0.000000, 0.499783, 0
-0.000770, 0.000000, 1.000000, 0.000000, 1.000000, 0.000000, -1.000000, 0.000000, -0.000770, 0.001611, 0.000000, 0.499738, 0
-0.000916, 0.000000, 1.000000, 0.000000, 1.000000, 0.000000, -1.000000, 0.000000, -0.000916, 0.001914, 0.000000, 0.499688, 0
-0.001073, 0.000000, 0.999999, 0.000000, 1.000000, 0.000000, -0.999999, 0.000000, -0.001073, 0.002244, 0.000000, 0.499634, 0
-0.001243, 0.000000, 0.999999, 0.000000, 1.000000, 0.000000, -0.999999, 0.000000, -0.001243, 0.002598, 0.000000, 0.499576, 0
-0.001425, 0.000000, 0.999999, 0.000000, 1.000000, 0.000000, -0.999999, 0.000000, -0.001425, 0.002979, 0.000000, 0.499514, 0
-0.001619, 0.000000, 0.999999, 0.000000, 1.000000, 0.000000, -0.999999, 0.000000, -0.001619, 0.003384, 0.000000, 0.499447, 0
-0.001825, 0.000000, 0.999998, 0.000000, 1.000000, 0.000000, -0.999998, 0.000000, -0.001825, 0.003815, 0.000000, 0.499377, 0
-0.002043, 0.000000, 0.999998, 0.000000, 1.000000, 0.000000, -0.999998, 0.000000, -0.002043, 0.004271, 0.000000, 0.499302, 0
-0.002273, 0.000000, 0.999997, 0.000000, 1.000000, 0.000000, -0.999997, 0.000000, -0.002273, 0.004752, 0.000000, 0.499222, 0
-0.002515, 0.000000, 0.999997, 0.000000, 1.000000, 0.000000, -0.999997, 0.000000, -0.002515, 0.005258, 0.000000, 0.499139, 0
-0.002769, 0.000000, 0.999996, 0.000000, 1.000000, 0.000000, -0.999996, 0.000000, -0.002769, 0.005789, 0.000000, 0.499051, 0
-0.003035, 0.000000, 0.999995, 0.000000, 1.000000, 0.000000, -0.999995, 0.000000, -0.003035, 0.006345, 0.000000, 0.498959, 0
-0.003313, 0.000000, 0.999995, 0.000000, 1.000000, 0.000000, -0.999995, 0.000000, -0.003313, 0.006925, 0.000000, 0.498863, 0
-0.003602, 0.000000, 0.999994, 0.000000, 1.000000, 0.000000, -0.999994, 0.000000, -0.003602, 0.007529, 0.000000, 0.498763, 0
-0.003903, 0.000000, 0.999992, 0.000000, 1.000000, 0.000000, -0.999992, 0.000000, -0.003903, 0.008158, 0.000000, 0.498658, 0
-0.004215, 0.000000, 0.999991, 0.000000, 1.000000, 0.000000, -0.999991, 0.000000, -0.004215, 0.008811, 0.000000, 0.498549, 0
-0.004539, 0.000000, 0.999990, 0.000000, 1.000000, 0.000000, -0.999990, 0.000000, -0.004539, 0.009489, 0.000000, 0.498436, 0
-0.004875, 0.000000, 0.999988, 0.000000, 1.000000, 0.000000, -0.999988, 0.000000, -0.004875, 0.010190, 0.000000, 0.498319, 0
-0.005222, 0.000000, 0.999986, 0.000000, 1.000000, 0.000000, -0.999986, 0.000000, -0.005222, 0.010915, 0.000000, 0.498197, 0
-0.005581, 0.000000, 0.999984, 0.000000, 1.000000, 0.000000, -0.999984, 0.000000, -0.005581, 0.011664, 0.000000, 0.498072, 0
-0.005950, 0.000000, 0.999982, 0.000000, 1.000000, 0.000000, -0.999982, 0.000000, -0.005950, 0.012436, 0.000000, 0.497942, 0
-0.006332, 0.000000, 0.999980, 0.000000, 1.000000, 0.000000, -0.999980, 0.000000, -0.006332, 0.013233, 0.000000, 0.497807, 0
-0.006724, 0.000000, 0.999977, 0.000000, 1.000000, 0.000000, -0.999977, 0.000000, -0.006724, 0.014052, 0.000000, 0.497669, 0
-0.007128, 0.000000, 0.999975, 0.000000, 1.000000, 0.000000, -0.999975, 0.000000, -0.007128, 0.014895, 0.000000, 0.497526, 0
-0.007542, 0.000000, 0.999972, 0.000000, 1.000000, 0.000000, -0.999972, 0.000000, -0.007542, 0.015761, 0.000000, 0.497378, 0
-0.007968, 0.000000, 0.999968, 0.000000, 1.000000, 0.000000, -0.999968, 0.000000, -0.007968, 0.016651, 0.000000, 0.497227, 0
-0.008405, 0.000000, 0.999965, 0.000000, 1.000000, 0.000000, -0.999965, 0.000000, -0.008405, 0.017563, 0.000000, 0.497071, 0
-0.008853, 0.000000, 0.999961, 0.000000, 1.000000, 0.000000, -0.999961, 0.000000, -0.008853, 0.018498, 0.000000, 0.496911, 0
-0.009311, 0.000000, 0.999957, 0.000000, 1.000000, 0.000000, -0.999957, 0.000000, -0.009311, 0.019456, 0.000000, 0.496746, 0
-0.009781, 0.000000, 0.999952, 0.000000, 1.000000, 0.000000, -0.999952, 0.000000, -0.009781, 0.020436, 0.000000, 0.496577, 0
-0.010262, 0.000000, 0.999947, 0.000000, 1.000000, 0.000000, -0.999947, 0.000000, -0.010262, 0.021439, 0.000000, 0.496404, 0
-0.010753, 0.000000, 0.999942, 0.000000, 1.000000, 0.000000, -0.999942, 0.000000, -0.010753, 0.022465, 0.000000, 0.496226, 0
-0.011255, 0.000000, 0.999937, 0.000000, 1.000000, 0.000000, -0.999937, 0.000000, -0.011255, 0.023512, 0.000000, 0.496044, 0
-0.011767, 0.000000, 0.999931, 0.000000, 1.000000, 0.000000, -0.999931, 0.000000, -0.011767, 0.024582, 0.000000, 0.495858, 0
-0.012291, 0.000000, 0.999924, 0.000000, 1.000000, 0.000000, -0.999924, 0.000000, -0.012291, 0.025674, 0.000000, 0.495667, 0
-0.012824, 0.000000, 0.999918, 0.000000, 1.000000, 0.000000, -0.999918, 0.000000, -0.012824, 0.026788, 0.000000, 0.495471, 0
-0.013369, 0.000000, 0.999911, 0.000000, 1.000000, 0.000000, -0.999911, 0.000000, -0.013369, 0.027924, 0.000000, 0.495272, 0
-0.013924, 0.000000, 0.999903, 0.000000, 1.000000, 0.000000, -0.999903, 0.000000, -0.013924, 0.029081, 0.000000, 0.495067, 0
-0.014489, 0.000000, 0.999895, 0.000000, 1.000000, 0.000000, -0.999895, 0.000000, -0.014489, 0.030261, 0.000000, 0.494859, 0
-0.015064, 0.000000, 0.999887, 0.000000, 1.000000, 0.000000, -0.999887, 0.000000, -0.015064, 0.031461, 0.000000, 0.494645, 0
-0.015650, 0.000000, 0.999878, 0.000000, 1.000000, 0.000000, -0.999878, 0.000000, -0.015650, 0.032683, 0.000000, 0.494427, 0
-0.016246, 0.000000, 0.999868, 0.000000, 1.000000, 0.000000, -0.999868, 0.000000, -0.016246, 0.033926, 0.000000, 0.494205, 0
-0.016852, 0.000000, 0.999858, 0.000000, 1.000000, 0.000000, -0.999858, 0.000000, -0.016852, 0.035190, 0.000000, 0.493978, 0
-0.017469, 0.000000, 0.999847, 0.000000, 1.000000, 0.000000, -0.999847, 0.000000, -0.017469, 0.036476, 0.000000, 0.493747, 0
-0.018095, 0.000000, 0.999836, 0.000000, 1.000000, 0.000000, -0.999836, 0.000000, -0.018095, 0.037782, 0.000000, 0.493510, 0
-0.018732, 0.000000, 0.999825, 0.000000, 1.000000, 0.000000, -0.999825, 0.000000, -0.018732, 0.039109, 0.000000, 0.493270, 0
-0.019378, 0.000000, 0.999812, 0.000000, 1.000000, 0.000000, -0.999812, 0.000000, -0.019378, 0.040456, 0.000000, 0.493024, 0
-0.020035, 0.000000, 0.999799, 0.000000, 1.000000, 0.000000, -0.999799, 0.000000, -0.020035, 0.041825, 0.000000, 0.492774, 0
-0.020701, 0.000000, 0.999786, 0.000000, 1.000000, 0.000000, -0.999786, 0.000000, -0.020701, 0.043213, 0.000000, 0.492520, 0
-0.021377, 0.000000, 0.999771, 0.000000, 1.000000, 0.000000, -0.999771, 0.000000, -0.021377, 0.044622, 0.000000, 0.492260, 0
-0.022063, 0.000000, 0.999757, 0.000000, 1.000000, 0.000000, -0.999757, 0.000000, -0.022063, 0.046051, 0.000000, 0.491996, 0
-0.022758, 0.000000, 0.999741, 0.000000, 1.000000, 0.000000, -0.999741, 0.000000, -0.022758, 0.047501, 0.000000, 0.491727, 0
-0.023464, 0.000000, 0.999725, 0.000000, 1.000000, 0.000000, -0.999725, 0.000000, -0.023464, 0.048970, 0.000000, 0.491453, 0
-0.024179, 0.000000, 0.999708, 0.000000, 1.000000, 0.000000, -0.999708, 0.000000, -0.024179, 0.050459, 0.000000, 0.491175, 0
-0.024903, 0.000000, 0.999690, 0.000000, 1.000000, 0.000000, -0.999690, 0.000000, -0.024903, 0.051967, 0.000000, 0.490892, 0
-0.025637, 0.000000, 0.999671, 0.000000, 1.000000, 0.000000, -0.999671, 0.000000, -0.025637, 0.053496, 0.000000, 0.490604, 0
-0.026380, 0.000000, 0.999652, 0.000000, 1.000000, 0.000000, -0.999652, 0.000000, -0.026380, 0.055044, 0.000000, 0.490311, 0
-0.027133, 0.000000, 0.999632, 0.000000, 1.000000, 0.000000, -0.999632, 0.000000, -0.027133, 0.056611, 0.000000, 0.490013, 0
-0.027895, 0.000000, 0.999611, 0.000000, 1.000000, 0.000000, -0.999611, 0.000000, -0.027895, 0.058197, 0.000000, 0.489710, 0
-0.028667, 0.000000, 0.999589, 0.000000, 1.000000, 0.000000, -0.999589, 0.000000, -0.028667, 0.059803, 0.000000, 0.489402, 0
-0.029447, 0.000000, 0.999566, 0.000000, 1.000000, 0.000000, -0.999566, 0.000000, -0.029447, 0.061427, 0.000000, 0.489090, 0
-0.030237, 0.000000, 0.999543, 0.000000, 1.000000, 0.000000, -0.999543, 0.000000, -0.030237, 0.063071, 0.000000, 0.488772, 0
-0.031036, 0.000000, 0.999518, 0.000000, 1.000000, 0.000000, -0.999518, 0.000000, -0.031036, 0.064733, 0.000000, 0.488449, 0
-0.031844, 0.000000, 0.999493, 0.000000, 1.000000, 0.000000, -0.999493, 0.000000, -0.031844, 0.066414, 0.000000, 0.488122, 0
-0.032661, 0.000000, 0.999466, 0.000000, 1.000000, 0.000000, -0.999466, 0.000000, -0.032661, 0.068114, 0.000000, 0.487789, 0
-0.033487, 0.000000, 0.999439, 0.000000, 1.000000, 0.000000, -0.999439, 0.000000, -0.033487, 0.069831, 0.000000, 0.487451, 0
-0.034322, 0.000000, 0.999411, 0.000000, 1.000000, 0.000000, -0.999411, 0.000000, -0.034322, 0.071568, 0.000000, 0.487109, 0
-0.035166, 0.000000, 0.999382, 0.000000, 1.000000, 0.000000, -0.999382, 0.000000, -0.035166, 0.073322, 0.000000, 0.486761, 0
-0.036018, 0.000000, 0.999351, 0.000000, 1.000000, 0.000000, -0.999351, 0.000000, -0.036018, 0.075094, 0.000000, 0.486407, 0
-0.036879, 0.000000, 0.999320, 0.000000, 1.000000, 0.000000, -0.999320, 0.000000, -0.036879, 0.076885, 0.000000, 0.486049, 0
-0.037749, 0.000000, 0.999287, 0.000000, 1.000000, 0.000000, -0.999287, 0.000000, -0.037749, 0.078693, 0.000000, 0.485686, 0
-0.038628, 0.000000, 0.999254, 0.000000, 1.000000, 0.000000, -0.999254, 0.000000, -0.038628, 0.080519, 0.000000, 0.485317, 0
-0.039515, 0.000000, 0.999219, 0.000000, 1.000000, 0.000000, -0.999219, 0.000000, -0.039515, 0.082362, 0.000000, 0.484943, 0
-0.040411, 0.000000, 0.999183, 0.000000, 1.000000, 0.000000, -0.999183, 0.000000, -0.040411, 0.084223, 0.000000, 0.484564, 0
-0.041315, 0.000000, 0.999146, 0.000000, 1.000000, 0.000000, -0.999146, 0.000000, -0.041315, 0.086101, 0.000000, 0.484179, 0
-0.042228, 0.000000, 0.999108, 0.000000, 1.000000, 0.000000, -0.999108, 0.000000, -0.042228, 0.087997, 0.000000, 0.483789, 0
-0.043149, 0.000000, 0.999069, 0.000000, 1.000000, 0.000000, -0.999069, 0.000000, -0.043149, 0.089910, 0.000000, 0.483394, 0
-0.044079, 0.000000, 0.999028, 0.000000, 1.000000, 0.000000, -0.999028, 0.000000, -0.044079, 0.091839, 0.000000, 0.482994, 0
-0.045016, 0.000000, 0.998986, 0.000000, 1.000000, 0.000000, -0.998986, 0.000000, -0.045016, 0.093786, 0.000000, 0.482588, 0
-0.045962, 0.000000, 0.998943, 0.000000, 1.000000, 0.000000, -0.998943, 0.000000, -0.045962, 0.095749, 0.000000, 0.482176, 0
-0.046916, 0.000000, 0.998899, 0.000000, 1.000000, 0.000000, -0.998899, 0.000000, -0.046916, 0.097729, 0.000000, 0.481760, 0
-0.047878, 0.000000, 0.998853, 0.000000, 1.000000, 0.000000, -0.998853, 0.000000, -0.047878, 0.099725, 0.000000, 0.481337, 0
-0.048848, 0.000000, 0.998806, 0.000000, 1.000000, 0.000000, -0.998806, 0.000000, -0.048848, 0.101737, 0.000000, 0.480909, 0
-0.049826, 0.000000, 0.998758, 0.000000, 1.000000, 0.000000, -0.998758, 0.000000, -0.049826, 0.103766, 0.000000, 0.480476, 0
-0.050813, 0.000000, 0.998708, 0.000000, 1.000000, 0.000000, -0.998708, 0.000000, -0.050813, 0.105811, 0.000000, 0.480037, 0
-0.051807, 0.000000, 0.998657, 0.000000, 1.000000, 0.000000, -0.998657, 0.000000, -0.051807, 0.107873, 0.000000, 0.479593, 0
-0.052808, 0.000000, 0.998605, 0.000000, 1.000000, 0.000000, -0.998605, 0.000000, -0.052808, 0.109950, 0.000000, 0.479143, 0
-0.053818, 0.000000, 0.998551, 0.000000, 1.000000, 0.000000, -0.998551, 0.000000, -0.053818, 0.112042, 0.000000, 0.478687, 0
-0.054835, 0.000000, 0.998495, 0.000000, 1.000000, 0.000000, -0.998495, 0.000000, -0.054835, 0.114151, 0.000000, 0.478226, 0
-0.055860, 0.000000, 0.998439, 0.000000, 1.000000, 0.000000, -0.998439, 0.000000, -0.055860, 0.116275, 0.000000, 0.477759, 0
-0.056893, 0.000000, 0.998380, 0.000000, 1.000000, 0.000000, -0.998380, 0.000000, -0.056893, 0.118414, 0.000000, 0.477286, 0
-0.057933, 0.000000, 0.998320, 0.000000, 1.000000, 0.000000, -0.998320, 0.000000, -0.057933, 0.120569, 0.000000, 0.476808, 0
-0.058981, 0.000000, 0.998259, 0.000000, 1.000000, 0.000000, -0.998259, 0.000000, -0.058981, 0.122738, 0.000000, 0.476323, 0
-0.060036, 0.000000, 0.998196, 0.000000, 1.000000, 0.000000, -0.998196, 0.000000, -0.060036, 0.124923, 0.000000, 0.475834, 0
-0.061098, 0.000000, 0.998132, 0.000000, 1.000000, 0.000000, -0.998132, 0.000000, -0.061098, 0.127123, 0.000000, 0.475338, 0
-0.062168, 0.000000, 0.998066, 0.000000, 1.000000, 0.000000, -0.998066, 0.000000, -0.062168, 0.129338, 0.000000, 0.474836, 0
-0.063245, 0.000000, 0.997998, 0.000000, 1.000000, 0.000000, -0.997998, 0.000000, -0.063245, 0.131567, 0.000000, 0.474329, 0
-0.064329, 0.000000, 0.997929, 0.000000, 1.000000, 0.000000, -0.997929, 0.000000, -0.064329, 0.133811, 0.000000, 0.473816, 0
-0.065421, 0.000000, 0.997858, 0.000000, 1.000000, 0.000000, -0.997858, 0.000000, -0.065421, 0.136069, 0.000000, 0.473296, 0
-0.066519, 0.000000, 0.997785, 0.000000, 1.000000, 0.000000, -0.997785, 0.000000, -0.066519, 0.138341, 0.000000, 0.472771, 0
-0.067625, 0.000000, 0.997711, 0.000000, 1.000000, 0.000000, -0.997711, 0.000000, -0.067625, 0.140628, 0.000000, 0.472240, 0
-0.068738, 0.000000, 0.997635, 0.000000, 1.000000, 0.000000, -0.997635, 0.000000, -0.068738, 0.142929, 0.000000, 0.471703, 0
-0.069857, 0.000000, 0.997557, 0.000000, 1.000000, 0.000000, -0.997557, 0.000000, -0.069857, 0.145244, 0.000000, 0.471160, 0
-0.070984, 0.000000, 0.997477, 0.000000, 1.000000, 0.000000, -0.997477, 0.000000, -0.070984, 0.147572, 0.000000, 0.470611, 0
-0.072117, 0.000000, 0.997396, 0.000000, 1.000000, 0.000000, -0.997396, 0.000000, -0.072117, 0.149914, 0.000000, 0.470056, 0
-0.073257, 0.000000, 0.997313, 0.000000, 1.000000, 0.000000, -0.997313, 0.000000, -0.073257, 0.152270, 0.000000, 0.469495, 0
-0.074404, 0.000000, 0.997228, 0.000000, 1.000000, 0.000000, -0.997228, 0.000000, -0.074404, 0.154639, 0.000000, 0.468928, 0
-0.075558, 0.000000, 0.997141, 0.000000, 1.000000, 0.000000, -0.997141, 0.000000, -0.075558, 0.157022, 0.000000, 0.468355, 0
-0.076718, 0.000000, 0.997053, 0.000000, 1.000000, 0.000000, -0.997053, 0.000000, -0.076718, 0.159418, 0.000000, 0.467775, 0
-0.077885, 0.000000, 0.996962, 0.000000, 1.000000, 0.000000, -0.996962, 0.000000, -0.077885, 0.161827, 0.000000, 0.467190, 0
-0.079058, 0.000000, 0.996870, 0.000000, 1.000000, 0.000000, -0.996870, 0.000000, -0.079058, 0.164249, 0.000000, 0.466598, 0
-0.080237, 0.000000, 0.996776, 0.000000, 1.000000, 0.000000, -0.996776, 0.000000, -0.080237, 0.166683, 0.000000, 0.466000, 0
-0.081424, 0.000000, 0.996680, 0.000000, 1.000000, 0.000000, -0.996680, 0.000000, -0.081424, 0.169131, 0.000000, 0.465396, 0
-0.082616, 0.000000, 0.996581, 0.000000, 1.000000, 0.000000, -0.996581, 0.000000, -0.082616, 0.171591, 0.000000, 0.464786, 0
-0.083815, 0.000000, 0.996481, 0.000000, 1.000000, 0.000000, -0.996481, 0.000000, -0.083815, 0.174063, 0.000000, 0.464170, 0
-0.085020, 0.000000, 0.996379, 0.000000, 1.000000, 0.000000, -0.996379, 0.000000, -0.085020, 0.176548, 0.000000, 0.463547, 0
-0.086231, 0.000000, 0.996275, 0.000000, 1.000000, 0.000000, -0.996275, 0.000000, -0.086231, 0.179045, 0.000000, 0.462918, 0
-0.087448, 0.000000, 0.996169, 0.000000, 1.000000, 0.000000, -0.996169, 0.000000, -0.087448, 0.181554, 0.000000, 0.462282, 0
-0.088671, 0.000000, 0.996061, 0.000000, 1.000000, 0.000000, -0.996061, 0.000000, -0.088671, 0.184075, 0.000000, 0.461641, 0
-0.089900, 0.000000, 0.995951, 0.000000, 1.000000, 0.000000, -0.995951, 0.000000, -0.089900, 0.186608, 0.000000, 0.460993, 0
-0.091136, 0.000000, 0.995838, 0.000000, 1.000000, 0.000000, -0.995838, 0.000000, -0.091136, 0.189153, 0.000000, 0.460338, 0
-0.092377, 0.000000, 0.995724, 0.000000, 1.000000, 0.000000, -0.995724, 0.000000, -0.092377, 0.191709, 0.000000, 0.459678, 0
-0.093624, 0.000000, 0.995608, 0.000000, 1.000000, 0.000000, -0.995608, 0.000000, -0.093624, 0.194277, 0.000000, 0.459010, 0
-0.094876, 0.000000, 0.995489, 0.000000, 1.000000, 0.000000, -0.995489, 0.000000, -0.094876, 0.196856, 0.000000, 0.458337, 0
-0.096135, 0.000000, 0.995368, 0.000000, 1.000000, 0.000000, -0.995368, 0.000000, -0.096135, 0.199447, 0.000000, 0.457657, 0
-0.097399, 0.000000, 0.995245, 0.000000, 1.000000, 0.000000, -0.995245, 0.000000, -0.097399, 0.202048, 0.000000, 0.456971, 0
-0.098669, 0.000000, 0.995120, 0.000000, 1.000000, 0.000000, -0.995120, 0.000000, -0.098669, 0.204661, 0.000000, 0.456278, 0
-0.099944, 0.000000, 0.994993, 0.000000, 1.000000, 0.000000, -0.994993, 0.000000, -0.099944, 0.207284, 0.000000, 0.455578, 0
-0.101225, 0.000000, 0.994864, 0.000000, 1.000000, 0.000000, -0.994864, 0.000000, -0.101225, 0.209918, 0.000000, 0.454873, 0
-0.102511, 0.000000, 0.994732, 0.000000, 1.000000, 0.000000, -0.994732, 0.000000, -0.102511, 0.212563, 0.000000, 0.454160, 0
-0.103802, 0.000000, 0.994598, 0.000000, 1.000000, 0.000000, -0.994598, 0.000000, -0.103802, 0.215218, 0.000000, 0.453441, 0
-0.105099, 0.000000, 0.994462, 0.000000, 1.000000, 0.000000, -0.994462, 0.000000, -0.105099, 0.217884, 0.000000, 0.452716, 0
-0.106401, 0.000000, 0.994323, 0.000000, 1.000000, 0.000000, -0.994323, 0.000000, -0.106401, 0.220560, 0.000000, 0.451984, 0
-0.107709, 0.000000, 0.994182, 0.000000, 1.000000, 0.000000, -0.994182, 0.000000, -0.107709, 0.223246, 0.000000, 0.451246, 0
-0.109021, 0.000000, 0.994039, 0.000000, 1.000000, 0.000000, -0.994039, 0.000000, -0.109021, 0.225942, 0.000000, 0.450500, 0
-0.110339, 0.000000, 0.993894, 0.000000, 1.000000, 0.000000, -0.993894, 0.000000, -0.110339, 0.228647, 0.000000, 0.449749, 0
-0.111662, 0.000000, 0.993746, 0.000000, 1.000000, 0.000000, -0.993746, 0.000000, -0.111662, 0.231363, 0.000000, 0.448991, 0
-0.112989, 0.000000, 0.993596, 0.000000, 1.000000, 0.000000, -0.993596, 0.000000, -0.112989, 0.234088, 0.000000, 0.448226, 0
-0.114322, 0.000000, 0.993444, 0.000000, 1.000000, 0.000000, -0.993444, 0.000000, -0.114322, 0.236823, 0.000000, 0.447454, 0
-0.115659, 0.000000, 0.993289, 0.000000, 1.000000, 0.000000, -0.993289, 0.000000, -0.115659, 0.239567, 0.000000, 0.446676, 0
-0.117002, 0.000000, 0.993132, 0.000000, 1.000000, 0.000000, -0.993132, 0.000000, -0.117002, 0.242320, 0.000000, 0.445891, 0
-0.118349, 0.000000, 0.992972, 0.000000, 1.000000, 0.000000, -0.992972, 0.000000, -0.118349, 0.245083, 0.000000, 0.445100, 0
-0.119701, 0.000000, 0.992810, 0.000000, 1.000000, 0.000000, -0.992810, 0.000000, -0.119701, 0.247854, 0.000000, 0.444302, 0
-0.121057, 0.000000, 0.992646, 0.000000, 1.000000, 0.000000, -0.992646, 0.000000, -0.121057, 0.250635, 0.000000, 0.443497, 0
-0.122418, 0.000000, 0.992479, 0.000000, 1.000000, 0.000000, -0.992479, 0.000000, -0.122418, 0.253424, 0.000000, 0.442686, 0
-0.123783, 0.000000, 0.992309, 0.000000, 1.000000, 0.000000, -0.992309, 0.000000, -0.123783, 0.256222, 0.000000, 0.441868, 0
-0.125153, 0.000000, 0.992137, 0.000000, 1.000000, 0.000000, -0.992137, 0.000000, -0.125153, 0.259028, 0.000000, 0.441043, 0
-0.126528, 0.000000, 0.991963, 0.000000, 1.000000, 0.000000, -0.991963, 0.000000, -0.126528, 0.261843, 0.000000, 0.440212, 0
-0.127907, 0.000000, 0.991786, 0.000000, 1.000000, 0.000000, -0.991786, 0.000000, -0.127907, 0.264666, 0.000000, 0.439373, 0
-0.129290, 0.000000, 0.991607, 0.000000, 1.000000, 0.000000, -0.991607, 0.000000, -0.129290, 0.267497, 0.000000, 0.438529, 0
-0.130677, 0.000000, 0.991425, 0.000000, 1.000000, 0.000000, -0.991425, 0.000000, -0.130677, 0.270336, 0.000000, 0.437677, 0
-0.132068, 0.000000, 0.991241, 0.000000, 1.000000, 0.000000, -0.991241, 0.000000, -0.132068, 0.273183, 0.000000, 0.436819, 0
-0.133464, 0.000000, 0.991054, 0.000000, 1.000000, 0.000000, -0.991054, 0.000000, -0.133464, 0.276038, 0.000000, 0.435954, 0
-0.134864, 0.000000, 0.990864, 0.000000, 1.000000, 0.000000, -0.990864, 0.000000, -0.134864, 0.278900, 0.000000, 0.435082, 0
-0.136268, 0.000000, 0.990672, 0.000000, 1.000000, 0.000000, -0.990672, 0.000000, -0.136268, 0.281770, 0.000000, 0.434203, 0
-0.137675, 0.000000, 0.990477, 0.000000, 1.000000, 0.000000, -0.990477, 0.000000, -0.137675, 0.284648, 0.000000, 0.433318, 0
-0.139087, 0.000000, 0.990280, 0.000000, 1.000000, 0.000000, -0.990280, 0.000000, -0.139087, 0.287532, 0.000000, 0.432426, 0
-0.140502, 0.000000, 0.990080, 0.000000, 1.000000, 0.000000, -0.990080, 0.000000, -0.140502, 0.290424, 0.000000, 0.431528, 0
-0.141921, 0.000000, 0.989878, 0.000000, 1.000000, 0.000000, -0.989878, 0.000000, -0.141921, 0.293323, 0.000000, 0.430622, 0
-0.143344, 0.000000, 0.989673, 0.000000, 1.000000, 0.000000, -0.989673, 0.000000, -0.143344, 0.296229, 0.000000, 0.429710, 0
-0.144771, 0.000000, 0.989465, 0.000000, 1.000000, 0.000000, -0.989465, 0.000000, -0.144771, 0.299141, 0.000000, 0.428791, 0
-0.146201, 0.000000, 0.989255, 0.000000, 1.000000, 0.000000, -0.989255, 0.000000, -0.146201, 0.302060, 0.000000, 0.427865, 0
-0.147635, 0.000000, 0.989042, 0.000000, 1.000000, 0.000000, -0.989042, 0.000000, -0.147635, 0.304986, 0.000000, 0.426933, 0
-0.149072, 0.000000, 0.988826, 0.000000, 1.000000, 0.000000, -0.988826, 0.000000, -0.149072, 0.307918, 0.000000, 0.425994, 0
-0.150513, 0.000000, 0.988608, 0.000000, 1.000000, 0.000000, -0.988608, 0.000000, -0.150513, 0.310857, 0.000000, 0.425048, 0
-0.151957, 0.000000, 0.988387, 0.000000, 1.000000, 0.000000, -0.988387, 0.000000, -0.151957, 0.313801, 0.000000, 0.424095, 0
-0.153405, 0.000000, 0.988163, 0.000000, 1.000000, 0.000000, -0.988163, 0.000000, -0.153405, 0.316752, 0.000000, 0.423136, 0
-0.154855, 0.000000, 0.987937, 0.000000, 1.000000, 0.000000, -0.987937, 0.000000, -0.154855, 0.319709, 0.000000, 0.422170, 0
-0.156309, 0.000000, 0.987708, 0.000000, 1.000000, 0.000000, -0.987708, 0.000000, -0.156309, 0.322671, 0.000000, 0.421197, 0
-0.157766, 0.000000, 0.987476, 0.000000, 1.000000, 0.000000, -0.987476, 0.000000, -0.157766, 0.325639, 0.000000, 0.420218, 0
-0.159227, 0.000000, 0.987242, 0.000000, 1.000000, 0.000000, -0.987242, 0.000000, -0.159227, 0.328613, 0.000000, 0.419232, 0
-0.160690, 0.000000, 0.987005, 0.000000, 1.000000, 0.000000, -0.987005, 0.000000, -0.160690, 0.331592, 0.000000, 0.418239, 0
-0.162156, 0.000000, 0.986765, 0.000000, 1.000000, 0.000000, -0.986765, 0.000000, -0.162156, 0.334577, 0.000000, 0.417239, 0
-0.163625, 0.000000, 0.986523, 0.000000, 1.000000, 0.000000, -0.986523, 0.000000, -0.163625, 0.337566, 0.000000, 0.416233, 0
-0.165097, 0.000000, 0.986277, 0.000000, 1.000000, 0.000000, -0.986277, 0.000000, -0.165097, 0.340561, 0.000000, 0.415220, 0
-0.166572, 0.000000, 0.986029, 0.000000, 1.000000, 0.000000, -0.986029, 0.000000, -0.166572, 0.343560, 0.000000, 0.414200, 0
-0.168050, 0.000000, 0.985779, 0.000000, 1.000000, 0.000000, -0.985779, 0.000000, -0.168050, 0.346565, 0.000000, 0.413174, 0
-0.169530, 0.000000, 0.985525, 0.000000, 1.000000, 0.000000, -0.985525, 0.000000, -0.169530, 0.349574, 0.000000, 0.412141, 0
-0.171013, 0.000000, 0.985269, 0.000000, 1.000000, 0.000000, -0.985269, 0.000000, -0.171013, 0.352588, 0.000000, 0.411102, 0
-0.172498, 0.000000, 0.985010, 0.000000, 1.000000, 0.000000, -0.985010, 0.000000, -0.172498, 0.355606, 0.000000, 0.410055, 0
-0.173986, 0.000000, 0.984748, 0.000000, 1.000000, 0.000000, -0.984748, 0.000000, -0.173986, 0.358629, 0.000000, 0.409003, 0
-0.175477, 0.000000, 0.984484, 0.000000, 1.000000, 0.000000, -0.984484, 0.000000, -0.175477, 0.361656, 0.000000, 0.407943, 0
-0.176970, 0.000000, 0.984216, 0.000000, 1.000000, 0.000000, -0.984216, 0.000000, -0.176970, 0.364687, 0.000000, 0.406877, 0
-0.178465, 0.000000, 0.983946, 0.000000, 1.000000, 0.000000, -0.983946, 0.000000, -0.178465, 0.367721, 0.000000, 0.405805, 0
-0.179963, 0.000000, 0.983673, 0.000000, 1.000000, 0.000000, -0.983673, 0.000000, -0.179963, 0.370760, 0.000000, 0.404725, 0
-0.181462, 0.000000, 0.983398, 0.000000, 1.000000, 0.000000, -0.983398, 0.000000, -0.181462, 0.373803, 0.000000, 0.403640, 0
-0.182964, 0.000000, 0.983120, 0.000000, 1.000000, 0.000000, -0.983120, 0.000000, -0.182964, 0.376849, 0.000000, 0.402547, 0
-0.184469, 0.000000, 0.982838, 0.000000, 1.000000, 0.000000, -0.982838, 0.000000, -0.184469, 0.379898, 0.000000, 0.401449, 0
-0.185975, 0.000000, 0.982555, 0.000000, 1.000000, 0.000000, -0.982555, 0.000000, -0.185975, 0.382951, 0.000000, 0.400343, 0
-0.187483, 0.000000, 0.982268, 0.000000, 1.000000, 0.000000, -0.982268, 0.000000, -0.187483, 0.386008, 0.000000, 0.399232, 0
-0.188993, 0.000000, 0.981978, 0.000000, 1.000000, 0.000000, -0.981978, 0.000000, -0.188993, 0.389067, 0.000000, 0.398113, 0
-0.190505, 0.000000, 0.981686, 0.000000, 1.000000, 0.000000, -0.981686, 0.000000, -0.190505, 0.392129, 0.000000, 0.396989, 0
-0.192019, 0.000000, 0.981391, 0.000000, 1.000000, 0.000000, -0.981391, 0.000000, -0.192019, 0.395195, 0.000000, 0.395858, 0
-0.193535, 0.000000, 0.981093, 0.000000, 1.000000, 0.000000, -0.981093, 0.000000, -0.193535, 0.398263, 0.000000, 0.394720, 0
-0.195052, 0.000000, 0.980793, 0.000000, 1.000000, 0.000000, -0.980793, 0.000000, -0.195052, 0.401334, 0.000000, 0.393576, 0
-0.196571, 0.000000, 0.980490, 0.000000, 1.000000, 0.000000, -0.980490, 0.000000, -0.196571, 0.404407, 0.000000, 0.392426, 0
-0.198092, 0.000000, 0.980184, 0.000000, 1.000000, 0.000000, -0.980184, 0.000000, -0.198092, 0.407483, 0.000000, 0.391269, 0
-0.199614, 0.000000, 0.979875, 0.000000, 1.000000, 0.000000, -0.979875, 0.000000, -0.199614, 0.410561, 0.000000, 0.390106, 0
-0.201138, 0.000000, 0.979563, 0.000000, 1.000000, 0.000000, -0.979563, 0.000000, -0.201138, 0.413641, 0.000000, 0.388937, 0
-0.202663, 0.000000, 0.979249, 0.000000, 1.000000, 0.000000, -0.979249, 0.000000, -0.202663, 0.416723, 0.000000, 0.387762, 0
-0.204189, 0.000000, 0.978931, 0.000000, 1.000000, 0.000000, -0.978931, 0.000000, -0.204189, 0.419807, 0.000000, 0.386580, 0
-0.205717, 0.000000, 0.978612, 0.000000, 1.000000, 0.000000, -0.978612, 0.000000, -0.205717, 0.422894, 0.000000, 0.385392, 0
-0.207246, 0.000000, 0.978289, 0.000000, 1.000000, 0.000000, -0.978289, 0.000000, -0.207246, 0.425981, 0.000000, 0.384198, 0
-0.208776, 0.000000, 0.977963, 0.000000, 1.000000, 0.000000, -0.977963, 0.000000, -0.208776, 0.429071, 0.000000, 0.382997, 0
-0.210308, 0.000000, 0.977635, 0.000000, 1.000000, 0.000000, -0.977635, 0.000000, -0.210308, 0.432162, 0.000000, 0.381791, 0
-0.211840, 0.000000, 0.977304, 0.000000, 1.000000, 0.000000, -0.977304, 0.000000, -0.211840, 0.435254, 0.000000, 0.380578, 0
-0.213374, 0.000000, 0.976971, 0.000000, 1.000000, 0.000000, -0.976971, 0.000000, -0.213374, 0.438347, 0.000000, 0.379359, 0
-0.214909, 0.000000, 0.976634, 0.000000, 1.000000, 0.000000, -0.976634, 0.000000, -0.214909, 0.441442, 0.000000, 0.378134, 0
-0.216444, 0.000000, 0.976295, 0.000000, 1.000000, 0.000000, -0.976295, 0.000000, -0.216444, 0.444538, 0.000000, 0.376904, 0
-0.217981, 0.000000, 0.975953, 0.000000, 1.000000, 0.000000, -0.975953, 0.000000, -0.217981, 0.447634, 0.000000, 0.375667, 0
-0.219518, 0.000000, 0.975608, 0.000000, 1.000000, 0.000000, -0.975608, 0.000000, -0.219518, 0.450731, 0.000000, 0.374424, 0
-0.221056, 0.000000, 0.975261, 0.000000, 1.000000, 0.000000, -0.975261, 0.000000, -0.221056, 0.453829, 0.000000, 0.373175, 0
-0.222595, 0.000000, 0.974911, 0.000000, 1.000000, 0.000000, -0.974911, 0.000000, -0.222595, 0.456928, 0.000000, 0.371921, 0
-0.224134, 0.000000, 0.974558, 0.000000, 1.000000, 0.000000, -0.974558, 0.000000, -0.224134, 0.460027, 0.000000, 0.370660, 0
-0.225674, 0.000000, 0.974203, 0.000000, 1.000000, 0.000000, -0.974203, 0.000000, -0.225674, 0.463126, 0.000000, 0.369394, 0
-0.227214, 0.000000, 0.973845, 0.000000, 1.000000, 0.000000, -0.973845, 0.000000, -0.227214, 0.466226, 0.000000, 0.368122, 0
-0.228755, 0.000000, 0.973484, 0.000000, 1.000000, 0.000000, -0.973484, 0.000000, -0.228755, 0.469325, 0.000000, 0.366844, 0
-0.230297, 0.000000, 0.973121, 0.000000, 1.000000, 0.000000, -0.973121, 0.000000, -0.230297, 0.472425, 0.000000, 0.365560, 0
-0.231838, 0.000000, 0.972754, 0.000000, 1.000000, 0.000000, -0.972754, 0.000000, -0.231838, 0.475524, 0.000000, 0.364271, 0
-0.233380, 0.000000, 0.972386, 0.000000, 1.000000, 0.000000, -0.972386, 0.000000, -0.233380, 0.478623, 0.000000, 0.362976, 0
-0.234923, 0.000000, 0.972014, 0.000000, 1.000000, 0.000000, -0.972014, 0.000000, -0.234923, 0.481722, 0.000000, 0.361675, 0
-0.236465, 0.000000, 0.971640, 0.000000, 1.000000, 0.000000, -0.971640, 0.000000, -0.236465, 0.484820, 0.000000, 0.360369, 0
-0.238008, 0.000000, 0.971263, 0.000000, 1.000000, 0.000000, -0.971263, 0.000000, -0.238008, 0.487918, 0.000000, 0.359057, 0
-0.239550, 0.000000, 0.970884, 0.000000, 1.000000, 0.000000, -0.970884, 0.000000, -0.239550, 0.491015, 0.000000, 0.357740, 0
-0.241093, 0.000000, 0.970502, 0.000000, 1.000000, 0.000000, -0.970502, 0.000000, -0.241093, 0.494111, 0.000000, 0.356417, 0
-0.242636, 0.000000, 0.970117, 0.000000, 1.000000, 0.000000, -0.970117, 0.000000, -0.242636, 0.497206, 0.000000, 0.355089, 0
-0.244178, 0.000000, 0.969730, 0.000000, 1.000000, 0.000000, -0.969730, 0.000000, -0.244178, 0.500300, 0.000000, 0.353755, 0
-0.245721, 0.000000, 0.969341, 0.000000, 1.000000, 0.000000, -0.969341, 0.000000, -0.245721, 0.503393, 0.000000, 0.352416, 0
-0.247263, 0.000000, 0.968948, 0.000000, 1.000000, 0.000000, -0.968948, 0.000000, -0.247263, 0.506485, 0.000000, 0.351072, 0
-0.248805, 0.000000, 0.968554, 0.000000, 1.000000, 0.000000, -0.968554, 0.000000, -0.248805, 0.509576, 0.000000, 0.349723, 0
-0.250347, 0.000000, 0.968156, 0.000000, 1.000000, 0.000000, -0.968156, 0.000000, -0.250347, 0.512665, 0.000000, 0.348368, 0
-0.251889, 0.000000, 0.967756, 0.000000, 1.000000, 0.000000, -0.967756, 0.000000, -0.251889, 0.515752, 0.000000, 0.347008, 0
-0.253430, 0.000000, 0.967354, 0.000000, 1.000000, 0.000000, -0.967354, 0.000000, -0.253430, 0.518837, 0.000000, 0.345643, 0
-0.254970, 0.000000, 0.966949, 0.000000, 1.000000, 0.000000, -0.966949, 0.000000, -0.254970, 0.521921, 0.000000, 0.344273, 0
-0.256510, 0.000000, 0.966542, 0.000000, 1.000000, 0.000000, -0.966542, 0.000000, -0.256510, 0.525003, 0.000000, 0.342898, 0
-0.258050, 0.000000, 0.966132, 0.000000, 1.000000, 0.000000, -0.966132, 0.000000, -0.258050, 0.528083, 0.000000, 0.341518, 0
-0.259588, 0.000000, 0.965719, 0.000000, 1.000000, 0.000000, -0.965719, 0.000000, -0.259588, 0.531160, 0.000000, 0.340133, 0
-0.261126, 0.000000, 0.965305, 0.000000, 1.000000, 0.000000, -0.965305, 0.000000, -0.261126, 0.534236, 0.000000, 0.338743, 0
-0.262664, 0.000000, 0.964887, 0.000000, 1.000000, 0.000000, -0.964887, 0.000000, -0.262664, 0.537309, 0.000000, 0.337349, 0
-0.264200, 0.000000, 0.964468, 0.000000, 1.000000, 0.000000, -0.964468, 0.000000, -0.264200, 0.540379, 0.000000, 0.335949, 0
-0.265736, 0.000000, 0.964046, 0.000000, 1.000000, 0.000000, -0.964046, 0.000000, -0.265736, 0.543447, 0.000000, 0.334545, 0
-0.267271, 0.000000, 0.963621, 0.000000, 1.000000, 0.000000, -0.963621, 0.000000, -0.267271, 0.546512, 0.000000, 0.333136, 0
-0.268805, 0.000000, 0.963195, 0.000000, 1.000000, 0.000000, -0.963195, 0.000000, -0.268805, 0.549575, 0.000000, 0.331723, 0
-0.270338, 0.000000, 0.962766, 0.000000, 1.000000, 0.000000, -0.962766, 0.000000, -0.270338, 0.552634, 0.000000, 0.330305, 0
-0.271870, 0.000000, 0.962334, 0.000000, 1.000000, 0.000000, -0.962334, 0.000000, -0.271870, 0.555691, 0.000000, 0.328882, 0
-0.273400, 0.000000, 0.961900, 0.000000, 1.000000, 0.000000, -0.961900, 0.000000, -0.273400, 0.558744, 0.000000, 0.327455, 0
-0.274930, 0.000000, 0.961464, 0.000000, 1.000000, 0.000000, -0.961464, 0.000000, -0.274930, 0.561794, 0.000000, 0.326024, 0
-0.276458, 0.000000, 0.961026, 0.000000, 1.000000, 0.000000, -0.961026, 0.000000, -0.276458, 0.564841, 0.000000, 0.324588, 0
-0.277985, 0.000000, 0.960585, 0.000000, 1.000000, 0.000000, -0.960585, 0.000000, -0.277985, 0.567885, 0.000000, 0.323148, 0
-0.279511, 0.000000, 0.960143, 0.000000, 1.000000, 0.000000, -0.960143, 0.000000, -0.279511, 0.570924, 0.000000, 0.321704, 0
-0.281035, 0.000000, 0.959697, 0.000000, 1.000000, 0.000000, -0.959697, 0.000000, -0.281035, 0.573961, 0.000000, 0.320255, 0
-0.282558, 0.000000, 0.959250, 0.000000, 1.000000, 0.000000, -0.959250, 0.000000, -0.282558, 0.576993, 0.000000, 0.318803, 0
-0.284080, 0.000000, 0.958801, 0.000000, 1.000000, 0.000000, -0.958801, 0.000000, -0.284080, 0.580022, 0.000000, 0.317346, 0
-0.285599, 0.000000, 0.958349, 0.000000, 1.000000, 0.000000, -0.958349, 0.000000, -0.285599, 0.583046, 0.000000, 0.315886, 0
-0.287118, 0.000000, 0.957895, 0.000000, 1.000000, 0.000000, -0.957895, 0.000000, -0.287118, 0.586067, 0.000000, 0.314421, 0
-0.288634, 0.000000, 0.957439, 0.000000, 1.000000, 0.000000, -0.957439, 0.000000, -0.288634, 0.589083, 0.000000, 0.312952, 0
-0.290149, 0.000000, 0.956981, 0.000000, 1.000000, 0.000000, -0.956981, 0.000000, -0.290149, 0.592095, 0.000000, 0.311480, 0
-0.291662, 0.000000, 0.956521, 0.000000, 1.000000, 0.000000, -0.956521, 0.000000, -0.291662, 0.595103, 0.000000, 0.310004, 0
-0.293174, 0.000000, 0.956059, 0.000000, 1.000000, 0.000000, -0.956059, 0.000000, -0.293174, 0.598106, 0.000000, 0.308524, 0
-0.294683, 0.000000, 0.955595, 0.000000, 1.000000, 0.000000, -0.955595, 0.000000, -0.294683, 0.601105, 0.000000, 0.307041, 0
-0.296191, 0.000000, 0.955129, 0.000000, 1.000000, 0.000000, -0.955129, 0.000000, -0.296191, 0.604099, 0.000000, 0.305554, 0
-0.297696, 0.000000, 0.954661, 0.000000, 1.000000, 0.000000, -0.954661, 0.000000, -0.297696, 0.607088, 0.000000, 0.304063, 0
-0.299200, 0.000000, 0.954190, 0.000000, 1.000000, 0.000000, -0.954190, 0.000000, -0.299200, 0.610072, 0.000000, 0.302570, 0
-0.300701, 0.000000, 0.953718, 0.000000, 1.000000, 0.000000, -0.953718, 0.000000, -0.300701, 0.613052, 0.000000, 0.301072, 0
-0.302201, 0.000000, 0.953244, 0.000000, 1.000000, 0.000000, -0.953244, 0.000000, -0.302201, 0.616026, 0.000000, 0.299572, 0
-0.303698, 0.000000, 0.952768, 0.000000, 1.000000, 0.000000, -0.952768, 0.000000, -0.303698, 0.618995, 0.000000, 0.298068, 0
-0.305193, 0.000000, 0.952291, 0.000000, 1.000000, 0.000000, -0.952291, 0.000000, -0.305193, 0.621959, 0.000000, 0.296561, 0
-0.306686, 0.000000, 0.951811, 0.000000, 1.000000, 0.000000, -0.951811, 0.000000, -0.306686, 0.624917, 0.000000, 0.295051, 0
-0.308176, 0.000000, 0.951329, 0.000000, 1.000000, 0.000000, -0.951329, 0.000000, -0.308176, 0.627870, 0.000000, 0.293538, 0
-0.309664, 0.000000, 0.950846, 0.000000, 1.000000, 0.000000, -0.950846, 0.000000, -0.309664, 0.630817, 0.000000, 0.292021, 0
-0.311150, 0.000000, 0.950361, 0.000000, 1.000000, 0.000000, -0.950361, 0.000000, -0.311150, 0.633759, 0.000000, 0.290502, 0
-0.312633, 0.000000, 0.949874, 0.000000, 1.000000, 0.000000, -0.949874, 0.000000, -0.312633, 0.636695, 0.000000, 0.288981, 0
-0.314113, 0.000000, 0.949385, 0.000000, 1.000000, 0.000000, -0.949385, 0.000000, -0.314113, 0.639625, 0.000000, 0.287456, 0
-0.315591, 0.000000, 0.948895, 0.000000, 1.000000, 0.000000, -0.948895, 0.000000, -0.315591, 0.642549, 0.000000, 0.285929, 0
-0.317067, 0.000000, 0.948403, 0.000000, 1.000000, 0.000000, -0.948403, 0.000000, -0.317067, 0.645467, 0.000000, 0.284399, 0
-0.318539, 0.000000, 0.947910, 0.000000, 1.000000, 0.000000, -0.947910, 0.000000, -0.318539, 0.648378, 0.000000, 0.282866, 0
-0.320009, 0.000000, 0.947414, 0.000000, 1.000000, 0.000000, -0.947414, 0.000000, -0.320009, 0.651284, 0.000000, 0.281331, 0
-0.321477, 0.000000, 0.946918, 0.000000, 1.000000, 0.000000, -0.946918, 0.000000, -0.321477, 0.654183, 0.000000, 0.279794, 0
-0.322941, 0.000000, 0.946419, 0.000000, 1.000000, 0.000000, -0.946419, 0.000000, -0.322941, 0.657076, 0.000000, 0.278254, 0
-0.324402, 0.000000, 0.945919, 0.000000, 1.000000, 0.000000, -0.945919, 0.000000, -0.324402, 0.659962, 0.000000, 0.276712, 0
-0.325861, 0.000000, 0.945418, 0.000000, 1.000000, 0.000000, -0.945418, 0.000000, -0.325861, 0.662841, 0.000000, 0.275168, 0
-0.327316, 0.000000, 0.944915, 0.000000, 1.000000, 0.000000, -0.944915, 0.000000, -0.327316, 0.665714, 0.000000, 0.273622, 0
-0.328769, 0.000000, 0.944410, 0.000000, 1.000000, 0.000000, -0.944410, 0.000000, -0.328769, 0.668580, 0.000000, 0.272074, 0
-0.330218, 0.000000, 0.943905, 0.000000, 1.000000, 0.000000, -0.943905, 0.000000, -0.330218, 0.671439, 0.000000, 0.270524, 0
-0.331665, 0.000000, 0.943397, 0.000000, 1.000000, 0.000000, -0.943397, 0.000000, -0.331665, 0.674291, 0.000000, 0.268972, 0
-0.333108, 0.000000, 0.942889, 0.000000, 1.000000, 0.000000, -0.942889, 0.000000, -0.333108, 0.677136, 0.000000, 0.267418, 0
-0.334548, 0.000000, 0.942379, 0.000000, 1.000000, 0.000000, -0.942379, 0.000000, -0.334548, 0.679973, 0.000000, 0.265863, 0
-0.335984, 0.000000, 0.941868, 0.000000, 1.000000, 0.000000, -0.941868, 0.000000, -0.335984, 0.682804, 0.000000, 0.264306, 0
-0.337418, 0.000000, 0.941355, 0.000000, 1.000000, 0.000000, -0.941355, 0.000000, -0.337418, 0.685627, 0.000000, 0.262747, 0
-0.338848, 0.000000, 0.940841, 0.000000, 1.000000, 0.000000, -0.940841, 0.000000, -0.338848, 0.688442, 0.000000, 0.261187, 0
-0.340274, 0.000000, 0.940326, 0.000000, 1.000000, 0.000000, -0.940326, 0.000000, -0.340274, 0.691250, 0.000000, 0.259626, 0
-0.341697, 0.000000, 0.939810, 0.000000, 1.000000, 0.000000, -0.939810, 0.000000, -0.341697, 0.694051, 0.000000, 0.258063, 0
-0.343117, 0.000000, 0.939293, 0.000000, 1.000000, 0.000000, -0.939293, 0.000000, -0.343117, 0.696843, 0.000000, 0.256499, 0
-0.344533, 0.000000, 0.938774, 0.000000, 1.000000, 0.000000, -0.938774, 0.000000, -0.344533, 0.699628, 0.000000, 0.254934, 0
-0.345945, 0.000000, 0.938255, 0.000000, 1.000000, 0.000000, -0.938255, 0.000000, -0.345945, 0.702405, 0.000000, 0.253367, 0
-0.347354, 0.000000, 0.937734, 0.000000, 1.000000, 0.000000, -0.937734, 0.000000, -0.347354, 0.705174, 0.000000, 0.251800, 0
-0.348759, 0.000000, 0.937212, 0.000000, 1.000000, 0.000000, -0.937212, 0.000000, -0.348759, 0.707934, 0.000000, 0.250232, 0
-0.350160, 0.000000, 0.936690, 0.000000, 1.000000, 0.000000, -0.936690, 0.000000, -0.350160, 0.710687, 0.000000, 0.248663, 0
-0.351558, 0.000000, 0.936166, 0.000000, 1.000000, 0.000000, -0.936166, 0.000000, -0.351558, 0.713431, 0.000000, 0.247094, 0
-0.352951, 0.000000, 0.935642, 0.000000, 1.000000, 0.000000, -0.935642, 0.000000, -0.352951, 0.716167, 0.000000, 0.245524, 0
-0.354341, 0.000000, 0.935116, 0.000000, 1.000000, 0.000000, -0.935116, 0.000000, -0.354341, 0.718894, 0.000000, 0.243953, 0
-0.355727, 0.000000, 0.934590, 0.000000, 1.000000, 0.000000, -0.934590, 0.000000, -0.355727, 0.721613, 0.000000, 0.242382, 0
-0.357108, 0.000000, 0.934063, 0.000000, 1.000000, 0.000000, -0.934063, 0.000000, -0.357108, 0.724323, 0.000000, 0.240810, 0
-0.358486, 0.000000, 0.933535, 0.000000, 1.000000, 0.000000, -0.933535, 0.000000, -0.358486, 0.727025, 0.000000, 0.239238, 0
-0.359860, 0.000000, 0.933006, 0.000000, 1.000000, 0.000000, -0.933006, 0.000000, -0.359860, 0.729718, 0.000000, 0.237666, 0
-0.361229, 0.000000, 0.932477, 0.000000, 1.000000, 0.000000, -0.932477, 0.000000, -0.361229, 0.732401, 0.000000, 0.236094, 0
-0.362595, 0.000000, 0.931947, 0.000000, 1.000000, 0.000000, -0.931947, 0.000000, -0.362595, 0.735076, 0.000000, 0.234522, 0
-0.363956, 0.000000, 0.931416, 0.000000, 1.000000, 0.000000, -0.931416, 0.000000, -0.363956, 0.737742, 0.000000, 0.232950, 0
-0.365313, 0.000000, 0.930885, 0.000000, 1.000000, 0.000000, -0.930885, 0.000000, -0.365313, 0.740399, 0.000000, 0.231378, 0
-0.366665, 0.000000, 0.930353, 0.000000, 1.000000, 0.000000, -0.930353, 0.000000, -0.366665, 0.743046, 0.000000, 0.229806, 0
-0.368013, 0.000000, 0.929820, 0.000000, 1.000000, 0.000000, -0.929820, 0.000000, -0.368013, 0.745685, 0.000000, 0.228234, 0
-0.369357, 0.000000, 0.929288, 0.000000, 1.000000, 0.000000, -0.929288, 0.000000, -0.369357, 0.748313, 0.000000, 0.226664, 0
-0.370697, 0.000000, 0.928754, 0.000000, 1.000000, 0.000000, -0.928754, 0.000000, -0.370697, 0.750933, 0.000000, 0.225093, 0
-0.372031, 0.000000, 0.928220, 0.000000, 1.000000, 0.000000, -0.928220, 0.000000, -0.372031, 0.753543, 0.000000, 0.223523, 0
-0.373362, 0.000000, 0.927686, 0.000000, 1.000000, 0.000000, -0.927686, 0.000000, -0.373362, 0.756143, 0.000000, 0.221954, 0
-0.374687, 0.000000, 0.927151, 0.000000, 1.000000, 0.000000, -0.927151, 0.000000, -0.374687, 0.758733, 0.000000, 0.220386, 0
-0.376008, 0.000000, 0.926616, 0.000000, 1.000000, 0.000000, -0.926616, 0.000000, -0.376008, 0.761314, 0.000000, 0.218818, 0
-0.377325, 0.000000, 0.926081, 0.000000, 1.000000, 0.000000, -0.926081, 0.000000, -0.377325, 0.763885, 0.000000, 0.217252, 0
-0.378637, 0.000000, 0.925545, 0.000000, 1.000000, 0.000000, -0.925545, 0.000000, -0.378637, 0.766446, 0.000000, 0.215686, 0
-0.379943, 0.000000, 0.925010, 0.000000, 1.000000, 0.000000, -0.925010, 0.000000, -0.379943, 0.768996, 0.000000, 0.214122, 0
-0.381246, 0.000000, 0.924474, 0.000000, 1.000000, 0.000000, -0.924474, 0.000000, -0.381246, 0.771537, 0.000000, 0.212559, 0
-0.382543, 0.000000, 0.923938, 0.000000, 1.000000, 0.000000, -0.923938, 0.000000, -0.382543, 0.774068, 0.000000, 0.210998, 0
-0.383835, 0.000000, 0.923402, 0.000000, 1.000000, 0.000000, -0.923402, 0.000000, -0.383835, 0.776588, 0.000000, 0.209438, 0
-0.385123, 0.000000, 0.922865, 0.000000, 1.000000, 0.000000, -0.922865, 0.000000, -0.385123, 0.779098, 0.000000, 0.207879, 0
-0.386405, 0.000000, 0.922329, 0.000000, 1.000000, 0.000000, -0.922329, 0.000000, -0.386405, 0.781597, 0.000000, 0.206322, 0
-0.387683, 0.000000, 0.921793, 0.000000, 1.000000, 0.000000, -0.921793, 0.000000, -0.387683, 0.784086, 0.000000, 0.204767, 0
-0.388955, 0.000000, 0.921257, 0.000000, 1.000000, 0.000000, -0.921257, 0.000000, -0.388955, 0.786565, 0.000000, 0.203213, 0
-0.390222, 0.000000, 0.920721, 0.000000, 1.000000, 0.000000, -0.920721, 0.000000, -0.390222, 0.789033, 0.000000, 0.201662, 0
-0.391484, 0.000000, 0.920185, 0.000000, 1.000000, 0.000000, -0.920185, 0.000000, -0.391484, 0.791490, 0.000000, 0.200113, 0
-0.392741, 0.000000, 0.919649, 0.000000, 1.000000, 0.000000, -0.919649, 0.000000, -0.392741, 0.793936, 0.000000, 0.198565, 0
-0.393993, 0.000000, 0.919113, 0.000000, 1.000000, 0.000000, -0.919113, 0.000000, -0.393993, 0.796371, 0.000000, 0.197020, 0
-0.395239, 0.000000, 0.918578, 0.000000, 1.000000, 0.000000, -0.918578, 0.000000, -0.395239, 0.798796, 0.000000, 0.195478, 0
-0.396480, 0.000000, 0.918043, 0.000000, 1.000000, 0.000000, -0.918043, 0.000000, -0.396480, 0.801209, 0.000000, 0.193937, 0
-0.397716, 0.000000, 0.917509, 0.000000, 1.000000, 0.000000, -0.917509, 0.000000, -0.397716, 0.803611, 0.000000, 0.192399, 0
-0.398946, 0.000000, 0.916974, 0.000000, 1.000000, 0.000000, -0.916974, 0.000000, -0.398946, 0.806002, 0.000000, 0.190864, 0
-0.400171, 0.000000, 0.916440, 0.000000, 1.000000, 0.000000, -0.916440, 0.000000, -0.400171, 0.808382, 0.000000, 0.189332, 0
-0.401391, 0.000000, 0.915907, 0.000000, 1.000000, 0.000000, -0.915907, 0.000000, -0.401391, 0.810751, 0.000000, 0.187802, 0
-0.402604, 0.000000, 0.915374, 0.000000, 1.000000, 0.000000, -0.915374, 0.000000, -0.402604, 0.813108, 0.000000, 0.186276, 0
-0.403813, 0.000000, 0.914842, 0.000000, 1.000000, 0.000000, -0.914842, 0.000000, -0.403813, 0.815453, 0.000000, 0.184752, 0
-0.405015, 0.000000, 0.914310, 0.000000, 1.000000, 0.000000, -0.914310, 0.000000, -0.405015, 0.817787, 0.000000, 0.183232, 0
-0.406212, 0.000000, 0.913779, 0.000000, 1.000000, 0.000000, -0.913779, 0.000000, -0.406212, 0.820110, 0.000000, 0.181714, 0
-0.407403, 0.000000, 0.913248, 0.000000, 1.000000, 0.000000, -0.913248, 0.000000, -0.407403, 0.822420, 0.000000, 0.180200, 0
-0.408589, 0.000000, 0.912718, 0.000000, 1.000000, 0.000000, -0.912718, 0.000000, -0.408589, 0.824719, 0.000000, 0.178690, 0
-0.409769, 0.000000, 0.912189, 0.000000, 1.000000, 0.000000, -0.912189, 0.000000, -0.409769, 0.827007, 0.000000, 0.177183, 0
-0.410943, 0.000000, 0.911661, 0.000000, 1.000000, 0.000000, -0.911661, 0.000000, -0.410943, 0.829282, 0.000000, 0.175679, 0
-0.412111, 0.000000, 0.911134, 0.000000, 1.000000, 0.000000, -0.911134, 0.000000, -0.412111, 0.831545, 0.000000, 0.174180, 0
-0.413273, 0.000000, 0.910607, 0.000000, 1.000000, 0.000000, -0.910607, 0.000000, -0.413273, 0.833796, 0.000000, 0.172684, 0
-0.414429, 0.000000, 0.910082, 0.000000, 1.000000, 0.000000, -0.910082, 0.000000, -0.414429, 0.836035, 0.000000, 0.171192, 0
-0.415579, 0.000000, 0.909557, 0.000000, 1.000000, 0.000000, -0.909557, 0.000000, -0.415579, 0.838262, 0.000000, 0.169704, 0
-0.416723, 0.000000, 0.909033, 0.000000, 1.000000, 0.000000, -0.909033, 0.000000, -0.416723, 0.840477, 0.000000, 0.168221, 0
-0.417862, 0.000000, 0.908511, 0.000000, 1.000000, 0.000000, -0.908511, 0.000000, -0.417862, 0.842679, 0.000000, 0.166741, 0
-0.418994, 0.000000, 0.907989, 0.000000, 1.000000, 0.000000, -0.907989, 0.000000, -0.418994, 0.844869, 0.000000, 0.165266, 0
-0.420119, 0.000000, 0.907469, 0.000000, 1.000000, 0.000000, -0.907469, 0.000000, -0.420119, 0.847046, 0.000000, 0.163796, 0
-0.421239, 0.000000, 0.906950, 0.000000, 1.000000, 0.000000, -0.906950, 0.000000, -0.421239, 0.849211, 0.000000, 0.162330, 0
-0.422352, 0.000000, 0.906432, 0.000000, 1.000000, 0.000000, -0.906432, 0.000000, -0.422352, 0.851364, 0.000000, 0.160868, 0
-0.423460, 0.000000, 0.905915, 0.000000, 1.000000, 0.000000, -0.905915, 0.000000, -0.423460, 0.853503, 0.000000, 0.159412, 0
-0.424561, 0.000000, 0.905400, 0.000000, 1.000000, 0.000000, -0.905400, 0.000000, -0.424561, 0.855630, 0.000000, 0.157960, 0
-0.425655, 0.000000, 0.904886, 0.000000, 1.000000, 0.000000, -0.904886, 0.000000, -0.425655, 0.857744, 0.000000, 0.156513, 0
-0.426743, 0.000000, 0.904373, 0.000000, 1.000000, 0.000000, -0.904373, 0.000000, -0.426743, 0.859845, 0.000000, 0.155072, 0
-0.427825, 0.000000, 0.903862, 0.000000, 1.000000, 0.000000, -0.903862, 0.000000, -0.427825, 0.861933, 0.000000, 0.153635, 0
-0.428900, 0.000000, 0.903352, 0.000000, 1.000000, 0.000000, -0.903352, 0.000000, -0.428900, 0.864009, 0.000000, 0.152204, 0
-0.429969, 0.000000, 0.902844, 0.000000, 1.000000, 0.000000, -0.902844, 0.000000, -0.429969, 0.866071, 0.000000, 0.150778, 0
-0.431031, 0.000000, 0.902337, 0.000000, 1.000000, 0.000000, -0.902337, 0.000000, -0.431031, 0.868120, 0.000000, 0.149358, 0
-0.432087, 0.000000, 0.901832, 0.000000, 1.000000, 0.000000, -0.901832, 0.000000, -0.432087, 0.870156, 0.000000, 0.147943, 0
-0.433136, 0.000000, 0.901329, 0.000000, 1.000000, 0.000000, -0.901329, 0.000000, -0.433136, 0.872178, 0.000000, 0.146535, 0
-0.434178, 0.000000, 0.900827, 0.000000, 1.000000, 0.000000, -0.900827, 0.000000, -0.434178, 0.874187, 0.000000, 0.145131, 0
-0.435214, 0.000000, 0.900327, 0.000000, 1.000000, 0.000000, -0.900327, 0.000000, -0.435214, 0.876183, 0.000000, 0.143734, 0
-0.436243, 0.000000, 0.899829, 0.000000, 1.000000, 0.000000, -0.899829, 0.000000, -0.436243, 0.878165, 0.000000, 0.142343, 0
-0.437265, 0.000000, 0.899333, 0.000000, 1.000000, 0.000000, -0.899333, 0.000000, -0.437265, 0.880134, 0.000000, 0.140958, 0
-0.438280, 0.000000, 0.898838, 0.000000, 1.000000, 0.000000, -0.898838, 0.000000, -0.438280, 0.882089, 0.000000, 0.139580, 0
-0.439289, 0.000000, 0.898346, 0.000000, 1.000000, 0.000000, -0.898346, 0.000000, -0.439289, 0.884031, 0.000000, 0.138207, 0
-0.440290, 0.000000, 0.897855, 0.000000, 1.000000, 0.000000, -0.897855, 0.000000, -0.440290, 0.885959, 0.000000, 0.136841, 0
-0.441285, 0.000000, 0.897367, 0.000000, 1.000000, 0.000000, -0.897367, 0.000000, -0.441285, 0.887873, 0.000000, 0.135482, 0
-0.442273, 0.000000, 0.896881, 0.000000, 1.000000, 0.000000, -0.896881, 0.000000, -0.442273, 0.889773, 0.000000, 0.134129, 0
-0.443254, 0.000000, 0.896396, 0.000000, 1.000000, 0.000000, -0.896396, 0.000000, -0.443254, 0.891659, 0.000000, 0.132784, 0
-0.444227, 0.000000, 0.895914, 0.000000, 1.000000, 0.000000, -0.895914, 0.000000, -0.444227, 0.893531, 0.000000, 0.131445, 0
-0.445194, 0.000000, 0.895434, 0.000000, 1.000000, 0.000000, -0.895434, 0.000000, -0.445194, 0.895390, 0.000000, 0.130113, 0
-0.446153, 0.000000, 0.894957, 0.000000, 1.000000, 0.000000, -0.894957, 0.000000, -0.446153, 0.897234, 0.000000, 0.128788, 0
-0.447106, 0.000000, 0.894481, 0.000000, 1.000000, 0.000000, -0.894481, 0.000000, -0.447106, 0.899064, 0.000000, 0.127470, 0
-0.448051, 0.000000, 0.894008, 0.000000, 1.000000, 0.000000, -0.894008, 0.000000, -0.448051, 0.900879, 0.000000, 0.126160, 0
-0.448989, 0.000000, 0.893537, 0.000000, 1.000000, 0.000000, -0.893537, 0.000000, -0.448989, 0.902681, 0.000000, 0.124857, 0
-0.449920, 0.000000, 0.893069, 0.000000, 1.000000, 0.000000, -0.893069, 0.000000, -0.449920, 0.904468, 0.000000, 0.123562, 0
-0.450843, 0.000000, 0.892603, 0.000000, 1.000000, 0.000000, -0.892603, 0.000000, -0.450843, 0.906240, 0.000000, 0.122274, 0
-0.451759, 0.000000, 0.892140, 0.000000, 1.000000, 0.000000, -0.892140, 0.000000, -0.451759, 0.907998, 0.000000, 0.120994, 0
-0.452668, 0.000000, 0.891679, 0.000000, 1.000000, 0.000000, -0.891679, 0.000000, -0.452668, 0.909742, 0.000000, 0.119722, 0
-0.453569, 0.000000, 0.891221, 0.000000, 1.000000, 0.000000, -0.891221, 0.000000, -0.453569, 0.911471, 0.000000, 0.118458, 0
-0.454463, 0.000000, 0.890766, 0.000000, 1.000000, 0.000000, -0.890766, 0.000000, -0.454463, 0.913185, 0.000000, 0.117202, 0
-0.455349, 0.000000, 0.890313, 0.000000, 1.000000, 0.000000, -0.890313, 0.000000, -0.455349, 0.914885, 0.000000, 0.115954, 0
-0.456228, 0.000000, 0.889863, 0.000000, 1.000000, 0.000000, -0.889863, 0.000000, -0.456228, 0.916569, 0.000000, 0.114715, 0
-0.457099, 0.000000, 0.889416, 0.000000, 1.000000, 0.000000, -0.889416, 0.000000, -0.457099, 0.918239, 0.000000, 0.113484, 0
-0.457963, 0.000000, 0.888971, 0.000000, 1.000000, 0.000000, -0.888971, 0.000000, -0.457963, 0.919894, 0.000000, 0.112261, 0
-0.458819, 0.000000, 0.888530, 0.000000, 1.000000, 0.000000, -0.888530, 0.000000, -0.458819, 0.921534, 0.000000, 0.111047, 0
-0.459667, 0.000000, 0.888091, 0.000000, 1.000000, 0.000000, -0.888091, 0.000000, -0.459667, 0.923159, 0.000000, 0.109842, 0
-0.460508, 0.000000, 0.887656, 0.000000, 1.000000, 0.000000, -0.887656, 0.000000, -0.460508, 0.924769, 0.000000, 0.108645, 0
-0.461341, 0.000000, 0.887223, 0.000000, 1.000000, 0.000000, -0.887223, 0.000000, -0.461341, 0.926364, 0.000000, 0.107458, 0
-0.462166, 0.000000, 0.886793, 0.000000, 1.000000, 0.000000, -0.886793, 0.000000, -0.462166, 0.927943, 0.000000, 0.106279, 0
-0.462983, 0.000000, 0.886367, 0.000000, 1.000000, 0.000000, -0.886367, 0.000000, -0.462983, 0.929508, 0.000000, 0.105110, 0
-0.463793, 0.000000, 0.885944, 0.000000, 1.000000, 0.000000, -0.885944, 0.000000, -0.463793, 0.931057, 0.000000, 0.103950, 0
-0.464595, 0.000000, 0.885524, 0.000000, 1.000000, 0.000000, -0.885524, 0.000000, -0.464595, 0.932590, 0.000000, 0.102799, 0
-0.465388, 0.000000, 0.885107, 0.000000, 1.000000, 0.000000, -0.885107, 0.000000, -0.465388, 0.934108, 0.000000, 0.101657, 0
-0.466174, 0.000000, 0.884693, 0.000000, 1.000000, 0.000000, -0.884693, 0.000000, -0.466174, 0.935610, 0.000000, 0.100526, 0
-0.466952, 0.000000, 0.884283, 0.000000, 1.000000, 0.000000, -0.884283, 0.000000, -0.466952, 0.937097, 0.000000, 0.099404, 0
-0.467721, 0.000000, 0.883876, 0.000000, 1.000000, 0.000000, -0.883876, 0.000000, -0.467721, 0.938569, 0.000000, 0.098291, 0
-0.468483, 0.000000, 0.883473, 0.000000, 1.000000, 0.000000, -0.883473, 0.000000, -0.468483, 0.940024, 0.000000, 0.097189, 0
-0.469236, 0.000000, 0.883073, 0.000000, 1.000000, 0.000000, -0.883073, 0.000000, -0.469236, 0.941464, 0.000000, 0.096097, 0
-0.469982, 0.000000, 0.882676, 0.000000, 1.000000, 0.000000, -0.882676, 0.000000, -0.469982, 0.942888, 0.000000, 0.095014, 0
-0.470719, 0.000000, 0.882283, 0.000000, 1.000000, 0.000000, -0.882283, 0.000000, -0.470719, 0.944296, 0.000000, 0.093942, 0
-0.471448, 0.000000, 0.881894, 0.000000, 1.000000, 0.000000, -0.881894, 0.000000, -0.471448, 0.945688, 0.000000, 0.092881, 0
-0.472169, 0.000000, 0.881508, 0.000000, 1.000000, 0.000000, -0.881508, 0.000000, -0.472169, 0.947064, 0.000000, 0.091829, 0
-0.472881, 0.000000, 0.881126, 0.000000, 1.000000, 0.000000, -0.881126, 0.000000, -0.472881, 0.948424, 0.000000, 0.090789, 0
-0.473585, 0.000000, 0.880748, 0.000000, 1.000000, 0.000000, -0.880748, 0.000000, -0.473585, 0.949768, 0.000000, 0.089758, 0
-0.474281, 0.000000, 0.880373, 0.000000, 1.000000, 0.000000, -0.880373, 0.000000, -0.474281, 0.951096, 0.000000, 0.088739, 0
-0.474969, 0.000000, 0.880003, 0.000000, 1.000000, 0.000000, -0.880003, 0.000000, -0.474969, 0.952407, 0.000000, 0.087730, 0
-0.475648, 0.000000, 0.879636, 0.000000, 1.000000, 0.000000, -0.879636, 0.000000, -0.475648, 0.953702, 0.000000, 0.086733, 0
-0.476318, 0.000000, 0.879273, 0.000000, 1.000000, 0.000000, -0.879273, 0.000000, -0.476318, 0.954981, 0.000000, 0.085746, 0
-0.476980, 0.000000, 0.878914, 0.000000, 1.000000, 0.000000, -0.878914, 0.000000, -0.476980, 0.956243, 0.000000, 0.084771, 0
-0.477633, 0.000000, 0.878559, 0.000000, 1.000000, 0.000000, -0.878559, 0.000000, -0.477633, 0.957489, 0.000000, 0.083807, 0
-0.478278, 0.000000, 0.878208, 0.000000, 1.000000, 0.000000, -0.878208, 0.000000, -0.478278, 0.958718, 0.000000, 0.082854, 0
-0.478915, 0.000000, 0.877862, 0.000000, 1.000000, 0.000000, -0.877862, 0.000000, -0.478915, 0.959931, 0.000000, 0.081913, 0
-0.479542, 0.000000, 0.877519, 0.000000, 1.000000, 0.000000, -0.877519, 0.000000, -0.479542, 0.961127, 0.000000, 0.080983, 0
-0.480161, 0.000000, 0.877180, 0.000000, 1.000000, 0.000000, -0.877180, 0.000000, -0.480161, 0.962306, 0.000000, 0.080065, 0
-0.480771, 0.000000, 0.876846, 0.000000, 1.000000, 0.000000, -0.876846, 0.000000, -0.480771, 0.963468, 0.000000, 0.079158, 0
-0.481373, 0.000000, 0.876516, 0.000000, 1.000000, 0.000000, -0.876516, 0.000000, -0.481373, 0.964614, 0.000000, 0.078264, 0
-0.481965, 0.000000, 0.876190, 0.000000, 1.000000, 0.000000, -0.876190, 0.000000, -0.481965, 0.965742, 0.000000, 0.077382, 0
-0.482549, 0.000000, 0.875869, 0.000000, 1.000000, 0.000000, -0.875869, 0.000000, -0.482549, 0.966854, 0.000000, 0.076511, 0
-0.483124, 0.000000, 0.875552, 0.000000, 1.000000, 0.000000, -0.875552, 0.000000, -0.483124, 0.967948, 0.000000, 0.075653, 0
-0.483690, 0.000000, 0.875239, 0.000000, 1.000000, 0.000000, -0.875239, 0.000000, -0.483690, 0.969026, 0.000000, 0.074807, 0
-0.484247, 0.000000, 0.874931, 0.000000, 1.000000, 0.000000, -0.874931, 0.000000, -0.484247, 0.970086, 0.000000, 0.073974, 0
-0.484795, 0.000000, 0.874628, 0.000000, 1.000000, 0.000000, -0.874628, 0.000000, -0.484795, 0.971129, 0.000000, 0.073153, 0
-0.485334, 0.000000, 0.874329, 0.000000, 1.000000, 0.000000, -0.874329, 0.000000, -0.485334, 0.972155, 0.000000, 0.072344, 0
-0.485865, 0.000000, 0.874034, 0.000000, 1.000000, 0.000000, -0.874034, 0.000000, -0.485865, 0.973163, 0.000000, 0.071548, 0
-0.486385, 0.000000, 0.873744, 0.000000, 1.000000, 0.000000, -0.873744, 0.000000, -0.486385, 0.974154, 0.000000, 0.070766, 0
-0.486897, 0.000000, 0.873459, 0.000000, 1.000000, 0.000000, -0.873459, 0.000000, -0.486897, 0.975127, 0.000000, 0.069995, 0
-0.487400, 0.000000, 0.873179, 0.000000, 1.000000, 0.000000, -0.873179, 0.000000, -0.487400, 0.976083, 0.000000, 0.069238, 0
-0.487893, 0.000000, 0.872903, 0.000000, 1.000000, 0.000000, -0.872903, 0.000000, -0.487893, 0.977021, 0.000000, 0.068494, 0
-0.488378, 0.000000, 0.872632, 0.000000, 1.000000, 0.000000, -0.872632, 0.000000, -0.488378, 0.977942, 0.000000, 0.067764, 0
-0.488853, 0.000000, 0.872366, 0.000000, 1.000000, 0.000000, -0.872366, 0.000000, -0.488853, 0.978845, 0.000000, 0.067046, 0
-0.489318, 0.000000, 0.872105, 0.000000, 1.000000, 0.000000, -0.872105, 0.000000, -0.489318, 0.979730, 0.000000, 0.066342, 0
-0.489775, 0.000000, 0.871849, 0.000000, 1.000000, 0.000000, -0.871849, 0.000000, -0.489775, 0.980597, 0.000000, 0.065651, 0
-0.490221, 0.000000, 0.871598, 0.000000, 1.000000, 0.000000, -0.871598, 0.000000, -0.490221, 0.981446, 0.000000, 0.064974, 0
-0.490659, 0.000000, 0.871352, 0.000000, 1.000000, 0.000000, -0.871352, 0.000000, -0.490659, 0.982277, 0.000000, 0.064311, 0
-0.491087, 0.000000, 0.871111, 0.000000, 1.000000, 0.000000, -0.871111, 0.000000, -0.491087, 0.983090, 0.000000, 0.063661, 0
-0.491505, 0.000000, 0.870875, 0.000000, 1.000000, 0.000000, -0.870875, 0.000000, -0.491505, 0.983885, 0.000000, 0.063025, 0
-0.491914, 0.000000, 0.870644, 0.000000, 1.000000, 0.000000, -0.870644, 0.000000, -0.491914, 0.984662, 0.000000, 0.062404, 0
-0.492314, 0.000000, 0.870418, 0.000000, 1.000000, 0.000000, -0.870418, 0.000000, -0.492314, 0.985420, 0.000000, 0.061796, 0
-0.492703, 0.000000, 0.870197, 0.000000, 1.000000, 0.000000, -0.870197, 0.000000, -0.492703, 0.986160, 0.000000, 0.061202, 0
-0.493084, 0.000000, 0.869982, 0.000000, 1.000000, 0.000000, -0.869982, 0.000000, -0.493084, 0.986882, 0.000000, 0.060623, 0
-0.493454, 0.000000, 0.869772, 0.000000, 1.000000, 0.000000, -0.869772, 0.000000, -0.493454, 0.987585, 0.000000, 0.060058, 0
-0.493815, 0.000000, 0.869567, 0.000000, 1.000000, 0.000000, -0.869567, 0.000000, -0.493815, 0.988270, 0.000000, 0.059507, 0
-0.494166, 0.000000, 0.869368, 0.000000, 1.000000, 0.000000, -0.869368, 0.000000, -0.494166, 0.988936, 0.000000, 0.058971, 0
-0.494507, 0.000000, 0.869174, 0.000000, 1.000000, 0.000000, -0.869174, 0.000000, -0.494507, 0.989583, 0.000000, 0.058450, 0
-0.494838, 0.000000, 0.868985, 0.000000, 1.000000, 0.000000, -0.868985, 0.000000, -0.494838, 0.990211, 0.000000, 0.057943, 0
-0.495159, 0.000000, 0.868802, 0.000000, 1.000000, 0.000000, -0.868802, 0.000000, -0.495159, 0.990821, 0.000000, 0.057451, 0
-0.495471, 0.000000, 0.868625, 0.000000, 1.000000, 0.000000, -0.868625, 0.000000, -0.495471, 0.991412, 0.000000, 0.056974, 0
-0.495772, 0.000000, 0.868453, 0.000000, 1.000000, 0.000000, -0.868453, 0.000000, -0.495772, 0.991984, 0.000000, 0.056512, 0
-0.496064, 0.000000, 0.868286, 0.000000, 1.000000, 0.000000, -0.868286, 0.000000, -0.496064, 0.992537, 0.000000, 0.056065, 0
-0.496345, 0.000000, 0.868125, 0.000000, 1.000000, 0.000000, -0.868125, 0.000000, -0.496345, 0.993071, 0.000000, 0.055633, 0
-0.496616, 0.000000, 0.867970, 0.000000, 1.000000, 0.000000, -0.867970, 0.000000, -0.496616, 0.993585, 0.000000, 0.055216, 0
-0.496878, 0.000000, 0.867821, 0.000000, 1.000000, 0.000000, -0.867821, 0.000000, -0.496878, 0.994081, 0.000000, 0.054815, 0
-0.497129, 0.000000, 0.867677, 0.000000, 1.000000, 0.000000, -0.867677, 0.000000, -0.497129, 0.994557, 0.000000, 0.054429, 0
-0.497369, 0.000000, 0.867539, 0.000000, 1.000000, 0.000000, -0.867539, 0.000000, -0.497369, 0.995013, 0.000000, 0.054058, 0
-0.497600, 0.000000, 0.867407, 0.000000, 1.000000, 0.000000, -0.867407, 0.000000, -0.497600, 0.995451, 0.000000, 0.053704, 0
-0.497820, 0.000000, 0.867280, 0.000000, 1.000000, 0.000000, -0.867280, 0.000000, -0.497820, 0.995868, 0.000000, 0.053364, 0
-0.498030, 0.000000, 0.867160, 0.000000, 1.000000, 0.000000, -0.867160, 0.000000, -0.498030, 0.996266, 0.000000, 0.053041, 0
-0.498230, 0.000000, 0.867045, 0.000000, 1.000000, 0.000000, -0.867045, 0.000000, -0.498230, 0.996645, 0.000000, 0.052734, 0
-0.498419, 0.000000, 0.866936, 0.000000, 1.000000, 0.000000, -0.866936, 0.000000, -0.498419, 0.997003, 0.000000, 0.052442, 0
-0.498598, 0.000000, 0.866834, 0.000000, 1.000000, 0.000000, -0.866834, 0.000000, -0.498598, 0.997342, 0.000000, 0.052166, 0
-0.498766, 0.000000, 0.866737, 0.000000, 1.000000, 0.000000, -0.866737, 0.000000, -0.498766, 0.997661, 0.000000, 0.051907, 0
-0.498923, 0.000000, 0.866646, 0.000000, 1.000000, 0.000000, -0.866646, 0.000000, -0.498923, 0.997960, 0.000000, 0.051664, 0
-0.499070, 0.000000, 0.866561, 0.000000, 1.000000, 0.000000, -0.866561, 0.000000, -0.499070, 0.998238, 0.000000, 0.051437, 0
-0.499207, 0.000000, 0.866483, 0.000000, 1.000000, 0.000000, -0.866483, 0.000000, -0.499207, 0.998497, 0.000000, 0.051226, 0
-0.499333, 0.000000, 0.866410, 0.000000, 1.000000, 0.000000, -0.866410, 0.000000, -0.499333, 0.998735, 0.000000, 0.051032, 0
-0.499448, 0.000000, 0.866344, 0.000000, 1.000000, 0.000000, -0.866344, 0.000000, -0.499448, 0.998953, 0.000000, 0.050854, 0
-0.499552, 0.000000, 0.866284, 0.000000, 1.000000, 0.000000, -0.866284, 0.000000, -0.499552, 0.999151, 0.000000, 0.050693, 0
-0.499646, 0.000000, 0.866230, 0.000000, 1.000000, 0.000000, -0.866230, 0.000000, -0.499646, 0.999328, 0.000000, 0.050548, 0
-0.499728, 0.000000, 0.866182, 0.000000, 1.000000, 0.000000, -0.866182, 0.000000, -0.499728, 0.999485, 0.000000, 0.050420, 0
-0.499800, 0.000000, 0.866141, 0.000000, 1.000000, 0.000000, -0.866141, 0.000000, -0.499800, 0.999621, 0.000000, 0.050309, 0
-0.499861, 0.000000, 0.866106, 0.000000, 1.000000, 0.000000, -0.866106, 0.000000, -0.499861, 0.999737, 0.000000, 0.050215, 0
-0.499911, 0.000000, 0.866077, 0.000000, 1.000000, 0.000000, -0.866077, 0.000000, -0.499911, 0.999831, 0.000000, 0.050138, 0
-0.499950, 0.000000, 0.866054, 0.000000, 1.000000, 0.000000, -0.866054, 0.000000, -0.499950, 0.999905, 0.000000, 0.050078, 0
-0.499978, 0.000000, 0.866038, 0.000000, 1.000000, 0.000000, -0.866038, 0.000000, -0.499978, 0.999958, 0.000000, 0.050035, 0
-0.499994, 0.000000, 0.866029, 0.000000, 1.000000, 0.000000, -0.866029, 0.000000, -0.499994, 0.999989, 0.000000, 0.050009, 0
-0.500000, 0.000000, 0.866025, 0.000000, 1.000000, 0.000000, -0.866025, 0.000000, -0.500000, 1.000000, 0.000000, 0.050000, 0
-0.500000, 0.000000, 0.866025, 0.000000, 1.000000, 0.000000, -0.866025, 0.000000, -0.500000, 1.000000, 0.000000, 0.050000, 0
-0.500000, 0.000000, 0.866025, 0.000000, 1.000000, 0.000000, -0.866025, 0.000000, -0.500000, 1.000000, 0.000000, 0.049418, 0
-0.500000, 0.000000, 0.866025, 0.000000, 1.000000, 0.000000, -0.866025, 0.000000, -0.500000, 1.000000, 0.000000, 0.047821, 0
-0.500000, 0.000000, 0.866025, 0.000000, 1.000000, 0.000000, -0.866025, 0.000000, -0.500000, 1.000000, 0.000000, 0.045436, 0
-0.500000, 0.000000, 0.866025, 0.000000, 1.000000, 0.000000, -0.866025, 0.000000, -0.500000, 1.000000, 0.000000, 0.042487, 0
-0.500000, 0.000000, 0.866025, 0.000000, 1.000000, 0.000000, -0.866025, 0.000000, -0.500000, 1.000000, 0.000000, 0.039200, 0
-0.500000, 0.000000, 0.866025, 0.000000, 1.000000, 0.000000, -0.866025, 0.000000, -0.500000, 1.000000, 0.000000, 0.035800, 0
-0.500000, 0.000000, 0.866025, 0.000000, 1.000000, 0.000000, -0.866025, 0.000000, -0.500000, 1.000000, 0.000000, 0.032513, 0
-0.500000, 0.000000, 0.866025, 0.000000, 1.000000, 0.000000, -0.866025, 0.000000, -0.500000, 1.000000, 0.000000, 0.029564, 0
-0.500000, 0.000000, 0.866025, 0.000000, 1.000000, 0.000000, -0.866025, 0.000000, -0.500000, 1.000000, 0.000000, 0.027179, 0
-0.500000, 0.000000, 0.866025, 0.000000, 1.000000, 0.000000, -0.866025, 0.000000, -0.500000, 1.000000, 0.000000, 0.025582, 0
-0.500000, 0.000000, 0.866025, 0.000000, 1.000000, 0.000000, -0.866025, 0.000000, -0.500000, 1.000000, 0.000000, 0.025000, 0
-0.500000, 0.000000, 0.866025, 0.000000, 1.000000, 0.000000, -0.866025, 0.000000, -0.500000, 1.000000, 0.000000, 0.025000, 1
-0.500000, 0.000000, 0.866025, 0.000000, 1.000000, 0.000000, -0.866025, 0.000000, -0.500000, 1.000000, 0.000000, 0.025000, 1
-0.500000, 0.000000, 0.866025, 0.000000, 1.000000, 0.000000, -0.866025, 0.000000, -0.500000, 1.000000, 0.000000, 0.025000, 1
-0.500000, 0.000000, 0.866025, 0.000000, 1.000000, 0.000000, -0.866025, 0.000000, -0.500000, 1.000000, 0.000000, 0.025000, 1
-0.500000, 0.000000, 0.866025, 0.000000, 1.000000, 0.000000, -0.866025, 0.000000, -0.500000, 1.000000, 0.000000, 0.025000, 1
-0.500000, 0.000000, 0.866025, 0.000000, 1.000000, 0.000000, -0.866025, 0.000000, -0.500000, 1.000000, 0.000000, 0.025000, 1
-0.500000, 0.000000, 0.866025, 0.000000, 1.000000, 0.000000, -0.866025, 0.000000, -0.500000, 1.000000, 0.000000, 0.025000, 1
-0.500000, 0.000000, 0.866025, 0.000000, 1.000000, 0.000000, -0.866025, 0.000000, -0.500000, 1.000000, 0.000000, 0.025000, 1
-0.500000, 0.000000, 0.866025, 0.000000, 1.000000, 0.000000, -0.866025, 0.000000, -0.500000, 1.000000, 0.000000, 0.025000, 1
-0.500000, 0.000000, 0.866025, 0.000000, 1.000000, 0.000000, -0.866025, 0.000000, -0.500000, 1.000000, 0.000000, 0.025000, 1
-0.500000, 0.000000, 0.866025, 0.000000, 1.000000, 0.000000, -0.866025, 0.000000, -0.500000, 1.000000, 0.000000, 0.025000, 1
-0.500000, 0.000000, 0.866025, 0.000000, 1.000000, 0.000000, -0.866025, 0.000000, -0.500000, 1.000000, 0.000000, 0.025000, 1
-0.500000, 0.000000, 0.866025, 0.000000, 1.000000, 0.000000, -0.866025, 0.000000, -0.500000, 1.000000, 0.000000, 0.025000, 1
-0.500000, 0.000000, 0.866025, 0.000000, 1.000000, 0.000000, -0.866025, 0.000000, -0.500000, 1.000000, 0.000000, 0.025000, 1
-0.500000, 0.000000, 0.866025, 0.000000, 1.000000, 0.000000, -0.866025, 0.000000, -0.500000, 1.000000, 0.000000, 0.025000, 1
-0.500000, 0.000000, 0.866025, 0.000000, 1.000000, 0.000000, -0.866025, 0.000000, -0.500000, 1.000000, 0.000000, 0.025000, 1
-0.500000, 0.000000, 0.866025, 0.000000, 1.000000, 0.000000, -0.866025, 0.000000, -0.500000, 1.000000, 0.000000, 0.025000, 1
-0.500000, 0.000000, 0.866025, 0.000000, 1.000000, 0.000000, -0.866025, 0.000000, -0.500000, 1.000000, 0.000000, 0.025000, 1
-0.500000, 0.000000, 0.866025, 0.000000, 1.000000, 0.000000, -0.866025, 0.000000, -0.500000, 1.000000, 0.000000, 0.025000, 1
-0.500000, 0.000000, 0.866025, 0.000000, 1.000000, 0.000000, -0.866025, 0.000000, -0.500000, 1.000000, 0.000000, 0.025000, 1
-0.500000, 0.000000, 0.866025, 0.000000, 1.000000, 0.000000, -0.866025, 0.000000, -0.500000, 1.000000, 0.000000, 0.025000, 1
-0.500000, 0.000000, 0.866025, 0.000000, 1.000000, 0.000000, -0.866025, 0.000000, -0.500000, 1.000000, 0.000000, 0.025000, 1
-0.500000, 0.000000, 0.866025, 0.000000, 1.000000, 0.000000, -0.866025, 0.000000, -0.500000, 1.000000, 0.000000, 0.025000, 1
-0.500000, 0.000000, 0.866025, 0.000000, 1.000000, 0.000000, -0.866025, 0.000000, -0.500000, 1.000000, 0.000000, 0.025000, 1
-0.500000, 0.000000, 0.866025, 0.000000, 1.000000, 0.000000, -0.866025, 0.000000, -0.500000, 1.000000, 0.000000, 0.025000, 1
-0.500000, 0.000000, 0.866025, 0.000000, 1.000000, 0.000000, -0.866025, 0.000000, -0.500000, 1.000000, 0.000000, 0.025000, 1
-0.500000, 0.000000, 0.866025, 0.000000, 1.000000, 0.000000, -0.866025, 0.000000, -0.500000, 1.000000, 0.000000, 0.025000, 1
-0.500000, 0.000000, 0.866025, 0.000000, 1.000000, 0.000000, -0.866025, 0.000000, -0.500000, 1.000000, 0.000000, 0.025000, 1
-0.500000, 0.000000, 0.866025, 0.000000, 1.000000, 0.000000, -0.866025, 0.000000, -0.500000, 1.000000, 0.000000, 0.025000, 1
-0.500000, 0.000000, 0.866025, 0.000000, 1.000000, 0.000000, -0.866025, 0.000000, -0.500000, 1.000000, 0.000000, 0.025000, 1
-0.500000, 0.000000, 0.866025, 0.000000, 1.000000, 0.000000, -0.866025, 0.000000, -0.500000, 1.000000, 0.000000, 0.025000, 1
-0.500000, 0.000000, 0.866025, 0.000000, 1.000000, 0.000000, -0.866025, 0.000000, -0.500000, 1.000000, 0.000000, 0.025000, 1
-0.500000, 0.000000, 0.866025, 0.000000, 1.000000, 0.000000, -0.866025, 0.000000, -0.500000, 1.000000, 0.000000, 0.025000, 1
-0.500000, 0.000000, 0.866025, 0.000000, 1.000000, 0.000000, -0.866025, 0.000000, -0.500000, 1.000000, 0.000000, 0.025000, 1
-0.500000, 0.000000, 0.866025, 0.000000, 1.000000, 0.000000, -0.866025, 0.000000, -0.500000, 1.000000, 0.000000, 0.025000, 1
-0.500000, 0.000000, 0.866025, 0.000000, 1.000000, 0.000000, -0.866025, 0.000000, -0.500000, 1.000000, 0.000000, 0.025000, 1
-0.500000, 0.000000, 0.866025, 0.000000, 1.000000, 0.000000, -0.866025, 0.000000, -0.500000, 1.000000, 0.000000, 0.025000, 1
-0.500000, 0.000000, 0.866025, 0.000000, 1.000000, 0.000000, -0.866025, 0.000000, -0.500000, 1.000000, 0.000000, 0.025000, 1
-0.500000, 0.000000, 0.866025, 0.000000, 1.000000, 0.000000, -0.866025, 0.000000, -0.500000, 1.000000, 0.000000, 0.025000, 1
-0.500000, 0.000000, 0.866025, 0.000000, 1.000000, 0.000000, -0.866025, 0.000000, -0.500000, 1.000000, 0.000000, 0.025000, 1
-0.500000, 0.000000, 0.866025, 0.000000, 1.000000, 0.000000, -0.866025, 0.000000, -0.500000, 1.000000, 0.000000, 0.025000, 1
-0.500000, 0.000000, 0.866025, 0.000000, 1.000000, 0.000000, -0.866025, 0.000000, -0.500000, 1.000000, 0.000000, 0.025000, 1
-0.500000, 0.000000, 0.866025, 0.000000, 1.000000, 0.000000, -0.866025, 0.000000, -0.500000, 1.000000, 0.000000, 0.025000, 1
-0.500000, 0.000000, 0.866025, 0.000000, 1.000000, 0.000000, -0.866025, 0.000000, -0.500000, 1.000000, 0.000000, 0.025000, 1
-0.500000, 0.000000, 0.866025, 0.000000, 1.000000, 0.000000, -0.866025, 0.000000, -0.500000, 1.000000, 0.000000, 0.025000, 1
-0.500000, 0.000000, 0.866025, 0.000000, 1.000000, 0.000000, -0.866025, 0.000000, -0.500000, 1.000000, 0.000000, 0.025000, 1
-0.500000, 0.000000, 0.866025, 0.000000, 1.000000, 0.000000, -0.866025, 0.000000, -0.500000, 1.000000, 0.000000, 0.025000, 1
-0.500000, 0.000000, 0.866025, 0.000000, 1.000000, 0.000000, -0.866025, 0.000000, -0.500000, 1.000000, 0.000000, 0.025000, 1
-0.500000, 0.000000, 0.866025, 0.000000, 1.000000, 0.000000, -0.866025, 0.000000, -0.500000, 1.000000, 0.000000, 0.025000, 1
-0.500000, 0.000000, 0.866025, 0.000000, 1.000000, 0.000000, -0.866025, 0.000000, -0.500000, 1.000000, 0.000000, 0.025000, 1
-0.500000, 0.000000, 0.866025, 0.000000, 1.000000, 0.000000, -0.866025, 0.000000, -0.500000, 1.000000, 0.000000, 0.025000, 1
-0.500000, 0.000000, 0.866025, 0.000000, 1.000000, 0.000000, -0.866025, 0.000000, -0.500000, 1.000000, 0.000000, 0.025000, 1
-0.500000, 0.000000, 0.866025, 0.000000, 1.000000, 0.000000, -0.866025, 0.000000, -0.500000, 1.000000, 0.000000, 0.025000, 1
-0.500000, 0.000000, 0.866025, 0.000000, 1.000000, 0.000000, -0.866025, 0.000000, -0.500000, 1.000000, 0.000000, 0.025000, 1
-0.500000, 0.000000, 0.866025, 0.000000, 1.000000, 0.000000, -0.866025, 0.000000, -0.500000, 1.000000, 0.000000, 0.025000, 1
-0.500000, 0.000000, 0.866025, 0.000000, 1.000000, 0.000000, -0.866025, 0.000000, -0.500000, 1.000000, 0.000000, 0.025000, 1
-0.500000, 0.000000, 0.866025, 0.000000, 1.000000, 0.000000, -0.866025, 0.000000, -0.500000, 1.000000, 0.000000, 0.025000, 1
-0.500000, 0.000000, 0.866025, 0.000000, 1.000000, 0.000000, -0.866025, 0.000000, -0.500000, 1.000000, 0.000000, 0.025000, 1
-0.500000, 0.000000, 0.866025, 0.000000, 1.000000, 0.000000, -0.866025, 0.000000, -0.500000, 1.000000, 0.000000, 0.025000, 1
-0.500000, 0.000000, 0.866025, 0.000000, 1.000000, 0.000000, -0.866025, 0.000000, -0.500000, 1.000000, 0.000000, 0.025000, 1
-0.500000, 0.000000, 0.866025, 0.000000, 1.000000, 0.000000, -0.866025, 0.000000, -0.500000, 1.000000, 0.000000, 0.025000, 1
-0.500000, 0.000000, 0.866025, 0.000000, 1.000000, 0.000000, -0.866025, 0.000000, -0.500000, 1.000000, 0.000000, 0.025000, 1
-0.500000, 0.000000, 0.866025, 0.000000, 1.000000, 0.000000, -0.866025, 0.000000, -0.500000, 1.000000, 0.000000, 0.025000, 1
-0.500000, 0.000000, 0.866025, 0.000000, 1.000000, 0.000000, -0.866025, 0.000000, -0.500000, 1.000000, 0.000000, 0.025000, 1
-0.500000, 0.000000, 0.866025, 0.000000, 1.000000, 0.000000, -0.866025, 0.000000, -0.500000, 1.000000, 0.000000, 0.025000, 1
-0.500000, 0.000000, 0.866025, 0.000000, 1.000000, 0.000000, -0.866025, 0.000000, -0.500000, 1.000000, 0.000000, 0.025582, 1
-0.500000, 0.000000, 0.866025, 0.000000, 1.000000, 0.000000, -0.866025, 0.000000, -0.500000, 1.000000, 0.000000, 0.027179, 1
-0.500000, 0.000000, 0.866025, 0.000000, 1.000000, 0.000000, -0.866025, 0.000000, -0.500000, 1.000000, 0.000000, 0.029564, 1
-0.500000, 0.000000, 0.866025, 0.000000, 1.000000, 0.000000, -0.866025, 0.000000, -0.500000, 1.000000, 0.000000, 0.032513, 1
-0.500000, 0.000000, 0.866025, 0.000000, 1.000000, 0.000000, -0.866025, 0.000000, -0.500000, 1.000000, 0.000000, 0.035800, 1
-0.500000, 0.000000, 0.866025, 0.000000, 1.000000, 0.000000, -0.866025, 0.000000, -0.500000, 1.000000, 0.000000, 0.039200, 1
-0.500000, 0.000000, 0.866025, 0.000000, 1.000000, 0.000000, -0.866025, 0.000000, -0.500000, 1.000000, 0.000000, 0.042487, 1
-0.500000, 0.000000, 0.866025, 0.000000, 1.000000, 0.000000, -0.866025, 0.000000, -0.500000, 1.000000, 0.000000, 0.045436, 1
-0.500000, 0.000000, 0.866025, 0.000000, 1.000000, 0.000000, -0.866025, 0.000000, -0.500000, 1.000000, 0.000000, 0.047821, 1
-0.500000, 0.000000, 0.866025, 0.000000, 1.000000, 0.000000, -0.866025, 0.000000, -0.500000, 1.000000, 0.000000, 0.049418, 1
-0.500000, 0.000000, 0.866025, 0.000000, 1.000000, 0.000000, -0.866025, 0.000000, -0.500000, 1.000000, 0.000000, 0.050000, 1
-0.500000, 0.000000, 0.866025, 0.000000, 1.000000, 0.000000, -0.866025, 0.000000, -0.500000, 1.000000, 0.000000, 0.050000, 1
-0.500000, 0.000012, 0.866025, 0.000006, 1.000000, -0.000010, -0.866025, -0.000000, -0.500000, 1.000000, -0.000012, 0.050000, 1
-0.500000, 0.000047, 0.866025, 0.000023, 1.000000, -0.000040, -0.866025, -0.000000, -0.500000, 1.000000, -0.000047, 0.050000, 1
-0.500000, 0.000105, 0.866025, 0.000052, 1.000000, -0.000091, -0.866025, -0.000000, -0.500000, 1.000000, -0.000105, 0.050000, 1
-0.500000, 0.000186, 0.866025, 0.000093, 1.000000, -0.000161, -0.866025, -0.000000, -0.500000, 1.000000, -0.000186, 0.050000, 1
-0.500000, 0.000290, 0.866025, 0.000145, 1.000000, -0.000251, -0.866025, -0.000000, -0.500000, 1.000000, -0.000290, 0.050000, 1
-0.500000, 0.000417, 0.866025, 0.000208, 1.000000, -0.000361, -0.866025, -0.000000, -0.500000, 1.000000, -0.000417, 0.050000, 1
-0.500000, 0.000567, 0.866025, 0.000283, 1.000000, -0.000491, -0.866025, 0.000000, -0.500000, 1.000000, -0.000567, 0.050000, 1
-0.500000, 0.000739, 0.866025, 0.000370, 1.000000, -0.000640, -0.866025, -0.000000, -0.500000, 1.000000, -0.000739, 0.050000, 1
-0.500000, 0.000935, 0.866025, 0.000467, 1.000000, -0.000810, -0.866025, -0.000000, -0.500000, 1.000000, -0.000935, 0.050000, 1
-0.500000, 0.001153, 0.866025, 0.000576, 0.999999, -0.000998, -0.866025, -0.000000, -0.500000, 0.999999, -0.001153, 0.050000, 1
-0.500000, 0.001393, 0.866025, 0.000697, 0.999999, -0.001207, -0.866025, -0.000000, -0.500000, 0.999999, -0.001393, 0.050000, 1
-0.499999, 0.001657, 0.866024, 0.000828, 0.999999, -0.001435, -0.866025, -0.000000, -0.500000, 0.999999, -0.001657, 0.050000, 1
-0.499999, 0.001942, 0.866024, 0.000971, 0.999998, -0.001682, -0.866025, -0.000000, -0.500000, 0.999998, -0.001942, 0.050000, 1
-0.499999, 0.002250, 0.866023, 0.001125, 0.999997, -0.001948, -0.866025, -0.000000, -0.500000, 0.999997, -0.002250, 0.050000, 1
-0.499998, 0.002580, 0.866023, 0.001290, 0.999997, -0.002234, -0.866025, -0.000000, -0.500000, 0.999997, -0.002580, 0.050000, 1
-0.499998, 0.002932, 0.866022, 0.001466, 0.999996, -0.002540, -0.866025, -0.000000, -0.500000, 0.999996, -0.002932, 0.050000, 1
-0.499997, 0.003307, 0.866021, 0.001653, 0.999995, -0.002864, -0.866025, -0.000000, -0.500000, 0.999995, -0.003307, 0.050000, 1
-0.499997, 0.003703, 0.866019, 0.001852, 0.999993, -0.003207, -0.866025, -0.000000, -0.500000, 0.999993, -0.003703, 0.050000, 1
-0.499996, 0.004122, 0.866018, 0.002061, 0.999992, -0.003570, -0.866025, 0.000000, -0.500000, 0.999992, -0.004122, 0.050000, 1
-0.499995, 0.004562, 0.866016, 0.002281, 0.999990, -0.003951, -0.866025, -0.000000, -0.500000, 0.999990, -0.004562, 0.050000, 1
-0.499994, 0.005025, 0.866014, 0.002512, 0.999987, -0.004351, -0.866025, -0.000000, -0.500000, 0.999987, -0.005025, 0.050000, 1
-0.499992, 0.005509, 0.866012, 0.002754, 0.999985, -0.004771, -0.866025, -0.000000, -0.500000, 0.999985, -0.005509, 0.050000, 1
-0.499991, 0.006014, 0.866010, 0.003007, 0.999982, -0.005208, -0.866025, -0.000000, -0.500000, 0.999982, -0.006014, 0.050000, 1
-0.499989, 0.006542, 0.866007, 0.003271, 0.999979, -0.005665, -0.866025, -0.000000, -0.500000, 0.999979, -0.006542, 0.050000, 1
-0.499987, 0.007090, 0.866004, 0.003545, 0.999975, -0.006140, -0.866025, -0.000000, -0.500000, 0.999975, -0.007090, 0.050000, 1
-0.499985, 0.007661, 0.866000, 0.003830, 0.999971, -0.006634, -0.866025, -0.000000, -0.500000, 0.999971, -0.007661, 0.050000, 1
-0.499983, 0.008252, 0.865996, 0.004126, 0.999966, -0.007147, -0.866025, -0.000000, -0.500000, 0.999966, -0.008252, 0.050000, 1
-0.499980, 0.008865, 0.865991, 0.004433, 0.999961, -0.007678, -0.866025, -0.000000, -0.500000, 0.999961, -0.008865, 0.050000, 1
-0.499977, 0.009500, 0.865986, 0.004750, 0.999955, -0.008227, -0.866025, -0.000000, -0.500000, 0.999955, -0.009500, 0.050000, 1
-0.499974, 0.010155, 0.865981, 0.005078, 0.999948, -0.008795, -0.866025, -0.000000, -0.500000, 0.999948, -0.010155, 0.050000, 1
-0.499971, 0.010832, 0.865975, 0.005416, 0.999941, -0.009380, -0.866025, -0.000000, -0.500000, 0.999941, -0.010832, 0.050000, 1
-0.499967, 0.011529, 0.865968, 0.005765, 0.999934, -0.009985, -0.866025, -0.000000, -0.500000, 0.999934, -0.011529, 0.050000, 1
-0.499962, 0.012248, 0.865960, 0.006124, 0.999925, -0.010607, -0.866025, -0.000000, -0.500000, 0.999925, -0.012248, 0.050000, 1
-0.499958, 0.012987, 0.865952, 0.006494, 0.999916, -0.011247, -0.866025, -0.000000, -0.500000, 0.999916, -0.012987, 0.050000, 1
-0.499953, 0.013747, 0.865944, 0.006874, 0.999906, -0.011905, -0.866025, -0.000000, -0.500000, 0.999906, -0.013747, 0.050000, 1
-0.499947, 0.014528, 0.865934, 0.007264, 0.999894, -0.012582, -0.866025, 0.000000, -0.500000, 0.999894, -0.014528, 0.050000, 1
-0.499941, 0.015330, 0.865924, 0.007665, 0.999882, -0.013276, -0.866025, -0.000000, -0.500000, 0.999882, -0.015330, 0.050000, 1
-0.499935, 0.016152, 0.865912, 0.008076, 0.999870, -0.013988, -0.866025, -0.000000, -0.500000, 0.999870, -0.016152, 0.050000, 1
-0.499928, 0.016994, 0.865900, 0.008497, 0.999856, -0.014718, -0.866025, 0.000000, -0.500000, 0.999856, -0.016994, 0.050000, 1
-0.499920, 0.017858, 0.865887, 0.008929, 0.999841, -0.015465, -0.866025, -0.000000, -0.500000, 0.999841, -0.017858, 0.050000, 1
-0.499912, 0.018741, 0.865873, 0.009370, 0.999824, -0.016230, -0.866025, -0.000000, -0.500000, 0.999824, -0.018741, 0.050000, 1
-0.499904, 0.019645, 0.865858, 0.009822, 0.999807, -0.017013, -0.866025, 0.000000, -0.500000, 0.999807, -0.019645, 0.050000, 1
-0.499894, 0.020569, 0.865842, 0.010284, 0.999788, -0.017813, -0.866025, -0.000000, -0.500000, 0.999788, -0.020569, 0.050000, 1
-0.499884, 0.021513, 0.865825, 0.010756, 0.999769, -0.018630, -0.866025, -0.000000, -0.500000, 0.999769, -0.021513, 0.050000, 1
-0.499874, 0.022477, 0.865807, 0.011238, 0.999747, -0.019465, -0.866025, 0.000000, -0.500000, 0.999747, -0.022477, 0.050000, 1
-0.499862, 0.023461, 0.865787, 0.011730, 0.999725, -0.020318, -0.866025, -0.000000, -0.500000, 0.999725, -0.023461, 0.050000, 1
-0.499850, 0.024465, 0.865766, 0.012232, 0.999701, -0.021187, -0.866025, -0.000000, -0.500000, 0.999701, -0.024465, 0.050000, 1
-0.499838, 0.025488, 0.865744, 0.012744, 0.999675, -0.022074, -0.866025, -0.000000, -0.500000, 0.999675, -0.025488, 0.050000, 1
-0.499824, 0.026532, 0.865721, 0.013266, 0.999648, -0.022977, -0.866025, -0.000000, -0.500000, 0.999648, -0.026532, 0.050000, 1
-0.499810, 0.027595, 0.865696, 0.013798, 0.999619, -0.023898, -0.866025, -0.000000, -0.500000, 0.999619, -0.027595, 0.050000, 1
-0.499794, 0.028678, 0.865669, 0.014339, 0.999589, -0.024836, -0.866025, -0.000000, -0.500000, 0.999589, -0.028678, 0.050000, 1
-0.499778, 0.029780, 0.865641, 0.014890, 0.999556, -0.025790, -0.866025, -0.000000, -0.500000, 0.999556, -0.029780, 0.050000, 1
-0.499761, 0.030902, 0.865612, 0.015451, 0.999522, -0.026762, -0.866025, -0.000000, -0.500000, 0.999522, -0.030902, 0.050000, 1
-0.499743, 0.032043, 0.865581, 0.016022, 0.999486, -0.027750, -0.866025, -0.000000, -0.500000, 0.999486, -0.032043, 0.050000, 1
-0.499724, 0.033203, 0.865548, 0.016602, 0.999449, -0.028755, -0.866025, -0.000000, -0.500000, 0.999449, -0.033203, 0.050000, 1
-0.499704, 0.034383, 0.865513, 0.017192, 0.999409, -0.029777, -0.866025, -0.000000, -0.500000, 0.999409, -0.034383, 0.050000, 1
-0.499683, 0.035582, 0.865477, 0.017791, 0.999367, -0.030815, -0.866025, -0.000000, -0.500000, 0.999367, -0.035582, 0.050000, 1
-0.499661, 0.036800, 0.865439, 0.018400, 0.999323, -0.031869, -0.866025, -0.000000, -0.500000, 0.999323, -0.036800, 0.050000, 1
-0.499638, 0.038037, 0.865399, 0.019018, 0.999276, -0.032941, -0.866025, -0.000000, -0.500000, 0.999276, -0.038037, 0.050000, 1
-0.499614, 0.039292, 0.865357, 0.019646, 0.999228, -0.034028, -0.866025, -0.000000, -0.500000, 0.999228, -0.039292, 0.050000, 1
-0.499588, 0.040567, 0.865313, 0.020283, 0.999177, -0.035132, -0.866025, -0.000000, -0.500000, 0.999177, -0.040567, 0.050000, 1
-0.499562, 0.041860, 0.865266, 0.020930, 0.999123, -0.036252, -0.866025, -0.000000, -0.500000, 0.999123, -0.041860, 0.050000, 1
-0.499534, 0.043172, 0.865218, 0.021586, 0.999068, -0.037388, -0.866025, 0.000000, -0.500000, 0.999068, -0.043172, 0.050000, 1
-0.499505, 0.044503, 0.865167, 0.022251, 0.999009, -0.038540, -0.866025, -0.000000, -0.500000, 0.999009, -0.044503, 0.050000, 1
-0.499474, 0.045852, 0.865115, 0.022926, 0.998948, -0.039709, -0.866025, -0.000000, -0.500000, 0.998948, -0.045852, 0.050000, 1
-0.499442, 0.047219, 0.865059, 0.023610, 0.998885, -0.040893, -0.866025, -0.000000, -0.500000, 0.998885, -0.047219, 0.050000, 1
-0.499409, 0.048605, 0.865002, 0.024302, 0.998818, -0.042093, -0.866025, -0.000000, -0.500000, 0.998818, -0.048605, 0.050000, 1
-0.499374, 0.050009, 0.864942, 0.025005, 0.998749, -0.043309, -0.866025, -0.000000, -0.500000, 0.998749, -0.050009, 0.050000, 1
-0.499338, 0.051431, 0.864879, 0.025716, 0.998677, -0.044541, -0.866025, -0.000000, -0.500000, 0.998677, -0.051431, 0.050000, 1
-0.499301, 0.052872, 0.864814, 0.026436, 0.998601, -0.045788, -0.866025, -0.000000, -0.500000, 0.998601, -0.052872, 0.050000, 1
-0.499262, 0.054330, 0.864746, 0.027165, 0.998523, -0.047051, -0.866025, -0.000000, -0.500000, 0.998523, -0.054330, 0.050000, 1
-0.499221, 0.055807, 0.864676, 0.027903, 0.998442, -0.048330, -0.866025, -0.000000, -0.500000, 0.998442, -0.055807, 0.050000, 1
-0.499178, 0.057301, 0.864602, 0.028651, 0.998357, -0.049624, -0.866025, -0.000000, -0.500000, 0.998357, -0.057301, 0.050000, 1
-0.499135, 0.058813, 0.864526, 0.029407, 0.998269, -0.050934, -0.866025, -0.000000, -0.500000, 0.998269, -0.058813, 0.050000, 1
-0.499089, 0.060343, 0.864447, 0.030171, 0.998178, -0.052258, -0.866025, -0.000000, -0.500000, 0.998178, -0.060343, 0.050000, 1
-0.499041, 0.061890, 0.864365, 0.030945, 0.998083, -0.053599, -0.866025, 0.000000, -0.500000, 0.998083, -0.061890, 0.050000, 1
-0.498992, 0.063455, 0.864280, 0.031728, 0.997985, -0.054954, -0.866025, -0.000000, -0.500000, 0.997985, -0.063455, 0.050000, 1
-0.498941, 0.065038, 0.864192, 0.032519, 0.997883, -0.056324, -0.866025, -0.000000, -0.500000, 0.997883, -0.065038, 0.050000, 1
-0.498889, 0.066638, 0.864100, 0.033319, 0.997777, -0.057710, -0.866025, -0.000000, -0.500000, 0.997777, -0.066638, 0.050000, 1
-0.498834, 0.068255, 0.864006, 0.034127, 0.997668, -0.059110, -0.866025, -0.000000, -0.500000, 0.997668, -0.068255, 0.050000, 1
-0.498777, 0.069889, 0.863908, 0.034944, 0.997555, -0.060526, -0.866025, -0.000000, -0.500000, 0.997555, -0.069889, 0.050000, 1
-0.498719, 0.071540, 0.863806, 0.035770, 0.997438, -0.061956, -0.866025, -0.000000, -0.500000, 0.997438, -0.071540, 0.050000, 1
-0.498658, 0.073209, 0.863702, 0.036604, 0.997317, -0.063401, -0.866025, -0.000000, -0.500000, 0.997317, -0.073209, 0.050000, 1
-0.498596, 0.074894, 0.863593, 0.037447, 0.997191, -0.064860, -0.866025, -0.000000, -0.500000, 0.997191, -0.074894, 0.050000, 1
-0.498531, 0.076597, 0.863481, 0.038298, 0.997062, -0.066335, -0.866025, -0.000000, -0.500000, 0.997062, -0.076597, 0.050000, 1
-0.498464, 0.078316, 0.863365, 0.039158, 0.996929, -0.067824, -0.866025, -0.000000, -0.500000, 0.996929, -0.078316, 0.050000, 1
-0.498395, 0.080052, 0.863246, 0.040026, 0.996791, -0.069327, -0.866025, -0.000000, -0.500000, 0.996791, -0.080052, 0.050000, 1
-0.498324, 0.081804, 0.863123, 0.040902, 0.996648, -0.070845, -0.866025, 0.000000, -0.500000, 0.996648, -0.081804, 0.050000, 1
-0.498251, 0.083573, 0.862996, 0.041787, 0.996502, -0.072377, -0.866025, 0.000000, -0.500000, 0.996502, -0.083573, 0.050000, 1
-0.498175, 0.085359, 0.862865, 0.042679, 0.996350, -0.073923, -0.866025, -0.000000, -0.500000, 0.996350, -0.085359, 0.050000, 1
-0.498097, 0.087161, 0.862730, 0.043580, 0.996194, -0.075483, -0.866025, 0.000000, -0.500000, 0.996194, -0.087161, 0.050000, 1
-0.498017, 0.088979, 0.862590, 0.044489, 0.996034, -0.077058, -0.866025, -0.000000, -0.500000, 0.996034, -0.088979, 0.050000, 1
-0.497934, 0.090813, 0.862447, 0.045407, 0.995868, -0.078647, -0.866025, -0.000000, -0.500000, 0.995868, -0.090813, 0.050000, 1
-0.497849, 0.092664, 0.862299, 0.046332, 0.995697, -0.080249, -0.866025, -0.000000, -0.500000, 0.995697, -0.092664, 0.050000, 1
-0.497761, 0.094530, 0.862147, 0.047265, 0.995522, -0.081865, -0.866025, -0.000000, -0.500000, 0.995522, -0.094530, 0.050000, 1
-0.497671, 0.096412, 0.861991, 0.048206, 0.995341, -0.083496, -0.866025, -0.000000, -0.500000, 0.995341, -0.096412, 0.050000, 1
-0.497578, 0.098311, 0.861830, 0.049155, 0.995156, -0.085140, -0.866025, -0.000000, -0.500000, 0.995156, -0.098311, 0.050000, 1
-0.497482, 0.100225, 0.861665, 0.050112, 0.994965, -0.086797, -0.866025, -0.000000, -0.500000, 0.994965, -0.100225, 0.050000, 1
-0.497384, 0.102154, 0.861495, 0.051077, 0.994769, -0.088468, -0.866025, -0.000000, -0.500000, 0.994769, -0.102154, 0.050000, 1
-0.497283, 0.104100, 0.861320, 0.052050, 0.994567, -0.090153, -0.866025, -0.000000, -0.500000, 0.994567, -0.104100, 0.050000, 1
-0.497180, 0.106060, 0.861141, 0.053030, 0.994360, -0.091851, -0.866025, -0.000000, -0.500000, 0.994360, -0.106060, 0.050000, 1
-0.497073, 0.108036, 0.860957, 0.054018, 0.994147, -0.093562, -0.866025, -0.000000, -0.500000, 0.994147, -0.108036, 0.050000, 1
-0.496964, 0.110028, 0.860767, 0.055014, 0.993929, -0.095287, -0.866025, -0.000000, -0.500000, 0.993929, -0.110028, 0.050000, 1
-0.496852, 0.112034, 0.860573, 0.056017, 0.993704, -0.097025, -0.866025, -0.000000, -0.500000, 0.993704, -0.112034, 0.050000, 1
-0.496737, 0.114056, 0.860374, 0.057028, 0.993474, -0.098776, -0.866025, -0.000000, -0.500000, 0.993474, -0.114056, 0.050000, 1
-0.496619, 0.116093, 0.860170, 0.058046, 0.993238, -0.100539, -0.866025, -0.000000, -0.500000, 0.993238, -0.116093, 0.050000, 1
-0.496498, 0.118145, 0.859960, 0.059072, 0.992996, -0.102316, -0.866025, -0.000000, -0.500000, 0.992996, -0.118145, 0.050000, 1
-0.496374, 0.120211, 0.859745, 0.060106, 0.992748, -0.104106, -0.866025, -0.000000, -0.500000, 0.992748, -0.120211, 0.050000, 1
-0.496247, 0.122292, 0.859525, 0.061146, 0.992494, -0.105908, -0.866025, -0.000000, -0.500000, 0.992494, -0.122292, 0.050000, 1
-0.496117, 0.124388, 0.859300, 0.062194, 0.992234, -0.107724, -0.866025, -0.000000, -0.500000, 0.992234, -0.124388, 0.050000, 1
-0.495983, 0.126499, 0.859068, 0.063249, 0.991967, -0.109551, -0.866025, -0.000000, -0.500000, 0.991967, -0.126499, 0.050000, 1
-0.495847, 0.128624, 0.858832, 0.064312, 0.991693, -0.111392, -0.866025, -0.000000, -0.500000, 0.991693, -0.128624, 0.050000, 1
-0.495707, 0.130763, 0.858589, 0.065382, 0.991414, -0.113244, -0.866025, 0.000000, -0.500000, 0.991414, -0.130763, 0.050000, 1
-0.495564, 0.132917, 0.858341, 0.066458, 0.991127, -0.115109, -0.866025, -0.000000, -0.500000, 0.991127, -0.132917, 0.050000, 1
-0.495417, 0.135085, 0.858087, 0.067542, 0.990834, -0.116987, -0.866025, -0.000000, -0.500000, 0.990834, -0.135085, 0.050000, 1
-0.495267, 0.137267, 0.857828, 0.068633, 0.990534, -0.118876, -0.866025, -0.000000, -0.500000, 0.990534, -0.137267, 0.050000, 1
-0.495114, 0.139463, 0.857562, 0.069731, 0.990227, -0.120778, -0.866025, -0.000000, -0.500000, 0.990227, -0.139463, 0.050000, 1
-0.494957, 0.141672, 0.857290, 0.070836, 0.989914, -0.122692, -0.866025, -0.000000, -0.500000, 0.989914, -0.141672, 0.050000, 1
-0.494796, 0.143896, 0.857013, 0.071948, 0.989593, -0.124618, -0.866025, -0.000000, -0.500000, 0.989593, -0.143896, 0.050000, 1
-0.494632, 0.146133, 0.856729, 0.073067, 0.989265, -0.126555, -0.866025, -0.000000, -0.500000, 0.989265, -0.146133, 0.050000, 1
-0.494465, 0.148384, 0.856438, 0.074192, 0.988930, -0.128504, -0.866025, 0.000000, -0.500000, 0.988930, -0.148384, 0.050000, 1
-0.494294, 0.150649, 0.856142, 0.075324, 0.988587, -0.130465, -0.866025, -0.000000, -0.500000, 0.988587, -0.150649, 0.050000, 1
-0.494119, 0.152926, 0.855839, 0.076463, 0.988238, -0.132438, -0.866025, 0.000000, -0.500000, 0.988238, -0.152926, 0.050000, 1
-0.493940, 0.155217, 0.855529, 0.077609, 0.987880, -0.134422, -0.866025, 0.000000, -0.500000, 0.987880, -0.155217, 0.050000, 1
-0.493758, 0.157522, 0.855214, 0.078761, 0.987516, -0.136418, -0.866025, -0.000000, -0.500000, 0.987516, -0.157522, 0.050000, 1
-0.493572, 0.159839, 0.854891, 0.079920, 0.987143, -0.138425, -0.866025, -0.000000, -0.500000, 0.987143, -0.159839, 0.050000, 1
-0.493381, 0.162170, 0.854562, 0.081085, 0.986763, -0.140443, -0.866025, -0.000000, -0.500000, 0.986763, -0.162170, 0.050000, 1
-0.493187, 0.164513, 0.854226, 0.082256, 0.986375, -0.142472, -0.866025, -0.000000, -0.500000, 0.986375, -0.164513, 0.050000, 1
-0.492990, 0.166869, 0.853883, 0.083434, 0.985979, -0.144513, -0.866025, -0.000000, -0.500000, 0.985979, -0.166869, 0.050000, 1
-0.492788, 0.169238, 0.853533, 0.084619, 0.985575, -0.146564, -0.866025, -0.000000, -0.500000, 0.985575, -0.169238, 0.050000, 1
-0.492582, 0.171619, 0.853177, 0.085810, 0.985163, -0.148627, -0.866025, -0.000000, -0.500000, 0.985163, -0.171619, 0.050000, 1
-0.492372, 0.174013, 0.852813, 0.087006, 0.984743, -0.150700, -0.866025, -0.000000, -0.500000, 0.984743, -0.174013, 0.050000, 1
-0.492158, 0.176419, 0.852442, 0.088210, 0.984315, -0.152784, -0.866025, 0.000000, -0.500000, 0.984315, -0.176419, 0.050000, 1
-0.491939, 0.178838, 0.852064, 0.089419, 0.983879, -0.154878, -0.866025, -0.000000, -0.500000, 0.983879, -0.178838, 0.050000, 1
-0.491717, 0.181269, 0.851679, 0.090634, 0.983434, -0.156983, -0.866025, -0.000000, -0.500000, 0.983434, -0.181269, 0.050000, 1
-0.491490, 0.183711, 0.851286, 0.091856, 0.982980, -0.159099, -0.866025, -0.000000, -0.500000, 0.982980, -0.183711, 0.050000, 1
-0.491259, 0.186166, 0.850886, 0.093083, 0.982518, -0.161225, -0.866025, -0.000000, -0.500000, 0.982518, -0.186166, 0.050000, 1
-0.491024, 0.188633, 0.850478, 0.094316, 0.982048, -0.163361, -0.866025, -0.000000, -0.500000, 0.982048, -0.188633, 0.050000, 1
-0.490784, 0.191111, 0.850063, 0.095556, 0.981568, -0.165507, -0.866025, -0.000000, -0.500000, 0.981568, -0.191111, 0.050000, 1
-0.490540, 0.193601, 0.849640, 0.096801, 0.981080, -0.167664, -0.866025, -0.000000, -0.500000, 0.981080, -0.193601, 0.050000, 1
-0.490292, 0.196103, 0.849210, 0.098051, 0.980583, -0.169830, -0.866025, -0.000000, -0.500000, 0.980583, -0.196103, 0.050000, 1
-0.490039, 0.198616, 0.848772, 0.099308, 0.980077, -0.172006, -0.866025, -0.000000, -0.500000, 0.980077, -0.198616, 0.050000, 1
-0.489781, 0.201140, 0.848326, 0.100570, 0.979562, -0.174192, -0.866025, -0.000000, -0.500000, 0.979562, -0.201140, 0.050000, 1
-0.489519, 0.203676, 0.847872, 0.101838, 0.979038, -0.176388, -0.866025, -0.000000, -0.500000, 0.979038, -0.203676, 0.050000, 1
-0.489253, 0.206222, 0.847410, 0.103111, 0.978505, -0.178594, -0.866025, -0.000000, -0.500000, 0.978505, -0.206222, 0.050000, 1
-0.488981, 0.208780, 0.846940, 0.104390, 0.977963, -0.180809, -0.866025, -0.000000, -0.500000, 0.977963, -0.208780, 0.050000, 1
-0.488705, 0.211349, 0.846463, 0.105674, 0.977411, -0.183033, -0.866025, -0.000000, -0.500000, 0.977411, -0.211349, 0.050000, 1
-0.488425, 0.213928, 0.845976, 0.106964, 0.976849, -0.185267, -0.866025, -0.000000, -0.500000, 0.976849, -0.213928, 0.050000, 1
-0.488139, 0.216518, 0.845482, 0.108259, 0.976279, -0.187510, -0.866025, -0.000000, -0.500000, 0.976279, -0.216518, 0.050000, 1
-0.487849, 0.219118, 0.844979, 0.109559, 0.975698, -0.189762, -0.866025, -0.000000, -0.500000, 0.975698, -0.219118, 0.050000, 1
-0.487554, 0.221729, 0.844468, 0.110865, 0.975108, -0.192023, -0.866025, -0.000000, -0.500000, 0.975108, -0.221729, 0.050000, 1
-0.487254, 0.224351, 0.843949, 0.112175, 0.974508, -0.194294, -0.866025, -0.000000, -0.500000, 0.974508, -0.224351, 0.050000, 1
-0.486949, 0.226982, 0.843421, 0.113491, 0.973899, -0.196573, -0.866025, -0.000000, -0.500000, 0.973899, -0.226982, 0.050000, 1
-0.486640, 0.229624, 0.842885, 0.114812, 0.973279, -0.198860, -0.866025, -0.000000, -0.500000, 0.973279, -0.229624, 0.050000, 1
-0.486325, 0.232276, 0.842340, 0.116138, 0.972650, -0.201157, -0.866025, -0.000000, -0.500000, 0.972650, -0.232276, 0.050000, 1
-0.486005, 0.234937, 0.841786, 0.117469, 0.972011, -0.203462, -0.866025, -0.000000, -0.500000, 0.972011, -0.234937, 0.050000, 1
-0.485680, 0.237609, 0.841223, 0.118804, 0.971361, -0.205775, -0.866025, -0.000000, -0.500000, 0.971361, -0.237609, 0.050000, 1
-0.485351, 0.240290, 0.840652, 0.120145, 0.970701, -0.208097, -0.866025, -0.000000, -0.500000, 0.970701, -0.240290, 0.050000, 1
-0.485016, 0.242980, 0.840072, 0.121490, 0.970031, -0.210427, -0.866025, -0.000000, -0.500000, 0.970031, -0.242980, 0.050000, 1
-0.484675, 0.245680, 0.839483, 0.122840, 0.969351, -0.212765, -0.866025, -0.000000, -0.500000, 0.969351, -0.245680, 0.050000, 1
-0.484330, 0.248389, 0.838884, 0.124195, 0.968660, -0.215112, -0.866025, -0.000000, -0.500000, 0.968660, -0.248389, 0.050000, 1
-0.483980, 0.251108, 0.838277, 0.125554, 0.967959, -0.217466, -0.866025, -0.000000, -0.500000, 0.967959, -0.251108, 0.050000, 1
-0.483624, 0.253835, 0.837661, 0.126918, 0.967247, -0.219828, -0.866025, -0.000000, -0.500000, 0.967247, -0.253835, 0.050000, 1
-0.483263, 0.256572, 0.837035, 0.128286, 0.966525, -0.222198, -0.866025, -0.000000, -0.500000, 0.966525, -0.256572, 0.050000, 1
-0.482896, 0.259317, 0.836401, 0.129659, 0.965792, -0.224575, -0.866025, -0.000000, -0.500000, 0.965792, -0.259317, 0.050000, 1
-0.482524, 0.262071, 0.835757, 0.131036, 0.965049, -0.226960, -0.866025, -0.000000, -0.500000, 0.965049, -0.262071, 0.050000, 1
-0.482147, 0.264834, 0.835103, 0.132417, 0.964294, -0.229353, -0.866025, -0.000000, -0.500000, 0.964294, -0.264834, 0.050000, 1
-0.481764, 0.267605, 0.834440, 0.133803, 0.963529, -0.231753, -0.866025, -0.000000, -0.500000, 0.963529, -0.267605, 0.050000, 1
-0.481376, 0.270385, 0.833768, 0.135192, 0.962752, -0.234160, -0.866025, -0.000000, -0.500000, 0.962752, -0.270385, 0.050000, 1
-0.480983, 0.273172, 0.833086, 0.136586, 0.961965, -0.236574, -0.866025, -0.000000, -0.500000, 0.961965, -0.273172, 0.050000, 1
-0.480583, 0.275968, 0.832395, 0.137984, 0.961167, -0.238996, -0.866025, -0.000000, -0.500000, 0.961167, -0.275968, 0.050000, 1
-0.480179, 0.278772, 0.831694, 0.139386, 0.960357, -0.241424, -0.866025, 0.000000, -0.500000, 0.960357, -0.278772, 0.050000, 1
-0.479768, 0.281584, 0.830983, 0.140792, 0.959537, -0.243859, -0.866025, -0.000000, -0.500000, 0.959537, -0.281584, 0.050000, 1
-0.479352, 0.284404, 0.830263, 0.142202, 0.958705, -0.246301, -0.866025, -0.000000, -0.500000, 0.958705, -0.284404, 0.050000, 1
-0.478931, 0.287231, 0.829532, 0.143615, 0.957861, -0.248749, -0.866025, -0.000000, -0.500000, 0.957861, -0.287231, 0.050000, 1
-0.478503, 0.290066, 0.828792, 0.145033, 0.957007, -0.251204, -0.866025, -0.000000, -0.500000, 0.957007, -0.290066, 0.050000, 1
-0.478070, 0.292908, 0.828042, 0.146454, 0.956141, -0.253666, -0.866025, -0.000000, -0.500000, 0.956141, -0.292908, 0.050000, 1
-0.477632, 0.295757, 0.827282, 0.147879, 0.955263, -0.256133, -0.866025, 0.000000, -0.500000, 0.955263, -0.295757, 0.050000, 1
-0.477187, 0.298614, 0.826512, 0.149307, 0.954374, -0.258607, -0.866025, -0.000000, -0.500000, 0.954374, -0.298614, 0.050000, 1
-0.476737, 0.301477, 0.825732, 0.150739, 0.953473, -0.261087, -0.866025, -0.000000, -0.500000, 0.953473, -0.301477, 0.050000, 1
-0.476280, 0.304348, 0.824942, 0.152174, 0.952561, -0.263573, -0.866025, -0.000000, -0.500000, 0.952561, -0.304348, 0.050000, 1
-0.475818, 0.307225, 0.824142, 0.153613, 0.951637, -0.266065, -0.866025, -0.000000, -0.500000, 0.951637, -0.307225, 0.050000, 1
-0.475350, 0.310109, 0.823331, 0.155055, 0.950701, -0.268563, -0.866025, 0.000000, -0.500000, 0.950701, -0.310109, 0.050000, 1
-0.474877, 0.313000, 0.822510, 0.156500, 0.949753, -0.271066, -0.866025, 0.000000, -0.500000, 0.949753, -0.313000, 0.050000, 1
-0.474397, 0.315897, 0.821679, 0.157948, 0.948794, -0.273575, -0.866025, 0.000000, -0.500000, 0.948794, -0.315897, 0.050000, 1
-0.473911, 0.318800, 0.820838, 0.159400, 0.947822, -0.276089, -0.866025, -0.000000, -0.500000, 0.947822, -0.318800, 0.050000, 1
-0.473419, 0.321710, 0.819986, 0.160855, 0.946838, -0.278609, -0.866025, 0.000000, -0.500000, 0.946838, -0.321710, 0.050000, 1
-0.472921, 0.324625, 0.819124, 0.162313, 0.945843, -0.281134, -0.866025, -0.000000, -0.500000, 0.945843, -0.324625, 0.050000, 1
-0.472418, 0.327547, 0.818251, 0.163773, 0.944835, -0.283664, -0.866025, -0.000000, -0.500000, 0.944835, -0.327547, 0.050000, 1
-0.471908, 0.330474, 0.817368, 0.165237, 0.943815, -0.286199, -0.866025, -0.000000, -0.500000, 0.943815, -0.330474, 0.050000, 1
-0.471392, 0.333407, 0.816474, 0.166703, 0.942783, -0.288739, -0.866025, -0.000000, -0.500000, 0.942783, -0.333407, 0.050000, 1
-0.470869, 0.336345, 0.815570, 0.168172, 0.941739, -0.291283, -0.866025, 0.000000, -0.500000, 0.941739, -0.336345, 0.050000, 1
-0.470341, 0.339289, 0.814655, 0.169644, 0.940682, -0.293833, -0.866025, -0.000000, -0.500000, 0.940682, -0.339289, 0.050000, 1
-0.469807, 0.342238, 0.813729, 0.171119, 0.939613, -0.296387, -0.866025, -0.000000, -0.500000, 0.939613, -0.342238, 0.050000, 1
-0.469266, 0.345192, 0.812793, 0.172596, 0.938532, -0.298945, -0.866025, -0.000000, -0.500000, 0.938532, -0.345192, 0.050000, 1
-0.468719, 0.348151, 0.811845, 0.174076, 0.937438, -0.301508, -0.866025, 0.000000, -0.500000, 0.937438, -0.348151, 0.050000, 1
-0.468166, 0.351116, 0.810887, 0.175558, 0.936332, -0.304075, -0.866025, -0.000000, -0.500000, 0.936332, -0.351116, 0.050000, 1
-0.467607, 0.354085, 0.809919, 0.177042, 0.935213, -0.306646, -0.866025, -0.000000, -0.500000, 0.935213, -0.354085, 0.050000, 1
-0.467041, 0.357058, 0.808939, 0.178529, 0.934082, -0.309222, -0.866025, -0.000000, -0.500000, 0.934082, -0.357058, 0.050000, 1
-0.466469, 0.360036, 0.807948, 0.180018, 0.932938, -0.311801, -0.866025, -0.000000, -0.500000, 0.932938, -0.360036, 0.050000, 1
-0.465891, 0.363019, 0.806947, 0.181509, 0.931782, -0.314384, -0.866025, -0.000000, -0.500000, 0.931782, -0.363019, 0.050000, 1
-0.465306, 0.366006, 0.805934, 0.183003, 0.930613, -0.316970, -0.866025, -0.000000, -0.500000, 0.930613, -0.366006, 0.050000, 1
-0.464715, 0.368997, 0.804911, 0.184498, 0.929431, -0.319560, -0.866025, -0.000000, -0.500000, 0.929431, -0.368997, 0.050000, 1
-0.464118, 0.371992, 0.803876, 0.185996, 0.928236, -0.322154, -0.866025, -0.000000, -0.500000, 0.928236, -0.371992, 0.050000, 1
-0.463514, 0.374990, 0.802830, 0.187495, 0.927029, -0.324751, -0.866025, -0.000000, -0.500000, 0.927029, -0.374990, 0.050000, 1
-0.462904, 0.377993, 0.801774, 0.188996, 0.925808, -0.327352, -0.866025, -0.000000, -0.500000, 0.925808, -0.377993, 0.050000, 1
-0.462288, 0.380999, 0.800706, 0.190500, 0.924575, -0.329955, -0.866025, -0.000000, -0.500000, 0.924575, -0.380999, 0.050000, 1
-0.461665, 0.384009, 0.799627, 0.192004, 0.923329, -0.332561, -0.866025, -0.000000, -0.500000, 0.923329, -0.384009, 0.050000, 1
-0.461035, 0.387022, 0.798537, 0.193511, 0.922071, -0.335171, -0.866025, -0.000000, -0.500000, 0.922071, -0.387022, 0.050000, 1
-0.460399, 0.390038, 0.797435, 0.195019, 0.920799, -0.337783, -0.866025, -0.000000, -0.500000, 0.920799, -0.390038, 0.050000, 1
-0.459757, 0.393057, 0.796322, 0.196529, 0.919514, -0.340398, -0.866025, -0.000000, -0.500000, 0.919514, -0.393057, 0.050000, 1
-0.459108, 0.396080, 0.795198, 0.198040, 0.918216, -0.343015, -0.866025, 0.000000, -0.500000, 0.918216, -0.396080, 0.050000, 1
-0.458453, 0.399105, 0.794063, 0.199552, 0.916905, -0.345635, -0.866025, -0.000000, -0.500000, 0.916905, -0.399105, 0.050000, 1
-0.457791, 0.402133, 0.792917, 0.201066, 0.915581, -0.348257, -0.866025, -0.000000, -0.500000, 0.915581, -0.402133, 0.050000, 1
-0.457122, 0.405163, 0.791759, 0.202582, 0.914244, -0.350882, -0.866025, -0.000000, -0.500000, 0.914244, -0.405163, 0.050000, 1
-0.456447, 0.408196, 0.790590, 0.204098, 0.912894, -0.353508, -0.866025, -0.000000, -0.500000, 0.912894, -0.408196, 0.050000, 1
-0.455766, 0.411231, 0.789409, 0.205616, 0.911531, -0.356137, -0.866025, -0.000000, -0.500000, 0.911531, -0.411231, 0.050000, 1
-0.455077, 0.414269, 0.788217, 0.207134, 0.910155, -0.358767, -0.866025, -0.000000, -0.500000, 0.910155, -0.414269, 0.050000, 1
-0.454383, 0.417308, 0.787014, 0.208654, 0.908765, -0.361399, -0.866025, -0.000000, -0.500000, 0.908765, -0.417308, 0.050000, 1
-0.453681, 0.420349, 0.785799, 0.210175, 0.907362, -0.364033, -0.866025, -0.000000, -0.500000, 0.907362, -0.420349, 0.050000, 1
-0.452973, 0.423393, 0.784573, 0.211696, 0.905946, -0.366669, -0.866025, -0.000000, -0.500000, 0.905946, -0.423393, 0.050000, 1
-0.452259, 0.426437, 0.783335, 0.213219, 0.904517, -0.369306, -0.866025, -0.000000, -0.500000, 0.904517, -0.426437, 0.050000, 1
-0.451537, 0.429484, 0.782086, 0.214742, 0.903075, -0.371944, -0.866025, -0.000000, -0.500000, 0.903075, -0.429484, 0.050000, 1
-0.450809, 0.432531, 0.780825, 0.216266, 0.901619, -0.374583, -0.866025, -0.000000, -0.500000, 0.901619, -0.432531, 0.050000, 1
-0.450075, 0.435580, 0.779553, 0.217790, 0.900150, -0.377224, -0.866025, -0.000000, -0.500000, 0.900150, -0.435580, 0.050000, 1
-0.449334, 0.438630, 0.778269, 0.219315, 0.898668, -0.379865, -0.866025, -0.000000, -0.500000, 0.898668, -0.438630, 0.050000, 1
-0.448586, 0.441682, 0.776974, 0.220841, 0.897172, -0.382507, -0.866025, -0.000000, -0.500000, 0.897172, -0.441682, 0.050000, 1
-0.447831, 0.444734, 0.775667, 0.222367, 0.895663, -0.385151, -0.866025, -0.000000, -0.500000, 0.895663, -0.444734, 0.050000, 1
-0.447070, 0.447786, 0.774348, 0.223893, 0.894141, -0.387794, -0.866025, -0.000000, -0.500000, 0.894141, -0.447786, 0.050000, 1
-0.446302, 0.450840, 0.773019, 0.225420, 0.892605, -0.390439, -0.866025, -0.000000, -0.500000, 0.892605, -0.450840, 0.050000, 1
-0.445528, 0.453893, 0.771677, 0.226947, 0.891056, -0.393083, -0.866025, -0.000000, -0.500000, 0.891056, -0.453893, 0.050000, 1
-0.444747, 0.456948, 0.770324, 0.228474, 0.889494, -0.395728, -0.866025, -0.000000, -0.500000, 0.889494, -0.456948, 0.050000, 1
-0.443959, 0.460002, 0.768959, 0.230001, 0.887918, -0.398373, -0.866025, -0.000000, -0.500000, 0.887918, -0.460002, 0.050000, 1
-0.443164, 0.463057, 0.767583, 0.231528, 0.886329, -0.401019, -0.866025, -0.000000, -0.500000, 0.886329, -0.463057, 0.050000, 1
-0.442363, 0.466111, 0.766195, 0.233055, 0.884726, -0.403664, -0.866025, -0.000000, -0.500000, 0.884726, -0.466111, 0.050000, 1
-0.441555, 0.469165, 0.764796, 0.234583, 0.883110, -0.406309, -0.866025, -0.000000, -0.500000, 0.883110, -0.469165, 0.050000, 1
-0.440741, 0.472219, 0.763385, 0.236110, 0.881481, -0.408954, -0.866025, 0.000000, -0.500000, 0.881481, -0.472219, 0.050000, 1
-0.439919, 0.475273, 0.761963, 0.237636, 0.879839, -0.411598, -0.866025, -0.000000, -0.500000, 0.879839, -0.475273, 0.050000, 1
-0.439091, 0.478326, 0.760528, 0.239163, 0.878183, -0.414242, -0.866025, -0.000000, -0.500000, 0.878183, -0.478326, 0.050000, 1
-0.438257, 0.481378, 0.759083, 0.240689, 0.876513, -0.416885, -0.866025, -0.000000, -0.500000, 0.876513, -0.481378, 0.050000, 1
-0.437415, 0.484429, 0.757625, 0.242215, 0.874830, -0.419528, -0.866025, -0.000000, -0.500000, 0.874830, -0.484429, 0.050000, 1
-0.436567, 0.487480, 0.756156, 0.243740, 0.873134, -0.422170, -0.866025, -0.000000, -0.500000, 0.873134, -0.487480, 0.050000, 1
-0.435712, 0.490529, 0.754676, 0.245265, 0.871425, -0.424811, -0.866025, 0.000000, -0.500000, 0.871425, -0.490529, 0.050000, 1
-0.434851, 0.493577, 0.753184, 0.246789, 0.869702, -0.427451, -0.866025, -0.000000, -0.500000, 0.869702, -0.493577, 0.050000, 1
-0.433983, 0.496624, 0.751680, 0.248312, 0.867966, -0.430089, -0.866025, -0.000000, -0.500000, 0.867966, -0.496624, 0.050000, 1
-0.433108, 0.499669, 0.750165, 0.249835, 0.866216, -0.432726, -0.866025, -0.000000, -0.500000, 0.866216, -0.499669, 0.050000, 1
-0.432227, 0.502713, 0.748638, 0.251357, 0.864453, -0.435362, -0.866025, 0.000000, -0.500000, 0.864453, -0.502713, 0.050000, 1
-0.431339, 0.505755, 0.747100, 0.252878, 0.862677, -0.437997, -0.866025, -0.000000, -0.500000, 0.862677, -0.505755, 0.050000, 1
-0.430444, 0.508795, 0.745550, 0.254398, 0.860887, -0.440630, -0.866025, -0.000000, -0.500000, 0.860887, -0.508795, 0.050000, 1
-0.429542, 0.511834, 0.743989, 0.255917, 0.859085, -0.443261, -0.866025, -0.000000, -0.500000, 0.859085, -0.511834, 0.050000, 1
-0.428634, 0.514870, 0.742416, 0.257435, 0.857268, -0.445890, -0.866025, 0.000000, -0.500000, 0.857268, -0.514870, 0.050000, 1
-0.427720, 0.517903, 0.740832, 0.258952, 0.855439, -0.448518, -0.866025, -0.000000, -0.500000, 0.855439, -0.517903, 0.050000, 1
-0.426798, 0.520935, 0.739236, 0.260467, 0.853596, -0.451143, -0.866025, -0.000000, -0.500000, 0.853596, -0.520935, 0.050000, 1
-0.425870, 0.523964, 0.737629, 0.261982, 0.851741, -0.453766, -0.866025, -0.000000, -0.500000, 0.851741, -0.523964, 0.050000, 1
-0.424936, 0.526990, 0.736010, 0.263495, 0.849871, -0.456387, -0.866025, -0.000000, -0.500000, 0.849871, -0.526990, 0.050000, 1
-0.423995, 0.530014, 0.734380, 0.265007, 0.847989, -0.459005, -0.866025, -0.000000, -0.500000, 0.847989, -0.530014, 0.050000, 1
-0.423047, 0.533034, 0.732739, 0.266517, 0.846094, -0.461621, -0.866025, 0.000000, -0.500000, 0.846094, -0.533034, 0.050000, 1
-0.422092, 0.536052, 0.731086, 0.268026, 0.844185, -0.464235, -0.866025, -0.000000, -0.500000, 0.844185, -0.536052, 0.050000, 1
-0.421132, 0.539067, 0.729421, 0.269533, 0.842263, -0.466845, -0.866025, -0.000000, -0.500000, 0.842263, -0.539067, 0.050000, 1
-0.420164, 0.542078, 0.727746, 0.271039, 0.840328, -0.469453, -0.866025, -0.000000, -0.500000, 0.840328, -0.542078, 0.050000, 1
-0.419190, 0.545086, 0.726059, 0.272543, 0.838380, -0.472058, -0.866025, -0.000000, -0.500000, 0.838380, -0.545086, 0.050000, 1
-0.418210, 0.548090, 0.724360, 0.274045, 0.836419, -0.474660, -0.866025, -0.000000, -0.500000, 0.836419, -0.548090, 0.050000, 1
-0.417223, 0.551091, 0.722651, 0.275545, 0.834445, -0.477259, -0.866025, -0.000000, -0.500000, 0.834445, -0.551091, 0.050000, 1
-0.416229, 0.554088, 0.720930, 0.277044, 0.832458, -0.479854, -0.866025, -0.000000, -0.500000, 0.832458, -0.554088, 0.050000, 1
-0.415229, 0.557081, 0.719198, 0.278540, 0.830458, -0.482446, -0.866025, -0.000000, -0.500000, 0.830458, -0.557081, 0.050000, 1
-0.414223, 0.560070, 0.717455, 0.280035, 0.828445, -0.485035, -0.866025, -0.000000, -0.500000, 0.828445, -0.560070, 0.050000, 1
-0.413210, 0.563055, 0.715700, 0.281528, 0.826419, -0.487620, -0.866025, -0.000000, -0.500000, 0.826419, -0.563055, 0.050000, 1
-0.412190, 0.566036, 0.713935, 0.283018, 0.824381, -0.490201, -0.866025, -0.000000, -0.500000, 0.824381, -0.566036, 0.050000, 1
-0.411165, 0.569012, 0.712158, 0.284506, 0.822329, -0.492779, -0.866025, -0.000000, -0.500000, 0.822329, -0.569012, 0.050000, 1
-0.410132, 0.571984, 0.710370, 0.285992, 0.820265, -0.495353, -0.866025, -0.000000, -0.500000, 0.820265, -0.571984, 0.050000, 1
-0.409094, 0.574951, 0.708571, 0.287476, 0.818188, -0.497923, -0.866025, -0.000000, -0.500000, 0.818188, -0.574951, 0.050000, 1
-0.408049, 0.577914, 0.706761, 0.288957, 0.816098, -0.500488, -0.866025, -0.000000, -0.500000, 0.816098, -0.577914, 0.050000, 1
-0.406998, 0.580872, 0.704941, 0.290436, 0.813995, -0.503050, -0.866025, -0.000000, -0.500000, 0.813995, -0.580872, 0.050000, 1
-0.405940, 0.583824, 0.703109, 0.291912, 0.811880, -0.505607, -0.866025, -0.000000, -0.500000, 0.811880, -0.583824, 0.050000, 1
-0.404876, 0.586772, 0.701266, 0.293386, 0.809752, -0.508159, -0.866025, -0.000000, -0.500000, 0.809752, -0.586772, 0.050000, 1
-0.403806, 0.589714, 0.699412, 0.294857, 0.807612, -0.510708, -0.866025, -0.000000, -0.500000, 0.807612, -0.589714, 0.050000, 1
-0.402730, 0.592651, 0.697548, 0.296326, 0.805459, -0.513251, -0.866025, -0.000000, -0.500000, 0.805459, -0.592651, 0.050000, 1
-0.401647, 0.595583, 0.695673, 0.297792, 0.803294, -0.515790, -0.866025, -0.000000, -0.500000, 0.803294, -0.595583, 0.050000, 1
-0.400558, 0.598509, 0.693787, 0.299255, 0.801116, -0.518324, -0.866025, -0.000000, -0.500000, 0.801116, -0.598509, 0.050000, 1
-0.399463, 0.601430, 0.691890, 0.300715, 0.798926, -0.520853, -0.866025, -0.000000, -0.500000, 0.798926, -0.601430, 0.050000, 1
-0.398362, 0.604344, 0.689983, 0.302172, 0.796723, -0.523377, -0.866025, -0.000000, -0.500000, 0.796723, -0.604344, 0.050000, 1
-0.397254, 0.607253, 0.688065, 0.303626, 0.794509, -0.525896, -0.866025, -0.000000, -0.500000, 0.794509, -0.607253, 0.050000, 1
-0.396141, 0.610156, 0.686136, 0.305078, 0.792282, -0.528410, -0.866025, -0.000000, -0.500000, 0.792282, -0.610156, 0.050000, 1
-0.395021, 0.613052, 0.684197, 0.306526, 0.790042, -0.530919, -0.866025, 0.000000, -0.500000, 0.790042, -0.613052, 0.050000, 1
-0.393896, 0.615942, 0.682247, 0.307971, 0.787791, -0.533422, -0.866025, -0.000000, -0.500000, 0.787791, -0.615942, 0.050000, 1
-0.392764, 0.618826, 0.680287, 0.309413, 0.785528, -0.535919, -0.866025, 0.000000, -0.500000, 0.785528, -0.618826, 0.050000, 1
-0.391626, 0.621704, 0.678317, 0.310852, 0.783253, -0.538411, -0.866025, -0.000000, -0.500000, 0.783253, -0.621704, 0.050000, 1
-0.390483, 0.624575, 0.676336, 0.312287, 0.780965, -0.540897, -0.866025, -0.000000, -0.500000, 0.780965, -0.624575, 0.050000, 1
-0.389333, 0.627439, 0.674345, 0.313719, 0.778666, -0.543378, -0.866025, -0.000000, -0.500000, 0.778666, -0.627439, 0.050000, 1
-0.388177, 0.630296, 0.672343, 0.315148, 0.776355, -0.545852, -0.866025, -0.000000, -0.500000, 0.776355, -0.630296, 0.050000, 1
-0.387016, 0.633146, 0.670331, 0.316573, 0.774032, -0.548321, -0.866025, -0.000000, -0.500000, 0.774032, -0.633146, 0.050000, 1
-0.385849, 0.635990, 0.668310, 0.317995, 0.771698, -0.550783, -0.866025, -0.000000, -0.500000, 0.771698, -0.635990, 0.050000, 1
-0.384676, 0.638826, 0.666278, 0.319413, 0.769351, -0.553239, -0.866025, -0.000000, -0.500000, 0.769351, -0.638826, 0.050000, 1
-0.383497, 0.641655, 0.664236, 0.320827, 0.766993, -0.555689, -0.866025, 0.000000, -0.500000, 0.766993, -0.641655, 0.050000, 1
-0.382312, 0.644477, 0.662184, 0.322238, 0.764624, -0.558133, -0.866025, -0.000000, -0.500000, 0.764624, -0.644477, 0.050000, 1
-0.381122, 0.647291, 0.660122, 0.323645, 0.762243, -0.560570, -0.866025, -0.000000, -0.500000, 0.762243, -0.647291, 0.050000, 1
-0.379926, 0.650097, 0.658050, 0.325049, 0.759851, -0.563001, -0.866025, -0.000000, -0.500000, 0.759851, -0.650097, 0.050000, 1
-0.378724, 0.652896, 0.655969, 0.326448, 0.757447, -0.565425, -0.866025, -0.000000, -0.500000, 0.757447, -0.652896, 0.050000, 1
-0.377516, 0.655687, 0.653877, 0.327844, 0.755033, -0.567842, -0.866025, -0.000000, -0.500000, 0.755033, -0.655687, 0.050000, 1
-0.376303, 0.658470, 0.651776, 0.329235, 0.752607, -0.570252, -0.866025, -0.000000, -0.500000, 0.752607, -0.658470, 0.050000, 1
-0.375085, 0.661246, 0.649666, 0.330623, 0.750169, -0.572656, -0.866025, 0.000000, -0.500000, 0.750169, -0.661246, 0.050000, 1
-0.373861, 0.664013, 0.647546, 0.332006, 0.747721, -0.575052, -0.866025, -0.000000, -0.500000, 0.747721, -0.664013, 0.050000, 1
-0.372631, 0.666772, 0.645416, 0.333386, 0.745262, -0.577441, -0.866025, -0.000000, -0.500000, 0.745262, -0.666772, 0.050000, 1
-0.371396, 0.669523, 0.643277, 0.334761, 0.742792, -0.579823, -0.866025, -0.000000, -0.500000, 0.742792, -0.669523, 0.050000, 1
-0.370155, 0.672265, 0.641128, 0.336132, 0.740311, -0.582198, -0.866025, -0.000000, -0.500000, 0.740311, -0.672265, 0.050000, 1
-0.368910, 0.674999, 0.638970, 0.337499, 0.737819, -0.584566, -0.866025, -0.000000, -0.500000, 0.737819, -0.674999, 0.050000, 1
-0.367658, 0.677724, 0.636803, 0.338862, 0.735317, -0.586926, -0.866025, -0.000000, -0.500000, 0.735317, -0.677724, 0.050000, 1
-0.366402, 0.680440, 0.634626, 0.340220, 0.732804, -0.589279, -0.866025, -0.000000, -0.500000, 0.732804, -0.680440, 0.050000, 1
-0.365140, 0.683148, 0.632441, 0.341574, 0.730280, -0.591624, -0.866025, -0.000000, -0.500000, 0.730280, -0.683148, 0.050000, 1
-0.363873, 0.685847, 0.630246, 0.342923, 0.727746, -0.593961, -0.866025, -0.000000, -0.500000, 0.727746, -0.685847, 0.050000, 1
-0.362601, 0.688537, 0.628043, 0.344268, 0.725201, -0.596290, -0.866025, -0.000000, -0.500000, 0.725201, -0.688537, 0.050000, 1
-0.361323, 0.691218, 0.625830, 0.345609, 0.722647, -0.598612, -0.866025, -0.000000, -0.500000, 0.722647, -0.691218, 0.050000, 1
-0.360041, 0.693889, 0.623609, 0.346945, 0.720082, -0.600926, -0.866025, -0.000000, -0.500000, 0.720082, -0.693889, 0.050000, 1
-0.358753, 0.696552, 0.621379, 0.348276, 0.717507, -0.603231, -0.866025, -0.000000, -0.500000, 0.717507, -0.696552, 0.050000, 1
-0.357461, 0.699205, 0.619140, 0.349602, 0.714922, -0.605529, -0.866025, -0.000000, -0.500000, 0.714922, -0.699205, 0.050000, 1
-0.356163, 0.701848, 0.616893, 0.350924, 0.712327, -0.607818, -0.866025, -0.000000, -0.500000, 0.712327, -0.701848, 0.050000, 1
-0.354861, 0.704482, 0.614637, 0.352241, 0.709722, -0.610100, -0.866025, 0.000000, -0.500000, 0.709722, -0.704482, 0.050000, 1
-0.353553, 0.707107, 0.612372, 0.353553, 0.707107, -0.612372, -0.866025, -0.000000, -0.500000, 0.707107, -0.707107, 0.050000, 1
-0.352241, 0.709722, 0.610100, 0.354861, 0.704482, -0.614637, -0.866025, -0.000000, -0.500000, 0.704482, -0.709722, 0.050000, 1
-0.350924, 0.712327, 0.607818, 0.356163, 0.701848, -0.616893, -0.866025, -0.000000, -0.500000, 0.701848, -0.712327, 0.050000, 1
-0.349602, 0.714922, 0.605529, 0.357461, 0.699205, -0.619140, -0.866025, -0.000000, -0.500000, 0.699205, -0.714922, 0.050000, 1
-0.348276, 0.717507, 0.603231, 0.358753, 0.696552, -0.621379, -0.866025, 0.000000, -0.500000, 0.696552, -0.717507, 0.050000, 1
-0.346945, 0.720082, 0.600926, 0.360041, 0.693889, -0.623609, -0.866025, -0.000000, -0.500000, 0.693889, -0.720082, 0.050000, 1
-0.345609, 0.722647, 0.598612, 0.361323, 0.691218, -0.625830, -0.866025, -0.000000, -0.500000, 0.691218, -0.722647, 0.050000, 1
-0.344268, 0.725201, 0.596290, 0.362601, 0.688537, -0.628043, -0.866025, -0.000000, -0.500000, 0.688537, -0.725201, 0.050000, 1
-0.342923, 0.727746, 0.593961, 0.363873, 0.685847, -0.630246, -0.866025, 0.000000, -0.500000, 0.685847, -0.727746, 0.050000, 1
-0.341574, 0.730280, 0.591624, 0.365140, 0.683148, -0.632441, -0.866025, -0.000000, -0.500000, 0.683148, -0.730280, 0.050000, 1
-0.340220, 0.732804, 0.589279, 0.366402, 0.680440, -0.634626, -0.866025, -0.000000, -0.500000, 0.680440, -0.732804, 0.050000, 1
-0.338862, 0.735317, 0.586926, 0.367658, 0.677724, -0.636803, -0.866025, 0.000000, -0.500000, 0.677724, -0.735317, 0.050000, 1
-0.337499, 0.737819, 0.584566, 0.368910, 0.674999, -0.638970, -0.866025, 0.000000, -0.500000, 0.674999, -0.737819, 0.050000, 1
-0.336132, 0.740311, 0.582198, 0.370155, 0.672265, -0.641128, -0.866025, -0.000000, -0.500000, 0.672265, -0.740311, 0.050000, 1
-0.334761, 0.742792, 0.579823, 0.371396, 0.669523, -0.643277, -0.866025, -0.000000, -0.500000, 0.669523, -0.742792, 0.050000, 1
-0.333386, 0.745262, 0.577441, 0.372631, 0.666772, -0.645416, -0.866025, -0.000000, -0.500000, 0.666772, -0.745262, 0.050000, 1
-0.332006, 0.747721, 0.575052, 0.373861, 0.664013, -0.647546, -0.866025, -0.000000, -0.500000, 0.664013, -0.747721, 0.050000, 1
-0.330623, 0.750169, 0.572656, 0.375085, 0.661246, -0.649666, -0.866025, -0.000000, -0.500000, 0.661246, -0.750169, 0.050000, 1
-0.329235, 0.752607, 0.570252, 0.376303, 0.658470, -0.651776, -0.866025, 0.000000, -0.500000, 0.658470, -0.752607, 0.050000, 1
-0.327844, 0.755033, 0.567842, 0.377516, 0.655687, -0.653877, -0.866025, -0.000000, -0.500000, 0.655687, -0.755033, 0.050000, 1
-0.326448, 0.757447, 0.565425, 0.378724, 0.652896, -0.655969, -0.866025, -0.000000, -0.500000, 0.652896, -0.757447, 0.050000, 1
-0.325049, 0.759851, 0.563001, 0.379926, 0.650097, -0.658050, -0.866025, -0.000000, -0.500000, 0.650097, -0.759851, 0.050000, 1
-0.323645, 0.762243, 0.560570, 0.381122, 0.647291, -0.660122, -0.866025, 0.000000, -0.500000, 0.647291, -0.762243, 0.050000, 1
-0.322238, 0.764624, 0.558133, 0.382312, 0.644477, -0.662184, -0.866025, -0.000000, -0.500000, 0.644477, -0.764624, 0.050000, 1
-0.320827, 0.766993, 0.555689, 0.383497, 0.641655, -0.664236, -0.866025, -0.000000, -0.500000, 0.641655, -0.766993, 0.050000, 1
-0.319413, 0.769351, 0.553239, 0.384676, 0.638826, -0.666278, -0.866025, -0.000000, -0.500000, 0.638826, -0.769351, 0.050000, 1
-0.317995, 0.771698, 0.550783, 0.385849, 0.635990, -0.668310, -0.866025, -0.000000, -0.500000, 0.635990, -0.771698, 0.050000, 1
-0.316573, 0.774032, 0.548321, 0.387016, 0.633146, -0.670331, -0.866025, -0.000000, -0.500000, 0.633146, -0.774032, 0.050000, 1
-0.315148, 0.776355, 0.545852, 0.388177, 0.630296, -0.672343, -0.866025, -0.000000, -0.500000, 0.630296, -0.776355, 0.050000, 1
-0.313719, 0.778666, 0.543378, 0.389333, 0.627439, -0.674345, -0.866025, -0.000000, -0.500000, 0.627439, -0.778666, 0.050000, 1
-0.312287, 0.780965, 0.540897, 0.390483, 0.624575, -0.676336, -0.866025, -0.000000, -0.500000, 0.624575, -0.780965, 0.050000, 1
-0.310852, 0.783253, 0.538411, 0.391626, 0.621704, -0.678317, -0.866025, -0.000000, -0.500000, 0.621704, -0.783253, 0.050000, 1
-0.309413, 0.785528, 0.535919, 0.392764, 0.618826, -0.680287, -0.866025, -0.000000, -0.500000, 0.618826, -0.785528, 0.050000, 1
-0.307971, 0.787791, 0.533422, 0.393896, 0.615942, -0.682247, -0.866025, -0.000000, -0.500000, 0.615942, -0.787791, 0.050000, 1
-0.306526, 0.790042, 0.530919, 0.395021, 0.613052, -0.684197, -0.866025, -0.000000, -0.500000, 0.613052, -0.790042, 0.050000, 1
-0.305078, 0.792282, 0.528410, 0.396141, 0.610156, -0.686136, -0.866025, -0.000000, -0.500000, 0.610156, -0.792282, 0.050000, 1
-0.303626, 0.794509, 0.525896, 0.397254, 0.607253, -0.688065, -0.866025, -0.000000, -0.500000, 0.607253, -0.794509, 0.050000, 1
-0.302172, 0.796723, 0.523377, 0.398362, 0.604344, -0.689983, -0.866025, -0.000000, -0.500000, 0.604344, -0.796723, 0.050000, 1
-0.300715, 0.798926, 0.520853, 0.399463, 0.601430, -0.691890, -0.866025, -0.000000, -0.500000, 0.601430, -0.798926, 0.050000, 1
-0.299255, 0.801116, 0.518324, 0.400558, 0.598509, -0.693787, -0.866025, -0.000000, -0.500000, 0.598509, -0.801116, 0.050000, 1
-0.297792, 0.803294, 0.515790, 0.401647, 0.595583, -0.695673, -0.866025, -0.000000, -0.500000, 0.595583, -0.803294, 0.050000, 1
-0.296326, 0.805459, 0.513251, 0.402730, 0.592651, -0.697548, -0.866025, -0.000000, -0.500000, 0.592651, -0.805459, 0.050000, 1
-0.294857, 0.807612, 0.510708, 0.403806, 0.589714, -0.699412, -0.866025, -0.000000, -0.500000, 0.589714, -0.807612, 0.050000, 1
-0.293386, 0.809752, 0.508159, 0.404876, 0.586772, -0.701266, -0.866025, -0.000000, -0.500000, 0.586772, -0.809752, 0.050000, 1
-0.291912, 0.811880, 0.505607, 0.405940, 0.583824, -0.703109, -0.866025, -0.000000, -0.500000, 0.583824, -0.811880, 0.050000, 1
-0.290436, 0.813995, 0.503050, 0.406998, 0.580872, -0.704941, -0.866025, -0.000000, -0.500000, 0.580872, -0.813995, 0.050000, 1
-0.288957, 0.816098, 0.500488, 0.408049, 0.577914, -0.706761, -0.866025, -0.000000, -0.500000, 0.577914, -0.816098, 0.050000, 1
-0.287476, 0.818188, 0.497923, 0.409094, 0.574951, -0.708571, -0.866025, -0.000000, -0.500000, 0.574951, -0.818188, 0.050000, 1
-0.285992, 0.820265, 0.495353, 0.410132, 0.571984, -0.710370, -0.866025, -0.000000, -0.500000, 0.571984, -0.820265, 0.050000, 1
-0.284506, 0.822329, 0.492779, 0.411165, 0.569012, -0.712158, -0.866025, -0.000000, -0.500000, 0.569012, -0.822329, 0.050000, 1
-0.283018, 0.824381, 0.490201, 0.412190, 0.566036, -0.713935, -0.866025, -0.000000, -0.500000, 0.566036, -0.824381, 0.050000, 1
-0.281528, 0.826419, 0.487620, 0.413210, 0.563055, -0.715700, -0.866025, -0.000000, -0.500000, 0.563055, -0.826419, 0.050000, 1
-0.280035, 0.828445, 0.485035, 0.414223, 0.560070, -0.717455, -0.866025, -0.000000, -0.500000, 0.560070, -0.828445, 0.050000, 1
-0.278540, 0.830458, 0.482446, 0.415229, 0.557081, -0.719198, -0.866025, -0.000000, -0.500000, 0.557081, -0.830458, 0.050000, 1
-0.277044, 0.832458, 0.479854, 0.416229, 0.554088, -0.720930, -0.866025, -0.000000, -0.500000, 0.554088, -0.832458, 0.050000, 1
-0.275545, 0.834445, 0.477259, 0.417223, 0.551091, -0.722651, -0.866025, -0.000000, -0.500000, 0.551091, -0.834445, 0.050000, 1
-0.274045, 0.836419, 0.474660, 0.418210, 0.548090, -0.724360, -0.866025, -0.000000, -0.500000, 0.548090, -0.836419, 0.050000, 1
-0.272543, 0.838380, 0.472058, 0.419190, 0.545086, -0.726059, -0.866025, -0.000000, -0.500000, 0.545086, -0.838380, 0.050000, 1
-0.271039, 0.840328, 0.469453, 0.420164, 0.542078, -0.727746, -0.866025, -0.000000, -0.500000, 0.542078, -0.840328, 0.050000, 1
-0.269533, 0.842263, 0.466845, 0.421132, 0.539067, -0.729421, -0.866025, -0.000000, -0.500000, 0.539067, -0.842263, 0.050000, 1
-0.268026, 0.844185, 0.464235, 0.422092, 0.536052, -0.731086, -0.866025, -0.000000, -0.500000, 0.536052, -0.844185, 0.050000, 1
-0.266517, 0.846094, 0.461621, 0.423047, 0.533034, -0.732739, -0.866025, -0.000000, -0.500000, 0.533034, -0.846094, 0.050000, 1
-0.265007, 0.847989, 0.459005, 0.423995, 0.530014, -0.734380, -0.866025, -0.000000, -0.500000, 0.530014, -0.847989, 0.050000, 1
-0.263495, 0.849871, 0.456387, 0.424936, 0.526990, -0.736010, -0.866025, -0.000000, -0.500000, 0.526990, -0.849871, 0.050000, 1
-0.261982, 0.851741, 0.453766, 0.425870, 0.523964, -0.737629, -0.866025, -0.000000, -0.500000, 0.523964, -0.851741, 0.050000, 1
-0.260467, 0.853596, 0.451143, 0.426798, 0.520935, -0.739236, -0.866025, -0.000000, -0.500000, 0.520935, -0.853596, 0.050000, 1
-0.258952, 0.855439, 0.448518, 0.427720, 0.517903, -0.740832, -0.866025, -0.000000, -0.500000, 0.517903, -0.855439, 0.050000, 1
-0.257435, 0.857268, 0.445890, 0.428634, 0.514870, -0.742416, -0.866025, -0.000000, -0.500000, 0.514870, -0.857268, 0.050000, 1
-0.255917, 0.859085, 0.443261, 0.429542, 0.511834, -0.743989, -0.866025, -0.000000, -0.500000, 0.511834, -0.859085, 0.050000, 1
-0.254398, 0.860887, 0.440630, 0.430444, 0.508795, -0.745550, -0.866025, -0.000000, -0.500000, 0.508795, -0.860887, 0.050000, 1
-0.252878, 0.862677, 0.437997, 0.431339, 0.505755, -0.747100, -0.866025, -0.000000, -0.500000, 0.505755, -0.862677, 0.050000, 1
-0.251357, 0.864453, 0.435362, 0.432227, 0.502713, -0.748638, -0.866025, -0.000000, -0.500000, 0.502713, -0.864453, 0.050000, 1
-0.249835, 0.866216, 0.432726, 0.433108, 0.499669, -0.750165, -0.866025, 0.000000, -0.500000, 0.499669, -0.866216, 0.050000, 1
-0.248312, 0.867966, 0.430089, 0.433983, 0.496624, -0.751680, -0.866025, -0.000000, -0.500000, 0.496624, -0.867966, 0.050000, 1
-0.246789, 0.869702, 0.427451, 0.434851, 0.493577, -0.753184, -0.866025, 0.000000, -0.500000, 0.493577, -0.869702, 0.050000, 1
-0.245265, 0.871425, 0.424811, 0.435712, 0.490529, -0.754676, -0.866025, -0.000000, -0.500000, 0.490529, -0.871425, 0.050000, 1
-0.243740, 0.873134, 0.422170, 0.436567, 0.487480, -0.756156, -0.866025, -0.000000, -0.500000, 0.487480, -0.873134, 0.050000, 1
-0.242215, 0.874830, 0.419528, 0.437415, 0.484429, -0.757625, -0.866025, -0.000000, -0.500000, 0.484429, -0.874830, 0.050000, 1
-0.240689, 0.876513, 0.416885, 0.438257, 0.481378, -0.759083, -0.866025, -0.000000, -0.500000, 0.481378, -0.876513, 0.050000, 1
-0.239163, 0.878183, 0.414242, 0.439091, 0.478326, -0.760528, -0.866025, -0.000000, -0.500000, 0.478326, -0.878183, 0.050000, 1
-0.237636, 0.879839, 0.411598, 0.439919, 0.475273, -0.761963, -0.866025, -0.000000, -0.500000, 0.475273, -0.879839, 0.050000, 1
-0.236110, 0.881481, 0.408954, 0.440741, 0.472219, -0.763385, -0.866025, -0.000000, -0.500000, 0.472219, -0.881481, 0.050000, 1
-0.234583, 0.883110, 0.406309, 0.441555, 0.469165, -0.764796, -0.866025, -0.000000, -0.500000, 0.469165, -0.883110, 0.050000, 1
-0.233055, 0.884726, 0.403664, 0.442363, 0.466111, -0.766195, -0.866025, -0.000000, -0.500000, 0.466111, -0.884726, 0.050000, 1
-0.231528, 0.886329, 0.401019, 0.443164, 0.463057, -0.767583, -0.866025, -0.000000, -0.500000, 0.463057, -0.886329, 0.050000, 1
-0.230001, 0.887918, 0.398373, 0.443959, 0.460002, -0.768959, -0.866025, -0.000000, -0.500000, 0.460002, -0.887918, 0.050000, 1
-0.228474, 0.889494, 0.395728, 0.444747, 0.456948, -0.770324, -0.866025, -0.000000, -0.500000, 0.456948, -0.889494, 0.050000, 1
-0.226947, 0.891056, 0.393083, 0.445528, 0.453893, -0.771677, -0.866025, -0.000000, -0.500000, 0.453893, -0.891056, 0.050000, 1
-0.225420, 0.892605, 0.390439, 0.446302, 0.450840, -0.773019, -0.866025, -0.000000, -0.500000, 0.450840, -0.892605, 0.050000, 1
-0.223893, 0.894141, 0.387794, 0.447070, 0.447786, -0.774348, -0.866025, -0.000000, -0.500000, 0.447786, -0.894141, 0.050000, 1
-0.222367, 0.895663, 0.385151, 0.447831, 0.444734, -0.775667, -0.866025, -0.000000, -0.500000, 0.444734, -0.895663, 0.050000, 1
-0.220841, 0.897172, 0.382507, 0.448586, 0.441682, -0.776974, -0.866025, -0.000000, -0.500000, 0.441682, -0.897172, 0.050000, 1
-0.219315, 0.898668, 0.379865, 0.449334, 0.438630, -0.778269, -0.866025, -0.000000, -0.500000, 0.438630, -0.898668, 0.050000, 1
-0.217790, 0.900150, 0.377224, 0.450075, 0.435580, -0.779553, -0.866025, -0.000000, -0.500000, 0.435580, -0.900150, 0.050000, 1
-0.216266, 0.901619, 0.374583, 0.450809, 0.432531, -0.780825, -0.866025, -0.000000, -0.500000, 0.432531, -0.901619, 0.050000, 1
-0.214742, 0.903075, 0.371944, 0.451537, 0.429484, -0.782086, -0.866025, -0.000000, -0.500000, 0.429484, -0.903075, 0.050000, 1
-0.213219, 0.904517, 0.369306, 0.452259, 0.426437, -0.783335, -0.866025, -0.000000, -0.500000, 0.426437, -0.904517, 0.050000, 1
-0.211696, 0.905946, 0.366669, 0.452973, 0.423393, -0.784573, -0.866025, -0.000000, -0.500000, 0.423393, -0.905946, 0.050000, 1
-0.210175, 0.907362, 0.364033, 0.453681, 0.420349, -0.785799, -0.866025, -0.000000, -0.500000, 0.420349, -0.907362, 0.050000, 1
-0.208654, 0.908765, 0.361399, 0.454383, 0.417308, -0.787014, -0.866025, -0.000000, -0.500000, 0.417308, -0.908765, 0.050000, 1
-0.207134, 0.910155, 0.358767, 0.455077, 0.414269, -0.788217, -0.866025, -0.000000, -0.500000, 0.414269, -0.910155, 0.050000, 1
-0.205616, 0.911531, 0.356137, 0.455766, 0.411231, -0.789409, -0.866025, -0.000000, -0.500000, 0.411231, -0.911531, 0.050000, 1
-0.204098, 0.912894, 0.353508, 0.456447, 0.408196, -0.790590, -0.866025, -0.000000, -0.500000, 0.408196, -0.912894, 0.050000, 1
-0.202582, 0.914244, 0.350882, 0.457122, 0.405163, -0.791759, -0.866025, -0.000000, -0.500000, 0.405163, -0.914244, 0.050000, 1
-0.201066, 0.915581, 0.348257, 0.457791, 0.402133, -0.792917, -0.866025, 0.000000, -0.500000, 0.402133, -0.915581, 0.050000, 1
-0.199552, 0.916905, 0.345635, 0.458453, 0.399105, -0.794063, -0.866025, -0.000000, -0.500000, 0.399105, -0.916905, 0.050000, 1
-0.198040, 0.918216, 0.343015, 0.459108, 0.396080, -0.795198, -0.866025, -0.000000, -0.500000, 0.396080, -0.918216, 0.050000, 1
-0.196529, 0.919514, 0.340398, 0.459757, 0.393057, -0.796322, -0.866025, -0.000000, -0.500000, 0.393057, -0.919514, 0.050000, 1
-0.195019, 0.920799, 0.337783, 0.460399, 0.390038, -0.797435, -0.866025, -0.000000, -0.500000, 0.390038, -0.920799, 0.050000, 1
-0.193511, 0.922071, 0.335171, 0.461035, 0.387022, -0.798537, -0.866025, -0.000000, -0.500000, 0.387022, -0.922071, 0.050000, 1
-0.192004, 0.923329, 0.332561, 0.461665, 0.384009, -0.799627, -0.866025, -0.000000, -0.500000, 0.384009, -0.923329, 0.050000, 1
-0.190500, 0.924575, 0.329955, 0.462288, 0.380999, -0.800706, -0.866025, -0.000000, -0.500000, 0.380999, -0.924575, 0.050000, 1
-0.188996, 0.925808, 0.327352, 0.462904, 0.377993, -0.801774, -0.866025, -0.000000, -0.500000, 0.377993, -0.925808, 0.050000, 1
-0.187495, 0.927029, 0.324751, 0.463514, 0.374990, -0.802830, -0.866025, -0.000000, -0.500000, 0.374990, -0.927029, 0.050000, 1
-0.185996, 0.928236, 0.322154, 0.464118, 0.371992, -0.803876, -0.866025, -0.000000, -0.500000, 0.371992, -0.928236, 0.050000, 1
-0.184498, 0.929431, 0.319560, 0.464715, 0.368997, -0.804911, -0.866025, -0.000000, -0.500000, 0.368997, -0.929431, 0.050000, 1
-0.183003, 0.930613, 0.316970, 0.465306, 0.366006, -0.805934, -0.866025, -0.000000, -0.500000, 0.366006, -0.930613, 0.050000, 1
-0.181509, 0.931782, 0.314384, 0.465891, 0.363019, -0.806947, -0.866025, -0.000000, -0.500000, 0.363019, -0.931782, 0.050000, 1
-0.180018, 0.932938, 0.311801, 0.466469, 0.360036, -0.807948, -0.866025, 0.000000, -0.500000, 0.360036, -0.932938, 0.050000, 1
-0.178529, 0.934082, 0.309222, 0.467041, 0.357058, -0.808939, -0.866025, -0.000000, -0.500000, 0.357058, -0.934082, 0.050000, 1
-0.177042, 0.935213, 0.306646, 0.467607, 0.354085, -0.809919, -0.866025, -0.000000, -0.500000, 0.354085, -0.935213, 0.050000, 1
-0.175558, 0.936332, 0.304075, 0.468166, 0.351116, -0.810887, -0.866025, -0.000000, -0.500000, 0.351116, -0.936332, 0.050000, 1
-0.174076, 0.937438, 0.301508, 0.468719, 0.348151, -0.811845, -0.866025, -0.000000, -0.500000, 0.348151, -0.937438, 0.050000, 1
-0.172596, 0.938532, 0.298945, 0.469266, 0.345192, -0.812793, -0.866025, -0.000000, -0.500000, 0.345192, -0.938532, 0.050000, 1
-0.171119, 0.939613, 0.296387, 0.469807, 0.342238, -0.813729, -0.866025, -0.000000, -0.500000, 0.342238, -0.939613, 0.050000, 1
-0.169644, 0.940682, 0.293833, 0.470341, 0.339289, -0.814655, -0.866025, -0.000000, -0.500000, 0.339289, -0.940682, 0.050000, 1
-0.168172, 0.941739, 0.291283, 0.470869, 0.336345, -0.815570, -0.866025, -0.000000, -0.500000, 0.336345, -0.941739, 0.050000, 1
-0.166703, 0.942783, 0.288739, 0.471392, 0.333407, -0.816474, -0.866025, -0.000000, -0.500000, 0.333407, -0.942783, 0.050000, 1
-0.165237, 0.943815, 0.286199, 0.471908, 0.330474, -0.817368, -0.866025, -0.000000, -0.500000, 0.330474, -0.943815, 0.050000, 1
-0.163773, 0.944835, 0.283664, 0.472418, 0.327547, -0.818251, -0.866025, -0.000000, -0.500000, 0.327547, -0.944835, 0.050000, 1
-0.162313, 0.945843, 0.281134, 0.472921, 0.324625, -0.819124, -0.866025, -0.000000, -0.500000, 0.324625, -0.945843, 0.050000, 1
-0.160855, 0.946838, 0.278609, 0.473419, 0.321710, -0.819986, -0.866025, -0.000000, -0.500000, 0.321710, -0.946838, 0.050000, 1
-0.159400, 0.947822, 0.276089, 0.473911, 0.318800, -0.820838, -0.866025, -0.000000, -0.500000, 0.318800, -0.947822, 0.050000, 1
-0.157948, 0.948794, 0.273575, 0.474397, 0.315897, -0.821679, -0.866025, 0.000000, -0.500000, 0.315897, -0.948794, 0.050000, 1
-0.156500, 0.949753, 0.271066, 0.474877, 0.313000, -0.822510, -0.866025, -0.000000, -0.500000, 0.313000, -0.949753, 0.050000, 1
-0.155055, 0.950701, 0.268563, 0.475350, 0.310109, -0.823331, -0.866025, -0.000000, -0.500000, 0.310109, -0.950701, 0.050000, 1
-0.153613, 0.951637, 0.266065, 0.475818, 0.307225, -0.824142, -0.866025, -0.000000, -0.500000, 0.307225, -0.951637, 0.050000, 1
-0.152174, 0.952561, 0.263573, 0.476280, 0.304348, -0.824942, -0.866025, -0.000000, -0.500000, 0.304348, -0.952561, 0.050000, 1
-0.150739, 0.953473, 0.261087, 0.476737, 0.301477, -0.825732, -0.866025, -0.000000, -0.500000, 0.301477, -0.953473, 0.050000, 1
-0.149307, 0.954374, 0.258607, 0.477187, 0.298614, -0.826512, -0.866025, -0.000000, -0.500000, 0.298614, -0.954374, 0.050000, 1
-0.147879, 0.955263, 0.256133, 0.477632, 0.295757, -0.827282, -0.866025, -0.000000, -0.500000, 0.295757, -0.955263, 0.050000, 1
-0.146454, 0.956141, 0.253666, 0.478070, 0.292908, -0.828042, -0.866025, -0.000000, -0.500000, 0.292908, -0.956141, 0.050000, 1
-0.145033, 0.957007, 0.251204, 0.478503, 0.290066, -0.828792, -0.866025, -0.000000, -0.500000, 0.290066, -0.957007, 0.050000, 1
-0.143615, 0.957861, 0.248749, 0.478931, 0.287231, -0.829532, -0.866025, -0.000000, -0.500000, 0.287231, -0.957861, 0.050000, 1
-0.142202, 0.958705, 0.246301, 0.479352, 0.284404, -0.830263, -0.866025, -0.000000, -0.500000, 0.284404, -0.958705, 0.050000, 1
-0.140792, 0.959537, 0.243859, 0.479768, 0.281584, -0.830983, -0.866025, -0.000000, -0.500000, 0.281584, -0.959537, 0.050000, 1
-0.139386, 0.960357, 0.241424, 0.480179, 0.278772, -0.831694, -0.866025, -0.000000, -0.500000, 0.278772, -0.960357, 0.050000, 1
-0.137984, 0.961167, 0.238996, 0.480583, 0.275968, -0.832395, -0.866025, -0.000000, -0.500000, 0.275968, -0.961167, 0.050000, 1
-0.136586, 0.961965, 0.236574, 0.480983, 0.273172, -0.833086, -0.866025, -0.000000, -0.500000, 0.273172, -0.961965, 0.050000, 1
-0.135192, 0.962752, 0.234160, 0.481376, 0.270385, -0.833768, -0.866025, -0.000000, -0.500000, 0.270385, -0.962752, 0.050000, 1
-0.133803, 0.963529, 0.231753, 0.481764, 0.267605, -0.834440, -0.866025, -0.000000, -0.500000, 0.267605, -0.963529, 0.050000, 1
-0.132417, 0.964294, 0.229353, 0.482147, 0.264834, -0.835103, -0.866025, -0.000000, -0.500000, 0.264834, -0.964294, 0.050000, 1
-0.131036, 0.965049, 0.226960, 0.482524, 0.262071, -0.835757, -0.866025, -0.000000, -0.500000, 0.262071, -0.965049, 0.050000, 1
-0.129659, 0.965792, 0.224575, 0.482896, 0.259317, -0.836401, -0.866025, -0.000000, -0.500000, 0.259317, -0.965792, 0.050000, 1
-0.128286, 0.966525, 0.222198, 0.483263, 0.256572, -0.837035, -0.866025, -0.000000, -0.500000, 0.256572, -0.966525, 0.050000, 1
-0.126918, 0.967247, 0.219828, 0.483624, 0.253835, -0.837661, -0.866025, 0.000000, -0.500000, 0.253835, -0.967247, 0.050000, 1
-0.125554, 0.967959, 0.217466, 0.483980, 0.251108, -0.838277, -0.866025, -0.000000, -0.500000, 0.251108, -0.967959, 0.050000, 1
-0.124195, 0.968660, 0.215112, 0.484330, 0.248389, -0.838884, -0.866025, -0.000000, -0.500000, 0.248389, -0.968660, 0.050000, 1
-0.122840, 0.969351, 0.212765, 0.484675, 0.245680, -0.839483, -0.866025, -0.000000, -0.500000, 0.245680, -0.969351, 0.050000, 1
-0.121490, 0.970031, 0.210427, 0.485016, 0.242980, -0.840072, -0.866025, -0.000000, -0.500000, 0.242980, -0.970031, 0.050000, 1
-0.120145, 0.970701, 0.208097, 0.485351, 0.240290, -0.840652, -0.866025, -0.000000, -0.500000, 0.240290, -0.970701, 0.050000, 1
-0.118804, 0.971361, 0.205775, 0.485680, 0.237609, -0.841223, -0.866025, -0.000000, -0.500000, 0.237609, -0.971361, 0.050000, 1
-0.117469, 0.972011, 0.203462, 0.486005, 0.234937, -0.841786, -0.866025, -0.000000, -0.500000, 0.234937, -0.972011, 0.050000, 1
-0.116138, 0.972650, 0.201157, 0.486325, 0.232276, -0.842340, -0.866025, -0.000000, -0.500000, 0.232276, -0.972650, 0.050000, 1
-0.114812, 0.973279, 0.198860, 0.486640, 0.229624, -0.842885, -0.866025, -0.000000, -0.500000, 0.229624, -0.973279, 0.050000, 1
-0.113491, 0.973899, 0.196573, 0.486949, 0.226982, -0.843421, -0.866025, 0.000000, -0.500000, 0.226982, -0.973899, 0.050000, 1
-0.112175, 0.974508, 0.194294, 0.487254, 0.224351, -0.843949, -0.866025, -0.000000, -0.500000, 0.224351, -0.974508, 0.050000, 1
-0.110865, 0.975108, 0.192023, 0.487554, 0.221729, -0.844468, -0.866025, -0.000000, -0.500000, 0.221729, -0.975108, 0.050000, 1
-0.109559, 0.975698, 0.189762, 0.487849, 0.219118, -0.844979, -0.866025, -0.000000, -0.500000, 0.219118, -0.975698, 0.050000, 1
-0.108259, 0.976279, 0.187510, 0.488139, 0.216518, -0.845482, -0.866025, -0.000000, -0.500000, 0.216518, -0.976279, 0.050000, 1
-0.106964, 0.976849, 0.185267, 0.488425, 0.213928, -0.845976, -0.866025, -0.000000, -0.500000, 0.213928, -0.976849, 0.050000, 1
-0.105674, 0.977411, 0.183033, 0.488705, 0.211349, -0.846463, -0.866025, -0.000000, -0.500000, 0.211349, -0.977411, 0.050000, 1
-0.104390, 0.977963, 0.180809, 0.488981, 0.208780, -0.846940, -0.866025, -0.000000, -0.500000, 0.208780, -0.977963, 0.050000, 1
-0.103111, 0.978505, 0.178594, 0.489253, 0.206222, -0.847410, -0.866025, -0.000000, -0.500000, 0.206222, -0.978505, 0.050000, 1
-0.101838, 0.979038, 0.176388, 0.489519, 0.203676, -0.847872, -0.866025, -0.000000, -0.500000, 0.203676, -0.979038, 0.050000, 1
-0.100570, 0.979562, 0.174192, 0.489781, 0.201140, -0.848326, -0.866025, -0.000000, -0.500000, 0.201140, -0.979562, 0.050000, 1
-0.099308, 0.980077, 0.172006, 0.490039, 0.198616, -0.848772, -0.866025, 0.000000, -0.500000, 0.198616, -0.980077, 0.050000, 1
-0.098051, 0.980583, 0.169830, 0.490292, 0.196103, -0.849210, -0.866025, -0.000000, -0.500000, 0.196103, -0.980583, 0.050000, 1
-0.096801, 0.981080, 0.167664, 0.490540, 0.193601, -0.849640, -0.866025, -0.000000, -0.500000, 0.193601, -0.981080, 0.050000, 1
-0.095556, 0.981568, 0.165507, 0.490784, 0.191111, -0.850063, -0.866025, -0.000000, -0.500000, 0.191111, -0.981568, 0.050000, 1
-0.094316, 0.982048, 0.163361, 0.491024, 0.188633, -0.850478, -0.866025, -0.000000, -0.500000, 0.188633, -0.982048, 0.050000, 1
-0.093083, 0.982518, 0.161225, 0.491259, 0.186166, -0.850886, -0.866025, -0.000000, -0.500000, 0.186166, -0.982518, 0.050000, 1
-0.091856, 0.982980, 0.159099, 0.491490, 0.183711, -0.851286, -0.866025, -0.000000, -0.500000, 0.183711, -0.982980, 0.050000, 1
-0.090634, 0.983434, 0.156983, 0.491717, 0.181269, -0.851679, -0.866025, -0.000000, -0.500000, 0.181269, -0.983434, 0.050000, 1
-0.089419, 0.983879, 0.154878, 0.491939, 0.178838, -0.852064, -0.866025, -0.000000, -0.500000, 0.178838, -0.983879, 0.050000, 1
-0.088210, 0.984315, 0.152784, 0.492158, 0.176419, -0.852442, -0.866025, 0.000000, -0.500000, 0.176419, -0.984315, 0.050000, 1
-0.087006, 0.984743, 0.150700, 0.492372, 0.174013, -0.852813, -0.866025, -0.000000, -0.500000, 0.174013, -0.984743, 0.050000, 1
-0.085810, 0.985163, 0.148627, 0.492582, 0.171619, -0.853177, -0.866025, -0.000000, -0.500000, 0.171619, -0.985163, 0.050000, 1
-0.084619, 0.985575, 0.146564, 0.492788, 0.169238, -0.853533, -0.866025, -0.000000, -0.500000, 0.169238, -0.985575, 0.050000, 1
-0.083434, 0.985979, 0.144513, 0.492990, 0.166869, -0.853883, -0.866025, -0.000000, -0.500000, 0.166869, -0.985979, 0.050000, 1
-0.082256, 0.986375, 0.142472, 0.493187, 0.164513, -0.854226, -0.866025, -0.000000, -0.500000, 0.164513, -0.986375, 0.050000, 1
-0.081085, 0.986763, 0.140443, 0.493381, 0.162170, -0.854562, -0.866025, -0.000000, -0.500000, 0.162170, -0.986763, 0.050000, 1
-0.079920, 0.987143, 0.138425, 0.493572, 0.159839, -0.854891, -0.866025, -0.000000, -0.500000, 0.159839, -0.987143, 0.050000, 1
-0.078761, 0.987516, 0.136418, 0.493758, 0.157522, -0.855214, -0.866025, -0.000000, -0.500000, 0.157522, -0.987516, 0.050000, 1
-0.077609, 0.987880, 0.134422, 0.493940, 0.155217, -0.855529, -0.866025, -0.000000, -0.500000, 0.155217, -0.987880, 0.050000, 1
-0.076463, 0.988238, 0.132438, 0.494119, 0.152926, -0.855839, -0.866025, -0.000000, -0.500000, 0.152926, -0.988238, 0.050000, 1
-0.075324, 0.988587, 0.130465, 0.494294, 0.150649, -0.856142, -0.866025, -0.000000, -0.500000, 0.150649, -0.988587, 0.050000, 1
-0.074192, 0.988930, 0.128504, 0.494465, 0.148384, -0.856438, -0.866025, -0.000000, -0.500000, 0.148384, -0.988930, 0.050000, 1
-0.073067, 0.989265, 0.126555, 0.494632, 0.146133, -0.856729, -0.866025, -0.000000, -0.500000, 0.146133, -0.989265, 0.050000, 1
-0.071948, 0.989593, 0.124618, 0.494796, 0.143896, -0.857013, -0.866025, -0.000000, -0.500000, 0.143896, -0.989593, 0.050000, 1
-0.070836, 0.989914, 0.122692, 0.494957, 0.141672, -0.857290, -0.866025, -0.000000, -0.500000, 0.141672, -0.989914, 0.050000, 1
-0.069731, 0.990227, 0.120778, 0.495114, 0.139463, -0.857562, -0.866025, -0.000000, -0.500000, 0.139463, -0.990227, 0.050000, 1
-0.068633, 0.990534, 0.118876, 0.495267, 0.137267, -0.857828, -0.866025, 0.000000, -0.500000, 0.137267, -0.990534, 0.050000, 1
-0.067542, 0.990834, 0.116987, 0.495417, 0.135085, -0.858087, -0.866025, 0.000000, -0.500000, 0.135085, -0.990834, 0.050000, 1
-0.066458, 0.991127, 0.115109, 0.495564, 0.132917, -0.858341, -0.866025, -0.000000, -0.500000, 0.132917, -0.991127, 0.050000, 1
-0.065382, 0.991414, 0.113244, 0.495707, 0.130763, -0.858589, -0.866025, -0.000000, -0.500000, 0.130763, -0.991414, 0.050000, 1
-0.064312, 0.991693, 0.111392, 0.495847, 0.128624, -0.858832, -0.866025, -0.000000, -0.500000, 0.128624, -0.991693, 0.050000, 1
-0.063249, 0.991967, 0.109551, 0.495983, 0.126499, -0.859068, -0.866025, -0.000000, -0.500000, 0.126499, -0.991967, 0.050000, 1
-0.062194, 0.992234, 0.107724, 0.496117, 0.124388, -0.859300, -0.866025, -0.000000, -0.500000, 0.124388, -0.992234, 0.050000, 1
-0.061146, 0.992494, 0.105908, 0.496247, 0.122292, -0.859525, -0.866025, -0.000000, -0.500000, 0.122292, -0.992494, 0.050000, 1
-0.060106, 0.992748, 0.104106, 0.496374, 0.120211, -0.859745, -0.866025, -0.000000, -0.500000, 0.120211, -0.992748, 0.050000, 1
-0.059072, 0.992996, 0.102316, 0.496498, 0.118145, -0.859960, -0.866025, -0.000000, -0.500000, 0.118145, -0.992996, 0.050000, 1
-0.058046, 0.993238, 0.100539, 0.496619, 0.116093, -0.860170, -0.866025, -0.000000, -0.500000, 0.116093, -0.993238, 0.050000, 1
-0.057028, 0.993474, 0.098776, 0.496737, 0.114056, -0.860374, -0.866025, 0.000000, -0.500000, 0.114056, -0.993474, 0.050000, 1
-0.056017, 0.993704, 0.097025, 0.496852, 0.112034, -0.860573, -0.866025, -0.000000, -0.500000, 0.112034, -0.993704, 0.050000, 1
-0.055014, 0.993929, 0.095287, 0.496964, 0.110028, -0.860767, -0.866025, -0.000000, -0.500000, 0.110028, -0.993929, 0.050000, 1
-0.054018, 0.994147, 0.093562, 0.497073, 0.108036, -0.860957, -0.866025, -0.000000, -0.500000, 0.108036, -0.994147, 0.050000, 1
-0.053030, 0.994360, 0.091851, 0.497180, 0.106060, -0.861141, -0.866025, 0.000000, -0.500000, 0.106060, -0.994360, 0.050000, 1
-0.052050, 0.994567, 0.090153, 0.497283, 0.104100, -0.861320, -0.866025, -0.000000, -0.500000, 0.104100, -0.994567, 0.050000, 1
-0.051077, 0.994769, 0.088468, 0.497384, 0.102154, -0.861495, -0.866025, 0.000000, -0.500000, 0.102154, -0.994769, 0.050000, 1
-0.050112, 0.994965, 0.086797, 0.497482, 0.100225, -0.861665, -0.866025, -0.000000, -0.500000, 0.100225, -0.994965, 0.050000, 1
-0.049155, 0.995156, 0.085140, 0.497578, 0.098311, -0.861830, -0.866025, -0.000000, -0.500000, 0.098311, -0.995156, 0.050000, 1
-0.048206, 0.995341, 0.083496, 0.497671, 0.096412, -0.861991, -0.866025, -0.000000, -0.500000, 0.096412, -0.995341, 0.050000, 1
-0.047265, 0.995522, 0.081865, 0.497761, 0.094530, -0.862147, -0.866025, -0.000000, -0.500000, 0.094530, -0.995522, 0.050000, 1
-0.046332, 0.995697, 0.080249, 0.497849, 0.092664, -0.862299, -0.866025, -0.000000, -0.500000, 0.092664, -0.995697, 0.050000, 1
-0.045407, 0.995868, 0.078647, 0.497934, 0.090813, -0.862447, -0.866025, 0.000000, -0.500000, 0.090813, -0.995868, 0.050000, 1
-0.044489, 0.996034, 0.077058, 0.498017, 0.088979, -0.862590, -0.866025, -0.000000, -0.500000, 0.088979, -0.996034, 0.050000, 1
-0.043580, 0.996194, 0.075483, 0.498097, 0.087161, -0.862730, -0.866025, 0.000000, -0.500000, 0.087161, -0.996194, 0.050000, 1
-0.042679, 0.996350, 0.073923, 0.498175, 0.085359, -0.862865, -0.866025, -0.000000, -0.500000, 0.085359, -0.996350, 0.050000, 1
-0.041787, 0.996502, 0.072377, 0.498251, 0.083573, -0.862996, -0.866025, 0.000000, -0.500000, 0.083573, -0.996502, 0.050000, 1
-0.040902, 0.996648, 0.070845, 0.498324, 0.081804, -0.863123, -0.866025, -0.000000, -0.500000, 0.081804, -0.996648, 0.050000, 1
-0.040026, 0.996791, 0.069327, 0.498395, 0.080052, -0.863246, -0.866025, -0.000000, -0.500000, 0.080052, -0.996791, 0.050000, 1
-0.039158, 0.996929, 0.067824, 0.498464, 0.078316, -0.863365, -0.866025, -0.000000, -0.500000, 0.078316, -0.996929, 0.050000, 1
-0.038298, 0.997062, 0.066335, 0.498531, 0.076597, -0.863481, -0.866025, -0.000000, -0.500000, 0.076597, -0.997062, 0.050000, 1
-0.037447, 0.997191, 0.064860, 0.498596, 0.074894, -0.863593, -0.866025, -0.000000, -0.500000, 0.074894, -0.997191, 0.050000, 1
-0.036604, 0.997317, 0.063401, 0.498658, 0.073209, -0.863702, -0.866025, -0.000000, -0.500000, 0.073209, -0.997317, 0.050000, 1
-0.035770, 0.997438, 0.061956, 0.498719, 0.071540, -0.863806, -0.866025, -0.000000, -0.500000, 0.071540, -0.997438, 0.050000, 1
-0.034944, 0.997555, 0.060526, 0.498777, 0.069889, -0.863908, -0.866025, -0.000000, -0.500000, 0.069889, -0.997555, 0.050000, 1
-0.034127, 0.997668, 0.059110, 0.498834, 0.068255, -0.864006, -0.866025, -0.000000, -0.500000, 0.068255, -0.997668, 0.050000, 1
-0.033319, 0.997777, 0.057710, 0.498889, 0.066638, -0.864100, -0.866025, -0.000000, -0.500000, 0.066638, -0.997777, 0.050000, 1
-0.032519, 0.997883, 0.056324, 0.498941, 0.065038, -0.864192, -0.866025, -0.000000, -0.500000, 0.065038, -0.997883, 0.050000, 1
-0.031728, 0.997985, 0.054954, 0.498992, 0.063455, -0.864280, -0.866025, 0.000000, -0.500000, 0.063455, -0.997985, 0.050000, 1
-0.030945, 0.998083, 0.053599, 0.499041, 0.061890, -0.864365, -0.866025, -0.000000, -0.500000, 0.061890, -0.998083, 0.050000, 1
-0.030171, 0.998178, 0.052258, 0.499089, 0.060343, -0.864447, -0.866025, -0.000000, -0.500000, 0.060343, -0.998178, 0.050000, 1
-0.029407, 0.998269, 0.050934, 0.499135, 0.058813, -0.864526, -0.866025, -0.000000, -0.500000, 0.058813, -0.998269, 0.050000, 1
-0.028651, 0.998357, 0.049624, 0.499178, 0.057301, -0.864602, -0.866025, -0.000000, -0.500000, 0.057301, -0.998357, 0.050000, 1
-0.027903, 0.998442, 0.048330, 0.499221, 0.055807, -0.864676, -0.866025, -0.000000, -0.500000, 0.055807, -0.998442, 0.050000, 1
-0.027165, 0.998523, 0.047051, 0.499262, 0.054330, -0.864746, -0.866025, -0.000000, -0.500000, 0.054330, -0.998523, 0.050000, 1
-0.026436, 0.998601, 0.045788, 0.499301, 0.052872, -0.864814, -0.866025, 0.000000, -0.500000, 0.052872, -0.998601, 0.050000, 1
-0.025716, 0.998677, 0.044541, 0.499338, 0.051431, -0.864879, -0.866025, -0.000000, -0.500000, 0.051431, -0.998677, 0.050000, 1
-0.025005, 0.998749, 0.043309, 0.499374, 0.050009, -0.864942, -0.866025, -0.000000, -0.500000, 0.050009, -0.998749, 0.050000, 1
-0.024302, 0.998818, 0.042093, 0.499409, 0.048605, -0.865002, -0.866025, -0.000000, -0.500000, 0.048605, -0.998818, 0.050000, 1
-0.023610, 0.998885, 0.040893, 0.499442, 0.047219, -0.865059, -0.866025, -0.000000, -0.500000, 0.047219, -0.998885, 0.050000, 1
-0.022926, 0.998948, 0.039709, 0.499474, 0.045852, -0.865115, -0.866025, -0.000000, -0.500000, 0.045852, -0.998948, 0.050000, 1
-0.022251, 0.999009, 0.038540, 0.499505, 0.044503, -0.865167, -0.866025, -0.000000, -0.500000, 0.044503, -0.999009, 0.050000, 1
-0.021586, 0.999068, 0.037388, 0.499534, 0.043172, -0.865218, -0.866025, -0.000000, -0.500000, 0.043172, -0.999068, 0.050000, 1
-0.020930, 0.999123, 0.036252, 0.499562, 0.041860, -0.865266, -0.866025, -0.000000, -0.500000, 0.041860, -0.999123, 0.050000, 1
-0.020283, 0.999177, 0.035132, 0.499588, 0.040567, -0.865313, -0.866025, -0.000000, -0.500000, 0.040567, -0.999177, 0.050000, 1
-0.019646, 0.999228, 0.034028, 0.499614, 0.039292, -0.865357, -0.866025, -0.000000, -0.500000, 0.039292, -0.999228, 0.050000, 1
-0.019018, 0.999276, 0.032941, 0.499638, 0.038037, -0.865399, -0.866025, -0.000000, -0.500000, 0.038037, -0.999276, 0.050000, 1
-0.018400, 0.999323, 0.031869, 0.499661, 0.036800, -0.865439, -0.866025, 0.000000, -0.500000, 0.036800, -0.999323, 0.050000, 1
-0.017791, 0.999367, 0.030815, 0.499683, 0.035582, -0.865477, -0.866025, -0.000000, -0.500000, 0.035582, -0.999367, 0.050000, 1
-0.017192, 0.999409, 0.029777, 0.499704, 0.034383, -0.865513, -0.866025, -0.000000, -0.500000, 0.034383, -0.999409, 0.050000, 1
-0.016602, 0.999449, 0.028755, 0.499724, 0.033203, -0.865548, -0.866025, -0.000000, -0.500000, 0.033203, -0.999449, 0.050000, 1
-0.016022, 0.999486, 0.027750, 0.499743, 0.032043, -0.865581, -0.866025, -0.000000, -0.500000, 0.032043, -0.999486, 0.050000, 1
-0.015451, 0.999522, 0.026762, 0.499761, 0.030902, -0.865612, -0.866025, 0.000000, -0.500000, 0.030902, -0.999522, 0.050000, 1
-0.014890, 0.999556, 0.025790, 0.499778, 0.029780, -0.865641, -0.866025, -0.000000, -0.500000, 0.029780, -0.999556, 0.050000, 1
-0.014339, 0.999589, 0.024836, 0.499794, 0.028678, -0.865669, -0.866025, -0.000000, -0.500000, 0.028678, -0.999589, 0.050000, 1
-0.013798, 0.999619, 0.023898, 0.499810, 0.027595, -0.865696, -0.866025, -0.000000, -0.500000, 0.027595, -0.999619, 0.050000, 1
-0.013266, 0.999648, 0.022977, 0.499824, 0.026532, -0.865721, -0.866025, -0.000000, -0.500000, 0.026532, -0.999648, 0.050000, 1
-0.012744, 0.999675, 0.022074, 0.499838, 0.025488, -0.865744, -0.866025, -0.000000, -0.500000, 0.025488, -0.999675, 0.050000, 1
-0.012232, 0.999701, 0.021187, 0.499850, 0.024465, -0.865766, -0.866025, -0.000000, -0.500000, 0.024465, -0.999701, 0.050000, 1
-0.011730, 0.999725, 0.020318, 0.499862, 0.023461, -0.865787, -0.866025, -0.000000, -0.500000, 0.023461, -0.999725, 0.050000, 1
-0.011238, 0.999747, 0.019465, 0.499874, 0.022477, -0.865807, -0.866025, -0.000000, -0.500000, 0.022477, -0.999747, 0.050000, 1
-0.010756, 0.999769, 0.018630, 0.499884, 0.021513, -0.865825, -0.866025, 0.000000, -0.500000, 0.021513, -0.999769, 0.050000, 1
-0.010284, 0.999788, 0.017813, 0.499894, 0.020569, -0.865842, -0.866025, -0.000000, -0.500000, 0.020569, -0.999788, 0.050000, 1
-0.009822, 0.999807, 0.017013, 0.499904, 0.019645, -0.865858, -0.866025, 0.000000, -0.500000, 0.019645, -0.999807, 0.050000, 1
-0.009370, 0.999824, 0.016230, 0.499912, 0.018741, -0.865873, -0.866025, 0.000000, -0.500000, 0.018741, -0.999824, 0.050000, 1
-0.008929, 0.999841, 0.015465, 0.499920, 0.017858, -0.865887, -0.866025, -0.000000, -0.500000, 0.017858, -0.999841, 0.050000, 1
-0.008497, 0.999856, 0.014718, 0.499928, 0.016994, -0.865900, -0.866025, -0.000000, -0.500000, 0.016994, -0.999856, 0.050000, 1
-0.008076, 0.999870, 0.013988, 0.499935, 0.016152, -0.865912, -0.866025, -0.000000, -0.500000, 0.016152, -0.999870, 0.050000, 1
-0.007665, 0.999882, 0.013276, 0.499941, 0.015330, -0.865924, -0.866025, -0.000000, -0.500000, 0.015330, -0.999882, 0.050000, 1
-0.007264, 0.999894, 0.012582, 0.499947, 0.014528, -0.865934, -0.866025, -0.000000, -0.500000, 0.014528, -0.999894, 0.050000, 1
-0.006874, 0.999906, 0.011905, 0.499953, 0.013747, -0.865944, -0.866025, -0.000000, -0.500000, 0.013747, -0.999906, 0.050000, 1
-0.006494, 0.999916, 0.011247, 0.499958, 0.012987, -0.865952, -0.866025, -0.000000, -0.500000, 0.012987, -0.999916, 0.050000, 1
-0.006124, 0.999925, 0.010607, 0.499962, 0.012248, -0.865960, -0.866025, -0.000000, -0.500000, 0.012248, -0.999925, 0.050000, 1
-0.005765, 0.999934, 0.009985, 0.499967, 0.011529, -0.865968, -0.866025, -0.000000, -0.500000, 0.011529, -0.999934, 0.050000, 1
-0.005416, 0.999941, 0.009380, 0.499971, 0.010832, -0.865975, -0.866025, -0.000000, -0.500000, 0.010832, -0.999941, 0.050000, 1
-0.005078, 0.999948, 0.008795, 0.499974, 0.010155, -0.865981, -0.866025, 0.000000, -0.500000, 0.010155, -0.999948, 0.050000, 1
-0.004750, 0.999955, 0.008227, 0.499977, 0.009500, -0.865986, -0.866025, -0.000000, -0.500000, 0.009500, -0.999955, 0.050000, 1
-0.004433, 0.999961, 0.007678, 0.499980, 0.008865, -0.865991, -0.866025, -0.000000, -0.500000, 0.008865, -0.999961, 0.050000, 1
-0.004126, 0.999966, 0.007147, 0.499983, 0.008252, -0.865996, -0.866025, -0.000000, -0.500000, 0.008252, -0.999966, 0.050000, 1
-0.003830, 0.999971, 0.006634, 0.499985, 0.007661, -0.866000, -0.866025, -0.000000, -0.500000, 0.007661, -0.999971, 0.050000, 1
-0.003545, 0.999975, 0.006140, 0.499987, 0.007090, -0.866004, -0.866025, -0.000000, -0.500000, 0.007090, -0.999975, 0.050000, 1
-0.003271, 0.999979, 0.005665, 0.499989, 0.006542, -0.866007, -0.866025, -0.000000, -0.500000, 0.006542, -0.999979, 0.050000, 1
-0.003007, 0.999982, 0.005208, 0.499991, 0.006014, -0.866010, -0.866025, -0.000000, -0.500000, 0.006014, -0.999982, 0.050000, 1
-0.002754, 0.999985, 0.004771, 0.499992, 0.005509, -0.866012, -0.866025, -0.000000, -0.500000, 0.005509, -0.999985, 0.050000, 1
-0.002512, 0.999987, 0.004351, 0.499994, 0.005025, -0.866014, -0.866025, -0.000000, -0.500000, 0.005025, -0.999987, 0.050000, 1
-0.002281, 0.999990, 0.003951, 0.499995, 0.004562, -0.866016, -0.866025, -0.000000, -0.500000, 0.004562, -0.999990, 0.050000, 1
-0.002061, 0.999992, 0.003570, 0.499996, 0.004122, -0.866018, -0.866025, -0.000000, -0.500000, 0.004122, -0.999992, 0.050000, 1
-0.001852, 0.999993, 0.003207, 0.499997, 0.003703, -0.866019, -0.866025, -0.000000, -0.500000, 0.003703, -0.999993, 0.050000, 1
-0.001653, 0.999995, 0.002864, 0.499997, 0.003307, -0.866021, -0.866025, -0.000000, -0.500000, 0.003307, -0.999995, 0.050000, 1
-0.001466, 0.999996, 0.002540, 0.499998, 0.002932, -0.866022, -0.866025, -0.000000, -0.500000, 0.002932, -0.999996, 0.050000, 1
-0.001290, 0.999997, 0.002234, 0.499998, 0.002580, -0.866023, -0.866025, -0.000000, -0.500000, 0.002580, -0.999997, 0.050000, 1
-0.001125, 0.999997, 0.001948, 0.499999, 0.002250, -0.866023, -0.866025, -0.000000, -0.500000, 0.002250, -0.999997, 0.050000, 1
-0.000971, 0.999998, 0.001682, 0.499999, 0.001942, -0.866024, -0.866025, -0.000000, -0.500000, 0.001942, -0.999998, 0.050000, 1
-0.000828, 0.999999, 0.001435, 0.499999, 0.001657, -0.866024, -0.866025, -0.000000, -0.500000, 0.001657, -0.999999, 0.050000, 1
-0.000697, 0.999999, 0.001207, 0.500000, 0.001393, -0.866025, -0.866025, 0.000000, -0.500000, 0.001393, -0.999999, 0.050000, 1
-0.000576, 0.999999, 0.000998, 0.500000, 0.001153, -0.866025, -0.866025, -0.000000, -0.500000, 0.001153, -0.999999, 0.050000, 1
-0.000467, 1.000000, 0.000810, 0.500000, 0.000935, -0.866025, -0.866025, 0.000000, -0.500000, 0.000935, -1.000000, 0.050000, 1
-0.000370, 1.000000, 0.000640, 0.500000, 0.000739, -0.866025, -0.866025, -0.000000, -0.500000, 0.000739, -1.000000, 0.050000, 1
-0.000283, 1.000000, 0.000491, 0.500000, 0.000567, -0.866025, -0.866025, -0.000000, -0.500000, 0.000567, -1.000000, 0.050000, 1
-0.000208, 1.000000, 0.000361, 0.500000, 0.000417, -0.866025, -0.866025, -0.000000, -0.500000, 0.000417, -1.000000, 0.050000, 1
-0.000145, 1.000000, 0.000251, 0.500000, 0.000290, -0.866025, -0.866025, -0.000000, -0.500000, 0.000290, -1.000000, 0.050000, 1
-0.000093, 1.000000, 0.000161, 0.500000, 0.000186, -0.866025, -0.866025, -0.000000, -0.500000, 0.000186, -1.000000, 0.050000, 1
-0.000052, 1.000000, 0.000091, 0.500000, 0.000105, -0.866025, -0.866025, -0.000000, -0.500000, 0.000105, -1.000000, 0.050000, 1
-0.000023, 1.000000, 0.000040, 0.500000, 0.000047, -0.866025, -0.866025, -0.000000, -0.500000, 0.000047, -1.000000, 0.050000, 1
-0.000006, 1.000000, 0.000010, 0.500000, 0.000012, -0.866025, -0.866025, -0.000000, -0.500000, 0.000012, -1.000000, 0.050000, 1
-0.000000, 1.000000, 0.000000, 0.500000, 0.000000, -0.866025, -0.866025, -0.000000, -0.500000, -0.000000, -1.000000, 0.050000, 1
0.000000, 1.000000, 0.000000, 0.500000, 0.000000, -0.866025, -0.866025, 0.000000, -0.500000, 0.000000, -1.000000, 0.050000, 1
0.000000, 1.000000, 0.000000, 0.500000, 0.000000, -0.866025, -0.866025, 0.000000, -0.500000, 0.000000, -1.000000, 0.049418, 1
0.000000, 1.000000, 0.000000, 0.500000, 0.000000, -0.866025, -0.866025, 0.000000, -0.500000, 0.000000, -1.000000, 0.047821, 1
0.000000, 1.000000, 0.000000, 0.500000, 0.000000, -0.866025, -0.866025, 0.000000, -0.500000, 0.000000, -1.000000, 0.045436, 1
0.000000, 1.000000, 0.000000, 0.500000, 0.000000, -0.866025, -0.866025, 0.000000, -0.500000, 0.000000, -1.000000, 0.042487, 1
0.000000, 1.000000, 0.000000, 0.500000, 0.000000, -0.866025, -0.866025, 0.000000, -0.500000, 0.000000, -1.000000, 0.039200, 1
0.000000, 1.000000, 0.000000, 0.500000, 0.000000, -0.866025, -0.866025, 0.000000, -0.500000, 0.000000, -1.000000, 0.035800, 1
0.000000, 1.000000, 0.000000, 0.500000, 0.000000, -0.866025, -0.866025, 0.000000, -0.500000, 0.000000, -1.000000, 0.032513, 1
0.000000, 1.000000, 0.000000, 0.500000, 0.000000, -0.866025, -0.866025, 0.000000, -0.500000, 0.000000, -1.000000, 0.029564, 1
0.000000, 1.000000, 0.000000, 0.500000, 0.000000, -0.866025, -0.866025, 0.000000, -0.500000, 0.000000, -1.000000, 0.027179, 1
0.000000, 1.000000, 0.000000, 0.500000, 0.000000, -0.866025, -0.866025, 0.000000, -0.500000, 0.000000, -1.000000, 0.025582, 1
0.000000, 1.000000, 0.000000, 0.500000, 0.000000, -0.866025, -0.866025, 0.000000, -0.500000, 0.000000, -1.000000, 0.025000, 1
0.000000, 1.000000, 0.000000, 0.500000, 0.000000, -0.866025, -0.866025, 0.000000, -0.500000, 0.000000, -1.000000, 0.025000, 0
0.000000, 1.000000, 0.000000, 0.500000, 0.000000, -0.866025, -0.866025, 0.000000, -0.500000, 0.000000, -1.000000, 0.025000, 0
0.000000, 1.000000, 0.000000, 0.500000, 0.000000, -0.866025, -0.866025, 0.000000, -0.500000, 0.000000, -1.000000, 0.025000, 0
0.000000, 1.000000, 0.000000, 0.500000, 0.000000, -0.866025, -0.866025, 0.000000, -0.500000, 0.000000, -1.000000, 0.025000, 0
0.000000, 1.000000, 0.000000, 0.500000, 0.000000, -0.866025, -0.866025, 0.000000, -0.500000, 0.000000, -1.000000, 0.025000, 0
0.000000, 1.000000, 0.000000, 0.500000, 0.000000, -0.866025, -0.866025, 0.000000, -0.500000, 0.000000, -1.000000, 0.025000, 0
0.000000, 1.000000, 0.000000, 0.500000, 0.000000, -0.866025, -0.866025, 0.000000, -0.500000, 0.000000, -1.000000, 0.025000, 0
0.000000, 1.000000, 0.000000, 0.500000, 0.000000, -0.866025, -0.866025, 0.000000, -0.500000, 0.000000, -1.000000, 0.025000, 0
0.000000, 1.000000, 0.000000, 0.500000, 0.000000, -0.866025, -0.866025, 0.000000, -0.500000, 0.000000, -1.000000, 0.025000, 0
0.000000, 1.000000, 0.000000, 0.500000, 0.000000, -0.866025, -0.866025, 0.000000, -0.500000, 0.000000, -1.000000, 0.025000, 0
0.000000, 1.000000, 0.000000, 0.500000, 0.000000, -0.866025, -0.866025, 0.000000, -0.500000, 0.000000, -1.000000, 0.025000, 0
0.000000, 1.000000, 0.000000, 0.500000, 0.000000, -0.866025, -0.866025, 0.000000, -0.500000, 0.000000, -1.000000, 0.025000, 0
0.000000, 1.000000, 0.000000, 0.500000, 0.000000, -0.866025, -0.866025, 0.000000, -0.500000, 0.000000, -1.000000, 0.025000, 0
0.000000, 1.000000, 0.000000, 0.500000, 0.000000, -0.866025, -0.866025, 0.000000, -0.500000, 0.000000, -1.000000, 0.025000, 0
0.000000, 1.000000, 0.000000, 0.500000, 0.000000, -0.866025, -0.866025, 0.000000, -0.500000, 0.000000, -1.000000, 0.025000, 0
0.000000, 1.000000, 0.000000, 0.500000, 0.000000, -0.866025, -0.866025, 0.000000, -0.500000, 0.000000, -1.000000, 0.025000, 0
0.000000, 1.000000, 0.000000, 0.500000, 0.000000, -0.866025, -0.866025, 0.000000, -0.500000, 0.000000, -1.000000, 0.025000, 0
0.000000, 1.000000, 0.000000, 0.500000, 0.000000, -0.866025, -0.866025, 0.000000, -0.500000, 0.000000, -1.000000, 0.025000, 0
0.000000, 1.000000, 0.000000, 0.500000, 0.000000, -0.866025, -0.866025, 0.000000, -0.500000, 0.000000, -1.000000, 0.025000, 0
0.000000, 1.000000, 0.000000, 0.500000, 0.000000, -0.866025, -0.866025, 0.000000, -0.500000, 0.000000, -1.000000, 0.025000, 0
0.000000, 1.000000, 0.000000, 0.500000, 0.000000, -0.866025, -0.866025, 0.000000, -0.500000, 0.000000, -1.000000, 0.025000, 0
0.000000, 1.000000, 0.000000, 0.500000, 0.000000, -0.866025, -0.866025, 0.000000, -0.500000, 0.000000, -1.000000, 0.025000, 0
0.000000, 1.000000, 0.000000, 0.500000, 0.000000, -0.866025, -0.866025, 0.000000, -0.500000, 0.000000, -1.000000, 0.025000, 0
0.000000, 1.000000, 0.000000, 0.500000, 0.000000, -0.866025, -0.866025, 0.000000, -0.500000, 0.000000, -1.000000, 0.025000, 0
0.000000, 1.000000, 0.000000, 0.500000, 0.000000, -0.866025, -0.866025, 0.000000, -0.500000, 0.000000, -1.000000, 0.025000, 0
0.000000, 1.000000, 0.000000, 0.500000, 0.000000, -0.866025, -0.866025, 0.000000, -0.500000, 0.000000, -1.000000, 0.025000, 0
0.000000, 1.000000, 0.000000, 0.500000, 0.000000, -0.866025, -0.866025, 0.000000, -0.500000, 0.000000, -1.000000, 0.025000, 0
0.000000, 1.000000, 0.000000, 0.500000, 0.000000, -0.866025, -0.866025, 0.000000, -0.500000, 0.000000, -1.000000, 0.025000, 0
0.000000, 1.000000, 0.000000, 0.500000, 0.000000, -0.866025, -0.866025, 0.000000, -0.500000, 0.000000, -1.000000, 0.025000, 0
0.000000, 1.000000, 0.000000, 0.500000, 0.000000, -0.866025, -0.866025, 0.000000, -0.500000, 0.000000, -1.000000, 0.025000, 0
0.000000, 1.000000, 0.000000, 0.500000, 0.000000, -0.866025, -0.866025, 0.000000, -0.500000, 0.000000, -1.000000, 0.025000, 0
0.000000, 1.000000, 0.000000, 0.500000, 0.000000, -0.866025, -0.866025, 0.000000, -0.500000, 0.000000, -1.000000, 0.025000, 0
0.000000, 1.000000, 0.000000, 0.500000, 0.000000, -0.866025, -0.866025, 0.000000, -0.500000, 0.000000, -1.000000, 0.025000, 0
0.000000, 1.000000, 0.000000, 0.500000, 0.000000, -0.866025, -0.866025, 0.000000, -0.500000, 0.000000, -1.000000, 0.025000, 0
0.000000, 1.000000, 0.000000, 0.500000, 0.000000, -0.866025, -0.866025, 0.000000, -0.500000, 0.000000, -1.000000, 0.025000, 0
0.000000, 1.000000, 0.000000, 0.500000, 0.000000, -0.866025, -0.866025, 0.000000, -0.500000, 0.000000, -1.000000, 0.025000, 0
0.000000, 1.000000, 0.000000, 0.500000, 0.000000, -0.866025, -0.866025, 0.000000, -0.500000, 0.000000, -1.000000, 0.025000, 0
0.000000, 1.000000, 0.000000, 0.500000, 0.000000, -0.866025, -0.866025, 0.000000, -0.500000, 0.000000, -1.000000, 0.025000, 0
0.000000, 1.000000, 0.000000, 0.500000, 0.000000, -0.866025, -0.866025, 0.000000, -0.500000, 0.000000, -1.000000, 0.025000, 0
0.000000, 1.000000, 0.000000, 0.500000, 0.000000, -0.866025, -0.866025, 0.000000, -0.500000, 0.000000, -1.000000, 0.025000, 0
0.000000, 1.000000, 0.000000, 0.500000, 0.000000, -0.866025, -0.866025, 0.000000, -0.500000, 0.000000, -1.000000, 0.025000, 0
0.000000, 1.000000, 0.000000, 0.500000, 0.000000, -0.866025, -0.866025, 0.000000, -0.500000, 0.000000, -1.000000, 0.025000, 0
0.000000, 1.000000, 0.000000, 0.500000, 0.000000, -0.866025, -0.866025, 0.000000, -0.500000, 0.000000, -1.000000, 0.025000, 0
0.000000, 1.000000, 0.000000, 0.500000, 0.000000, -0.866025, -0.866025, 0.000000, -0.500000, 0.000000, -1.000000, 0.025000, 0
0.000000, 1.000000, 0.000000, 0.500000, 0.000000, -0.866025, -0.866025, 0.000000, -0.500000, 0.000000, -1.000000, 0.025000, 0
0.000000, 1.000000, 0.000000, 0.500000, 0.000000, -0.866025, -0.866025, 0.000000, -0.500000, 0.000000, -1.000000, 0.025000, 0
0.000000, 1.000000, 0.000000, 0.500000, 0.000000, -0.866025, -0.866025, 0.000000, -0.500000, 0.000000, -1.000000, 0.025000, 0
0.000000, 1.000000, 0.000000, 0.500000, 0.000000, -0.866025, -0.866025, 0.000000, -0.500000, 0.000000, -1.000000, 0.025000, 0
0.000000, 1.000000, 0.000000, 0.500000, 0.000000, -0.866025, -0.866025, 0.000000, -0.500000, 0.000000, -1.000000, 0.025000, 0
0.000000, 1.000000, 0.000000, 0.500000, 0.000000, -0.866025, -0.866025, 0.000000, -0.500000, 0.000000, -1.000000, 0.025000, 0
0.000000, 1.000000, 0.000000, 0.500000, 0.000000, -0.866025, -0.866025, 0.000000, -0.500000, 0.000000, -1.000000, 0.025000, 0
0.000000, 1.000000, 0.000000, 0.500000, 0.000000, -0.866025, -0.866025, 0.000000, -0.500000, 0.000000, -1.000000, 0.025000, 0
0.000000, 1.000000, 0.000000, 0.500000, 0.000000, -0.866025, -0.866025, 0.000000, -0.500000, 0.000000, -1.000000, 0.025000, 0
0.000000, 1.000000, 0.000000, 0.500000, 0.000000, -0.866025, -0.866025, 0.000000, -0.500000, 0.000000, -1.000000, 0.025000, 0
0.000000, 1.000000, 0.000000, 0.500000, 0.000000, -0.866025, -0.866025, 0.000000, -0.500000, 0.000000, -1.000000, 0.025000, 0
0.000000, 1.000000, 0.000000, 0.500000, 0.000000, -0.866025, -0.866025, 0.000000, -0.500000, 0.000000, -1.000000, 0.025000, 0
0.000000, 1.000000, 0.000000, 0.500000, 0.000000, -0.866025, -0.866025, 0.000000, -0.500000, 0.000000, -1.000000, 0.025000, 0
0.000000, 1.000000, 0.000000, 0.500000, 0.000000, -0.866025, -0.866025, 0.000000, -0.500000, 0.000000, -1.000000, 0.025000, 0
0.000000, 1.000000, 0.000000, 0.500000, 0.000000, -0.866025, -0.866025, 0.000000, -0.500000, 0.000000, -1.000000, 0.025000, 0
0.000000, 1.000000, 0.000000, 0.500000, 0.000000, -0.866025, -0.866025, 0.000000, -0.500000, 0.000000, -1.000000, 0.025000, 0
0.000000, 1.000000, 0.000000, 0.500000, 0.000000, -0.866025, -0.866025, 0.000000, -0.500000, 0.000000, -1.000000, 0.025000, 0
0.000000, 1.000000, 0.000000, 0.500000, 0.000000, -0.866025, -0.866025, 0.000000, -0.500000, 0.000000, -1.000000, 0.025000, 0
0.000000, 1.000000, 0.000000, 0.500000, 0.000000, -0.866025, -0.866025, 0.000000, -0.500000, 0.000000, -1.000000, 0.025000, 0
0.000000, 1.000000, 0.000000, 0.500000, 0.000000, -0.866025, -0.866025, 0.000000, -0.500000, 0.000000, -1.000000, 0.025000, 0
0.000000, 1.000000, 0.000000, 0.500000, 0.000000, -0.866025, -0.866025, 0.000000, -0.500000, 0.000000, -1.000000, 0.025000, 0
0.000000, 1.000000, 0.000000, 0.500000, 0.000000, -0.866025, -0.866025, 0.000000, -0.500000, 0.000000, -1.000000, 0.025582, 0
0.000000, 1.000000, 0.000000, 0.500000, 0.000000, -0.866025, -0.866025, 0.000000, -0.500000, 0.000000, -1.000000, 0.027179, 0
0.000000, 1.000000, 0.000000, 0.500000, 0.000000, -0.866025, -0.866025, 0.000000, -0.500000, 0.000000, -1.000000, 0.029564, 0
0.000000, 1.000000, 0.000000, 0.500000, 0.000000, -0.866025, -0.866025, 0.000000, -0.500000, 0.000000, -1.000000, 0.032513, 0
0.000000, 1.000000, 0.000000, 0.500000, 0.000000, -0.866025, -0.866025, 0.000000, -0.500000, 0.000000, -1.000000, 0.035800, 0
0.000000, 1.000000, 0.000000, 0.500000, 0.000000, -0.866025, -0.866025, 0.000000, -0.500000, 0.000000, -1.000000, 0.039200, 0
0.000000, 1.000000, 0.000000, 0.500000, 0.000000, -0.866025, -0.866025, 0.000000, -0.500000, 0.000000, -1.000000, 0.042487, 0
0.000000, 1.000000, 0.000000, 0.500000, 0.000000, -0.866025, -0.866025, 0.000000, -0.500000, 0.000000, -1.000000, 0.045436, 0
0.000000, 1.000000, 0.000000, 0.500000, 0.000000, -0.866025, -0.866025, 0.000000, -0.500000, 0.000000, -1.000000, 0.047821, 0
0.000000, 1.000000, 0.000000, 0.500000, 0.000000, -0.866025, -0.866025, 0.000000, -0.500000, 0.000000, -1.000000, 0.049418, 0
0.000000, 1.000000, 0.000000, 0.500000, 0.000000, -0.866025, -0.866025, 0.000000, -0.500000, 0.000000, -1.000000, 0.050000, 0
